ts_ms,freq_mhz,requested_w,actual_w,soc_pml,p_avail_w
1787309930222,50000,0,0,375,15000
1787309930320,50000,0,0,375,15000
1787309930420,50000,0,0,375,15000
1787309930520,50000,0,0,375,15000
1787309930621,50000,0,0,375,15000
1787309930720,50000,0,0,375,15000
1787309930820,50000,0,0,375,15000
1787309930920,50000,0,0,375,15000
1787309931928,50000,0,0,375,15000
1787309932029,50000,0,0,375,15000
1787309932129,50000,0,0,375,15000
1787309932229,50000,0,0,375,15000
1787309932330,50000,0,0,375,15000
1787309932429,50000,0,0,375,15000
1787309932529,50000,0,0,375,15000
1787309932629,50000,0,0,375,15000
1787309932729,50000,0,0,375,15000
1787309932829,50000,0,0,375,15000
1787309932929,50000,0,0,375,15000
1787309933030,50000,0,0,375,15000
1787309933129,50000,0,0,375,15000
1787309933230,50000,0,0,375,15000
1787309933330,50000,0,0,375,15000
1787309933429,50000,0,0,375,15000
1787309933530,50000,0,0,375,15000
1787309933630,50000,0,0,375,15000
1787309933730,50000,0,0,375,15000
1787309933829,50000,0,0,375,15000
1787309933929,50000,0,0,375,15000
1787309934029,50000,0,0,375,15000
1787309934129,50000,0,0,375,15000
1787309934230,50000,0,0,375,15000
1787309934329,50000,0,0,375,15000
1787309934429,50000,0,0,375,15000
1787309934529,50000,0,0,375,15000
1787309934629,50000,0,0,375,15000
1787309934729,50000,-15000,0,375,15000
1787309934829,50000,-15000,0,375,15000
1787309934929,50000,-15000,0,375,15000
1787309935029,50000,-15000,0,375,15000
1787309935129,50000,-15000,0,375,15000
1787309935229,50000,-15000,0,375,15000
1787309935329,50000,-15000,0,375,15000
1787309935429,50000,-15000,-14000,375,15000
1787309935529,50000,-15000,-14000,375,15000
1787309935629,50000,-15000,-14000,375,15000
1787309935729,50000,-15000,-14000,375,15000
1787309935829,50000,-15000,-14000,375,15000
1787309935929,50000,-15000,-14000,375,15000
1787309936029,50000,-15000,-15000,375,15000
1787309936129,50000,-15000,-15000,375,15000
1787309936229,50000,-15000,-15000,375,15000
1787309936329,50000,-15000,-15000,375,15000
1787309936429,50000,-15000,-15000,375,15000
1787309936529,50000,-15000,-15000,375,15000
1787309936629,50000,-15000,-15000,375,15000
1787309936729,50000,-15000,-15000,375,15000
1787309936829,50000,-15000,-15000,375,15000
1787309936929,50000,-15000,-15000,375,15000
1787309937029,50000,-15000,-15000,375,15000
1787309937129,50000,-15000,-15000,375,15000
1787309937229,50000,-15000,-15000,375,15000
1787309937329,50000,-15000,-15000,375,15000
1787309937429,50000,-15000,-15000,375,15000
1787309937529,50000,-15000,-15000,375,15000
1787309937629,50000,-15000,-15000,375,15000
1787309937729,50000,-15000,-15000,375,15000
1787309937829,50000,-15000,-15000,375,15000
1787309937929,50000,-15000,-15000,375,15000
1787309938029,50000,-15000,-15000,375,15000
1787309938129,50000,-15000,-15000,375,15000
1787309938229,50000,-15000,-15000,375,15000
1787309938329,50000,-15000,-15000,375,15000
1787309938429,50000,-15000,-15000,375,15000
1787309938529,50000,-15000,-15000,375,15000
1787309938629,50000,-15000,-15000,375,15000
1787309938729,50000,-15000,-15000,375,15000
1787309938829,50000,-15000,-15000,375,15000
1787309938929,50000,-15000,-15000,375,15000
1787309939029,50000,-15000,-15000,375,15000
1787309939129,50000,-15000,-15000,375,15000
1787309939229,50000,-15000,-15000,375,15000
1787309939329,50000,-15000,-15000,375,15000
1787309939429,50000,-15000,-15000,375,15000
1787309939529,50000,-15000,-15000,375,15000
1787309939629,50000,-15000,-15000,375,15000
1787309939729,50000,-15000,-15000,375,15000
1787309939829,50000,-15000,-15000,375,15000
1787309939929,50000,-15000,-15000,375,15000
1787309940029,50000,-15000,-15000,375,15000
1787309940129,50000,-15000,-15000,375,15000
1787309940229,50000,-15000,-15000,375,15000
1787309940329,50000,-15000,-15000,375,15000
1787309940429,50000,-15000,-15000,375,15000
1787309940529,50000,-15000,-15000,375,15000
1787309940630,50000,-15000,-15000,375,15000
1787309940729,50000,-15000,-15000,375,15000
1787309940829,50000,-15000,-15000,375,15000
1787309940929,50000,-15000,-15000,375,15000
1787309941029,50000,-15000,-15000,375,15000
1787309941130,50000,-15000,-15000,375,15000
1787309941229,50000,-15000,-15000,375,15000
1787309941329,50000,-15000,-15000,375,15000
1787309941429,50000,-15000,-15000,375,15000
1787309941529,50000,-15000,-15000,375,15000
1787309941629,50000,-15000,-15000,375,15000
1787309941729,50000,-15000,-15000,375,15000
1787309941829,50000,-15000,-15000,375,15000
1787309941929,50000,-15000,-15000,375,15000
1787309942029,50000,-15000,-15000,375,15000
1787309942129,50000,-15000,-15000,375,15000
1787309942229,50000,-15000,-15000,375,15000
1787309942329,50000,-15000,-15000,375,15000
1787309942429,50000,-15000,-15000,375,15000
1787309942530,50000,-15000,-15000,375,15000
1787309942629,50000,-15000,-15000,375,15000
1787309942730,50000,-15000,-15000,375,15000
1787309942829,50000,-15000,-15000,375,15000
1787309942929,50000,-15000,-15000,375,15000
1787309943029,50000,-15000,-15000,375,15000
1787309943129,50000,-15000,-15000,375,15000
1787309943229,50000,-15000,-15000,375,15000
1787309943329,50000,-15000,-15000,375,15000
1787309943429,50000,-15000,-15000,375,15000
1787309943529,50000,-15000,-15000,375,15000
1787309943629,50000,-15000,-15000,375,15000
1787309943729,50000,-15000,-15000,375,15000
1787309943829,50000,-15000,-15000,375,15000
1787309943929,50000,-15000,-15000,375,15000
1787309944029,50000,-15000,-15000,375,15000
1787309944129,50000,-15000,-15000,375,15000
1787309944229,50000,-15000,-15000,375,15000
1787309944329,50000,-15000,-15000,375,15000
1787309944429,50000,-15000,-15000,375,15000
1787309944529,50000,-15000,-15000,375,15000
1787309944629,50000,-15000,-15000,375,15000
1787309944729,50000,-15000,-15000,375,15000
1787309944829,50000,-15000,-15000,375,15000
1787309944929,50000,-15000,-15000,375,15000
1787309945029,50000,-15000,-15000,375,15000
1787309945129,50000,-15000,-15000,375,15000
1787309945229,50000,-15000,-15000,375,15000
1787309945329,50000,-15000,-15000,375,15000
1787309945429,50000,-15000,-15000,375,15000
1787309945529,50000,-15000,-15000,375,15000
1787309945629,50000,-15000,-15000,375,15000
1787309945729,50000,-15000,-15000,375,15000
1787309945829,50000,-15000,-15000,375,15000
1787309945929,50000,-15000,-15000,375,15000
1787309946029,50000,-15000,-15000,375,15000
1787309946129,50000,-15000,-15000,375,15000
1787309946229,50000,-15000,-15000,375,15000
1787309946330,50000,-15000,-15000,375,15000
1787309946429,50000,-15000,-15000,375,15000
1787309946530,50000,-15000,-15000,375,15000
1787309946629,50000,-15000,-15000,375,15000
1787309946729,50000,-15000,-15000,375,15000
1787309946829,50000,-15000,-15000,375,15000
1787309946929,50000,-15000,-15000,375,15000
1787309947029,50000,-15000,-15000,375,15000
1787309947130,50000,-15000,-15000,375,15000
1787309947229,50000,-15000,-15000,375,15000
1787309947330,50000,-15000,-15000,375,15000
1787309947429,50000,-15000,-15000,375,15000
1787309947529,50000,-15000,-15000,375,15000
1787309947629,50000,-15000,-15000,375,15000
1787309947729,50000,-15000,-15000,375,15000
1787309947829,50000,-15000,-15000,375,15000
1787309947930,50000,-15000,-15000,375,15000
1787309948029,50000,-15000,-15000,375,15000
1787309948129,50000,-15000,-15000,375,15000
1787309948229,50000,-15000,-15000,375,15000
1787309948329,50000,-15000,-15000,375,15000
1787309948429,50000,-15000,-15000,375,15000
1787309948529,50000,-15000,-15000,375,15000
1787309948629,50000,-15000,-15000,375,15000
1787309948729,50000,-15000,-15000,375,15000
1787309948829,50000,-15000,-15000,375,15000
1787309948929,50000,-15000,-15000,375,15000
1787309949029,50000,-15000,-15000,375,15000
1787309949129,50000,-15000,-15000,375,15000
1787309949229,50000,-15000,-15000,375,15000
1787309949329,50000,-15000,-15000,375,15000
1787309949429,50000,-15000,-15000,375,15000
1787309949529,50000,-15000,-15000,375,15000
1787309949629,50000,-15000,-15000,375,15000
1787309949730,50000,-15000,-15000,375,15000
1787309949829,50000,-15000,-15000,375,15000
1787309949929,50000,-15000,-15000,375,15000
1787309950029,50000,-15000,-15000,375,15000
1787309950129,50000,-15000,-15000,375,15000
1787309950229,50000,-15000,-15000,375,15000
1787309950329,50000,-15000,-15000,375,15000
1787309950429,50000,-15000,-15000,375,15000
1787309950529,50000,-15000,-15000,375,15000
1787309950629,50000,-15000,-15000,375,15000
1787309950730,50000,-15000,-15000,375,15000
1787309950829,50000,-15000,-15000,375,15000
1787309950929,50000,-15000,-15000,375,15000
1787309951029,50000,-15000,-15000,375,15000
1787309951129,50000,-15000,-15000,375,15000
1787309951229,50000,-15000,-15000,375,15000
1787309951329,50000,-15000,-15000,375,15000
1787309951429,50000,-15000,-15000,375,15000
1787309951529,50000,-15000,-15000,375,15000
1787309951629,50000,-15000,-15000,375,15000
1787309951729,50000,-15000,-15000,375,15000
1787309951829,50000,-15000,-15000,375,15000
1787309951929,50000,-15000,-15000,375,15000
1787309952029,50000,-15000,-15000,375,15000
1787309952129,50000,-15000,-15000,375,15000
1787309952230,50000,-15000,-15000,375,15000
1787309952329,50000,-15000,-15000,375,15000
1787309952429,50000,-15000,-15000,375,15000
1787309952529,50000,-15000,-15000,375,15000
1787309952629,50000,-15000,-15000,375,15000
1787309952729,50000,-15000,-15000,375,15000
1787309952829,50000,-15000,-15000,375,15000
1787309952929,50000,-15000,-15000,375,15000
1787309953029,50000,-15000,-15000,375,15000
1787309953129,50000,-15000,-15000,375,15000
1787309953230,50000,-15000,-15000,375,15000
1787309953329,50000,-15000,-15000,375,15000
1787309953429,50000,-15000,-15000,375,15000
1787309953530,50000,-15000,-15000,375,15000
1787309953629,50000,-15000,-15000,375,15000
1787309953729,50000,-15000,-15000,375,15000
1787309953830,50000,-15000,-15000,375,15000
1787309953930,50000,-15000,-15000,375,15000
1787309954029,50000,-15000,-15000,375,15000
1787309954130,50000,-15000,-15000,375,15000
1787309954229,50000,-15000,-15000,375,15000
1787309954329,50000,-15000,-15000,375,15000
1787309954429,50000,-15000,-15000,375,15000
1787309954529,50000,-15000,-15000,375,15000
1787309954629,50000,-15000,-15000,375,15000
1787309954729,50000,-15000,-15000,375,15000
1787309954829,50000,-15000,-15000,375,15000
1787309954929,50000,-15000,-15000,375,15000
1787309955030,50000,-15000,-15000,375,15000
1787309955129,50000,-15000,-15000,375,15000
1787309955229,50000,-15000,-15000,375,15000
1787309955330,50000,-15000,-15000,375,15000
1787309955429,50000,-15000,-15000,375,15000
1787309955529,50000,-15000,-15000,375,15000
1787309955629,50000,-15000,-15000,375,15000
1787309955729,50000,0,-15000,375,15000
1787309955829,50000,0,-15000,375,15000
1787309955929,50000,0,-15000,375,15000
1787309956029,50000,0,-15000,375,15000
1787309956130,50000,0,-15000,375,15000
1787309956229,50000,0,-15000,375,15000
1787309956329,50000,0,-15000,375,15000
1787309956429,50000,0,-15000,375,15000
1787309956529,50000,0,-15000,375,15000
1787309956629,50000,0,-500,375,15000
1787309956729,50000,0,-500,375,15000
1787309956829,50000,0,-500,375,15000
1787309956929,50000,0,-500,375,15000
1787309957029,50000,0,0,375,15000
1787309957129,50000,0,0,375,15000
1787309957229,50000,0,0,375,15000
1787309957330,50000,0,0,375,15000
1787309957429,50000,0,0,375,15000
1787309957530,50000,0,0,375,15000
1787309957629,50000,0,0,375,15000
1787309957730,50000,0,0,375,15000
1787309957829,50000,0,0,375,15000
1787309957929,50000,0,0,375,15000
1787309958029,50000,0,0,375,15000
1787309958129,50000,0,0,375,15000
1787309958229,50000,0,0,375,15000
1787309958329,50000,0,0,375,15000
1787309958429,50000,0,0,375,15000
1787309958529,50000,0,0,375,15000
1787309958630,50000,0,0,375,15000
1787309958729,50000,0,0,375,15000
1787309958829,50000,0,0,375,15000
1787309958929,50000,0,0,375,15000
1787309959029,50000,0,0,375,15000
1787309959129,50000,0,0,375,15000
1787309959229,50000,0,0,375,15000
1787309959329,50000,0,0,375,15000
1787309959429,50000,0,0,375,15000
1787309959529,50000,0,0,375,15000
1787309959629,50000,0,0,375,15000
1787309959729,50000,0,0,375,15000
1787309959829,50000,0,0,375,15000
1787309959929,50000,0,0,375,15000
1787309960029,50000,0,0,375,15000
1787309960129,50000,0,0,375,15000
1787309960229,50000,0,0,375,15000
1787309960329,50000,0,0,375,15000
1787309960429,50000,0,0,375,15000
1787309960529,50000,0,0,375,15000
1787309960629,50000,0,0,375,15000
1787309960729,50000,0,0,375,15000
1787309960829,50000,0,0,375,15000
1787309960929,50000,0,0,375,15000
1787309961029,50000,0,0,375,15000
1787309961129,50000,0,0,375,15000
1787309961229,50000,0,0,375,15000
1787309961329,50000,0,0,375,15000
1787309961429,50000,0,0,375,15000
1787309961529,50000,0,0,375,15000
1787309961629,50000,0,0,375,15000
1787309961729,50000,0,0,375,15000
1787309961829,50000,0,0,375,15000
1787309961929,50000,0,0,375,15000
1787309962029,50000,0,0,375,15000
1787309962129,50000,0,0,375,15000
1787309962229,50000,0,0,375,15000
1787309962329,50000,0,0,375,15000
1787309962429,50000,0,0,375,15000
1787309962529,50000,0,0,375,15000
1787309962629,50000,0,0,375,15000
1787309962730,50000,0,0,375,15000
1787309962829,50000,0,0,375,15000
1787309962930,50000,0,0,375,15000
1787309963029,50000,0,0,375,15000
1787309963130,50000,0,0,375,15000
1787309963229,50000,0,0,375,15000
1787309963329,50000,0,0,375,15000
1787309963429,50000,0,0,375,15000
1787309963529,50000,0,0,375,15000
1787309963630,50000,0,0,375,15000
1787309963729,50000,0,0,375,15000
1787309963829,50000,0,0,375,15000
1787309963930,50000,0,0,375,15000
1787309964030,50000,0,0,375,15000
1787309964129,50000,0,0,375,15000
1787309964229,50000,0,0,375,15000
1787309964329,50000,0,0,375,15000
1787309964429,50000,0,0,375,15000
1787309964529,50000,0,0,375,15000
1787309964629,50000,0,0,375,15000
1787309964730,50000,0,0,375,15000
1787309964829,50000,0,0,375,15000
1787309964929,50000,0,0,375,15000
1787309965029,50000,0,0,375,15000
1787309965129,50000,0,0,375,15000
1787309965229,50000,0,0,375,15000
1787309965329,50000,0,0,375,15000
1787309965429,50000,0,0,375,15000
1787309965530,50000,0,0,375,15000
1787309965629,50000,0,0,375,15000
1787309965729,50000,0,0,375,15000
1787309965829,50000,0,0,375,15000
1787309965929,50000,0,0,375,15000
1787309966029,50000,0,0,375,15000
1787309966129,50000,0,0,375,15000
1787309966229,50000,0,0,375,15000
1787309966329,50000,0,0,375,15000
1787309966429,50000,0,0,375,15000
1787309966529,50000,0,0,375,15000
1787309966629,50000,0,0,375,15000
1787309966729,50000,0,0,375,15000
1787309966829,50000,0,0,375,15000
1787309966929,50000,0,0,375,15000
1787309967030,50000,0,0,375,15000
1787309967129,50000,0,0,375,15000
1787309967229,50000,0,0,375,15000
1787309967329,50000,0,0,375,15000
1787309967429,50000,0,0,375,15000
1787309967529,50000,0,0,375,15000
1787309967630,50000,0,0,375,15000
1787309967729,50000,0,0,375,15000
1787309967829,50000,0,0,375,15000
1787309967929,50000,0,0,375,15000
1787309968029,50000,0,0,375,15000
1787309968129,50000,0,0,375,15000
1787309968229,50000,0,0,375,15000
1787309968329,50000,0,0,375,15000
1787309968429,50000,0,0,375,15000
1787309968529,50000,0,0,375,15000
1787309968629,50000,0,0,375,15000
1787309968729,50000,0,0,375,15000
1787309968830,50000,0,0,375,15000
1787309968929,50000,0,0,375,15000
1787309969030,50000,0,0,375,15000
1787309969129,50000,0,0,375,15000
1787309969230,50000,0,0,375,15000
1787309969329,50000,0,0,375,15000
1787309969429,50000,0,0,375,15000
1787309969529,50000,0,0,375,15000
1787309969629,50000,0,0,375,15000
1787309969729,50000,0,0,375,15000
1787309969829,50000,0,0,375,15000
1787309969929,50000,0,0,375,15000
1787309970029,50000,0,0,375,15000
1787309970129,50000,0,0,375,15000
1787309970229,50000,0,0,375,15000
1787309970330,50000,0,0,375,15000
1787309970429,50000,0,0,375,15000
1787309970529,50000,0,0,375,15000
1787309970629,50000,0,0,375,15000
1787309970729,50000,0,0,375,15000
1787309970829,50000,0,0,375,15000
1787309970929,50000,0,0,375,15000
1787309971029,50000,0,0,375,15000
1787309971129,50000,0,0,375,15000
1787309971229,50000,0,0,375,15000
1787309971329,50000,0,0,375,15000
1787309971429,50000,0,0,375,15000
1787309971529,50000,0,0,375,15000
1787309971629,50000,0,0,375,15000
1787309971729,50000,0,0,375,15000
1787309971829,50000,0,0,375,15000
1787309971929,50000,0,0,375,15000
1787309972030,50000,0,0,375,15000
1787309972130,50000,0,0,375,15000
1787309972230,50000,0,0,375,15000
1787309972330,50000,0,0,375,15000
1787309972429,50000,0,0,375,15000
1787309972529,50000,0,0,375,15000
1787309972629,50000,0,0,375,15000
1787309972729,50000,0,0,375,15000
1787309972829,50000,0,0,375,15000
1787309972929,50000,0,0,375,15000
1787309973029,50000,0,0,375,15000
1787309973129,50000,0,0,375,15000
1787309973230,50000,0,0,375,15000
1787309973329,50000,0,0,375,15000
1787309973429,50000,0,0,375,15000
1787309973529,50000,0,0,375,15000
1787309973629,50000,0,0,375,15000
1787309973729,50000,0,0,375,15000
1787309973829,50000,0,0,375,15000
1787309973929,50000,0,0,375,15000
1787309974029,50000,0,0,375,15000
1787309974129,50000,0,0,375,15000
1787309974229,50000,0,0,375,15000
1787309974329,50000,0,0,375,15000
1787309974429,50000,0,0,375,15000
1787309974529,50000,0,0,375,15000
1787309974629,50000,0,0,375,15000
1787309974729,50000,0,0,375,15000
1787309974829,50000,0,0,375,15000
1787309974929,50000,0,0,375,15000
1787309975029,50000,0,0,375,15000
1787309975129,50000,0,0,375,15000
1787309975229,50000,0,0,375,15000
1787309975329,50000,0,0,375,15000
1787309975429,50000,0,0,375,15000
1787309975529,50000,0,0,375,15000
1787309975629,50000,0,0,375,15000
1787309975729,50000,0,0,375,15000
1787309975829,50000,0,0,375,15000
1787309975929,50000,0,0,375,15000
1787309976029,50000,0,0,375,15000
1787309976129,50000,0,0,375,15000
1787309976229,50000,0,0,375,15000
1787309976329,50000,0,0,375,15000
1787309976429,50000,0,0,375,15000
1787309976529,50000,0,0,375,15000
1787309976629,50000,0,0,375,15000
1787309976730,50000,0,0,375,15000
1787309976829,50000,0,0,375,15000
1787309976930,50000,0,0,375,15000
1787309977029,50000,0,0,375,15000
1787309977129,50000,0,0,375,15000
1787309977229,50000,0,0,375,15000
1787309977329,50000,0,0,375,15000
1787309977429,50000,0,0,375,15000
1787309977529,50000,0,0,375,15000
1787309977629,50000,0,0,375,15000
1787309977729,50000,0,0,375,15000
1787309977829,50000,0,0,375,15000
1787309977929,50000,0,0,375,15000
1787309978029,50000,0,0,375,15000
1787309978129,50000,0,0,375,15000
1787309978229,50000,0,0,375,15000
1787309978329,50000,0,0,375,15000
1787309978429,50000,0,0,375,15000
1787309978529,50000,0,0,375,15000
1787309978629,50000,0,0,375,15000
1787309978729,50000,0,0,375,15000
1787309978829,50000,0,0,375,15000
1787309978930,50000,0,0,375,15000
1787309979029,50000,0,0,375,15000
1787309979129,50000,0,0,375,15000
1787309979229,50000,0,0,375,15000
1787309979329,50000,0,0,375,15000
1787309979429,50000,0,0,375,15000
1787309979529,50000,0,0,375,15000
1787309979629,50000,0,0,375,15000
1787309979729,50000,0,0,375,15000
1787309979829,50000,0,0,375,15000
1787309979929,50000,0,0,375,15000
1787309980029,50000,0,0,375,15000
1787309980129,50000,0,0,375,15000
1787309980229,50000,0,0,375,15000
1787309980330,50000,0,0,375,15000
1787309980429,50000,0,0,375,15000
1787309980529,50000,0,0,375,15000
1787309980630,50000,0,0,375,15000
1787309980729,50000,0,0,375,15000
1787309980830,50000,0,0,375,15000
1787309980929,50000,0,0,375,15000
1787309981029,50000,0,0,375,15000
1787309981129,50000,0,0,375,15000
1787309981229,50000,0,0,375,15000
1787309981329,50000,0,0,375,15000
1787309981429,50000,0,0,375,15000
1787309981529,50000,0,0,375,15000
1787309981629,50000,0,0,375,15000
1787309981729,50000,0,0,375,15000
1787309981829,50000,0,0,375,15000
1787309981929,50000,0,0,375,15000
1787309982029,50000,0,0,375,15000
1787309982129,50000,0,0,375,15000
1787309982230,50000,0,0,375,15000
1787309982329,50000,0,0,375,15000
1787309982429,50000,0,0,375,15000
1787309982529,50000,0,0,375,15000
1787309982630,50000,0,0,375,15000
1787309982729,50000,0,0,375,15000
1787309982829,50000,0,0,375,15000
1787309982929,50000,0,0,375,15000
1787309983029,50000,0,0,375,15000
1787309983129,50000,0,0,375,15000
1787309983229,50000,0,0,375,15000
1787309983329,50000,0,0,375,15000
1787309983429,50000,0,0,375,15000
1787309983529,50000,0,0,375,15000
1787309983629,50000,0,0,375,15000
1787309983729,50000,0,0,375,15000
1787309983829,50000,0,0,375,15000
1787309983929,50000,0,0,375,15000
1787309984029,50000,0,0,375,15000
1787309984129,50000,0,0,375,15000
1787309984229,50000,0,0,375,15000
1787309984329,50000,0,0,375,15000
1787309984429,50000,0,0,375,15000
1787309984529,50000,0,0,375,15000
1787309984629,50000,0,0,375,15000
1787309984729,50000,0,0,375,15000
1787309984829,50000,0,0,375,15000
1787309984930,50000,0,0,375,15000
1787309985029,50000,0,0,375,15000
1787309985129,50000,0,0,375,15000
1787309985229,50000,0,0,375,15000
1787309985329,50000,0,0,375,15000
1787309985429,50000,0,0,375,15000
1787309985529,50000,0,0,375,15000
1787309985629,50000,0,0,375,15000
1787309985729,50000,0,0,375,15000
1787309985829,50000,0,0,375,15000
1787309985929,50000,0,0,375,15000
1787309986029,50000,0,0,375,15000
1787309986129,50000,0,0,375,15000
1787309986229,50000,0,0,375,15000
1787309986329,50000,0,0,375,15000
1787309986429,50000,0,0,375,15000
1787309986530,50000,0,0,375,15000
1787309986629,50000,0,0,375,15000
1787309986730,50000,0,0,375,15000
1787309986829,50000,0,0,375,15000
1787309986929,50000,0,0,375,15000
1787309987030,50000,0,0,375,15000
1787309987129,50000,0,0,375,15000
1787309987229,50000,0,0,375,15000
1787309987329,50000,0,0,375,15000
1787309987429,50000,0,0,375,15000
1787309987529,50000,0,0,375,15000
1787309987629,50000,0,0,375,15000
1787309987729,50000,0,0,375,15000
1787309987829,50000,0,0,375,15000
1787309987929,50000,0,0,375,15000
1787309988029,50000,0,0,375,15000
1787309988129,50000,0,0,375,15000
1787309988229,50000,0,0,375,15000
1787309988329,50000,0,0,375,15000
1787309988429,50000,0,0,375,15000
1787309988529,50000,0,0,375,15000
1787309988629,50000,0,0,375,15000
1787309988729,50000,0,0,375,15000
1787309988830,50000,0,0,375,15000
1787309988929,50000,0,0,375,15000
1787309989029,50000,0,0,375,15000
1787309989129,50000,0,0,375,15000
1787309989230,50000,0,0,375,15000
1787309989329,50000,0,0,375,15000
1787309989429,50000,0,0,375,15000
1787309989529,50000,0,0,375,15000
1787309989629,50000,0,0,375,15000
1787309989729,50000,0,0,375,15000
1787309989829,50000,0,0,375,15000
1787309989929,50000,0,0,375,15000
1787309990029,50000,0,0,375,15000
1787309990129,50000,0,0,375,15000
1787309990230,50000,0,0,375,15000
1787309990329,50000,0,0,375,15000
1787309990429,50000,0,0,375,15000
1787309990529,50000,0,0,375,15000
1787309990629,50000,0,0,375,15000
1787309990729,50000,0,0,375,15000
1787309990829,50000,0,0,375,15000
1787309990929,50000,0,0,375,15000
1787309991029,50000,0,0,375,15000
1787309991129,50000,0,0,375,15000
1787309991229,50000,0,0,375,15000
1787309991330,50000,0,0,375,15000
1787309991429,50000,0,0,375,15000
1787309991529,50000,0,0,375,15000
1787309991629,50000,0,0,375,15000
1787309991729,50000,0,0,375,15000
1787309991830,50000,0,0,375,15000
1787309991929,50000,0,0,375,15000
1787309992029,50000,0,0,375,15000
1787309992129,50000,0,0,375,15000
1787309992229,50000,0,0,375,15000
1787309992329,50000,0,0,375,15000
1787309992429,50000,0,0,375,15000
1787309992529,50000,0,0,375,15000
1787309992629,50000,0,0,375,15000
1787309992729,50000,0,0,375,15000
1787309992829,50000,0,0,375,15000
1787309992930,50000,0,0,375,15000
1787309993029,50000,0,0,375,15000
1787309993129,50000,0,0,375,15000
1787309993229,50000,0,0,375,15000
1787309993329,50000,0,0,375,15000
1787309993429,50000,0,0,375,15000
1787309993529,50000,0,0,375,15000
1787309993629,50000,0,0,375,15000
1787309993729,50000,0,0,375,15000
1787309993829,50000,0,0,375,15000
1787309993929,50000,0,0,375,15000
1787309994029,50000,0,0,375,15000
1787309994129,50000,0,0,375,15000
1787309994230,50000,0,0,375,15000
1787309994329,50000,0,0,375,15000
1787309994429,50000,0,0,375,15000
1787309994529,50000,0,0,375,15000
1787309994629,50000,0,0,375,15000
1787309994729,50000,0,0,375,15000
1787309994829,50000,0,0,375,15000
1787309994929,50000,0,0,375,15000
1787309995029,50000,0,0,375,15000
1787309995129,50000,0,0,375,15000
1787309995229,50000,0,0,375,15000
1787309995329,50000,0,0,375,15000
1787309995429,50000,0,0,375,15000
1787309995529,50000,0,0,375,15000
1787309995629,50000,0,0,375,15000
1787309995729,50000,0,0,375,15000
1787309995829,50000,0,0,375,15000
1787309995929,50000,0,0,375,15000
1787309996029,50000,0,0,375,15000
1787309996129,50000,0,0,375,15000
1787309996229,50000,0,0,375,15000
1787309996330,50000,0,0,375,15000
1787309996429,50000,0,0,375,15000
1787309996529,50000,0,0,375,15000
1787309996629,50000,0,0,375,15000
1787309996729,50000,0,0,375,15000
1787309996829,50010,0,0,375,15000
1787309996929,50010,0,0,375,15000
1787309997029,50010,0,0,375,15000
1787309997130,50010,0,0,375,15000
1787309997229,50010,0,0,375,15000
1787309997329,50010,0,0,375,15000
1787309997429,50010,0,0,375,15000
1787309997530,50010,0,0,375,15000
1787309997629,50010,0,0,375,15000
1787309997729,50010,0,0,375,15000
1787309997829,50010,0,0,375,15000
1787309997930,50010,0,0,375,15000
1787309998029,50010,0,0,375,15000
1787309998130,50010,0,0,375,15000
1787309998229,50010,0,0,375,15000
1787309998329,50010,0,0,375,15000
1787309998429,50010,0,0,375,15000
1787309998529,50010,0,0,375,15000
1787309998630,50010,0,0,375,15000
1787309998729,50010,0,0,375,15000
1787309998829,50010,0,0,375,15000
1787309998929,50010,0,0,375,15000
1787309999029,50010,0,0,375,15000
1787309999129,50010,0,0,375,15000
1787309999229,50010,0,0,375,15000
1787309999329,50010,0,0,375,15000
1787309999429,50010,0,0,375,15000
1787309999529,50010,0,0,375,15000
1787309999629,50010,0,0,375,15000
1787309999729,50010,0,0,375,15000
1787309999829,50010,0,0,375,15000
1787309999929,50010,0,0,375,15000
1787310000029,50010,0,0,375,15000
1787310000129,50010,0,0,375,15000
1787310000229,50010,0,0,375,15000
1787310000329,50010,0,0,375,15000
1787310000429,50010,0,0,375,15000
1787310000529,50010,0,0,375,15000
1787310000629,50010,0,0,375,15000
1787310000729,50010,0,0,375,15000
1787310000829,50010,0,0,375,15000
1787310000929,50010,0,0,375,15000
1787310001029,50010,0,0,375,15000
1787310001129,50010,0,0,375,15000
1787310001229,50010,0,0,375,15000
1787310001330,50010,0,0,375,15000
1787310001429,50010,0,0,375,15000
1787310001529,50010,0,0,375,15000
1787310001629,50010,0,0,375,15000
1787310001729,50010,0,0,375,15000
1787310001829,50010,0,0,375,15000
1787310001930,50010,0,0,375,15000
1787310002029,50010,0,0,375,15000
1787310002130,50010,0,0,375,15000
1787310002229,50010,0,0,375,15000
1787310002329,50010,0,0,375,15000
1787310002429,50010,0,0,375,15000
1787310002529,50010,0,0,375,15000
1787310002629,50010,0,0,375,15000
1787310002730,50010,0,0,375,15000
1787310002829,50010,0,0,375,15000
1787310002929,50010,0,0,375,15000
1787310003029,50010,0,0,375,15000
1787310003129,50010,0,0,375,15000
1787310003229,50010,0,0,375,15000
1787310003329,50010,0,0,375,15000
1787310003429,50010,0,0,375,15000
1787310003529,50010,0,0,375,15000
1787310003629,50010,0,0,375,15000
1787310003729,50010,0,0,375,15000
1787310003829,50010,0,0,375,15000
1787310003929,50010,0,0,375,15000
1787310004029,50010,0,0,375,15000
1787310004129,50010,0,0,375,15000
1787310004229,50010,0,0,375,15000
1787310004329,50010,0,0,375,15000
1787310004429,50010,0,0,375,15000
1787310004529,50010,0,0,375,15000
1787310004629,50010,0,0,375,15000
1787310004729,50010,0,0,375,15000
1787310004829,50010,0,0,375,15000
1787310004929,50010,0,0,375,15000
1787310005029,50010,0,0,375,15000
1787310005130,50010,0,0,375,15000
1787310005230,50010,0,0,375,15000
1787310005329,50010,0,0,375,15000
1787310005429,50010,0,0,375,15000
1787310005529,50010,0,0,375,15000
1787310005629,50010,0,0,375,15000
1787310005729,50010,0,0,375,15000
1787310005829,50010,0,0,375,15000
1787310005929,50010,0,0,375,15000
1787310006029,50010,0,0,375,15000
1787310006130,50010,0,0,375,15000
1787310006229,50010,0,0,375,15000
1787310006329,50010,0,0,375,15000
1787310006429,50010,0,0,375,15000
1787310006529,50010,0,0,375,15000
1787310006629,50010,0,0,375,15000
1787310006729,50010,0,0,375,15000
1787310006830,50010,0,0,375,15000
1787310006929,50010,0,0,375,15000
1787310007029,50010,0,0,375,15000
1787310007129,50010,0,0,375,15000
1787310007229,50010,0,0,375,15000
1787310007329,50010,0,0,375,15000
1787310007429,50010,0,0,375,15000
1787310007529,50010,0,0,375,15000
1787310007629,50010,0,0,375,15000
1787310007729,50010,0,0,375,15000
1787310007829,50010,0,0,375,15000
1787310007930,50010,0,0,375,15000
1787310008029,50010,0,0,375,15000
1787310008129,50010,0,0,375,15000
1787310008229,50010,0,0,375,15000
1787310008330,50010,0,0,375,15000
1787310008429,50010,0,0,375,15000
1787310008529,50010,0,0,375,15000
1787310008629,50010,0,0,375,15000
1787310008729,50010,0,0,375,15000
1787310008829,50010,0,0,375,15000
1787310008929,50010,0,0,375,15000
1787310009029,50010,0,0,375,15000
1787310009129,50010,0,0,375,15000
1787310009229,50010,0,0,375,15000
1787310009329,50010,0,0,375,15000
1787310009430,50010,0,0,375,15000
1787310009529,50010,0,0,375,15000
1787310009629,50010,0,0,375,15000
1787310009729,50010,0,0,375,15000
1787310009829,50010,0,0,375,15000
1787310009930,50010,0,0,375,15000
1787310010029,50010,0,0,375,15000
1787310010130,50010,0,0,375,15000
1787310010230,50010,0,0,375,15000
1787310010329,50010,0,0,375,15000
1787310010429,50010,0,0,375,15000
1787310010529,50010,0,0,375,15000
1787310010629,50010,0,0,375,15000
1787310010729,50010,0,0,375,15000
1787310010830,50010,0,0,375,15000
1787310010929,50010,0,0,375,15000
1787310011030,50010,0,0,375,15000
1787310011129,50010,0,0,375,15000
1787310011229,50010,0,0,375,15000
1787310011329,50010,0,0,375,15000
1787310011429,50010,0,0,375,15000
1787310011529,50010,0,0,375,15000
1787310011630,50010,0,0,375,15000
1787310011729,50010,0,0,375,15000
1787310011829,50010,0,0,375,15000
1787310011929,50010,0,0,375,15000
1787310012030,50010,0,0,375,15000
1787310012129,50010,0,0,375,15000
1787310012229,50010,0,0,375,15000
1787310012329,50010,0,0,375,15000
1787310012429,50010,0,0,375,15000
1787310012529,50010,0,0,375,15000
1787310012629,50010,0,0,375,15000
1787310012730,50010,0,0,375,15000
1787310012829,50010,0,0,375,15000
1787310012929,50010,0,0,375,15000
1787310013029,50010,0,0,375,15000
1787310013129,50010,0,0,375,15000
1787310013229,50010,0,0,375,15000
1787310013329,50010,0,0,375,15000
1787310013429,50010,0,0,375,15000
1787310013529,50010,0,0,375,15000
1787310013629,50010,0,0,375,15000
1787310013729,50010,0,0,375,15000
1787310013829,50010,0,0,375,15000
1787310013930,50010,0,0,375,15000
1787310014029,50010,0,0,375,15000
1787310014129,50010,0,0,375,15000
1787310014229,50010,0,0,375,15000
1787310014329,50010,0,0,375,15000
1787310014429,50010,0,0,375,15000
1787310014529,50010,0,0,375,15000
1787310014629,50010,0,0,375,15000
1787310014729,50010,0,0,375,15000
1787310014829,50010,0,0,375,15000
1787310014930,50010,0,0,375,15000
1787310015029,50010,0,0,375,15000
1787310015129,50010,0,0,375,15000
1787310015229,50010,0,0,375,15000
1787310015329,50010,0,0,375,15000
1787310015429,50010,0,0,375,15000
1787310015529,50010,0,0,375,15000
1787310015629,50010,0,0,375,15000
1787310015729,50010,0,0,375,15000
1787310015829,50010,0,0,375,15000
1787310015929,50010,0,0,375,15000
1787310016029,50010,0,0,375,15000
1787310016129,50010,0,0,375,15000
1787310016229,50010,0,0,375,15000
1787310016329,50010,0,0,375,15000
1787310016429,50010,0,0,375,15000
1787310016529,50010,0,0,375,15000
1787310016629,50010,0,0,375,15000
1787310016729,50010,0,0,375,15000
1787310016830,50010,0,0,375,15000
1787310016929,50010,0,0,375,15000
1787310017029,50010,0,0,375,15000
1787310017129,50010,0,0,375,15000
1787310017229,50010,0,0,375,15000
1787310017329,50010,0,0,375,15000
1787310017429,50010,0,0,375,15000
1787310017530,50010,0,0,375,15000
1787310017629,50010,0,0,375,15000
1787310017729,50010,0,0,375,15000
1787310017829,50010,0,0,375,15000
1787310017929,50010,0,0,375,15000
1787310018029,50010,0,0,375,15000
1787310018129,50010,0,0,375,15000
1787310018229,50010,0,0,375,15000
1787310018329,50010,0,0,375,15000
1787310018429,50010,0,0,375,15000
1787310018529,50010,0,0,375,15000
1787310018629,50010,0,0,375,15000
1787310018730,50010,0,0,375,15000
1787310018829,50010,0,0,375,15000
1787310018929,50010,0,0,375,15000
1787310019030,50010,0,0,375,15000
1787310019129,50010,0,0,375,15000
1787310019230,50010,0,0,375,15000
1787310019329,50010,0,0,375,15000
1787310019429,50010,0,0,375,15000
1787310019529,50010,0,0,375,15000
1787310019629,50010,0,0,375,15000
1787310019729,50010,0,0,375,15000
1787310019829,50010,0,0,375,15000
1787310019929,50010,0,0,375,15000
1787310020029,50010,0,0,375,15000
1787310020129,50010,0,0,375,15000
1787310020229,50010,0,0,375,15000
1787310020329,50010,0,0,375,15000
1787310020429,50010,0,0,375,15000
1787310020529,50010,0,0,375,15000
1787310020629,50010,0,0,375,15000
1787310020729,50010,0,0,375,15000
1787310020829,50010,0,0,375,15000
1787310020929,50010,0,0,375,15000
1787310021029,50010,0,0,375,15000
1787310021129,50010,0,0,375,15000
1787310021229,50010,0,0,375,15000
1787310021329,50010,0,0,375,15000
1787310021429,50010,0,0,375,15000
1787310021529,50010,0,0,375,15000
1787310021630,50010,0,0,375,15000
1787310021730,50010,0,0,375,15000
1787310021829,50010,0,0,375,15000
1787310021929,50010,0,0,375,15000
1787310022029,50010,0,0,375,15000
1787310022129,50010,0,0,375,15000
1787310022229,50010,0,0,375,15000
1787310022329,50010,0,0,375,15000
1787310022429,50010,0,0,375,15000
1787310022529,50010,0,0,375,15000
1787310022629,50010,0,0,375,15000
1787310022729,50010,0,0,375,15000
1787310022829,50010,0,0,375,15000
1787310022929,50010,0,0,375,15000
1787310023029,50010,0,0,375,15000
1787310023130,50010,0,0,375,15000
1787310023229,50010,0,0,375,15000
1787310023329,50010,0,0,375,15000
1787310023429,50010,0,0,375,15000
1787310023529,50010,0,0,375,15000
1787310023629,50010,0,0,375,15000
1787310023729,50010,0,0,375,15000
1787310023829,50010,0,0,375,15000
1787310023929,50010,0,0,375,15000
1787310024029,50010,0,0,375,15000
1787310024129,50010,0,0,375,15000
1787310024230,50010,0,0,375,15000
1787310024329,50010,0,0,375,15000
1787310024429,50010,0,0,375,15000
1787310024530,50010,0,0,375,15000
1787310024629,50010,0,0,375,15000
1787310024729,50010,0,0,375,15000
1787310024829,50010,0,0,375,15000
1787310024929,50010,0,0,375,15000
1787310025030,50010,0,0,375,15000
1787310025129,50010,0,0,375,15000
1787310025229,50010,0,0,375,15000
1787310025329,50010,0,0,375,15000
1787310025429,50010,0,0,375,15000
1787310025530,50010,0,0,375,15000
1787310025629,50010,0,0,375,15000
1787310025729,50010,0,0,375,15000
1787310025829,50010,0,0,375,15000
1787310025929,50010,0,0,375,15000
1787310026030,50010,0,0,375,15000
1787310026130,50010,0,0,375,15000
1787310026229,50010,0,0,375,15000
1787310026329,50010,0,0,375,15000
1787310026429,50010,0,0,375,15000
1787310026530,50010,0,0,375,15000
1787310026629,50010,0,0,375,15000
1787310026729,50010,0,0,375,15000
1787310026829,50010,0,0,375,15000
1787310026929,50010,0,0,375,15000
1787310027030,50010,0,0,375,15000
1787310027129,50010,0,0,375,15000
1787310027229,50010,0,0,375,15000
1787310027330,50010,0,0,375,15000
1787310027429,50010,0,0,375,15000
1787310027529,50010,0,0,375,15000
1787310027629,50010,0,0,375,15000
1787310027729,50010,0,0,375,15000
1787310027829,50010,0,0,375,15000
1787310027929,50010,0,0,375,15000
1787310028029,50010,0,0,375,15000
1787310028129,50010,0,0,375,15000
1787310028230,50010,0,0,375,15000
1787310028329,50010,0,0,375,15000
1787310028429,50010,0,0,375,15000
1787310028529,50010,0,0,375,15000
1787310028629,50010,0,0,375,15000
1787310028729,50010,0,0,375,15000
1787310028829,50010,0,0,375,15000
1787310028929,50010,0,0,375,15000
1787310029029,50010,0,0,375,15000
1787310029130,50010,0,0,375,15000
1787310029229,50010,0,0,375,15000
1787310029329,50010,0,0,375,15000
1787310029429,50010,0,0,375,15000
1787310029529,50010,0,0,375,15000
1787310029629,50010,0,0,375,15000
1787310029729,50010,0,0,375,15000
1787310029829,50010,0,0,375,15000
1787310029929,50010,0,0,375,15000
1787310030029,50010,0,0,375,15000
1787310030130,50010,0,0,375,15000
1787310030229,50010,0,0,375,15000
1787310030329,50010,0,0,375,15000
1787310030429,50010,0,0,375,15000
1787310030529,50010,0,0,375,15000
1787310030629,50010,0,0,375,15000
1787310030729,50010,0,0,375,15000
1787310030829,50010,0,0,375,15000
1787310030929,50010,0,0,375,15000
1787310031029,50010,0,0,375,15000
1787310031129,50010,0,0,375,15000
1787310031229,50010,0,0,375,15000
1787310031329,50010,0,0,375,15000
1787310031429,50010,0,0,375,15000
1787310031529,50010,0,0,375,15000
1787310031629,50010,0,0,375,15000
1787310031729,50010,0,0,375,15000
1787310031829,50010,0,0,375,15000
1787310031929,50010,0,0,375,15000
1787310032030,50010,0,0,375,15000
1787310032129,50010,0,0,375,15000
1787310032230,50010,0,0,375,15000
1787310032329,50010,0,0,375,15000
1787310032429,50010,0,0,375,15000
1787310032529,50010,0,0,375,15000
1787310032629,50010,0,0,375,15000
1787310032729,50010,0,0,375,15000
1787310032829,50010,0,0,375,15000
1787310032929,50010,0,0,375,15000
1787310033029,50010,0,0,375,15000
1787310033129,50010,0,0,375,15000
1787310033229,50010,0,0,375,15000
1787310033329,50010,0,0,375,15000
1787310033429,50010,0,0,375,15000
1787310033529,50010,0,0,375,15000
1787310033629,50010,0,0,375,15000
1787310033729,50010,0,0,375,15000
1787310033829,50010,0,0,375,15000
1787310033930,50010,0,0,375,15000
1787310034029,50010,0,0,375,15000
1787310034129,50010,0,0,375,15000
1787310034229,50010,0,0,375,15000
1787310034330,50010,0,0,375,15000
1787310034429,50010,0,0,375,15000
1787310034529,50010,0,0,375,15000
1787310034629,50010,0,0,375,15000
1787310034729,50010,0,0,375,15000
1787310034829,50010,0,0,375,15000
1787310034929,50010,0,0,375,15000
1787310035030,50010,0,0,375,15000
1787310035129,50010,0,0,375,15000
1787310035229,50010,0,0,375,15000
1787310035329,50010,0,0,375,15000
1787310035429,50010,0,0,375,15000
1787310035530,50010,0,0,375,15000
1787310035629,50010,0,0,375,15000
1787310035729,50010,0,0,375,15000
1787310035829,50010,0,0,375,15000
1787310035929,50010,0,0,375,15000
1787310036029,50010,0,0,375,15000
1787310036129,50010,0,0,375,15000
1787310036229,50010,0,0,375,15000
1787310036329,50010,0,0,375,15000
1787310036429,50010,0,0,375,15000
1787310036530,50010,0,0,375,15000
1787310036629,50010,0,0,375,15000
1787310036729,50010,0,0,375,15000
1787310036829,50010,0,0,375,15000
1787310036929,50010,0,0,375,15000
1787310037029,50010,0,0,375,15000
1787310037130,50010,0,0,375,15000
1787310037229,50010,0,0,375,15000
1787310037329,50010,0,0,375,15000
1787310037429,50010,0,0,375,15000
1787310037529,50010,0,0,375,15000
1787310037629,50010,0,0,375,15000
1787310037729,50010,0,0,375,15000
1787310037829,50010,0,0,375,15000
1787310037929,50010,0,0,375,15000
1787310038030,50010,0,0,375,15000
1787310038129,50010,0,0,375,15000
1787310038229,50010,0,0,375,15000
1787310038329,50010,0,0,375,15000
1787310038429,50010,0,0,375,15000
1787310038529,50010,0,0,375,15000
1787310038629,50010,0,0,375,15000
1787310038730,50010,0,0,375,15000
1787310038829,50010,0,0,375,15000
1787310038929,50010,0,0,375,15000
1787310039029,50010,0,0,375,15000
1787310039129,50010,0,0,375,15000
1787310039229,50010,0,0,375,15000
1787310039329,50010,0,0,375,15000
1787310039429,50010,0,0,375,15000
1787310039529,50010,0,0,375,15000
1787310039629,50010,0,0,375,15000
1787310039729,50010,0,0,375,15000
1787310039829,50010,0,0,375,15000
1787310039929,50010,0,0,375,15000
1787310040030,50010,0,0,375,15000
1787310040129,50010,0,0,375,15000
1787310040230,50010,0,0,375,15000
1787310040329,50010,0,0,375,15000
1787310040429,50010,0,0,375,15000
1787310040529,50010,0,0,375,15000
1787310040629,50010,0,0,375,15000
1787310040729,50010,0,0,375,15000
1787310040829,50010,0,0,375,15000
1787310040929,50010,0,0,375,15000
1787310041030,50010,0,0,375,15000
1787310041130,50010,0,0,375,15000
1787310041229,50010,0,0,375,15000
1787310041329,50010,0,0,375,15000
1787310041429,50010,0,0,375,15000
1787310041529,50010,0,0,375,15000
1787310041629,50010,0,0,375,15000
1787310041729,50010,0,0,375,15000
1787310041830,50010,0,0,375,15000
1787310041929,50010,0,0,375,15000
1787310042029,50010,0,0,375,15000
1787310042129,50010,0,0,375,15000
1787310042230,50010,0,0,375,15000
1787310042329,50010,0,0,375,15000
1787310042429,50010,0,0,375,15000
1787310042530,50010,0,0,375,15000
1787310042629,50010,0,0,375,15000
1787310042729,50010,0,0,375,15000
1787310042829,50010,0,0,375,15000
1787310042929,50010,0,0,375,15000
1787310043029,50010,0,0,375,15000
1787310043129,50010,0,0,375,15000
1787310043230,50010,0,0,375,15000
1787310043329,50010,0,0,375,15000
1787310043429,50010,0,0,375,15000
1787310043529,50010,0,0,375,15000
1787310043629,50010,0,0,375,15000
1787310043729,50010,0,0,375,15000
1787310043829,50010,0,0,375,15000
1787310043929,50010,0,0,375,15000
1787310044029,50010,0,0,375,15000
1787310044129,50010,0,0,375,15000
1787310044229,50010,0,0,375,15000
1787310044330,50010,0,0,375,15000
1787310044429,50010,0,0,375,15000
1787310044529,50010,0,0,375,15000
1787310044629,50010,0,0,375,15000
1787310044729,50010,0,0,375,15000
1787310044829,50010,0,0,375,15000
1787310044930,50010,0,0,375,15000
1787310045030,50010,0,0,375,15000
1787310045129,50010,0,0,375,15000
1787310045229,50010,0,0,375,15000
1787310045329,50010,0,0,375,15000
1787310045429,50010,0,0,375,15000
1787310045529,50010,0,0,375,15000
1787310045629,50010,0,0,375,15000
1787310045729,50010,0,0,375,15000
1787310045829,50010,0,0,375,15000
1787310045929,50010,0,0,375,15000
1787310046029,50010,0,0,375,15000
1787310046129,50010,0,0,375,15000
1787310046229,50010,0,0,375,15000
1787310046329,50010,0,0,375,15000
1787310046429,50010,0,0,375,15000
1787310046529,50010,0,0,375,15000
1787310046629,50010,0,0,375,15000
1787310046729,50010,0,0,375,15000
1787310046829,50010,0,0,375,15000
1787310046929,50010,0,0,375,15000
1787310047029,50010,0,0,375,15000
1787310047129,50010,0,0,375,15000
1787310047229,50010,0,0,375,15000
1787310047329,50010,0,0,375,15000
1787310047429,50010,0,0,375,15000
1787310047529,50010,0,0,375,15000
1787310047629,50010,0,0,375,15000
1787310047729,50010,0,0,375,15000
1787310047829,50010,0,0,375,15000
1787310047929,50010,0,0,375,15000
1787310048030,50010,0,0,375,15000
1787310048129,50010,0,0,375,15000
1787310048229,50010,0,0,375,15000
1787310048329,50010,0,0,375,15000
1787310048429,50010,0,0,375,15000
1787310048530,50010,0,0,375,15000
1787310048629,50010,0,0,375,15000
1787310048729,50010,0,0,375,15000
1787310048829,50010,0,0,375,15000
1787310048930,50010,0,0,375,15000
1787310049029,50010,0,0,375,15000
1787310049130,50010,0,0,375,15000
1787310049229,50010,0,0,375,15000
1787310049329,50010,0,0,375,15000
1787310049429,50010,0,0,375,15000
1787310049529,50010,0,0,375,15000
1787310049629,50010,0,0,375,15000
1787310049729,50010,0,0,375,15000
1787310049829,50010,0,0,375,15000
1787310049929,50010,0,0,375,15000
1787310050029,50010,0,0,375,15000
1787310050130,50010,0,0,375,15000
1787310050229,50010,0,0,375,15000
1787310050329,50010,0,0,375,15000
1787310050429,50010,0,0,375,15000
1787310050529,50010,0,0,375,15000
1787310050630,50010,0,0,375,15000
1787310050729,50010,0,0,375,15000
1787310050829,50010,0,0,375,15000
1787310050929,50010,0,0,375,15000
1787310051029,50010,0,0,375,15000
1787310051129,50010,0,0,375,15000
1787310051229,50010,0,0,375,15000
1787310051329,50010,0,0,375,15000
1787310051429,50010,0,0,375,15000
1787310051529,50010,0,0,375,15000
1787310051630,50010,0,0,375,15000
1787310051730,50010,0,0,375,15000
1787310051829,50010,0,0,375,15000
1787310051929,50010,0,0,375,15000
1787310052029,50010,0,0,375,15000
1787310052129,50010,0,0,375,15000
1787310052229,50010,0,0,375,15000
1787310052329,50010,0,0,375,15000
1787310052429,50010,0,0,375,15000
1787310052529,50010,0,0,375,15000
1787310052629,50010,0,0,375,15000
1787310052729,50010,0,0,375,15000
1787310052829,50010,0,0,375,15000
1787310052930,50010,0,0,375,15000
1787310053029,50010,0,0,375,15000
1787310053129,50010,0,0,375,15000
1787310053229,50010,0,0,375,15000
1787310053330,50010,0,0,375,15000
1787310053429,50010,0,0,375,15000
1787310053529,50010,0,0,375,15000
1787310053630,50010,0,0,375,15000
1787310053729,50010,0,0,375,15000
1787310053829,50010,0,0,375,15000
1787310053929,50010,0,0,375,15000
1787310054029,50010,0,0,375,15000
1787310054129,50010,0,0,375,15000
1787310054230,50010,0,0,375,15000
1787310054329,50010,0,0,375,15000
1787310054429,50010,0,0,375,15000
1787310054529,50010,0,0,375,15000
1787310054629,50010,0,0,375,15000
1787310054729,50010,0,0,375,15000
1787310054829,50010,0,0,375,15000
1787310054929,50010,0,0,375,15000
1787310055029,50010,0,0,375,15000
1787310055130,50010,0,0,375,15000
1787310055230,50010,0,0,375,15000
1787310055329,50010,0,0,375,15000
1787310055430,50010,0,0,375,15000
1787310055529,50010,0,0,375,15000
1787310055629,50010,0,0,375,15000
1787310055729,50010,0,0,375,15000
1787310055830,50010,0,0,375,15000
1787310055929,50010,0,0,375,15000
1787310056029,50010,0,0,375,15000
1787310056129,50010,0,0,375,15000
1787310056229,50010,0,0,375,15000
1787310056329,50010,0,0,375,15000
1787310056429,50010,0,0,375,15000
1787310056529,50010,0,0,375,15000
1787310056629,50010,0,0,375,15000
1787310056729,50010,0,0,375,15000
1787310056829,50010,0,0,375,15000
1787310056929,50010,0,0,375,15000
1787310057029,50010,0,0,375,15000
1787310057129,50010,0,0,375,15000
1787310057229,50010,0,0,375,15000
1787310057330,50010,0,0,375,15000
1787310057429,50010,0,0,375,15000
1787310057529,50010,0,0,375,15000
1787310057629,50010,0,0,375,15000
1787310057729,50010,0,0,375,15000
1787310057829,50010,0,0,375,15000
1787310057929,50010,0,0,375,15000
1787310058029,50010,0,0,375,15000
1787310058129,50010,0,0,375,15000
1787310058229,50010,0,0,375,15000
1787310058329,50010,0,0,375,15000
1787310058429,50010,0,0,375,15000
1787310058530,50010,0,0,375,15000
1787310058629,50010,0,0,375,15000
1787310058729,50010,0,0,375,15000
1787310058829,50010,0,0,375,15000
1787310058929,50010,0,0,375,15000
1787310059029,50010,0,0,375,15000
1787310059129,50010,0,0,375,15000
1787310059230,50010,0,0,375,15000
1787310059329,50010,0,0,375,15000
1787310059429,50010,0,0,375,15000
1787310059529,50010,0,0,375,15000
1787310059629,50010,0,0,375,15000
1787310059729,50010,0,0,375,15000
1787310059830,50010,0,0,375,15000
1787310059929,50010,0,0,375,15000
1787310060029,50010,0,0,375,15000
1787310060129,50010,0,0,375,15000
1787310060230,50010,0,0,375,15000
1787310060329,50010,0,0,375,15000
1787310060429,50010,0,0,375,15000
1787310060529,50010,0,0,375,15000
1787310060630,50010,0,0,375,15000
1787310060729,50010,0,0,375,15000
1787310060829,50010,0,0,375,15000
1787310060929,50010,0,0,375,15000
1787310061029,50010,0,0,375,15000
1787310061129,50010,0,0,375,15000
1787310061229,50010,0,0,375,15000
1787310061329,50010,0,0,375,15000
1787310061429,50010,0,0,375,15000
1787310061529,50010,0,0,375,15000
1787310061629,50010,0,0,375,15000
1787310061729,50010,0,0,375,15000
1787310061829,50010,0,0,375,15000
1787310061929,50010,0,0,375,15000
1787310062029,50010,0,0,375,15000
1787310062130,50010,0,0,375,15000
1787310062229,50010,0,0,375,15000
1787310062329,50010,0,0,375,15000
1787310062429,50010,0,0,375,15000
1787310062529,50010,0,0,375,15000
1787310062629,50010,0,0,375,15000
1787310062729,50010,0,0,375,15000
1787310062829,50010,0,0,375,15000
1787310062929,50010,0,0,375,15000
1787310063029,50010,0,0,375,15000
1787310063129,50010,0,0,375,15000
1787310063229,50010,0,0,375,15000
1787310063329,50010,0,0,375,15000
1787310063429,50010,0,0,375,15000
1787310063529,50010,0,0,375,15000
1787310063629,50010,0,0,375,15000
1787310063729,50010,0,0,375,15000
1787310063829,50010,0,0,375,15000
1787310063929,50010,0,0,375,15000
1787310064029,50010,0,0,375,15000
1787310064130,50010,0,0,375,15000
1787310064229,50010,0,0,375,15000
1787310064329,50010,0,0,375,15000
1787310064429,50010,0,0,375,15000
1787310064529,50010,0,0,375,15000
1787310064629,50010,0,0,375,15000
1787310064729,50010,0,0,375,15000
1787310064829,50010,0,0,375,15000
1787310064929,50010,0,0,375,15000
1787310065029,50010,0,0,375,15000
1787310065129,50010,0,0,375,15000
1787310065229,50010,0,0,375,15000
1787310065329,50010,0,0,375,15000
1787310065429,50010,0,0,375,15000
1787310065529,50010,0,0,375,15000
1787310065629,50010,0,0,375,15000
1787310065729,50010,0,0,375,15000
1787310065829,50010,0,0,375,15000
1787310065929,50010,0,0,375,15000
1787310066029,50010,0,0,375,15000
1787310066129,50010,0,0,375,15000
1787310066229,50010,0,0,375,15000
1787310066329,50010,0,0,375,15000
1787310066429,50010,0,0,375,15000
1787310066529,50010,0,0,375,15000
1787310066629,50010,0,0,375,15000
1787310066729,50010,0,0,375,15000
1787310066829,50010,0,0,375,15000
1787310066929,50010,0,0,375,15000
1787310067029,50010,0,0,375,15000
1787310067129,50010,0,0,375,15000
1787310067229,50010,0,0,375,15000
1787310067329,50010,0,0,375,15000
1787310067429,50010,0,0,375,15000
1787310067529,50010,0,0,375,15000
1787310067629,50010,0,0,375,15000
1787310067729,50010,0,0,375,15000
1787310067830,50010,0,0,375,15000
1787310067929,50010,0,0,375,15000
1787310068029,50010,0,0,375,15000
1787310068130,50010,0,0,375,15000
1787310068229,50010,0,0,375,15000
1787310068329,50010,0,0,375,15000
1787310068429,50010,0,0,375,15000
1787310068529,50010,0,0,375,15000
1787310068629,50010,0,0,375,15000
1787310068729,50010,0,0,375,15000
1787310068829,50010,0,0,375,15000
1787310068929,50010,0,0,375,15000
1787310069030,50010,0,0,375,15000
1787310069129,50010,0,0,375,15000
1787310069229,50010,0,0,375,15000
1787310069329,50010,0,0,375,15000
1787310069429,50010,0,0,375,15000
1787310069529,50010,0,0,375,15000
1787310069629,50010,0,0,375,15000
1787310069729,50010,0,0,375,15000
1787310069829,50010,0,0,375,15000
1787310069929,50010,0,0,375,15000
1787310070029,50010,0,0,375,15000
1787310070129,50010,0,0,375,15000
1787310070229,50010,0,0,375,15000
1787310070330,50010,0,0,375,15000
1787310070429,50010,0,0,375,15000
1787310070529,50010,0,0,375,15000
1787310070629,50010,0,0,375,15000
1787310070729,50010,0,0,375,15000
1787310070830,50010,0,0,375,15000
1787310070929,50010,0,0,375,15000
1787310071029,50010,0,0,375,15000
1787310071129,50010,0,0,375,15000
1787310071229,50010,0,0,375,15000
1787310071329,50010,0,0,375,15000
1787310071429,50010,0,0,375,15000
1787310071529,50010,0,0,375,15000
1787310071629,50010,0,0,375,15000
1787310071729,50010,0,0,375,15000
1787310071829,50010,0,0,375,15000
1787310071929,50010,0,0,375,15000
1787310072029,50010,0,0,375,15000
1787310072129,50010,0,0,375,15000
1787310072229,50010,0,0,375,15000
1787310072329,50010,0,0,375,15000
1787310072429,50010,0,0,375,15000
1787310072529,50010,0,0,375,15000
1787310072630,50010,0,0,375,15000
1787310072729,50010,0,0,375,15000
1787310072830,50010,0,0,375,15000
1787310072929,50010,0,0,375,15000
1787310073029,50010,0,0,375,15000
1787310073129,50010,0,0,375,15000
1787310073229,50010,0,0,375,15000
1787310073330,50010,0,0,375,15000
1787310073429,50010,0,0,375,15000
1787310073530,50010,0,0,375,15000
1787310073629,50010,0,0,375,15000
1787310073730,50010,0,0,375,15000
1787310073829,50010,0,0,375,15000
1787310073929,50010,0,0,375,15000
1787310074029,50010,0,0,375,15000
1787310074129,50010,0,0,375,15000
1787310074229,50010,0,0,375,15000
1787310074329,50010,0,0,375,15000
1787310074429,50010,0,0,375,15000
1787310074530,50010,0,0,375,15000
1787310074629,50010,0,0,375,15000
1787310074729,50010,0,0,375,15000
1787310074829,50010,0,0,375,15000
1787310074929,50010,0,0,375,15000
1787310075029,50010,0,0,375,15000
1787310075129,50010,0,0,375,15000
1787310075229,50010,0,0,375,15000
1787310075329,50010,0,0,375,15000
1787310075429,50010,0,0,375,15000
1787310075529,50010,0,0,375,15000
1787310075629,50010,0,0,375,15000
1787310075729,50010,0,0,375,15000
1787310075829,50010,0,0,375,15000
1787310075929,50010,0,0,375,15000
1787310076030,50010,0,0,375,15000
1787310076129,50010,0,0,375,15000
1787310076229,50010,0,0,375,15000
1787310076329,50010,0,0,375,15000
1787310076429,50010,0,0,375,15000
1787310076529,50010,0,0,375,15000
1787310076629,50010,0,0,375,15000
1787310076729,50010,0,0,375,15000
1787310076829,50010,0,0,375,15000
1787310076929,50010,0,0,375,15000
1787310077029,50010,0,0,375,15000
1787310077129,50010,0,0,375,15000
1787310077229,50010,0,0,375,15000
1787310077329,50010,0,0,375,15000
1787310077429,50010,0,0,375,15000
1787310077530,50010,0,0,375,15000
1787310077629,50010,0,0,375,15000
1787310077729,50010,0,0,375,15000
1787310077829,50010,0,0,375,15000
1787310077929,50010,0,0,375,15000
1787310078030,50010,0,0,375,15000
1787310078130,50010,0,0,375,15000
1787310078229,50010,0,0,375,15000
1787310078329,50010,0,0,375,15000
1787310078429,50010,0,0,375,15000
1787310078529,50010,0,0,375,15000
1787310078630,50010,0,0,375,15000
1787310078730,50010,0,0,375,15000
1787310078829,50010,0,0,375,15000
1787310078929,50010,0,0,375,15000
1787310079029,50010,0,0,375,15000
1787310079129,50010,0,0,375,15000
1787310079229,50010,0,0,375,15000
1787310079329,50010,0,0,375,15000
1787310079429,50010,0,0,375,15000
1787310079529,50010,0,0,375,15000
1787310079629,50010,0,0,375,15000
1787310079729,50010,0,0,375,15000
1787310079829,50010,0,0,375,15000
1787310079929,50010,0,0,375,15000
1787310080029,50010,0,0,375,15000
1787310080129,50010,0,0,375,15000
1787310080229,50010,0,0,375,15000
1787310080329,50010,0,0,375,15000
1787310080429,50010,0,0,375,15000
1787310080529,50010,0,0,375,15000
1787310080629,50010,0,0,375,15000
1787310080729,50010,0,0,375,15000
1787310080830,50010,0,0,375,15000
1787310080929,50010,0,0,375,15000
1787310081029,50010,0,0,375,15000
1787310081129,50010,0,0,375,15000
1787310081229,50010,0,0,375,15000
1787310081329,50010,0,0,375,15000
1787310081429,50010,0,0,375,15000
1787310081529,50010,0,0,375,15000
1787310081629,50010,0,0,375,15000
1787310081730,50010,0,0,375,15000
1787310081829,50010,0,0,375,15000
1787310081930,50010,0,0,375,15000
1787310082029,50010,0,0,375,15000
1787310082129,50010,0,0,375,15000
1787310082229,50010,0,0,375,15000
1787310082329,50010,0,0,375,15000
1787310082429,50010,0,0,375,15000
1787310082529,50010,0,0,375,15000
1787310082629,50010,0,0,375,15000
1787310082729,50010,0,0,375,15000
1787310082829,50010,0,0,375,15000
1787310082929,50010,0,0,375,15000
1787310083030,50010,0,0,375,15000
1787310083129,50010,0,0,375,15000
1787310083230,50010,0,0,375,15000
1787310083330,50010,0,0,375,15000
1787310083429,50010,0,0,375,15000
1787310083529,50010,0,0,375,15000
1787310083630,50010,0,0,375,15000
1787310083729,50010,0,0,375,15000
1787310083829,50010,0,0,375,15000
1787310083929,50010,0,0,375,15000
1787310084030,50010,0,0,375,15000
1787310084129,50010,0,0,375,15000
1787310084230,50010,0,0,375,15000
1787310084329,50010,0,0,375,15000
1787310084429,50010,0,0,375,15000
1787310084529,50010,0,0,375,15000
1787310084629,50010,0,0,375,15000
1787310084729,50010,0,0,375,15000
1787310084830,50010,0,0,375,15000
1787310084930,50010,0,0,375,15000
1787310085029,50010,0,0,375,15000
1787310085129,50010,0,0,375,15000
1787310085229,50010,0,0,375,15000
1787310085329,50010,0,0,375,15000
1787310085429,50010,0,0,375,15000
1787310085529,50010,0,0,375,15000
1787310085629,50010,0,0,375,15000
1787310085729,50010,0,0,375,15000
1787310085829,50010,0,0,375,15000
1787310085929,50010,0,0,375,15000
1787310086029,50010,0,0,375,15000
1787310086129,50010,0,0,375,15000
1787310086229,50010,0,0,375,15000
1787310086329,50010,0,0,375,15000
1787310086429,50010,0,0,375,15000
1787310086529,50010,0,0,375,15000
1787310086629,50010,0,0,375,15000
1787310086729,50010,0,0,375,15000
1787310086829,50010,0,0,375,15000
1787310086929,50010,0,0,375,15000
1787310087029,50010,0,0,375,15000
1787310087129,50010,0,0,375,15000
1787310087230,50010,0,0,375,15000
1787310087329,50010,0,0,375,15000
1787310087429,50010,0,0,375,15000
1787310087529,50010,0,0,375,15000
1787310087629,50010,0,0,375,15000
1787310087729,50010,0,0,375,15000
1787310087829,50010,0,0,375,15000
1787310087929,50010,0,0,375,15000
1787310088029,50010,0,0,375,15000
1787310088129,50010,0,0,375,15000
1787310088229,50010,0,0,375,15000
1787310088329,50010,0,0,375,15000
1787310088429,50010,0,0,375,15000
1787310088529,50010,0,0,375,15000
1787310088629,50010,0,0,375,15000
1787310088729,50010,0,0,375,15000
1787310088829,50010,0,0,375,15000
1787310088929,50010,0,0,375,15000
1787310089029,50010,0,0,375,15000
1787310089129,50010,0,0,375,15000
1787310089229,50010,0,0,375,15000
1787310089329,50010,0,0,375,15000
1787310089429,50010,0,0,375,15000
1787310089530,50010,0,0,375,15000
1787310089629,50010,0,0,375,15000
1787310089729,50010,0,0,375,15000
1787310089829,50010,0,0,375,15000
1787310089929,50010,0,0,375,15000
1787310090030,50010,0,0,375,15000
1787310090129,50010,0,0,375,15000
1787310090229,50010,0,0,375,15000
1787310090329,50010,0,0,375,15000
1787310090429,50010,0,0,375,15000
1787310090529,50010,0,0,375,15000
1787310090629,50010,0,0,375,15000
1787310090729,50010,0,0,375,15000
1787310090829,50010,0,0,375,15000
1787310090929,50010,0,0,375,15000
1787310091029,50010,0,0,375,15000
1787310091129,50010,0,0,375,15000
1787310091229,50010,0,0,375,15000
1787310091329,50010,0,0,375,15000
1787310091429,50010,0,0,375,15000
1787310091529,50010,0,0,375,15000
1787310091629,50010,0,0,375,15000
1787310091729,50010,0,0,375,15000
1787310091829,50010,0,0,375,15000
1787310091929,50010,0,0,375,15000
1787310092029,50010,0,0,375,15000
1787310092129,50010,0,0,375,15000
1787310092229,50010,0,0,375,15000
1787310092330,50010,0,0,375,15000
1787310092429,50010,0,0,375,15000
1787310092529,50010,0,0,375,15000
1787310092629,50010,0,0,375,15000
1787310092729,50010,0,0,375,15000
1787310092829,50010,0,0,375,15000
1787310092929,50010,0,0,375,15000
1787310093030,50010,0,0,375,15000
1787310093129,50010,0,0,375,15000
1787310093230,50010,0,0,375,15000
1787310093329,50010,0,0,375,15000
1787310093429,50010,0,0,375,15000
1787310093529,50010,0,0,375,15000
1787310093629,50010,0,0,375,15000
1787310093729,50010,0,0,375,15000
1787310093830,50010,0,0,375,15000
1787310093930,50010,0,0,375,15000
1787310094029,50010,0,0,375,15000
1787310094129,50010,0,0,375,15000
1787310094229,50010,0,0,375,15000
1787310094329,50010,0,0,375,15000
1787310094429,50010,0,0,375,15000
1787310094529,50010,0,0,375,15000
1787310094629,50010,0,0,375,15000
1787310094730,50010,0,0,375,15000
1787310094829,50010,0,0,375,15000
1787310094930,50010,0,0,375,15000
1787310095029,50010,0,0,375,15000
1787310095129,50010,0,0,375,15000
1787310095229,50010,0,0,375,15000
1787310095329,50010,0,0,375,15000
1787310095429,50010,0,0,375,15000
1787310095529,50010,0,0,375,15000
1787310095630,50010,0,0,375,15000
1787310095729,50010,0,0,375,15000
1787310095829,50010,0,0,375,15000
1787310095929,50010,0,0,375,15000
1787310096029,50010,0,0,375,15000
1787310096129,50010,0,0,375,15000
1787310096229,50010,0,0,375,15000
1787310096329,50010,0,0,375,15000
1787310096429,50010,0,0,375,15000
1787310096529,50010,0,0,375,15000
1787310096629,50010,0,0,375,15000
1787310096730,50010,0,0,375,15000
1787310096829,50010,0,0,375,15000
1787310096929,50010,0,0,375,15000
1787310097029,50010,0,0,375,15000
1787310097129,50010,0,0,375,15000
1787310097229,50010,0,0,375,15000
1787310097329,50010,0,0,375,15000
1787310097429,50010,0,0,375,15000
1787310097529,50010,0,0,375,15000
1787310097630,50010,0,0,375,15000
1787310097730,50010,0,0,375,15000
1787310097829,50010,0,0,375,15000
1787310097929,50010,0,0,375,15000
1787310098029,50010,0,0,375,15000
1787310098129,50010,0,0,375,15000
1787310098230,50010,0,0,375,15000
1787310098329,50010,0,0,375,15000
1787310098429,50010,0,0,375,15000
1787310098529,50010,0,0,375,15000
1787310098629,50010,0,0,375,15000
1787310098729,50010,0,0,375,15000
1787310098829,50010,0,0,375,15000
1787310098929,50010,0,0,375,15000
1787310099029,50010,0,0,375,15000
1787310099130,50010,0,0,375,15000
1787310099230,50010,0,0,375,15000
1787310099329,50010,0,0,375,15000
1787310099429,50010,0,0,375,15000
1787310099529,50010,0,0,375,15000
1787310099629,50010,0,0,375,15000
1787310099729,50010,0,0,375,15000
1787310099829,50010,0,0,375,15000
1787310099929,50010,0,0,375,15000
1787310100029,50010,0,0,375,15000
1787310100129,50010,0,0,375,15000
1787310100229,50010,0,0,375,15000
1787310100329,50010,0,0,375,15000
1787310100429,50010,0,0,375,15000
1787310100529,50010,0,0,375,15000
1787310100629,50010,0,0,375,15000
1787310100729,50010,0,0,375,15000
1787310100829,50010,0,0,375,15000
1787310100929,50010,0,0,375,15000
1787310101030,50010,0,0,375,15000
1787310101129,50010,0,0,375,15000
1787310101229,50010,0,0,375,15000
1787310101329,50010,0,0,375,15000
1787310101429,50010,0,0,375,15000
1787310101529,50010,0,0,375,15000
1787310101629,50010,0,0,375,15000
1787310101729,50010,0,0,375,15000
1787310101829,50010,0,0,375,15000
1787310101929,50010,0,0,375,15000
1787310102030,50010,0,0,375,15000
1787310102129,50010,0,0,375,15000
1787310102229,50010,0,0,375,15000
1787310102329,50010,0,0,375,15000
1787310102429,50010,0,0,375,15000
1787310102530,50010,0,0,375,15000
1787310102629,50010,0,0,375,15000
1787310102729,50010,0,0,375,15000
1787310102829,50010,0,0,375,15000
1787310102929,50010,0,0,375,15000
1787310103029,50010,0,0,375,15000
1787310103129,50010,0,0,375,15000
1787310103229,50010,0,0,375,15000
1787310103329,50010,0,0,375,15000
1787310103429,50010,0,0,375,15000
1787310103530,50010,0,0,375,15000
1787310103630,50010,0,0,375,15000
1787310103729,50010,0,0,375,15000
1787310103829,50010,0,0,375,15000
1787310103929,50010,0,0,375,15000
1787310104029,50010,0,0,375,15000
1787310104129,50010,0,0,375,15000
1787310104230,50010,0,0,375,15000
1787310104329,50010,0,0,375,15000
1787310104429,50010,0,0,375,15000
1787310104529,50010,0,0,375,15000
1787310104629,50010,0,0,375,15000
1787310104729,50010,0,0,375,15000
1787310104829,50010,0,0,375,15000
1787310104929,50010,0,0,375,15000
1787310105029,50010,0,0,375,15000
1787310105129,50010,0,0,375,15000
1787310105229,50010,0,0,375,15000
1787310105329,50010,0,0,375,15000
1787310105429,50010,0,0,375,15000
1787310105530,50010,0,0,375,15000
1787310105629,50010,0,0,375,15000
1787310105729,50010,0,0,375,15000
1787310105829,50010,0,0,375,15000
1787310105929,50010,0,0,375,15000
1787310106029,50010,0,0,375,15000
1787310106129,50010,0,0,375,15000
1787310106230,50010,0,0,375,15000
1787310106329,50010,0,0,375,15000
1787310106429,50010,0,0,375,15000
1787310106530,50010,0,0,375,15000
1787310106629,50010,0,0,375,15000
1787310106729,50010,0,0,375,15000
1787310106829,50010,0,0,375,15000
1787310106929,50010,0,0,375,15000
1787310107029,50010,0,0,375,15000
1787310107129,50010,0,0,375,15000
1787310107229,50010,0,0,375,15000
1787310107329,50010,0,0,375,15000
1787310107429,50010,0,0,375,15000
1787310107529,50010,0,0,375,15000
1787310107630,50010,0,0,375,15000
1787310107729,50010,0,0,375,15000
1787310107829,50010,0,0,375,15000
1787310107929,50010,0,0,375,15000
1787310108029,50010,0,0,375,15000
1787310108129,50010,0,0,375,15000
1787310108229,50010,0,0,375,15000
1787310108329,50010,0,0,375,15000
1787310108429,50010,0,0,375,15000
1787310108529,50010,0,0,375,15000
1787310108629,50010,0,0,375,15000
1787310108730,50010,0,0,375,15000
1787310108829,50010,0,0,375,15000
1787310108930,50010,0,0,375,15000
1787310109029,50010,0,0,375,15000
1787310109129,50010,0,0,375,15000
1787310109229,50010,0,0,375,15000
1787310109329,50010,0,0,375,15000
1787310109430,50010,0,0,375,15000
1787310109529,50010,0,0,375,15000
1787310109630,50010,0,0,375,15000
1787310109729,50010,0,0,375,15000
1787310109830,50010,0,0,375,15000
1787310109929,50010,0,0,375,15000
1787310110029,50010,0,0,375,15000
1787310110129,50010,0,0,375,15000
1787310110229,50010,0,0,375,15000
1787310110329,50010,0,0,375,15000
1787310110429,50010,0,0,375,15000
1787310110529,50010,0,0,375,15000
1787310110629,50010,0,0,375,15000
1787310110729,50010,0,0,375,15000
1787310110830,50010,0,0,375,15000
1787310110929,50010,0,0,375,15000
1787310111029,50010,0,0,375,15000
1787310111129,50010,0,0,375,15000
1787310111230,50010,0,0,375,15000
1787310111329,50010,0,0,375,15000
1787310111429,50010,0,0,375,15000
1787310111529,50010,0,0,375,15000
1787310111629,50010,0,0,375,15000
1787310111729,50010,0,0,375,15000
1787310111829,50010,0,0,375,15000
1787310111929,50010,0,0,375,15000
1787310112029,50010,0,0,375,15000
1787310112129,50010,0,0,375,15000
1787310112229,50010,0,0,375,15000
1787310112329,50010,0,0,375,15000
1787310112429,50010,0,0,375,15000
1787310112529,50010,0,0,375,15000
1787310112629,50010,0,0,375,15000
1787310112730,50010,0,0,375,15000
1787310112829,50010,0,0,375,15000
1787310112929,50010,0,0,375,15000
1787310113030,50010,0,0,375,15000
1787310113129,50010,0,0,375,15000
1787310113229,50010,0,0,375,15000
1787310113329,50010,0,0,375,15000
1787310113429,50010,0,0,375,15000
1787310113529,50010,0,0,375,15000
1787310113629,50010,0,0,375,15000
1787310113729,50010,0,0,375,15000
1787310113829,50010,0,0,375,15000
1787310113929,50010,0,0,375,15000
1787310114029,50010,0,0,375,15000
1787310114129,50010,0,0,375,15000
1787310114229,50010,0,0,375,15000
1787310114329,50010,0,0,375,15000
1787310114429,50010,0,0,375,15000
1787310114529,50010,0,0,375,15000
1787310114629,50010,0,0,375,15000
1787310114729,50010,0,0,375,15000
1787310114829,50010,0,0,375,15000
1787310114929,50010,0,0,375,15000
1787310115030,50010,0,0,375,15000
1787310115129,50010,0,0,375,15000
1787310115229,50010,0,0,375,15000
1787310115329,50010,0,0,375,15000
1787310115430,50010,0,0,375,15000
1787310115529,50010,0,0,375,15000
1787310115629,50010,0,0,375,15000
1787310115729,50010,0,0,375,15000
1787310115829,50010,0,0,375,15000
1787310115929,50010,0,0,375,15000
1787310116029,50010,0,0,375,15000
1787310116129,50010,0,0,375,15000
1787310116230,50010,0,0,375,15000
1787310116330,50010,0,0,375,15000
1787310116429,50010,0,0,375,15000
1787310116529,50010,0,0,375,15000
1787310116629,50010,0,0,375,15000
1787310116729,50010,0,0,375,15000
1787310116830,50000,0,0,375,15000
1787310116929,50000,0,0,375,15000
1787310117029,50000,0,0,375,15000
1787310117129,50000,0,0,375,15000
1787310117229,50000,0,0,375,15000
1787310117329,50000,0,0,375,15000
1787310117429,50000,0,0,375,15000
1787310117529,50000,0,0,375,15000
1787310117629,50000,0,0,375,15000
1787310117729,50000,0,0,375,15000
1787310117830,50000,0,0,375,15000
1787310117930,50000,0,0,375,15000
1787310118029,50000,0,0,375,15000
1787310118129,50000,0,0,375,15000
1787310118229,50000,0,0,375,15000
1787310118329,50000,0,0,375,15000
1787310118429,50000,0,0,375,15000
1787310118530,50000,0,0,375,15000
1787310118629,50000,0,0,375,15000
1787310118729,50000,0,0,375,15000
1787310118829,50000,0,0,375,15000
1787310118929,50000,0,0,375,15000
1787310119029,50000,0,0,375,15000
1787310119129,50000,0,0,375,15000
1787310119229,50000,0,0,375,15000
1787310119329,50000,0,0,375,15000
1787310119429,50000,0,0,375,15000
1787310119529,50000,0,0,375,15000
1787310119629,50000,0,0,375,15000
1787310119729,50000,0,0,375,15000
1787310119830,50000,0,0,375,15000
1787310119930,50000,0,0,375,15000
1787310120029,50000,0,0,375,15000
1787310120129,50000,0,0,375,15000
1787310120229,50000,0,0,375,15000
1787310120329,50000,0,0,375,15000
1787310120429,50000,0,0,375,15000
1787310120529,50000,0,0,375,15000
1787310120630,50000,0,0,375,15000
1787310120729,50000,0,0,375,15000
1787310120830,50000,0,0,375,15000
1787310120929,50000,0,0,375,15000
1787310121029,50000,0,0,375,15000
1787310121129,50000,0,0,375,15000
1787310121230,50000,0,0,375,15000
1787310121329,50000,0,0,375,15000
1787310121429,50000,0,0,375,15000
1787310121529,50000,0,0,375,15000
1787310121629,50000,0,0,375,15000
1787310121729,50000,0,0,375,15000
1787310121829,50000,0,0,375,15000
1787310121929,50000,0,0,375,15000
1787310122030,50000,0,0,375,15000
1787310122129,50000,0,0,375,15000
1787310122230,50000,0,0,375,15000
1787310122329,50000,0,0,375,15000
1787310122429,50000,0,0,375,15000
1787310122529,50000,0,0,375,15000
1787310122629,50000,0,0,375,15000
1787310122729,50000,0,0,375,15000
1787310122829,50000,0,0,375,15000
1787310122929,50000,0,0,375,15000
1787310123029,50000,0,0,375,15000
1787310123130,50000,0,0,375,15000
1787310123229,50000,0,0,375,15000
1787310123329,50000,0,0,375,15000
1787310123429,50000,0,0,375,15000
1787310123529,50000,0,0,375,15000
1787310123629,50000,0,0,375,15000
1787310123729,50000,0,0,375,15000
1787310123829,50000,0,0,375,15000
1787310123929,50000,0,0,375,15000
1787310124030,50000,0,0,375,15000
1787310124129,50000,0,0,375,15000
1787310124229,50000,0,0,375,15000
1787310124329,50000,0,0,375,15000
1787310124429,50000,0,0,375,15000
1787310124529,50000,0,0,375,15000
1787310124629,50000,0,0,375,15000
1787310124730,50000,0,0,375,15000
1787310124829,50000,0,0,375,15000
1787310124929,50000,0,0,375,15000
1787310125029,50000,0,0,375,15000
1787310125129,50000,0,0,375,15000
1787310125229,50000,0,0,375,15000
1787310125330,50000,0,0,375,15000
1787310125429,50000,0,0,375,15000
1787310125529,50000,0,0,375,15000
1787310125629,50000,0,0,375,15000
1787310125729,50000,0,0,375,15000
1787310125829,50000,0,0,375,15000
1787310125930,50000,0,0,375,15000
1787310126029,50000,0,0,375,15000
1787310126129,50000,0,0,375,15000
1787310126230,50000,0,0,375,15000
1787310126329,50000,0,0,375,15000
1787310126429,50000,0,0,375,15000
1787310126529,50000,0,0,375,15000
1787310126629,50000,0,0,375,15000
1787310126729,50000,0,0,375,15000
1787310126829,50000,0,0,375,15000
1787310126929,50000,0,0,375,15000
1787310127029,50000,0,0,375,15000
1787310127129,50000,0,0,375,15000
1787310127229,50000,0,0,375,15000
1787310127329,50000,0,0,375,15000
1787310127429,50000,0,0,375,15000
1787310127530,50000,0,0,375,15000
1787310127629,50000,0,0,375,15000
1787310127730,50000,0,0,375,15000
1787310127829,50000,0,0,375,15000
1787310127929,50000,0,0,375,15000
1787310128029,50000,0,0,375,15000
1787310128129,50000,0,0,375,15000
1787310128229,50000,0,0,375,15000
1787310128329,50000,0,0,375,15000
1787310128429,50000,0,0,375,15000
1787310128530,50000,0,0,375,15000
1787310128629,50000,0,0,375,15000
1787310128730,50000,0,0,375,15000
1787310128829,50000,0,0,375,15000
1787310128929,50000,0,0,375,15000
1787310129029,50000,0,0,375,15000
1787310129129,50000,0,0,375,15000
1787310129229,50000,0,0,375,15000
1787310129329,50000,0,0,375,15000
1787310129429,50000,0,0,375,15000
1787310129529,50000,0,0,375,15000
1787310129629,50000,0,0,375,15000
1787310129729,50000,0,0,375,15000
1787310129829,50000,0,0,375,15000
1787310129929,50000,0,0,375,15000
1787310130029,50000,0,0,375,15000
1787310130129,50000,0,0,375,15000
1787310130230,50000,0,0,375,15000
1787310130329,50000,0,0,375,15000
1787310130429,50000,0,0,375,15000
1787310130529,50000,0,0,375,15000
1787310130630,50000,0,0,375,15000
1787310130729,50000,0,0,375,15000
1787310130829,50000,0,0,375,15000
1787310130929,50000,0,0,375,15000
1787310131029,50000,0,0,375,15000
1787310131130,50000,0,0,375,15000
1787310131229,50000,0,0,375,15000
1787310131329,50000,0,0,375,15000
1787310131429,50000,0,0,375,15000
1787310131530,50000,0,0,375,15000
1787310131629,50000,0,0,375,15000
1787310131729,50000,0,0,375,15000
1787310131829,50000,0,0,375,15000
1787310131929,50000,0,0,375,15000
1787310132029,50000,0,0,375,15000
1787310132129,50000,0,0,375,15000
1787310132229,50000,0,0,375,15000
1787310132329,50000,0,0,375,15000
1787310132429,50000,0,0,375,15000
1787310132530,50000,0,0,375,15000
1787310132629,50000,0,0,375,15000
1787310132730,50000,0,0,375,15000
1787310132829,50000,0,0,375,15000
1787310132929,50000,0,0,375,15000
1787310133029,50000,0,0,375,15000
1787310133129,50000,0,0,375,15000
1787310133229,50000,0,0,375,15000
1787310133329,50000,0,0,375,15000
1787310133429,50000,0,0,375,15000
1787310133529,50000,0,0,375,15000
1787310133629,50000,0,0,375,15000
1787310133729,50000,0,0,375,15000
1787310133830,50000,0,0,375,15000
1787310133930,50000,0,0,375,15000
1787310134029,50000,0,0,375,15000
1787310134129,50000,0,0,375,15000
1787310134229,50000,0,0,375,15000
1787310134329,50000,0,0,375,15000
1787310134429,50000,0,0,375,15000
1787310134529,50000,0,0,375,15000
1787310134629,50000,0,0,375,15000
1787310134729,50000,0,0,375,15000
1787310134829,50000,0,0,375,15000
1787310134929,50000,0,0,375,15000
1787310135029,50000,0,0,375,15000
1787310135129,50000,0,0,375,15000
1787310135230,50000,0,0,375,15000
1787310135329,50000,0,0,375,15000
1787310135429,50000,0,0,375,15000
1787310135530,50000,0,0,375,15000
1787310135629,50000,0,0,375,15000
1787310135729,50000,0,0,375,15000
1787310135829,50000,0,0,375,15000
1787310135929,50000,0,0,375,15000
1787310136029,50000,0,0,375,15000
1787310136129,50000,0,0,375,15000
1787310136229,50000,0,0,375,15000
1787310136329,50000,0,0,375,15000
1787310136429,50000,0,0,375,15000
1787310136529,50000,0,0,375,15000
1787310136629,50000,0,0,375,15000
1787310136729,50000,0,0,375,15000
1787310136829,50000,0,0,375,15000
1787310136929,50000,0,0,375,15000
1787310137029,50000,0,0,375,15000
1787310137129,50000,0,0,375,15000
1787310137229,50000,0,0,375,15000
1787310137329,50000,0,0,375,15000
1787310137429,50000,0,0,375,15000
1787310137529,50000,0,0,375,15000
1787310137629,50000,0,0,375,15000
1787310137729,50000,0,0,375,15000
1787310137829,50000,0,0,375,15000
1787310137929,50000,0,0,375,15000
1787310138030,50000,0,0,375,15000
1787310138130,50000,0,0,375,15000
1787310138229,50000,0,0,375,15000
1787310138329,50000,0,0,375,15000
1787310138429,50000,0,0,375,15000
1787310138529,50000,0,0,375,15000
1787310138629,50000,0,0,375,15000
1787310138729,50000,0,0,375,15000
1787310138829,50000,0,0,375,15000
1787310138929,50000,0,0,375,15000
1787310139029,50000,0,0,375,15000
1787310139129,50000,0,0,375,15000
1787310139229,50000,0,0,375,15000
1787310139329,50000,0,0,375,15000
1787310139429,50000,0,0,375,15000
1787310139529,50000,0,0,375,15000
1787310139629,50000,0,0,375,15000
1787310139729,50000,0,0,375,15000
1787310139830,50000,0,0,375,15000
1787310139929,50000,0,0,375,15000
1787310140029,50000,0,0,375,15000
1787310140130,50000,0,0,375,15000
1787310140229,50000,0,0,375,15000
1787310140329,50000,0,0,375,15000
1787310140429,50000,0,0,375,15000
1787310140529,50000,0,0,375,15000
1787310140629,50000,0,0,375,15000
1787310140729,50000,0,0,375,15000
1787310140829,50000,0,0,375,15000
1787310140929,50000,0,0,375,15000
1787310141030,50000,0,0,375,15000
1787310141129,50000,0,0,375,15000
1787310141229,50000,0,0,375,15000
1787310141329,50000,0,0,375,15000
1787310141429,50000,0,0,375,15000
1787310141529,50000,0,0,375,15000
1787310141629,50000,0,0,375,15000
1787310141729,50000,0,0,375,15000
1787310141830,50000,0,0,375,15000
1787310141930,50000,0,0,375,15000
1787310142029,50000,0,0,375,15000
1787310142129,50000,0,0,375,15000
1787310142229,50000,0,0,375,15000
1787310142329,50000,0,0,375,15000
1787310142429,50000,0,0,375,15000
1787310142529,50000,0,0,375,15000
1787310142629,50000,0,0,375,15000
1787310142730,50000,0,0,375,15000
1787310142829,50000,0,0,375,15000
1787310142929,50000,0,0,375,15000
1787310143029,50000,0,0,375,15000
1787310143129,50000,0,0,375,15000
1787310143229,50000,0,0,375,15000
1787310143329,50000,0,0,375,15000
1787310143429,50000,0,0,375,15000
1787310143529,50000,0,0,375,15000
1787310143629,50000,0,0,375,15000
1787310143729,50000,0,0,375,15000
1787310143830,50000,0,0,375,15000
1787310143929,50000,0,0,375,15000
1787310144029,50000,0,0,375,15000
1787310144130,50000,0,0,375,15000
1787310144229,50000,0,0,375,15000
1787310144329,50000,0,0,375,15000
1787310144429,50000,0,0,375,15000
1787310144529,50000,0,0,375,15000
1787310144629,50000,0,0,375,15000
1787310144729,50000,0,0,375,15000
1787310144829,50000,0,0,375,15000
1787310144929,50000,0,0,375,15000
1787310145030,50000,0,0,375,15000
1787310145129,50000,0,0,375,15000
1787310145229,50000,0,0,375,15000
1787310145330,50000,0,0,375,15000
1787310145429,50000,0,0,375,15000
1787310145529,50000,0,0,375,15000
1787310145629,50000,0,0,375,15000
1787310145729,50000,0,0,375,15000
1787310145829,50000,0,0,375,15000
1787310145929,50000,0,0,375,15000
1787310146029,50000,0,0,375,15000
1787310146129,50000,0,0,375,15000
1787310146229,50000,0,0,375,15000
1787310146329,50000,0,0,375,15000
1787310146429,50000,0,0,375,15000
1787310146530,50000,0,0,375,15000
1787310146629,50000,0,0,375,15000
1787310146729,50000,0,0,375,15000
1787310146829,49990,0,0,375,15000
1787310146929,49990,0,0,375,15000
1787310147029,49990,0,0,375,15000
1787310147129,49990,0,0,375,15000
1787310147229,49990,0,0,375,15000
1787310147330,49990,0,0,375,15000
1787310147429,49990,0,0,375,15000
1787310147529,49990,0,0,375,15000
1787310147629,49990,0,0,375,15000
1787310147730,49990,0,0,375,15000
1787310147829,49990,0,0,375,15000
1787310147930,49990,0,0,375,15000
1787310148029,49990,0,0,375,15000
1787310148129,49990,0,0,375,15000
1787310148229,49990,0,0,375,15000
1787310148329,49990,0,0,375,15000
1787310148429,49990,0,0,375,15000
1787310148529,49990,0,0,375,15000
1787310148629,49990,0,0,375,15000
1787310148729,49990,0,0,375,15000
1787310148829,49990,0,0,375,15000
1787310148929,49990,0,0,375,15000
1787310149029,49990,0,0,375,15000
1787310149130,49990,0,0,375,15000
1787310149229,49990,0,0,375,15000
1787310149329,49990,0,0,375,15000
1787310149429,49990,0,0,375,15000
1787310149529,49990,0,0,375,15000
1787310149629,49990,0,0,375,15000
1787310149729,49990,0,0,375,15000
1787310149829,49990,0,0,375,15000
1787310149929,49990,0,0,375,15000
1787310150030,49990,0,0,375,15000
1787310150129,49990,0,0,375,15000
1787310150230,49990,0,0,375,15000
1787310150329,49990,0,0,375,15000
1787310150429,49990,0,0,375,15000
1787310150530,49990,0,0,375,15000
1787310150629,49990,0,0,375,15000
1787310150729,49990,0,0,375,15000
1787310150829,49990,0,0,375,15000
1787310150929,49990,0,0,375,15000
1787310151029,49990,0,0,375,15000
1787310151129,49990,0,0,375,15000
1787310151229,49990,0,0,375,15000
1787310151329,49990,0,0,375,15000
1787310151429,49990,0,0,375,15000
1787310151529,49990,0,0,375,15000
1787310151629,49990,0,0,375,15000
1787310151729,49990,0,0,375,15000
1787310151829,49990,0,0,375,15000
1787310151929,49990,0,0,375,15000
1787310152029,49990,0,0,375,15000
1787310152130,49990,0,0,375,15000
1787310152229,49990,0,0,375,15000
1787310152329,49990,0,0,375,15000
1787310152429,49990,0,0,375,15000
1787310152530,49990,0,0,375,15000
1787310152629,49990,0,0,375,15000
1787310152729,49990,0,0,375,15000
1787310152829,49990,0,0,375,15000
1787310152929,49990,0,0,375,15000
1787310153029,49990,0,0,375,15000
1787310153129,49990,0,0,375,15000
1787310153229,49990,0,0,375,15000
1787310153329,49990,0,0,375,15000
1787310153429,49990,0,0,375,15000
1787310153529,49990,0,0,375,15000
1787310153629,49990,0,0,375,15000
1787310153729,49990,0,0,375,15000
1787310153829,49990,0,0,375,15000
1787310153929,49990,0,0,375,15000
1787310154029,49990,0,0,375,15000
1787310154129,49990,0,0,375,15000
1787310154229,49990,0,0,375,15000
1787310154329,49990,0,0,375,15000
1787310154429,49990,0,0,375,15000
1787310154529,49990,0,0,375,15000
1787310154629,49990,0,0,375,15000
1787310154729,49990,0,0,375,15000
1787310154829,49990,0,0,375,15000
1787310154929,49990,0,0,375,15000
1787310155029,49990,0,0,375,15000
1787310155129,49990,0,0,375,15000
1787310155230,49990,0,0,375,15000
1787310155330,49990,0,0,375,15000
1787310155429,49990,0,0,375,15000
1787310155529,49990,0,0,375,15000
1787310155630,49990,0,0,375,15000
1787310155730,49990,0,0,375,15000
1787310155829,49990,0,0,375,15000
1787310155929,49990,0,0,375,15000
1787310156029,49990,0,0,375,15000
1787310156129,49990,0,0,375,15000
1787310156229,49990,0,0,375,15000
1787310156329,49990,0,0,375,15000
1787310156429,49990,0,0,375,15000
1787310156529,49990,0,0,375,15000
1787310156629,49990,0,0,375,15000
1787310156729,49990,0,0,375,15000
1787310156829,49990,0,0,375,15000
1787310156929,49990,0,0,375,15000
1787310157029,49990,0,0,375,15000
1787310157129,49990,0,0,375,15000
1787310157229,49990,0,0,375,15000
1787310157330,49990,0,0,375,15000
1787310157429,49990,0,0,375,15000
1787310157529,49990,0,0,375,15000
1787310157630,49990,0,0,375,15000
1787310157729,49990,0,0,375,15000
1787310157829,49990,0,0,375,15000
1787310157929,49990,0,0,375,15000
1787310158030,49990,0,0,375,15000
1787310158129,49990,0,0,375,15000
1787310158229,49990,0,0,375,15000
1787310158329,49990,0,0,375,15000
1787310158429,49990,0,0,375,15000
1787310158529,49990,0,0,375,15000
1787310158630,49990,0,0,375,15000
1787310158729,49990,0,0,375,15000
1787310158829,49990,0,0,375,15000
1787310158930,49990,0,0,375,15000
1787310159029,49990,0,0,375,15000
1787310159129,49990,0,0,375,15000
1787310159229,49990,0,0,375,15000
1787310159329,49990,0,0,375,15000
1787310159429,49990,0,0,375,15000
1787310159529,49990,0,0,375,15000
1787310159629,49990,0,0,375,15000
1787310159730,49990,0,0,375,15000
1787310159829,49990,0,0,375,15000
1787310159929,49990,0,0,375,15000
1787310160029,49990,0,0,375,15000
1787310160130,49990,0,0,375,15000
1787310160229,49990,0,0,375,15000
1787310160329,49990,0,0,375,15000
1787310160429,49990,0,0,375,15000
1787310160529,49990,0,0,375,15000
1787310160629,49990,0,0,375,15000
1787310160729,49990,0,0,375,15000
1787310160830,49990,0,0,375,15000
1787310160929,49990,0,0,375,15000
1787310161029,49990,0,0,375,15000
1787310161129,49990,0,0,375,15000
1787310161229,49990,0,0,375,15000
1787310161329,49990,0,0,375,15000
1787310161429,49990,0,0,375,15000
1787310161529,49990,0,0,375,15000
1787310161630,49990,0,0,375,15000
1787310161729,49990,0,0,375,15000
1787310161829,49990,0,0,375,15000
1787310161929,49990,0,0,375,15000
1787310162029,49990,0,0,375,15000
1787310162129,49990,0,0,375,15000
1787310162229,49990,0,0,375,15000
1787310162329,49990,0,0,375,15000
1787310162429,49990,0,0,375,15000
1787310162529,49990,0,0,375,15000
1787310162629,49990,0,0,375,15000
1787310162729,49990,0,0,375,15000
1787310162829,49990,0,0,375,15000
1787310162929,49990,0,0,375,15000
1787310163029,49990,0,0,375,15000
1787310163129,49990,0,0,375,15000
1787310163230,49990,0,0,375,15000
1787310163329,49990,0,0,375,15000
1787310163429,49990,0,0,375,15000
1787310163529,49990,0,0,375,15000
1787310163629,49990,0,0,375,15000
1787310163729,49990,0,0,375,15000
1787310163829,49990,0,0,375,15000
1787310163929,49990,0,0,375,15000
1787310164029,49990,0,0,375,15000
1787310164129,49990,0,0,375,15000
1787310164230,49990,0,0,375,15000
1787310164330,49990,0,0,375,15000
1787310164429,49990,0,0,375,15000
1787310164529,49990,0,0,375,15000
1787310164630,49990,0,0,375,15000
1787310164729,49990,0,0,375,15000
1787310164829,49990,0,0,375,15000
1787310164929,49990,0,0,375,15000
1787310165029,49990,0,0,375,15000
1787310165129,49990,0,0,375,15000
1787310165229,49990,0,0,375,15000
1787310165330,49990,0,0,375,15000
1787310165429,49990,0,0,375,15000
1787310165529,49990,0,0,375,15000
1787310165629,49990,0,0,375,15000
1787310165729,49990,0,0,375,15000
1787310165829,49990,0,0,375,15000
1787310165930,49990,0,0,375,15000
1787310166029,49990,0,0,375,15000
1787310166129,49990,0,0,375,15000
1787310166229,49990,0,0,375,15000
1787310166329,49990,0,0,375,15000
1787310166430,49990,0,0,375,15000
1787310166529,49990,0,0,375,15000
1787310166630,49990,0,0,375,15000
1787310166729,49990,0,0,375,15000
1787310166830,49990,0,0,375,15000
1787310166929,49990,0,0,375,15000
1787310167029,49990,0,0,375,15000
1787310167129,49990,0,0,375,15000
1787310167230,49990,0,0,375,15000
1787310167329,49990,0,0,375,15000
1787310167429,49990,0,0,375,15000
1787310167529,49990,0,0,375,15000
1787310167629,49990,0,0,375,15000
1787310167729,49990,0,0,375,15000
1787310167829,49990,0,0,375,15000
1787310167929,49990,0,0,375,15000
1787310168030,49990,0,0,375,15000
1787310168129,49990,0,0,375,15000
1787310168229,49990,0,0,375,15000
1787310168329,49990,0,0,375,15000
1787310168429,49990,0,0,375,15000
1787310168530,49990,0,0,375,15000
1787310168629,49990,0,0,375,15000
1787310168729,49990,0,0,375,15000
1787310168829,49990,0,0,375,15000
1787310168929,49990,0,0,375,15000
1787310169029,49990,0,0,375,15000
1787310169130,49990,0,0,375,15000
1787310169229,49990,0,0,375,15000
1787310169329,49990,0,0,375,15000
1787310169429,49990,0,0,375,15000
1787310169530,49990,0,0,375,15000
1787310169629,49990,0,0,375,15000
1787310169729,49990,0,0,375,15000
1787310169830,49990,0,0,375,15000
1787310169930,49990,0,0,375,15000
1787310170029,49990,0,0,375,15000
1787310170130,49990,0,0,375,15000
1787310170229,49990,0,0,375,15000
1787310170330,49990,0,0,375,15000
1787310170429,49990,0,0,375,15000
1787310170530,49990,0,0,375,15000
1787310170629,49990,0,0,375,15000
1787310170730,49990,0,0,375,15000
1787310170829,49990,0,0,375,15000
1787310170929,49990,0,0,375,15000
1787310171029,49990,0,0,375,15000
1787310171129,49990,0,0,375,15000
1787310171229,49990,0,0,375,15000
1787310171329,49990,0,0,375,15000
1787310171429,49990,0,0,375,15000
1787310171530,49990,0,0,375,15000
1787310171630,49990,0,0,375,15000
1787310171729,49990,0,0,375,15000
1787310171829,49990,0,0,375,15000
1787310171929,49990,0,0,375,15000
1787310172029,49990,0,0,375,15000
1787310172129,49990,0,0,375,15000
1787310172229,49990,0,0,375,15000
1787310172330,49990,0,0,375,15000
1787310172429,49990,0,0,375,15000
1787310172529,49990,0,0,375,15000
1787310172629,49990,0,0,375,15000
1787310172729,49990,0,0,375,15000
1787310172830,49990,0,0,375,15000
1787310172929,49990,0,0,375,15000
1787310173029,49990,0,0,375,15000
1787310173129,49990,0,0,375,15000
1787310173229,49990,0,0,375,15000
1787310173330,49990,0,0,375,15000
1787310173429,49990,0,0,375,15000
1787310173530,49990,0,0,375,15000
1787310173629,49990,0,0,375,15000
1787310173729,49990,0,0,375,15000
1787310173829,49990,0,0,375,15000
1787310173929,49990,0,0,375,15000
1787310174029,49990,0,0,375,15000
1787310174129,49990,0,0,375,15000
1787310174229,49990,0,0,375,15000
1787310174330,49990,0,0,375,15000
1787310174429,49990,0,0,375,15000
1787310174530,49990,0,0,375,15000
1787310174629,49990,0,0,375,15000
1787310174729,49990,0,0,375,15000
1787310174829,49990,0,0,375,15000
1787310174929,49990,0,0,375,15000
1787310175029,49990,0,0,375,15000
1787310175129,49990,0,0,375,15000
1787310175230,49990,0,0,375,15000
1787310175329,49990,0,0,375,15000
1787310175429,49990,0,0,375,15000
1787310175529,49990,0,0,375,15000
1787310175629,49990,0,0,375,15000
1787310175729,49990,0,0,375,15000
1787310175829,49990,0,0,375,15000
1787310175929,49990,0,0,375,15000
1787310176029,49990,0,0,375,15000
1787310176129,49990,0,0,375,15000
1787310176230,49990,0,0,375,15000
1787310176329,49990,0,0,375,15000
1787310176429,49990,0,0,375,15000
1787310176529,49990,0,0,375,15000
1787310176630,49990,0,0,375,15000
1787310176729,49990,0,0,375,15000
1787310176829,49990,0,0,375,15000
1787310176929,49990,0,0,375,15000
1787310177029,49990,0,0,375,15000
1787310177129,49990,0,0,375,15000
1787310177229,49990,0,0,375,15000
1787310177329,49990,0,0,375,15000
1787310177429,49990,0,0,375,15000
1787310177529,49990,0,0,375,15000
1787310177629,49990,0,0,375,15000
1787310177729,49990,0,0,375,15000
1787310177829,49990,0,0,375,15000
1787310177929,49990,0,0,375,15000
1787310178030,49990,0,0,375,15000
1787310178129,49990,0,0,375,15000
1787310178229,49990,0,0,375,15000
1787310178330,49990,0,0,375,15000
1787310178429,49990,0,0,375,15000
1787310178529,49990,0,0,375,15000
1787310178629,49990,0,0,375,15000
1787310178729,49990,0,0,375,15000
1787310178829,49990,0,0,375,15000
1787310178930,49990,0,0,375,15000
1787310179029,49990,0,0,375,15000
1787310179129,49990,0,0,375,15000
1787310179229,49990,0,0,375,15000
1787310179329,49990,0,0,375,15000
1787310179429,49990,0,0,375,15000
1787310179530,49990,0,0,375,15000
1787310179630,49990,0,0,375,15000
1787310179729,49990,0,0,375,15000
1787310179829,49990,0,0,375,15000
1787310179929,49990,0,0,375,15000
1787310180029,49990,0,0,375,15000
1787310180129,49990,0,0,375,15000
1787310180229,49990,0,0,375,15000
1787310180329,49990,0,0,375,15000
1787310180429,49990,0,0,375,15000
1787310180529,49990,0,0,375,15000
1787310180629,49990,0,0,375,15000
1787310180730,49990,0,0,375,15000
1787310180829,49990,0,0,375,15000
1787310180929,49990,0,0,375,15000
1787310181029,49990,0,0,375,15000
1787310181129,49990,0,0,375,15000
1787310181229,49990,0,0,375,15000
1787310181329,49990,0,0,375,15000
1787310181429,49990,0,0,375,15000
1787310181529,49990,0,0,375,15000
1787310181630,49990,0,0,375,15000
1787310181730,49990,0,0,375,15000
1787310181829,49990,0,0,375,15000
1787310181929,49990,0,0,375,15000
1787310182029,49990,0,0,375,15000
1787310182129,49990,0,0,375,15000
1787310182229,49990,0,0,375,15000
1787310182329,49990,0,0,375,15000
1787310182429,49990,0,0,375,15000
1787310182530,49990,0,0,375,15000
1787310182629,49990,0,0,375,15000
1787310182730,49990,0,0,375,15000
1787310182829,49990,0,0,375,15000
1787310182929,49990,0,0,375,15000
1787310183030,49990,0,0,375,15000
1787310183129,49990,0,0,375,15000
1787310183229,49990,0,0,375,15000
1787310183329,49990,0,0,375,15000
1787310183429,49990,0,0,375,15000
1787310183529,49990,0,0,375,15000
1787310183629,49990,0,0,375,15000
1787310183729,49990,0,0,375,15000
1787310183829,49990,0,0,375,15000
1787310183929,49990,0,0,375,15000
1787310184030,49990,0,0,375,15000
1787310184129,49990,0,0,375,15000
1787310184230,49990,0,0,375,15000
1787310184329,49990,0,0,375,15000
1787310184429,49990,0,0,375,15000
1787310184529,49990,0,0,375,15000
1787310184629,49990,0,0,375,15000
1787310184729,49990,0,0,375,15000
1787310184829,49990,0,0,375,15000
1787310184929,49990,0,0,375,15000
1787310185029,49990,0,0,375,15000
1787310185130,49990,0,0,375,15000
1787310185229,49990,0,0,375,15000
1787310185329,49990,0,0,375,15000
1787310185429,49990,0,0,375,15000
1787310185529,49990,0,0,375,15000
1787310185629,49990,0,0,375,15000
1787310185730,49990,0,0,375,15000
1787310185829,49990,0,0,375,15000
1787310185929,49990,0,0,375,15000
1787310186029,49990,0,0,375,15000
1787310186129,49990,0,0,375,15000
1787310186229,49990,0,0,375,15000
1787310186329,49990,0,0,375,15000
1787310186429,49990,0,0,375,15000
1787310186529,49990,0,0,375,15000
1787310186629,49990,0,0,375,15000
1787310186729,49990,0,0,375,15000
1787310186829,49990,0,0,375,15000
1787310186929,49990,0,0,375,15000
1787310187029,49990,0,0,375,15000
1787310187129,49990,0,0,375,15000
1787310187229,49990,0,0,375,15000
1787310187329,49990,0,0,375,15000
1787310187429,49990,0,0,375,15000
1787310187530,49990,0,0,375,15000
1787310187629,49990,0,0,375,15000
1787310187729,49990,0,0,375,15000
1787310187829,49990,0,0,375,15000
1787310187929,49990,0,0,375,15000
1787310188030,49990,0,0,375,15000
1787310188129,49990,0,0,375,15000
1787310188230,49990,0,0,375,15000
1787310188329,49990,0,0,375,15000
1787310188429,49990,0,0,375,15000
1787310188529,49990,0,0,375,15000
1787310188629,49990,0,0,375,15000
1787310188729,49990,0,0,375,15000
1787310188829,49990,0,0,375,15000
1787310188929,49990,0,0,375,15000
1787310189029,49990,0,0,375,15000
1787310189129,49990,0,0,375,15000
1787310189229,49990,0,0,375,15000
1787310189329,49990,0,0,375,15000
1787310189429,49990,0,0,375,15000
1787310189529,49990,0,0,375,15000
1787310189630,49990,0,0,375,15000
1787310189729,49990,0,0,375,15000
1787310189829,49990,0,0,375,15000
1787310189929,49990,0,0,375,15000
1787310190030,49990,0,0,375,15000
1787310190129,49990,0,0,375,15000
1787310190229,49990,0,0,375,15000
1787310190329,49990,0,0,375,15000
1787310190429,49990,0,0,375,15000
1787310190529,49990,0,0,375,15000
1787310190629,49990,0,0,375,15000
1787310190729,49990,0,0,375,15000
1787310190829,49990,0,0,375,15000
1787310190930,49990,0,0,375,15000
1787310191029,49990,0,0,375,15000
1787310191129,49990,0,0,375,15000
1787310191229,49990,0,0,375,15000
1787310191329,49990,0,0,375,15000
1787310191429,49990,0,0,375,15000
1787310191529,49990,0,0,375,15000
1787310191629,49990,0,0,375,15000
1787310191729,49990,0,0,375,15000
1787310191829,49990,0,0,375,15000
1787310191929,49990,0,0,375,15000
1787310192030,49990,0,0,375,15000
1787310192129,49990,0,0,375,15000
1787310192229,49990,0,0,375,15000
1787310192329,49990,0,0,375,15000
1787310192429,49990,0,0,375,15000
1787310192529,49990,0,0,375,15000
1787310192629,49990,0,0,375,15000
1787310192729,49990,0,0,375,15000
1787310192829,49990,0,0,375,15000
1787310192929,49990,0,0,375,15000
1787310193029,49990,0,0,375,15000
1787310193129,49990,0,0,375,15000
1787310193230,49990,0,0,375,15000
1787310193330,49990,0,0,375,15000
1787310193429,49990,0,0,375,15000
1787310193529,49990,0,0,375,15000
1787310193629,49990,0,0,375,15000
1787310193730,49990,0,0,375,15000
1787310193829,49990,0,0,375,15000
1787310193929,49990,0,0,375,15000
1787310194030,49990,0,0,375,15000
1787310194129,49990,0,0,375,15000
1787310194229,49990,0,0,375,15000
1787310194329,49990,0,0,375,15000
1787310194429,49990,0,0,375,15000
1787310194529,49990,0,0,375,15000
1787310194629,49990,0,0,375,15000
1787310194729,49990,0,0,375,15000
1787310194829,49990,0,0,375,15000
1787310194929,49990,0,0,375,15000
1787310195029,49990,0,0,375,15000
1787310195129,49990,0,0,375,15000
1787310195230,49990,0,0,375,15000
1787310195329,49990,0,0,375,15000
1787310195429,49990,0,0,375,15000
1787310195530,49990,0,0,375,15000
1787310195629,49990,0,0,375,15000
1787310195729,49990,0,0,375,15000
1787310195829,49990,0,0,375,15000
1787310195929,49990,0,0,375,15000
1787310196029,49990,0,0,375,15000
1787310196129,49990,0,0,375,15000
1787310196230,49990,0,0,375,15000
1787310196330,49990,0,0,375,15000
1787310196429,49990,0,0,375,15000
1787310196529,49990,0,0,375,15000
1787310196630,49990,0,0,375,15000
1787310196729,49990,0,0,375,15000
1787310196829,49990,0,0,375,15000
1787310196929,49990,0,0,375,15000
1787310197030,49990,0,0,375,15000
1787310197129,49990,0,0,375,15000
1787310197229,49990,0,0,375,15000
1787310197329,49990,0,0,375,15000
1787310197429,49990,0,0,375,15000
1787310197530,49990,0,0,375,15000
1787310197630,49990,0,0,375,15000
1787310197729,49990,0,0,375,15000
1787310197829,49990,0,0,375,15000
1787310197930,49990,0,0,375,15000
1787310198029,49990,0,0,375,15000
1787310198129,49990,0,0,375,15000
1787310198229,49990,0,0,375,15000
1787310198329,49990,0,0,375,15000
1787310198429,49990,0,0,375,15000
1787310198529,49990,0,0,375,15000
1787310198629,49990,0,0,375,15000
1787310198729,49990,0,0,375,15000
1787310198830,49990,0,0,375,15000
1787310198929,49990,0,0,375,15000
1787310199029,49990,0,0,375,15000
1787310199129,49990,0,0,375,15000
1787310199229,49990,0,0,375,15000
1787310199329,49990,0,0,375,15000
1787310199429,49990,0,0,375,15000
1787310199529,49990,0,0,375,15000
1787310199629,49990,0,0,375,15000
1787310199729,49990,0,0,375,15000
1787310199829,49990,0,0,375,15000
1787310199930,49990,0,0,375,15000
1787310200029,49990,0,0,375,15000
1787310200129,49990,0,0,375,15000
1787310200229,49990,0,0,375,15000
1787310200329,49990,0,0,375,15000
1787310200429,49990,0,0,375,15000
1787310200529,49990,0,0,375,15000
1787310200629,49990,0,0,375,15000
1787310200729,49990,0,0,375,15000
1787310200829,49990,0,0,375,15000
1787310200929,49990,0,0,375,15000
1787310201029,49990,0,0,375,15000
1787310201129,49990,0,0,375,15000
1787310201229,49990,0,0,375,15000
1787310201329,49990,0,0,375,15000
1787310201429,49990,0,0,375,15000
1787310201530,49990,0,0,375,15000
1787310201630,49990,0,0,375,15000
1787310201729,49990,0,0,375,15000
1787310201829,49990,0,0,375,15000
1787310201929,49990,0,0,375,15000
1787310202029,49990,0,0,375,15000
1787310202129,49990,0,0,375,15000
1787310202230,49990,0,0,375,15000
1787310202330,49990,0,0,375,15000
1787310202429,49990,0,0,375,15000
1787310202529,49990,0,0,375,15000
1787310202630,49990,0,0,375,15000
1787310202729,49990,0,0,375,15000
1787310202829,49990,0,0,375,15000
1787310202929,49990,0,0,375,15000
1787310203030,49990,0,0,375,15000
1787310203129,49990,0,0,375,15000
1787310203229,49990,0,0,375,15000
1787310203329,49990,0,0,375,15000
1787310203429,49990,0,0,375,15000
1787310203530,49990,0,0,375,15000
1787310203629,49990,0,0,375,15000
1787310203729,49990,0,0,375,15000
1787310203829,49990,0,0,375,15000
1787310203929,49990,0,0,375,15000
1787310204029,49990,0,0,375,15000
1787310204129,49990,0,0,375,15000
1787310204229,49990,0,0,375,15000
1787310204330,49990,0,0,375,15000
1787310204429,49990,0,0,375,15000
1787310204530,49990,0,0,375,15000
1787310204629,49990,0,0,375,15000
1787310204730,49990,0,0,375,15000
1787310204829,49990,0,0,375,15000
1787310204929,49990,0,0,375,15000
1787310205029,49990,0,0,375,15000
1787310205129,49990,0,0,375,15000
1787310205229,49990,0,0,375,15000
1787310205329,49990,0,0,375,15000
1787310205429,49990,0,0,375,15000
1787310205529,49990,0,0,375,15000
1787310205629,49990,0,0,375,15000
1787310205729,49990,0,0,375,15000
1787310205829,49990,0,0,375,15000
1787310205929,49990,0,0,375,15000
1787310206029,49990,0,0,375,15000
1787310206129,49990,0,0,375,15000
1787310206229,49990,0,0,375,15000
1787310206329,49990,0,0,375,15000
1787310206429,49990,0,0,375,15000
1787310206529,49990,0,0,375,15000
1787310206629,49990,0,0,375,15000
1787310206730,49990,0,0,375,15000
1787310206829,49990,0,0,375,15000
1787310206931,49990,0,0,375,15000
1787310207029,49990,0,0,375,15000
1787310207129,49990,0,0,375,15000
1787310207229,49990,0,0,375,15000
1787310207329,49990,0,0,375,15000
1787310207429,49990,0,0,375,15000
1787310207529,49990,0,0,375,15000
1787310207629,49990,0,0,375,15000
1787310207729,49990,0,0,375,15000
1787310207829,49990,0,0,375,15000
1787310207929,49990,0,0,375,15000
1787310208030,49990,0,0,375,15000
1787310208129,49990,0,0,375,15000
1787310208230,49990,0,0,375,15000
1787310208329,49990,0,0,375,15000
1787310208429,49990,0,0,375,15000
1787310208529,49990,0,0,375,15000
1787310208629,49990,0,0,375,15000
1787310208729,49990,0,0,375,15000
1787310208829,49990,0,0,375,15000
1787310208929,49990,0,0,375,15000
1787310209029,49990,0,0,375,15000
1787310209129,49990,0,0,375,15000
1787310209229,49990,0,0,375,15000
1787310209329,49990,0,0,375,15000
1787310209429,49990,0,0,375,15000
1787310209529,49990,0,0,375,15000
1787310209629,49990,0,0,375,15000
1787310209729,49990,0,0,375,15000
1787310209829,49990,0,0,375,15000
1787310209929,49990,0,0,375,15000
1787310210029,49990,0,0,375,15000
1787310210129,49990,0,0,375,15000
1787310210229,49990,0,0,375,15000
1787310210329,49990,0,0,375,15000
1787310210429,49990,0,0,375,15000
1787310210529,49990,0,0,375,15000
1787310210629,49990,0,0,375,15000
1787310210729,49990,0,0,375,15000
1787310210829,49990,0,0,375,15000
1787310210929,49990,0,0,375,15000
1787310211029,49990,0,0,375,15000
1787310211130,49990,0,0,375,15000
1787310211229,49990,0,0,375,15000
1787310211329,49990,0,0,375,15000
1787310211429,49990,0,0,375,15000
1787310211529,49990,0,0,375,15000
1787310211629,49990,0,0,375,15000
1787310211729,49990,0,0,375,15000
1787310211829,49990,0,0,375,15000
1787310211929,49990,0,0,375,15000
1787310212029,49990,0,0,375,15000
1787310212130,49990,0,0,375,15000
1787310212229,49990,0,0,375,15000
1787310212330,49990,0,0,375,15000
1787310212429,49990,0,0,375,15000
1787310212530,49990,0,0,375,15000
1787310212629,49990,0,0,375,15000
1787310212729,49990,0,0,375,15000
1787310212829,49990,0,0,375,15000
1787310212929,49990,0,0,375,15000
1787310213030,49990,0,0,375,15000
1787310213129,49990,0,0,375,15000
1787310213230,49990,0,0,375,15000
1787310213329,49990,0,0,375,15000
1787310213429,49990,0,0,375,15000
1787310213529,49990,0,0,375,15000
1787310213629,49990,0,0,375,15000
1787310213729,49990,0,0,375,15000
1787310213830,49990,0,0,375,15000
1787310213930,49990,0,0,375,15000
1787310214029,49990,0,0,375,15000
1787310214130,49990,0,0,375,15000
1787310214229,49990,0,0,375,15000
1787310214329,49990,0,0,375,15000
1787310214429,49990,0,0,375,15000
1787310214529,49990,0,0,375,15000
1787310214629,49990,0,0,375,15000
1787310214729,49990,0,0,375,15000
1787310214829,49990,0,0,375,15000
1787310214929,49990,0,0,375,15000
1787310215030,49990,0,0,375,15000
1787310215129,49990,0,0,375,15000
1787310215229,49990,0,0,375,15000
1787310215329,49990,0,0,375,15000
1787310215429,49990,0,0,375,15000
1787310215529,49990,0,0,375,15000
1787310215630,49990,0,0,375,15000
1787310215729,49990,0,0,375,15000
1787310215829,49990,0,0,375,15000
1787310215929,49990,0,0,375,15000
1787310216029,49990,0,0,375,15000
1787310216129,49990,0,0,375,15000
1787310216229,49990,0,0,375,15000
1787310216330,49990,0,0,375,15000
1787310216429,49990,0,0,375,15000
1787310216530,49990,0,0,375,15000
1787310216629,49990,0,0,375,15000
1787310216729,49990,0,0,375,15000
1787310216829,49990,0,0,375,15000
1787310216929,49990,0,0,375,15000
1787310217029,49990,0,0,375,15000
1787310217129,49990,0,0,375,15000
1787310217229,49990,0,0,375,15000
1787310217329,49990,0,0,375,15000
1787310217429,49990,0,0,375,15000
1787310217530,49990,0,0,375,15000
1787310217629,49990,0,0,375,15000
1787310217729,49990,0,0,375,15000
1787310217830,49990,0,0,375,15000
1787310217929,49990,0,0,375,15000
1787310218029,49990,0,0,375,15000
1787310218129,49990,0,0,375,15000
1787310218229,49990,0,0,375,15000
1787310218329,49990,0,0,375,15000
1787310218429,49990,0,0,375,15000
1787310218529,49990,0,0,375,15000
1787310218629,49990,0,0,375,15000
1787310218730,49990,0,0,375,15000
1787310218829,49990,0,0,375,15000
1787310218929,49990,0,0,375,15000
1787310219030,49990,0,0,375,15000
1787310219129,49990,0,0,375,15000
1787310219229,49990,0,0,375,15000
1787310219329,49990,0,0,375,15000
1787310219429,49990,0,0,375,15000
1787310219529,49990,0,0,375,15000
1787310219629,49990,0,0,375,15000
1787310219729,49990,0,0,375,15000
1787310219829,49990,0,0,375,15000
1787310219929,49990,0,0,375,15000
1787310220029,49990,0,0,375,15000
1787310220129,49990,0,0,375,15000
1787310220229,49990,0,0,375,15000
1787310220329,49990,0,0,375,15000
1787310220429,49990,0,0,375,15000
1787310220529,49990,0,0,375,15000
1787310220629,49990,0,0,375,15000
1787310220729,49990,0,0,375,15000
1787310220829,49990,0,0,375,15000
1787310220929,49990,0,0,375,15000
1787310221029,49990,0,0,375,15000
1787310221129,49990,0,0,375,15000
1787310221229,49990,0,0,375,15000
1787310221329,49990,0,0,375,15000
1787310221429,49990,0,0,375,15000
1787310221529,49990,0,0,375,15000
1787310221629,49990,0,0,375,15000
1787310221730,49990,0,0,375,15000
1787310221829,49990,0,0,375,15000
1787310221929,49990,0,0,375,15000
1787310222029,49990,0,0,375,15000
1787310222129,49990,0,0,375,15000
1787310222229,49990,0,0,375,15000
1787310222329,49990,0,0,375,15000
1787310222429,49990,0,0,375,15000
1787310222529,49990,0,0,375,15000
1787310222629,49990,0,0,375,15000
1787310222729,49990,0,0,375,15000
1787310222829,49990,0,0,375,15000
1787310222929,49990,0,0,375,15000
1787310223029,49990,0,0,375,15000
1787310223129,49990,0,0,375,15000
1787310223229,49990,0,0,375,15000
1787310223329,49990,0,0,375,15000
1787310223429,49990,0,0,375,15000
1787310223529,49990,0,0,375,15000
1787310223629,49990,0,0,375,15000
1787310223729,49990,0,0,375,15000
1787310223829,49990,0,0,375,15000
1787310223929,49990,0,0,375,15000
1787310224029,49990,0,0,375,15000
1787310224130,49990,0,0,375,15000
1787310224229,49990,0,0,375,15000
1787310224329,49990,0,0,375,15000
1787310224429,49990,0,0,375,15000
1787310224529,49990,0,0,375,15000
1787310224629,49990,0,0,375,15000
1787310224729,49990,0,0,375,15000
1787310224829,49990,0,0,375,15000
1787310224929,49990,0,0,375,15000
1787310225029,49990,0,0,375,15000
1787310225129,49990,0,0,375,15000
1787310225229,49990,0,0,375,15000
1787310225329,49990,0,0,375,15000
1787310225429,49990,0,0,375,15000
1787310225529,49990,0,0,375,15000
1787310225629,49990,0,0,375,15000
1787310225729,49990,0,0,375,15000
1787310225829,49990,0,0,375,15000
1787310225929,49990,0,0,375,15000
1787310226029,49990,0,0,375,15000
1787310226129,49990,0,0,375,15000
1787310226229,49990,0,0,375,15000
1787310226329,49990,0,0,375,15000
1787310226429,49990,0,0,375,15000
1787310226529,49990,0,0,375,15000
1787310226629,49990,0,0,375,15000
1787310226729,49990,0,0,375,15000
1787310226830,49990,0,0,375,15000
1787310226930,49990,0,0,375,15000
1787310227029,49990,0,0,375,15000
1787310227129,49990,0,0,375,15000
1787310227229,49990,0,0,375,15000
1787310227329,49990,0,0,375,15000
1787310227429,49990,0,0,375,15000
1787310227529,49990,0,0,375,15000
1787310227629,49990,0,0,375,15000
1787310227729,49990,0,0,375,15000
1787310227830,49990,0,0,375,15000
1787310227929,49990,0,0,375,15000
1787310228029,49990,0,0,375,15000
1787310228129,49990,0,0,375,15000
1787310228230,49990,0,0,375,15000
1787310228329,49990,0,0,375,15000
1787310228429,49990,0,0,375,15000
1787310228529,49990,0,0,375,15000
1787310228629,49990,0,0,375,15000
1787310228729,49990,0,0,375,15000
1787310228830,49990,0,0,375,15000
1787310228929,49990,0,0,375,15000
1787310229029,49990,0,0,375,15000
1787310229129,49990,0,0,375,15000
1787310229229,49990,0,0,375,15000
1787310229329,49990,0,0,375,15000
1787310229429,49990,0,0,375,15000
1787310229529,49990,0,0,375,15000
1787310229629,49990,0,0,375,15000
1787310229730,49990,0,0,375,15000
1787310229829,49990,0,0,375,15000
1787310229929,49990,0,0,375,15000
1787310230029,49990,0,0,375,15000
1787310230129,49990,0,0,375,15000
1787310230230,49990,0,0,375,15000
1787310230329,49990,0,0,375,15000
1787310230429,49990,0,0,375,15000
1787310230529,49990,0,0,375,15000
1787310230629,49990,0,0,375,15000
1787310230729,49990,0,0,375,15000
1787310230829,49990,0,0,375,15000
1787310230929,49990,0,0,375,15000
1787310231029,49990,0,0,375,15000
1787310231129,49990,0,0,375,15000
1787310231229,49990,0,0,375,15000
1787310231329,49990,0,0,375,15000
1787310231429,49990,0,0,375,15000
1787310231530,49990,0,0,375,15000
1787310231629,49990,0,0,375,15000
1787310231730,49990,0,0,375,15000
1787310231829,49990,0,0,375,15000
1787310231929,49990,0,0,375,15000
1787310232029,49990,0,0,375,15000
1787310232129,49990,0,0,375,15000
1787310232229,49990,0,0,375,15000
1787310232330,49990,0,0,375,15000
1787310232429,49990,0,0,375,15000
1787310232529,49990,0,0,375,15000
1787310232629,49990,0,0,375,15000
1787310232729,49990,0,0,375,15000
1787310232830,49990,0,0,375,15000
1787310232929,49990,0,0,375,15000
1787310233029,49990,0,0,375,15000
1787310233129,49990,0,0,375,15000
1787310233230,49990,0,0,375,15000
1787310233329,49990,0,0,375,15000
1787310233429,49990,0,0,375,15000
1787310233530,49990,0,0,375,15000
1787310233630,49990,0,0,375,15000
1787310233730,49990,0,0,375,15000
1787310233829,49990,0,0,375,15000
1787310233929,49990,0,0,375,15000
1787310234029,49990,0,0,375,15000
1787310234129,49990,0,0,375,15000
1787310234229,49990,0,0,375,15000
1787310234329,49990,0,0,375,15000
1787310234429,49990,0,0,375,15000
1787310234529,49990,0,0,375,15000
1787310234629,49990,0,0,375,15000
1787310234729,49990,0,0,375,15000
1787310234829,49990,0,0,375,15000
1787310234929,49990,0,0,375,15000
1787310235029,49990,0,0,375,15000
1787310235129,49990,0,0,375,15000
1787310235229,49990,0,0,375,15000
1787310235329,49990,0,0,375,15000
1787310235429,49990,0,0,375,15000
1787310235529,49990,0,0,375,15000
1787310235629,49990,0,0,375,15000
1787310235729,49990,0,0,375,15000
1787310235829,49990,0,0,375,15000
1787310235930,49990,0,0,375,15000
1787310236029,49990,0,0,375,15000
1787310236129,49990,0,0,375,15000
1787310236229,49990,0,0,375,15000
1787310236329,49990,0,0,375,15000
1787310236429,49990,0,0,375,15000
1787310236529,49990,0,0,375,15000
1787310236629,49990,0,0,375,15000
1787310236729,49990,0,0,375,15000
1787310236829,49990,0,0,375,15000
1787310236929,49990,0,0,375,15000
1787310237029,49990,0,0,375,15000
1787310237129,49990,0,0,375,15000
1787310237230,49990,0,0,375,15000
1787310237329,49990,0,0,375,15000
1787310237429,49990,0,0,375,15000
1787310237529,49990,0,0,375,15000
1787310237629,49990,0,0,375,15000
1787310237729,49990,0,0,375,15000
1787310237829,49990,0,0,375,15000
1787310237929,49990,0,0,375,15000
1787310238029,49990,0,0,375,15000
1787310238129,49990,0,0,375,15000
1787310238229,49990,0,0,375,15000
1787310238329,49990,0,0,375,15000
1787310238429,49990,0,0,375,15000
1787310238529,49990,0,0,375,15000
1787310238629,49990,0,0,375,15000
1787310238729,49990,0,0,375,15000
1787310238829,49990,0,0,375,15000
1787310238930,49990,0,0,375,15000
1787310239029,49990,0,0,375,15000
1787310239129,49990,0,0,375,15000
1787310239229,49990,0,0,375,15000
1787310239329,49990,0,0,375,15000
1787310239429,49990,0,0,375,15000
1787310239529,49990,0,0,375,15000
1787310239629,49990,0,0,375,15000
1787310239729,49990,0,0,375,15000
1787310239829,49990,0,0,375,15000
1787310239929,49990,0,0,375,15000
1787310240029,49990,0,0,375,15000
1787310240129,49990,0,0,375,15000
1787310240229,49990,0,0,375,15000
1787310240330,49990,0,0,375,15000
1787310240429,49990,0,0,375,15000
1787310240529,49990,0,0,375,15000
1787310240629,49990,0,0,375,15000
1787310240729,49990,0,0,375,15000
1787310240829,49990,0,0,375,15000
1787310240929,49990,0,0,375,15000
1787310241029,49990,0,0,375,15000
1787310241129,49990,0,0,375,15000
1787310241229,49990,0,0,375,15000
1787310241329,49990,0,0,375,15000
1787310241429,49990,0,0,375,15000
1787310241529,49990,0,0,375,15000
1787310241629,49990,0,0,375,15000
1787310241729,49990,0,0,375,15000
1787310241829,49990,0,0,375,15000
1787310241929,49990,0,0,375,15000
1787310242029,49990,0,0,375,15000
1787310242130,49990,0,0,375,15000
1787310242229,49990,0,0,375,15000
1787310242329,49990,0,0,375,15000
1787310242429,49990,0,0,375,15000
1787310242529,49990,0,0,375,15000
1787310242629,49990,0,0,375,15000
1787310242729,49990,0,0,375,15000
1787310242829,49990,0,0,375,15000
1787310242929,49990,0,0,375,15000
1787310243030,49990,0,0,375,15000
1787310243130,49990,0,0,375,15000
1787310243229,49990,0,0,375,15000
1787310243329,49990,0,0,375,15000
1787310243429,49990,0,0,375,15000
1787310243529,49990,0,0,375,15000
1787310243629,49990,0,0,375,15000
1787310243729,49990,0,0,375,15000
1787310243829,49990,0,0,375,15000
1787310243929,49990,0,0,375,15000
1787310244029,49990,0,0,375,15000
1787310244129,49990,0,0,375,15000
1787310244229,49990,0,0,375,15000
1787310244329,49990,0,0,375,15000
1787310244429,49990,0,0,375,15000
1787310244529,49990,0,0,375,15000
1787310244629,49990,0,0,375,15000
1787310244729,49990,0,0,375,15000
1787310244829,49990,0,0,375,15000
1787310244929,49990,0,0,375,15000
1787310245029,49990,0,0,375,15000
1787310245129,49990,0,0,375,15000
1787310245229,49990,0,0,375,15000
1787310245329,49990,0,0,375,15000
1787310245429,49990,0,0,375,15000
1787310245529,49990,0,0,375,15000
1787310245630,49990,0,0,375,15000
1787310245729,49990,0,0,375,15000
1787310245829,49990,0,0,375,15000
1787310245929,49990,0,0,375,15000
1787310246029,49990,0,0,375,15000
1787310246129,49990,0,0,375,15000
1787310246229,49990,0,0,375,15000
1787310246330,49990,0,0,375,15000
1787310246429,49990,0,0,375,15000
1787310246529,49990,0,0,375,15000
1787310246629,49990,0,0,375,15000
1787310246729,49990,0,0,375,15000
1787310246830,49990,0,0,375,15000
1787310246929,49990,0,0,375,15000
1787310247029,49990,0,0,375,15000
1787310247129,49990,0,0,375,15000
1787310247229,49990,0,0,375,15000
1787310247329,49990,0,0,375,15000
1787310247429,49990,0,0,375,15000
1787310247529,49990,0,0,375,15000
1787310247629,49990,0,0,375,15000
1787310247729,49990,0,0,375,15000
1787310247829,49990,0,0,375,15000
1787310247929,49990,0,0,375,15000
1787310248029,49990,0,0,375,15000
1787310248129,49990,0,0,375,15000
1787310248229,49990,0,0,375,15000
1787310248329,49990,0,0,375,15000
1787310248429,49990,0,0,375,15000
1787310248529,49990,0,0,375,15000
1787310248629,49990,0,0,375,15000
1787310248729,49990,0,0,375,15000
1787310248829,49990,0,0,375,15000
1787310248929,49990,0,0,375,15000
1787310249029,49990,0,0,375,15000
1787310249129,49990,0,0,375,15000
1787310249229,49990,0,0,375,15000
1787310249329,49990,0,0,375,15000
1787310249429,49990,0,0,375,15000
1787310249529,49990,0,0,375,15000
1787310249629,49990,0,0,375,15000
1787310249730,49990,0,0,375,15000
1787310249829,49990,0,0,375,15000
1787310249929,49990,0,0,375,15000
1787310250029,49990,0,0,375,15000
1787310250129,49990,0,0,375,15000
1787310250229,49990,0,0,375,15000
1787310250329,49990,0,0,375,15000
1787310250429,49990,0,0,375,15000
1787310250529,49990,0,0,375,15000
1787310250630,49990,0,0,375,15000
1787310250729,49990,0,0,375,15000
1787310250829,49990,0,0,375,15000
1787310250929,49990,0,0,375,15000
1787310251029,49990,0,0,375,15000
1787310251130,49990,0,0,375,15000
1787310251229,49990,0,0,375,15000
1787310251329,49990,0,0,375,15000
1787310251429,49990,0,0,375,15000
1787310251529,49990,0,0,375,15000
1787310251630,49990,0,0,375,15000
1787310251730,49990,0,0,375,15000
1787310251829,49990,0,0,375,15000
1787310251930,49990,0,0,375,15000
1787310252029,49990,0,0,375,15000
1787310252129,49990,0,0,375,15000
1787310252229,49990,0,0,375,15000
1787310252329,49990,0,0,375,15000
1787310252429,49990,0,0,375,15000
1787310252529,49990,0,0,375,15000
1787310252629,49990,0,0,375,15000
1787310252729,49990,0,0,375,15000
1787310252829,49990,0,0,375,15000
1787310252929,49990,0,0,375,15000
1787310253029,49990,0,0,375,15000
1787310253129,49990,0,0,375,15000
1787310253229,49990,0,0,375,15000
1787310253329,49990,0,0,375,15000
1787310253429,49990,0,0,375,15000
1787310253529,49990,0,0,375,15000
1787310253630,49990,0,0,375,15000
1787310253729,49990,0,0,375,15000
1787310253830,49990,0,0,375,15000
1787310253929,49990,0,0,375,15000
1787310254029,49990,0,0,375,15000
1787310254130,49990,0,0,375,15000
1787310254230,49990,0,0,375,15000
1787310254329,49990,0,0,375,15000
1787310254429,49990,0,0,375,15000
1787310254529,49990,0,0,375,15000
1787310254629,49990,0,0,375,15000
1787310254729,49990,0,0,375,15000
1787310254829,49990,0,0,375,15000
1787310254929,49990,0,0,375,15000
1787310255029,49990,0,0,375,15000
1787310255129,49990,0,0,375,15000
1787310255229,49990,0,0,375,15000
1787310255330,49990,0,0,375,15000
1787310255430,49990,0,0,375,15000
1787310255530,49990,0,0,375,15000
1787310255630,49990,0,0,375,15000
1787310255729,49990,0,0,375,15000
1787310255829,49990,0,0,375,15000
1787310255929,49990,0,0,375,15000
1787310256029,49990,0,0,375,15000
1787310256129,49990,0,0,375,15000
1787310256229,49990,0,0,375,15000
1787310256329,49990,0,0,375,15000
1787310256429,49990,0,0,375,15000
1787310256529,49990,0,0,375,15000
1787310256629,49990,0,0,375,15000
1787310256730,49990,0,0,375,15000
1787310256829,49990,0,0,375,15000
1787310256929,49990,0,0,375,15000
1787310257029,49990,0,0,375,15000
1787310257129,49990,0,0,375,15000
1787310257229,49990,0,0,375,15000
1787310257329,49990,0,0,375,15000
1787310257429,49990,0,0,375,15000
1787310257529,49990,0,0,375,15000
1787310257629,49990,0,0,375,15000
1787310257729,49990,0,0,375,15000
1787310257829,49990,0,0,375,15000
1787310257929,49990,0,0,375,15000
1787310258029,49990,0,0,375,15000
1787310258129,49990,0,0,375,15000
1787310258229,49990,0,0,375,15000
1787310258329,49990,0,0,375,15000
1787310258429,49990,0,0,375,15000
1787310258529,49990,0,0,375,15000
1787310258629,49990,0,0,375,15000
1787310258730,49990,0,0,375,15000
1787310258830,49990,0,0,375,15000
1787310258929,49990,0,0,375,15000
1787310259029,49990,0,0,375,15000
1787310259129,49990,0,0,375,15000
1787310259229,49990,0,0,375,15000
1787310259329,49990,0,0,375,15000
1787310259429,49990,0,0,375,15000
1787310259530,49990,0,0,375,15000
1787310259629,49990,0,0,375,15000
1787310259729,49990,0,0,375,15000
1787310259829,49990,0,0,375,15000
1787310259929,49990,0,0,375,15000
1787310260030,49990,0,0,375,15000
1787310260129,49990,0,0,375,15000
1787310260229,49990,0,0,375,15000
1787310260329,49990,0,0,375,15000
1787310260429,49990,0,0,375,15000
1787310260529,49990,0,0,375,15000
1787310260629,49990,0,0,375,15000
1787310260729,49990,0,0,375,15000
1787310260829,49990,0,0,375,15000
1787310260929,49990,0,0,375,15000
1787310261029,49990,0,0,375,15000
1787310261129,49990,0,0,375,15000
1787310261229,49990,0,0,375,15000
1787310261329,49990,0,0,375,15000
1787310261429,49990,0,0,375,15000
1787310261530,49990,0,0,375,15000
1787310261629,49990,0,0,375,15000
1787310261729,49990,0,0,375,15000
1787310261829,49990,0,0,375,15000
1787310261929,49990,0,0,375,15000
1787310262029,49990,0,0,375,15000
1787310262129,49990,0,0,375,15000
1787310262229,49990,0,0,375,15000
1787310262329,49990,0,0,375,15000
1787310262429,49990,0,0,375,15000
1787310262529,49990,0,0,375,15000
1787310262629,49990,0,0,375,15000
1787310262729,49990,0,0,375,15000
1787310262829,49990,0,0,375,15000
1787310262929,49990,0,0,375,15000
1787310263030,49990,0,0,375,15000
1787310263129,49990,0,0,375,15000
1787310263229,49990,0,0,375,15000
1787310263329,49990,0,0,375,15000
1787310263429,49990,0,0,375,15000
1787310263529,49990,0,0,375,15000
1787310263629,49990,0,0,375,15000
1787310263729,49990,0,0,375,15000
1787310263829,49990,0,0,375,15000
1787310263929,49990,0,0,375,15000
1787310264029,49990,0,0,375,15000
1787310264130,49990,0,0,375,15000
1787310264229,49990,0,0,375,15000
1787310264329,49990,0,0,375,15000
1787310264429,49990,0,0,375,15000
1787310264529,49990,0,0,375,15000
1787310264630,49990,0,0,375,15000
1787310264729,49990,0,0,375,15000
1787310264829,49990,0,0,375,15000
1787310264929,49990,0,0,375,15000
1787310265029,49990,0,0,375,15000
1787310265129,49990,0,0,375,15000
1787310265230,49990,0,0,375,15000
1787310265329,49990,0,0,375,15000
1787310265429,49990,0,0,375,15000
1787310265529,49990,0,0,375,15000
1787310265629,49990,0,0,375,15000
1787310265729,49990,0,0,375,15000
1787310265829,49990,0,0,375,15000
1787310265929,49990,0,0,375,15000
1787310266029,49990,0,0,375,15000
1787310266129,49990,0,0,375,15000
1787310266230,49990,0,0,375,15000
1787310266330,49990,0,0,375,15000
1787310266429,49990,0,0,375,15000
1787310266529,49990,0,0,375,15000
1787310266629,49990,0,0,375,15000
1787310266729,49990,0,0,375,15000
1787310266829,50000,0,0,375,15000
1787310266929,50000,0,0,375,15000
1787310267029,50000,0,0,375,15000
1787310267129,50000,0,0,375,15000
1787310267229,50000,0,0,375,15000
1787310267329,50000,0,0,375,15000
1787310267429,50000,0,0,375,15000
1787310267530,50000,0,0,375,15000
1787310267629,50000,0,0,375,15000
1787310267729,50000,0,0,375,15000
1787310267829,50000,0,0,375,15000
1787310267929,50000,0,0,375,15000
1787310268030,50000,0,0,375,15000
1787310268129,50000,0,0,375,15000
1787310268229,50000,0,0,375,15000
1787310268329,50000,0,0,375,15000
1787310268429,50000,0,0,375,15000
1787310268529,50000,0,0,375,15000
1787310268629,50000,0,0,375,15000
1787310268730,50000,0,0,375,15000
1787310268829,50000,0,0,375,15000
1787310268929,50000,0,0,375,15000
1787310269029,50000,0,0,375,15000
1787310269129,50000,0,0,375,15000
1787310269229,50000,0,0,375,15000
1787310269329,50000,0,0,375,15000
1787310269429,50000,0,0,375,15000
1787310269529,50000,0,0,375,15000
1787310269629,50000,0,0,375,15000
1787310269729,50000,0,0,375,15000
1787310269829,50000,0,0,375,15000
1787310269929,50000,0,0,375,15000
1787310270029,50000,0,0,375,15000
1787310270129,50000,0,0,375,15000
1787310270229,50000,0,0,375,15000
1787310270329,50000,0,0,375,15000
1787310270429,50000,0,0,375,15000
1787310270529,50000,0,0,375,15000
1787310270630,50000,0,0,375,15000
1787310270729,50000,0,0,375,15000
1787310270830,50000,0,0,375,15000
1787310270929,50000,0,0,375,15000
1787310271029,50000,0,0,375,15000
1787310271129,50000,0,0,375,15000
1787310271229,50000,0,0,375,15000
1787310271329,50000,0,0,375,15000
1787310271429,50000,0,0,375,15000
1787310271529,50000,0,0,375,15000
1787310271630,50000,0,0,375,15000
1787310271729,50000,0,0,375,15000
1787310271829,50000,0,0,375,15000
1787310271929,50000,0,0,375,15000
1787310272029,50000,0,0,375,15000
1787310272129,50000,0,0,375,15000
1787310272229,50000,0,0,375,15000
1787310272329,50000,0,0,375,15000
1787310272429,50000,0,0,375,15000
1787310272529,50000,0,0,375,15000
1787310272629,50000,0,0,375,15000
1787310272730,50000,0,0,375,15000
1787310272830,50000,0,0,375,15000
1787310272929,50000,0,0,375,15000
1787310273029,50000,0,0,375,15000
1787310273129,50000,0,0,375,15000
1787310273229,50000,0,0,375,15000
1787310273329,50000,0,0,375,15000
1787310273429,50000,0,0,375,15000
1787310273529,50000,0,0,375,15000
1787310273629,50000,0,0,375,15000
1787310273729,50000,0,0,375,15000
1787310273829,50000,0,0,375,15000
1787310273929,50000,0,0,375,15000
1787310274029,50000,0,0,375,15000
1787310274129,50000,0,0,375,15000
1787310274229,50000,0,0,375,15000
1787310274329,50000,0,0,375,15000
1787310274430,50000,0,0,375,15000
1787310274529,50000,0,0,375,15000
1787310274629,50000,0,0,375,15000
1787310274729,50000,0,0,375,15000
1787310274830,50000,0,0,375,15000
1787310274930,50000,0,0,375,15000
1787310275030,50000,0,0,375,15000
1787310275130,50000,0,0,375,15000
1787310275229,50000,0,0,375,15000
1787310275329,50000,0,0,375,15000
1787310275429,50000,0,0,375,15000
1787310275530,50000,0,0,375,15000
1787310275629,50000,0,0,375,15000
1787310275729,50000,0,0,375,15000
1787310275829,50000,0,0,375,15000
1787310275929,50000,0,0,375,15000
1787310276029,50000,0,0,375,15000
1787310276129,50000,0,0,375,15000
1787310276229,50000,0,0,375,15000
1787310276329,50000,0,0,375,15000
1787310276429,50000,0,0,375,15000
1787310276529,50000,0,0,375,15000
1787310276629,50000,0,0,375,15000
1787310276729,50000,0,0,375,15000
1787310276830,50000,0,0,375,15000
1787310276929,50000,0,0,375,15000
1787310277029,50000,0,0,375,15000
1787310277129,50000,0,0,375,15000
1787310277229,50000,0,0,375,15000
1787310277330,50000,0,0,375,15000
1787310277429,50000,0,0,375,15000
1787310277529,50000,0,0,375,15000
1787310277629,50000,0,0,375,15000
1787310277729,50000,0,0,375,15000
1787310277829,50000,0,0,375,15000
1787310277929,50000,0,0,375,15000
1787310278029,50000,0,0,375,15000
1787310278129,50000,0,0,375,15000
1787310278230,50000,0,0,375,15000
1787310278329,50000,0,0,375,15000
1787310278429,50000,0,0,375,15000
1787310278530,50000,0,0,375,15000
1787310278629,50000,0,0,375,15000
1787310278729,50000,0,0,375,15000
1787310278830,50000,0,0,375,15000
1787310278929,50000,0,0,375,15000
1787310279029,50000,0,0,375,15000
1787310279129,50000,0,0,375,15000
1787310279229,50000,0,0,375,15000
1787310279329,50000,0,0,375,15000
1787310279429,50000,0,0,375,15000
1787310279529,50000,0,0,375,15000
1787310279630,50000,0,0,375,15000
1787310279729,50000,0,0,375,15000
1787310279829,50000,0,0,375,15000
1787310279929,50000,0,0,375,15000
1787310280029,50000,0,0,375,15000
1787310280129,50000,0,0,375,15000
1787310280229,50000,0,0,375,15000
1787310280329,50000,0,0,375,15000
1787310280429,50000,0,0,375,15000
1787310280529,50000,0,0,375,15000
1787310280629,50000,0,0,375,15000
1787310280729,50000,0,0,375,15000
1787310280829,50000,0,0,375,15000
1787310280929,50000,0,0,375,15000
1787310281030,50000,0,0,375,15000
1787310281129,50000,0,0,375,15000
1787310281230,50000,0,0,375,15000
1787310281329,50000,0,0,375,15000
1787310281429,50000,0,0,375,15000
1787310281530,50000,0,0,375,15000
1787310281629,50000,0,0,375,15000
1787310281729,50000,0,0,375,15000
1787310281829,50000,0,0,375,15000
1787310281930,50000,0,0,375,15000
1787310282029,50000,0,0,375,15000
1787310282129,50000,0,0,375,15000
1787310282229,50000,0,0,375,15000
1787310282329,50000,0,0,375,15000
1787310282429,50000,0,0,375,15000
1787310282529,50000,0,0,375,15000
1787310282629,50000,0,0,375,15000
1787310282729,50000,0,0,375,15000
1787310282829,50000,0,0,375,15000
1787310282929,50000,0,0,375,15000
1787310283029,50000,0,0,375,15000
1787310283130,50000,0,0,375,15000
1787310283229,50000,0,0,375,15000
1787310283329,50000,0,0,375,15000
1787310283429,50000,0,0,375,15000
1787310283529,50000,0,0,375,15000
1787310283629,50000,0,0,375,15000
1787310283729,50000,0,0,375,15000
1787310283829,50000,0,0,375,15000
1787310283930,50000,0,0,375,15000
1787310284029,50000,0,0,375,15000
1787310284129,50000,0,0,375,15000
1787310284229,50000,0,0,375,15000
1787310284329,50000,0,0,375,15000
1787310284429,50000,0,0,375,15000
1787310284529,50000,0,0,375,15000
1787310284629,50000,0,0,375,15000
1787310284729,50000,0,0,375,15000
1787310284829,50000,0,0,375,15000
1787310284929,50000,0,0,375,15000
1787310285029,50000,0,0,375,15000
1787310285129,50000,0,0,375,15000
1787310285230,50000,0,0,375,15000
1787310285329,50000,0,0,375,15000
1787310285429,50000,0,0,375,15000
1787310285529,50000,0,0,375,15000
1787310285630,50000,0,0,375,15000
1787310285729,50000,0,0,375,15000
1787310285829,50000,0,0,375,15000
1787310285929,50000,0,0,375,15000
1787310286029,50000,0,0,375,15000
1787310286130,50000,0,0,375,15000
1787310286230,50000,0,0,375,15000
1787310286329,50000,0,0,375,15000
1787310286429,50000,0,0,375,15000
1787310286529,50000,0,0,375,15000
1787310286629,50000,0,0,375,15000
1787310286730,50000,0,0,375,15000
1787310286829,50000,0,0,375,15000
1787310286929,50000,0,0,375,15000
1787310287030,50000,0,0,375,15000
1787310287129,50000,0,0,375,15000
1787310287229,50000,0,0,375,15000
1787310287329,50000,0,0,375,15000
1787310287429,50000,0,0,375,15000
1787310287529,50000,0,0,375,15000
1787310287629,50000,0,0,375,15000
1787310287729,50000,0,0,375,15000
1787310287830,50000,0,0,375,15000
1787310287929,50000,0,0,375,15000
1787310288029,50000,0,0,375,15000
1787310288129,50000,0,0,375,15000
1787310288229,50000,0,0,375,15000
1787310288329,50000,0,0,375,15000
1787310288429,50000,0,0,375,15000
1787310288529,50000,0,0,375,15000
1787310288629,50000,0,0,375,15000
1787310288729,50000,0,0,375,15000
1787310288829,50000,0,0,375,15000
1787310288930,50000,0,0,375,15000
1787310289029,50000,0,0,375,15000
1787310289129,50000,0,0,375,15000
1787310289229,50000,0,0,375,15000
1787310289329,50000,0,0,375,15000
1787310289429,50000,0,0,375,15000
1787310289529,50000,0,0,375,15000
1787310289630,50000,0,0,375,15000
1787310289729,50000,0,0,375,15000
1787310289829,50000,0,0,375,15000
1787310289929,50000,0,0,375,15000
1787310290029,50000,0,0,375,15000
1787310290129,50000,0,0,375,15000
1787310290229,50000,0,0,375,15000
1787310290329,50000,0,0,375,15000
1787310290429,50000,0,0,375,15000
1787310290529,50000,0,0,375,15000
1787310290630,50000,0,0,375,15000
1787310290729,50000,0,0,375,15000
1787310290829,50000,0,0,375,15000
1787310290929,50000,0,0,375,15000
1787310291029,50000,0,0,375,15000
1787310291129,50000,0,0,375,15000
1787310291229,50000,0,0,375,15000
1787310291329,50000,0,0,375,15000
1787310291430,50000,0,0,375,15000
1787310291529,50000,0,0,375,15000
1787310291629,50000,0,0,375,15000
1787310291729,50000,0,0,375,15000
1787310291829,50000,0,0,375,15000
1787310291929,50000,0,0,375,15000
1787310292030,50000,0,0,375,15000
1787310292129,50000,0,0,375,15000
1787310292229,50000,0,0,375,15000
1787310292330,50000,0,0,375,15000
1787310292429,50000,0,0,375,15000
1787310292529,50000,0,0,375,15000
1787310292629,50000,0,0,375,15000
1787310292729,50000,0,0,375,15000
1787310292830,50000,0,0,375,15000
1787310292929,50000,0,0,375,15000
1787310293029,50000,0,0,375,15000
1787310293129,50000,0,0,375,15000
1787310293229,50000,0,0,375,15000
1787310293329,50000,0,0,375,15000
1787310293429,50000,0,0,375,15000
1787310293529,50000,0,0,375,15000
1787310293630,50000,0,0,375,15000
1787310293730,50000,0,0,375,15000
1787310293829,50000,0,0,375,15000
1787310293929,50000,0,0,375,15000
1787310294029,50000,0,0,375,15000
1787310294130,50000,0,0,375,15000
1787310294230,50000,0,0,375,15000
1787310294329,50000,0,0,375,15000
1787310294429,50000,0,0,375,15000
1787310294529,50000,0,0,375,15000
1787310294629,50000,0,0,375,15000
1787310294729,50000,0,0,375,15000
1787310294829,50000,0,0,375,15000
1787310294929,50000,0,0,375,15000
1787310295029,50000,0,0,375,15000
1787310295129,50000,0,0,375,15000
1787310295230,50000,0,0,375,15000
1787310295329,50000,0,0,375,15000
1787310295429,50000,0,0,375,15000
1787310295529,50000,0,0,375,15000
1787310295629,50000,0,0,375,15000
1787310295729,50000,0,0,375,15000
1787310295830,50000,0,0,375,15000
1787310295930,50000,0,0,375,15000
1787310296029,50000,0,0,375,15000
1787310296129,50000,0,0,375,15000
1787310296229,50000,0,0,375,15000
1787310296329,50000,0,0,375,15000
1787310296430,50000,0,0,375,15000
1787310296529,50000,0,0,375,15000
1787310296629,50000,0,0,375,15000
1787310296729,50000,0,0,375,15000
1787310296830,50030,-1578,0,375,15000
1787310296929,50030,-1578,0,375,15000
1787310297030,50030,-1578,0,375,15000
1787310297129,50030,-1578,0,375,15000
1787310297230,50030,-1578,0,375,15000
1787310297329,50030,-1578,0,375,15000
1787310297429,50030,-1578,0,375,15000
1787310297529,50030,-1578,0,375,15000
1787310297630,50030,-1578,0,375,15000
1787310297729,50030,-1578,-1500,375,15000
1787310297830,50030,-1578,-1500,375,15000
1787310297929,50030,-1578,-1500,375,15000
1787310298029,50030,-1578,-1500,375,15000
1787310298129,50030,-1578,-1500,375,15000
1787310298229,50030,-1578,-1500,375,15000
1787310298330,50030,-1578,-1600,375,15000
1787310298429,50030,-1578,-1600,375,15000
1787310298529,50030,-1578,-1600,375,15000
1787310298630,50030,-1578,-1600,375,15000
1787310298729,50030,-1578,-1600,375,15000
1787310298829,50030,-1578,-1600,375,15000
1787310298929,50030,-1578,-1600,375,15000
1787310299030,50030,-1578,-1600,375,15000
1787310299130,50030,-1578,-1600,375,15000
1787310299230,50030,-1578,-1600,375,15000
1787310299329,50030,-1578,-1600,375,15000
1787310299429,50030,-1578,-1600,375,15000
1787310299529,50030,-1578,-1600,375,15000
1787310299629,50030,-1578,-1600,375,15000
1787310299729,50030,-1578,-1600,375,15000
1787310299830,50030,-1578,-1600,375,15000
1787310299929,50030,-1578,-1600,375,15000
1787310300029,50030,-1578,-1600,375,15000
1787310300129,50030,-1578,-1600,375,15000
1787310300229,50030,-1578,-1600,375,15000
1787310300329,50030,-1578,-1600,375,15000
1787310300429,50030,-1578,-1600,375,15000
1787310300529,50030,-1578,-1600,375,15000
1787310300629,50030,-1578,-1600,375,15000
1787310300729,50030,-1578,-1600,375,15000
1787310300829,50030,-1578,-1600,375,15000
1787310300929,50030,-1578,-1600,375,15000
1787310301029,50030,-1578,-1600,375,15000
1787310301129,50030,-1578,-1600,375,15000
1787310301229,50030,-1578,-1600,375,15000
1787310301329,50030,-1578,-1600,375,15000
1787310301429,50030,-1578,-1600,375,15000
1787310301529,50030,-1578,-1600,375,15000
1787310301629,50030,-1578,-1600,375,15000
1787310301729,50030,-1578,-1600,375,15000
1787310301829,50030,-1578,-1600,375,15000
1787310301929,50030,-1578,-1600,375,15000
1787310302029,50030,-1578,-1600,375,15000
1787310302129,50030,-1578,-1600,375,15000
1787310302229,50030,-1578,-1600,375,15000
1787310302329,50030,-1578,-1600,375,15000
1787310302429,50030,-1578,-1600,375,15000
1787310302529,50030,-1578,-1600,375,15000
1787310302629,50030,-1578,-1600,375,15000
1787310302729,50030,-1578,-1600,375,15000
1787310302829,50030,-1578,-1600,375,15000
1787310302929,50030,-1578,-1600,375,15000
1787310303029,50030,-1578,-1600,375,15000
1787310303129,50030,-1578,-1600,375,15000
1787310303230,50030,-1578,-1600,375,15000
1787310303330,50030,-1578,-1600,375,15000
1787310303429,50030,-1578,-1600,375,15000
1787310303529,50030,-1578,-1600,375,15000
1787310303629,50030,-1578,-1600,375,15000
1787310303729,50030,-1578,-1600,375,15000
1787310303829,50030,-1578,-1600,375,15000
1787310303929,50030,-1578,-1600,375,15000
1787310304029,50030,-1578,-1600,375,15000
1787310304129,50030,-1578,-1600,375,15000
1787310304229,50030,-1578,-1600,375,15000
1787310304329,50030,-1578,-1600,375,15000
1787310304430,50030,-1578,-1600,375,15000
1787310304529,50030,-1578,-1600,375,15000
1787310304629,50030,-1578,-1600,375,15000
1787310304730,50030,-1578,-1600,375,15000
1787310304829,50030,-1578,-1600,375,15000
1787310304930,50030,-1578,-1600,375,15000
1787310305029,50030,-1578,-1600,375,15000
1787310305130,50030,-1578,-1600,375,15000
1787310305229,50030,-1578,-1600,375,15000
1787310305329,50030,-1578,-1600,375,15000
1787310305430,50030,-1578,-1600,375,15000
1787310305529,50030,-1578,-1600,375,15000
1787310305629,50030,-1578,-1600,375,15000
1787310305730,50030,-1578,-1600,375,15000
1787310305830,50030,-1578,-1600,375,15000
1787310305929,50030,-1578,-1600,375,15000
1787310306030,50030,-1578,-1600,375,15000
1787310306129,50030,-1578,-1600,375,15000
1787310306229,50030,-1578,-1600,375,15000
1787310306329,50030,-1578,-1600,375,15000
1787310306429,50030,-1578,-1600,375,15000
1787310306529,50030,-1578,-1600,375,15000
1787310306630,50030,-1578,-1600,375,15000
1787310306729,50030,-1578,-1600,375,15000
1787310306829,50030,-1578,-1600,375,15000
1787310306929,50030,-1578,-1600,375,15000
1787310307030,50030,-1578,-1600,375,15000
1787310307130,50030,-1578,-1600,375,15000
1787310307229,50030,-1578,-1600,375,15000
1787310307329,50030,-1578,-1600,375,15000
1787310307430,50030,-1578,-1600,375,15000
1787310307529,50030,-1578,-1600,375,15000
1787310307629,50030,-1578,-1600,375,15000
1787310307730,50030,-1578,-1600,375,15000
1787310307829,50030,-1578,-1600,375,15000
1787310307929,50030,-1578,-1600,375,15000
1787310308029,50030,-1578,-1600,375,15000
1787310308129,50030,-1578,-1600,375,15000
1787310308229,50030,-1578,-1600,375,15000
1787310308329,50030,-1578,-1600,375,15000
1787310308429,50030,-1578,-1600,375,15000
1787310308529,50030,-1578,-1600,375,15000
1787310308629,50030,-1578,-1600,375,15000
1787310308729,50030,-1578,-1600,375,15000
1787310308829,50030,-1578,-1600,375,15000
1787310308929,50030,-1578,-1600,375,15000
1787310309029,50030,-1578,-1600,375,15000
1787310309130,50030,-1578,-1600,375,15000
1787310309230,50030,-1578,-1600,375,15000
1787310309329,50030,-1578,-1600,375,15000
1787310309429,50030,-1578,-1600,375,15000
1787310309529,50030,-1578,-1600,375,15000
1787310309630,50030,-1578,-1600,375,15000
1787310309729,50030,-1578,-1600,375,15000
1787310309829,50030,-1578,-1600,375,15000
1787310309929,50030,-1578,-1600,375,15000
1787310310030,50030,-1578,-1600,375,15000
1787310310130,50030,-1578,-1600,375,15000
1787310310230,50030,-1578,-1600,375,15000
1787310310330,50030,-1578,-1600,375,15000
1787310310429,50030,-1578,-1600,375,15000
1787310310529,50030,-1578,-1600,375,15000
1787310310629,50030,-1578,-1600,375,15000
1787310310730,50030,-1578,-1600,375,15000
1787310310829,50030,-1578,-1600,375,15000
1787310310929,50030,-1578,-1600,375,15000
1787310311029,50030,-1578,-1600,375,15000
1787310311129,50030,-1578,-1600,375,15000
1787310311229,50030,-1578,-1600,375,15000
1787310311329,50030,-1578,-1600,375,15000
1787310311429,50030,-1578,-1600,375,15000
1787310311529,50030,-1578,-1600,375,15000
1787310311629,50030,-1578,-1600,375,15000
1787310311729,50030,-1578,-1600,375,15000
1787310311829,50030,-1578,-1600,375,15000
1787310311929,50030,-1578,-1600,375,15000
1787310312029,50030,-1578,-1600,375,15000
1787310312129,50030,-1578,-1600,375,15000
1787310312230,50030,-1578,-1600,375,15000
1787310312329,50030,-1578,-1600,375,15000
1787310312430,50030,-1578,-1600,375,15000
1787310312530,50030,-1578,-1600,375,15000
1787310312629,50030,-1578,-1600,375,15000
1787310312729,50030,-1578,-1600,375,15000
1787310312829,50030,-1578,-1600,375,15000
1787310312929,50030,-1578,-1600,375,15000
1787310313029,50030,-1578,-1600,375,15000
1787310313129,50030,-1578,-1600,375,15000
1787310313229,50030,-1578,-1600,375,15000
1787310313329,50030,-1578,-1600,375,15000
1787310313429,50030,-1578,-1600,375,15000
1787310313529,50030,-1578,-1600,375,15000
1787310313629,50030,-1578,-1600,375,15000
1787310313729,50030,-1578,-1600,375,15000
1787310313830,50030,-1578,-1600,375,15000
1787310313929,50030,-1578,-1600,375,15000
1787310314029,50030,-1578,-1600,375,15000
1787310314129,50030,-1578,-1600,375,15000
1787310314229,50030,-1578,-1600,375,15000
1787310314329,50030,-1578,-1600,375,15000
1787310314429,50030,-1578,-1600,375,15000
1787310314529,50030,-1578,-1600,375,15000
1787310314629,50030,-1578,-1600,375,15000
1787310314729,50030,-1578,-1600,375,15000
1787310314829,50030,-1578,-1600,375,15000
1787310314930,50030,-1578,-1600,375,15000
1787310315029,50030,-1578,-1600,375,15000
1787310315129,50030,-1578,-1600,375,15000
1787310315229,50030,-1578,-1600,375,15000
1787310315329,50030,-1578,-1600,375,15000
1787310315429,50030,-1578,-1600,375,15000
1787310315529,50030,-1578,-1600,375,15000
1787310315629,50030,-1578,-1600,375,15000
1787310315729,50030,-1578,-1600,375,15000
1787310315829,50030,-1578,-1600,375,15000
1787310315929,50030,-1578,-1600,375,15000
1787310316029,50030,-1578,-1600,375,15000
1787310316129,50030,-1578,-1600,375,15000
1787310316229,50030,-1578,-1600,375,15000
1787310316329,50030,-1578,-1600,375,15000
1787310316429,50030,-1578,-1600,375,15000
1787310316529,50030,-1578,-1600,375,15000
1787310316630,50030,-1578,-1600,375,15000
1787310316729,50030,-1578,-1600,375,15000
1787310316829,50030,-1578,-1600,375,15000
1787310316929,50030,-1578,-1600,375,15000
1787310317029,50030,-1578,-1600,375,15000
1787310317129,50030,-1578,-1600,375,15000
1787310317229,50030,-1578,-1600,375,15000
1787310317330,50030,-1578,-1600,375,15000
1787310317429,50030,-1578,-1600,375,15000
1787310317529,50030,-1578,-1600,375,15000
1787310317629,50030,-1578,-1600,375,15000
1787310317730,50030,-1578,-1600,375,15000
1787310317829,50030,-1578,-1600,375,15000
1787310317929,50030,-1578,-1600,375,15000
1787310318029,50030,-1578,-1600,375,15000
1787310318129,50030,-1578,-1600,375,15000
1787310318229,50030,-1578,-1600,375,15000
1787310318329,50030,-1578,-1600,375,15000
1787310318429,50030,-1578,-1600,375,15000
1787310318529,50030,-1578,-1600,375,15000
1787310318629,50030,-1578,-1600,375,15000
1787310318729,50030,-1578,-1600,375,15000
1787310318829,50030,-1578,-1600,375,15000
1787310318929,50030,-1578,-1600,375,15000
1787310319030,50030,-1578,-1600,375,15000
1787310319129,50030,-1578,-1600,375,15000
1787310319229,50030,-1578,-1600,375,15000
1787310319329,50030,-1578,-1600,375,15000
1787310319429,50030,-1578,-1600,375,15000
1787310319530,50030,-1578,-1600,375,15000
1787310319629,50030,-1578,-1600,375,15000
1787310319729,50030,-1578,-1600,375,15000
1787310319830,50030,-1578,-1600,375,15000
1787310319929,50030,-1578,-1600,375,15000
1787310320029,50030,-1578,-1600,375,15000
1787310320129,50030,-1578,-1600,375,15000
1787310320229,50030,-1578,-1600,375,15000
1787310320329,50030,-1578,-1600,375,15000
1787310320429,50030,-1578,-1600,375,15000
1787310320529,50030,-1578,-1600,375,15000
1787310320629,50030,-1578,-1600,375,15000
1787310320729,50030,-1578,-1600,375,15000
1787310320829,50030,-1578,-1600,375,15000
1787310320929,50030,-1578,-1600,375,15000
1787310321030,50030,-1578,-1600,375,15000
1787310321129,50030,-1578,-1600,375,15000
1787310321229,50030,-1578,-1600,375,15000
1787310321329,50030,-1578,-1600,375,15000
1787310321429,50030,-1578,-1600,375,15000
1787310321529,50030,-1578,-1600,375,15000
1787310321629,50030,-1578,-1600,375,15000
1787310321729,50030,-1578,-1600,375,15000
1787310321829,50030,-1578,-1600,375,15000
1787310321929,50030,-1578,-1600,375,15000
1787310322029,50030,-1578,-1600,375,15000
1787310322129,50030,-1578,-1600,375,15000
1787310322229,50030,-1578,-1600,375,15000
1787310322329,50030,-1578,-1600,375,15000
1787310322429,50030,-1578,-1600,375,15000
1787310322529,50030,-1578,-1600,375,15000
1787310322629,50030,-1578,-1600,375,15000
1787310322729,50030,-1578,-1600,375,15000
1787310322829,50030,-1578,-1600,375,15000
1787310322929,50030,-1578,-1600,375,15000
1787310323030,50030,-1578,-1600,375,15000
1787310323129,50030,-1578,-1600,375,15000
1787310323229,50030,-1578,-1600,375,15000
1787310323329,50030,-1578,-1600,375,15000
1787310323429,50030,-1578,-1600,375,15000
1787310323529,50030,-1578,-1600,375,15000
1787310323629,50030,-1578,-1600,375,15000
1787310323729,50030,-1578,-1600,375,15000
1787310323830,50030,-1578,-1600,375,15000
1787310323929,50030,-1578,-1600,375,15000
1787310324029,50030,-1578,-1600,375,15000
1787310324130,50030,-1578,-1500,375,15000
1787310324229,50030,-1578,-1500,375,15000
1787310324329,50030,-1578,-1500,375,15000
1787310324429,50030,-1578,-1500,375,15000
1787310324529,50030,-1578,-1500,375,15000
1787310324629,50030,-1578,-1500,375,15000
1787310324729,50030,-1578,-1600,375,15000
1787310324829,50030,-1578,-1600,375,15000
1787310324929,50030,-1578,-1600,375,15000
1787310325029,50030,-1578,-1600,375,15000
1787310325130,50030,-1578,-1600,375,15000
1787310325230,50030,-1578,-1600,375,15000
1787310325329,50030,-1578,-1600,375,15000
1787310325429,50030,-1578,-1500,375,15000
1787310325529,50030,-1578,-1500,375,15000
1787310325630,50030,-1578,-1500,375,15000
1787310325729,50030,-1578,-1500,375,15000
1787310325829,50030,-1578,-1500,375,15000
1787310325929,50030,-1578,-1500,375,15000
1787310326029,50030,-1578,-1600,375,15000
1787310326129,50030,-1578,-1600,375,15000
1787310326229,50030,-1578,-1600,375,15000
1787310326329,50030,-1578,-1600,375,15000
1787310326429,50030,-1578,-1600,375,15000
1787310326529,50030,-1578,-1600,375,15000
1787310326629,50030,-1578,-1600,375,15000
1787310326729,50030,-1578,-1600,375,15000
1787310326829,50030,-1578,-1600,375,15000
1787310326930,50030,-1578,-1600,375,15000
1787310327029,50030,-1578,-1600,375,15000
1787310327129,50030,-1578,-1600,375,15000
1787310327229,50030,-1578,-1600,375,15000
1787310327329,50030,-1578,-1600,375,15000
1787310327429,50030,-1578,-1600,375,15000
1787310327529,50030,-1578,-1600,375,15000
1787310327629,50030,-1578,-1600,375,15000
1787310327729,50030,-1578,-1600,375,15000
1787310327829,50030,-1578,-1600,375,15000
1787310327929,50030,-1578,-1500,375,15000
1787310328029,50030,-1578,-1500,375,15000
1787310328129,50030,-1578,-1500,375,15000
1787310328229,50030,-1578,-1500,375,15000
1787310328330,50030,-1578,-1500,375,15000
1787310328429,50030,-1578,-1500,375,15000
1787310328529,50030,-1578,-1600,375,15000
1787310328629,50030,-1578,-1600,375,15000
1787310328729,50030,-1578,-1600,375,15000
1787310328829,50030,-1578,-1600,375,15000
1787310328929,50030,-1578,-1600,375,15000
1787310329029,50030,-1578,-1600,375,15000
1787310329129,50030,-1578,-1600,375,15000
1787310329229,50030,-1578,-1600,375,15000
1787310329330,50030,-1578,-1600,375,15000
1787310329429,50030,-1578,-1600,375,15000
1787310329529,50030,-1578,-1600,375,15000
1787310329629,50030,-1578,-1600,375,15000
1787310329729,50030,-1578,-1600,375,15000
1787310329830,50030,-1578,-1600,375,15000
1787310329929,50030,-1578,-1600,375,15000
1787310330029,50030,-1578,-1600,375,15000
1787310330130,50030,-1578,-1600,375,15000
1787310330229,50030,-1578,-1600,375,15000
1787310330329,50030,-1578,-1600,375,15000
1787310330429,50030,-1578,-1600,375,15000
1787310330530,50030,-1578,-1600,375,15000
1787310330629,50030,-1578,-1600,375,15000
1787310330729,50030,-1578,-1600,375,15000
1787310330829,50030,-1578,-1600,375,15000
1787310330929,50030,-1578,-1600,375,15000
1787310331029,50030,-1578,-1600,375,15000
1787310331129,50030,-1578,-1600,375,15000
1787310331229,50030,-1578,-1600,375,15000
1787310331329,50030,-1578,-1600,375,15000
1787310331429,50030,-1578,-1600,375,15000
1787310331529,50030,-1578,-1600,375,15000
1787310331630,50030,-1578,-1600,375,15000
1787310331729,50030,-1578,-1600,375,15000
1787310331829,50030,-1578,-1600,375,15000
1787310331929,50030,-1578,-1600,375,15000
1787310332029,50030,-1578,-1600,375,15000
1787310332129,50030,-1578,-1600,375,15000
1787310332229,50030,-1578,-1600,375,15000
1787310332329,50030,-1578,-1600,375,15000
1787310332429,50030,-1578,-1600,375,15000
1787310332529,50030,-1578,-1600,375,15000
1787310332629,50030,-1578,-1600,375,15000
1787310332729,50030,-1578,-1500,375,15000
1787310332829,50030,-1578,-1500,375,15000
1787310332929,50030,-1578,-1500,375,15000
1787310333029,50030,-1578,-1500,375,15000
1787310333130,50030,-1578,-1500,375,15000
1787310333229,50030,-1578,-1500,375,15000
1787310333329,50030,-1578,-1600,375,15000
1787310333429,50030,-1578,-1600,375,15000
1787310333529,50030,-1578,-1600,375,15000
1787310333629,50030,-1578,-1600,375,15000
1787310333729,50030,-1578,-1600,375,15000
1787310333829,50030,-1578,-1600,375,15000
1787310333929,50030,-1578,-1600,375,15000
1787310334029,50030,-1578,-1600,375,15000
1787310334129,50030,-1578,-1600,375,15000
1787310334229,50030,-1578,-1600,375,15000
1787310334329,50030,-1578,-1600,375,15000
1787310334429,50030,-1578,-1500,375,15000
1787310334529,50030,-1578,-1500,375,15000
1787310334629,50030,-1578,-1500,375,15000
1787310334729,50030,-1578,-1500,375,15000
1787310334829,50030,-1578,-1500,375,15000
1787310334929,50030,-1578,-1500,375,15000
1787310335029,50030,-1578,-1600,375,15000
1787310335129,50030,-1578,-1600,375,15000
1787310335229,50030,-1578,-1600,375,15000
1787310335329,50030,-1578,-1600,375,15000
1787310335429,50030,-1578,-1600,375,15000
1787310335529,50030,-1578,-1600,375,15000
1787310335629,50030,-1578,-1600,375,15000
1787310335729,50030,-1578,-1600,375,15000
1787310335830,50030,-1578,-1600,375,15000
1787310335929,50030,-1578,-1600,375,15000
1787310336029,50030,-1578,-1600,375,15000
1787310336130,50030,-1578,-1600,375,15000
1787310336229,50030,-1578,-1600,375,15000
1787310336329,50030,-1578,-1600,375,15000
1787310336429,50030,-1578,-1600,375,15000
1787310336529,50030,-1578,-1600,375,15000
1787310336629,50030,-1578,-1600,375,15000
1787310336729,50030,-1578,-1600,375,15000
1787310336829,50030,-1578,-1600,375,15000
1787310336929,50030,-1578,-1600,375,15000
1787310337030,50030,-1578,-1600,375,15000
1787310337129,50030,-1578,-1600,375,15000
1787310337230,50030,-1578,-1600,375,15000
1787310337329,50030,-1578,-1600,375,15000
1787310337429,50030,-1578,-1600,375,15000
1787310337529,50030,-1578,-1600,375,15000
1787310337629,50030,-1578,-1600,375,15000
1787310337729,50030,-1578,-1600,375,15000
1787310337829,50030,-1578,-1600,375,15000
1787310337929,50030,-1578,-1600,375,15000
1787310338029,50030,-1578,-1600,375,15000
1787310338129,50030,-1578,-1600,375,15000
1787310338229,50030,-1578,-1600,375,15000
1787310338329,50030,-1578,-1600,375,15000
1787310338429,50030,-1578,-1600,375,15000
1787310338529,50030,-1578,-1600,375,15000
1787310338629,50030,-1578,-1600,375,15000
1787310338729,50030,-1578,-1600,375,15000
1787310338829,50030,-1578,-1600,375,15000
1787310338929,50030,-1578,-1600,375,15000
1787310339029,50030,-1578,-1600,375,15000
1787310339129,50030,-1578,-1600,375,15000
1787310339229,50030,-1578,-1600,375,15000
1787310339329,50030,-1578,-1600,375,15000
1787310339430,50030,-1578,-1600,375,15000
1787310339530,50030,-1578,-1600,375,15000
1787310339629,50030,-1578,-1600,375,15000
1787310339729,50030,-1578,-1600,375,15000
1787310339830,50030,-1578,-1600,375,15000
1787310339930,50030,-1578,-1600,375,15000
1787310340030,50030,-1578,-1600,375,15000
1787310340129,50030,-1578,-1600,375,15000
1787310340229,50030,-1578,-1600,375,15000
1787310340329,50030,-1578,-1600,375,15000
1787310340429,50030,-1578,-1600,375,15000
1787310340530,50030,-1578,-1600,375,15000
1787310340629,50030,-1578,-1600,375,15000
1787310340730,50030,-1578,-1600,375,15000
1787310340830,50030,-1578,-1600,375,15000
1787310340930,50030,-1578,-1600,375,15000
1787310341029,50030,-1578,-1600,375,15000
1787310341129,50030,-1578,-1600,375,15000
1787310341230,50030,-1578,-1600,375,15000
1787310341329,50030,-1578,-1600,375,15000
1787310341429,50030,-1578,-1600,375,15000
1787310341529,50030,-1578,-1600,375,15000
1787310341629,50030,-1578,-1600,375,15000
1787310341729,50030,-1578,-1600,375,15000
1787310341829,50030,-1578,-1600,375,15000
1787310341929,50030,-1578,-1600,375,15000
1787310342029,50030,-1578,-1600,375,15000
1787310342129,50030,-1578,-1600,375,15000
1787310342230,50030,-1578,-1600,375,15000
1787310342329,50030,-1578,-1600,375,15000
1787310342429,50030,-1578,-1600,375,15000
1787310342530,50030,-1578,-1600,375,15000
1787310342629,50030,-1578,-1600,375,15000
1787310342729,50030,-1578,-1600,375,15000
1787310342829,50030,-1578,-1600,375,15000
1787310342929,50030,-1578,-1600,375,15000
1787310343029,50030,-1578,-1600,375,15000
1787310343129,50030,-1578,-1600,375,15000
1787310343229,50030,-1578,-1600,375,15000
1787310343329,50030,-1578,-1600,375,15000
1787310343429,50030,-1578,-1600,375,15000
1787310343529,50030,-1578,-1600,375,15000
1787310343629,50030,-1578,-1600,375,15000
1787310343729,50030,-1578,-1600,375,15000
1787310343829,50030,-1578,-1600,375,15000
1787310343929,50030,-1578,-1600,375,15000
1787310344030,50030,-1578,-1600,375,15000
1787310344129,50030,-1578,-1600,375,15000
1787310344229,50030,-1578,-1600,375,15000
1787310344329,50030,-1578,-1600,375,15000
1787310344429,50030,-1578,-1600,375,15000
1787310344529,50030,-1578,-1600,375,15000
1787310344630,50030,-1578,-1600,375,15000
1787310344730,50030,-1578,-1600,375,15000
1787310344829,50030,-1578,-1600,375,15000
1787310344929,50030,-1578,-1600,375,15000
1787310345029,50030,-1578,-1600,375,15000
1787310345129,50030,-1578,-1600,375,15000
1787310345229,50030,-1578,-1600,375,15000
1787310345330,50030,-1578,-1600,375,15000
1787310345429,50030,-1578,-1600,375,15000
1787310345529,50030,-1578,-1600,375,15000
1787310345630,50030,-1578,-1600,375,15000
1787310345729,50030,-1578,-1600,375,15000
1787310345829,50030,-1578,-1600,375,15000
1787310345929,50030,-1578,-1600,375,15000
1787310346030,50030,-1578,-1600,375,15000
1787310346130,50030,-1578,-1600,375,15000
1787310346229,50030,-1578,-1600,375,15000
1787310346330,50030,-1578,-1600,375,15000
1787310346429,50030,-1578,-1600,375,15000
1787310346529,50030,-1578,-1600,375,15000
1787310346629,50030,-1578,-1600,375,15000
1787310346729,50030,-1578,-1600,375,15000
1787310346829,50030,-1578,-1600,375,15000
1787310346929,50030,-1578,-1600,375,15000
1787310347029,50030,-1578,-1600,375,15000
1787310347129,50030,-1578,-1600,375,15000
1787310347230,50030,-1578,-1600,375,15000
1787310347329,50030,-1578,-1600,375,15000
1787310347430,50030,-1578,-1600,375,15000
1787310347529,50030,-1578,-1600,375,15000
1787310347629,50030,-1578,-1600,375,15000
1787310347729,50030,-1578,-1600,375,15000
1787310347830,50030,-1578,-1600,375,15000
1787310347929,50030,-1578,-1600,375,15000
1787310348029,50030,-1578,-1600,375,15000
1787310348129,50030,-1578,-1600,375,15000
1787310348229,50030,-1578,-1600,375,15000
1787310348329,50030,-1578,-1600,375,15000
1787310348429,50030,-1578,-1600,375,15000
1787310348529,50030,-1578,-1600,375,15000
1787310348629,50030,-1578,-1600,375,15000
1787310348729,50030,-1578,-1600,375,15000
1787310348829,50030,-1578,-1600,375,15000
1787310348929,50030,-1578,-1600,375,15000
1787310349030,50030,-1578,-1600,375,15000
1787310349129,50030,-1578,-1600,375,15000
1787310349229,50030,-1578,-1600,375,15000
1787310349329,50030,-1578,-1600,375,15000
1787310349429,50030,-1578,-1600,375,15000
1787310349529,50030,-1578,-1600,375,15000
1787310349630,50030,-1578,-1600,375,15000
1787310349729,50030,-1578,-1600,375,15000
1787310349829,50030,-1578,-1600,375,15000
1787310349930,50030,-1578,-1600,375,15000
1787310350029,50030,-1578,-1600,375,15000
1787310350129,50030,-1578,-1600,375,15000
1787310350230,50030,-1578,-1600,375,15000
1787310350329,50030,-1578,-1600,375,15000
1787310350429,50030,-1578,-1600,375,15000
1787310350530,50030,-1578,-1600,375,15000
1787310350629,50030,-1578,-1600,375,15000
1787310350729,50030,-1578,-1600,375,15000
1787310350829,50030,-1578,-1600,375,15000
1787310350929,50030,-1578,-1600,375,15000
1787310351029,50030,-1578,-1600,375,15000
1787310351130,50030,-1578,-1600,375,15000
1787310351229,50030,-1578,-1600,375,15000
1787310351330,50030,-1578,-1600,375,15000
1787310351430,50030,-1578,-1600,375,15000
1787310351529,50030,-1578,-1600,375,15000
1787310351629,50030,-1578,-1600,375,15000
1787310351729,50030,-1578,-1600,375,15000
1787310351829,50030,-1578,-1600,375,15000
1787310351929,50030,-1578,-1600,375,15000
1787310352029,50030,-1578,-1600,375,15000
1787310352129,50030,-1578,-1600,375,15000
1787310352229,50030,-1578,-1600,375,15000
1787310352329,50030,-1578,-1600,375,15000
1787310352430,50030,-1578,-1600,375,15000
1787310352529,50030,-1578,-1600,375,15000
1787310352629,50030,-1578,-1600,375,15000
1787310352729,50030,-1578,-1600,375,15000
1787310352829,50030,-1578,-1600,375,15000
1787310352929,50030,-1578,-1600,375,15000
1787310353029,50030,-1578,-1600,375,15000
1787310353129,50030,-1578,-1600,375,15000
1787310353229,50030,-1578,-1600,375,15000
1787310353329,50030,-1578,-1600,375,15000
1787310353429,50030,-1578,-1600,375,15000
1787310353529,50030,-1578,-1600,375,15000
1787310353629,50030,-1578,-1600,375,15000
1787310353729,50030,-1578,-1600,375,15000
1787310353830,50030,-1578,-1600,375,15000
1787310353929,50030,-1578,-1600,375,15000
1787310354029,50030,-1578,-1600,375,15000
1787310354129,50030,-1578,-1600,375,15000
1787310354229,50030,-1578,-1600,375,15000
1787310354330,50030,-1578,-1600,375,15000
1787310354429,50030,-1578,-1600,375,15000
1787310354529,50030,-1578,-1600,375,15000
1787310354629,50030,-1578,-1600,375,15000
1787310354730,50030,-1578,-1600,375,15000
1787310354829,50030,-1578,-1600,375,15000
1787310354929,50030,-1578,-1600,375,15000
1787310355030,50030,-1578,-1600,375,15000
1787310355129,50030,-1578,-1600,375,15000
1787310355230,50030,-1578,-1600,375,15000
1787310355329,50030,-1578,-1600,375,15000
1787310355429,50030,-1578,-1600,375,15000
1787310355529,50030,-1578,-1600,375,15000
1787310355629,50030,-1578,-1600,375,15000
1787310355729,50030,-1578,-1600,375,15000
1787310355829,50030,-1578,-1600,375,15000
1787310355929,50030,-1578,-1600,375,15000
1787310356029,50030,-1578,-1600,375,15000
1787310356129,50030,-1578,-1600,375,15000
1787310356229,50030,-1578,-1600,375,15000
1787310356329,50030,-1578,-1600,375,15000
1787310356429,50030,-1578,-1600,375,15000
1787310356529,50030,-1578,-1600,375,15000
1787310356629,50030,-1578,-1600,375,15000
1787310356729,50030,-1578,-1600,375,15000
1787310356829,50030,-1578,-1600,375,15000
1787310356929,50030,-1578,-1600,375,15000
1787310357030,50030,-1578,-1600,375,15000
1787310357129,50030,-1578,-1600,375,15000
1787310357229,50030,-1578,-1600,375,15000
1787310357329,50030,-1578,-1600,375,15000
1787310357429,50030,-1578,-1600,375,15000
1787310357530,50030,-1578,-1600,375,15000
1787310357629,50030,-1578,-1600,375,15000
1787310357729,50030,-1578,-1600,375,15000
1787310357829,50030,-1578,-1600,375,15000
1787310357929,50030,-1578,-1600,375,15000
1787310358029,50030,-1578,-1600,375,15000
1787310358129,50030,-1578,-1600,375,15000
1787310358229,50030,-1578,-1600,375,15000
1787310358330,50030,-1578,-1600,375,15000
1787310358429,50030,-1578,-1600,375,15000
1787310358530,50030,-1578,-1600,375,15000
1787310358629,50030,-1578,-1600,375,15000
1787310358729,50030,-1578,-1600,375,15000
1787310358829,50030,-1578,-1600,375,15000
1787310358929,50030,-1578,-1600,375,15000
1787310359029,50030,-1578,-1600,375,15000
1787310359129,50030,-1578,-1600,375,15000
1787310359229,50030,-1578,-1600,375,15000
1787310359330,50030,-1578,-1600,375,15000
1787310359429,50030,-1578,-1600,375,15000
1787310359529,50030,-1578,-1600,375,15000
1787310359629,50030,-1578,-1600,375,15000
1787310359732,50030,-1578,-1600,375,15000
1787310359829,50030,-1578,-1600,375,15000
1787310359933,50030,-1578,-1600,375,15000
1787310360034,50030,-1578,-1600,375,15000
1787310360134,50030,-1578,-1600,375,15000
1787310360234,50030,-1578,-1600,375,15000
1787310360334,50030,-1578,-1600,375,15000
1787310360434,50030,-1578,-1600,375,15000
1787310360534,50030,-1578,-1600,375,15000
1787310360635,50030,-1578,-1600,375,15000
1787310360735,50030,-1578,-1600,375,15000
1787310360834,50030,-1578,-1600,375,15000
1787310360935,50030,-1578,-1600,375,15000
1787310361034,50030,-1578,-1600,375,15000
1787310361134,50030,-1578,-1600,375,15000
1787310361234,50030,-1578,-1600,375,15000
1787310361334,50030,-1578,-1600,375,15000
1787310361434,50030,-1578,-1600,375,15000
1787310361534,50030,-1578,-1600,375,15000
1787310361634,50030,-1578,-1600,375,15000
1787310361734,50030,-1578,-1600,375,15000
1787310361834,50030,-1578,-1600,375,15000
1787310361935,50030,-1578,-1600,375,15000
1787310362034,50030,-1578,-1600,375,15000
1787310362135,50030,-1578,-1600,375,15000
1787310362235,50030,-1578,-1600,375,15000
1787310362334,50030,-1578,-1600,375,15000
1787310362434,50030,-1578,-1600,375,15000
1787310362534,50030,-1578,-1600,375,15000
1787310362634,50030,-1578,-1600,375,15000
1787310362734,50030,-1578,-1600,375,15000
1787310362834,50030,-1578,-1600,375,15000
1787310362934,50030,-1578,-1600,375,15000
1787310363034,50030,-1578,-1600,375,15000
1787310363134,50030,-1578,-1600,375,15000
1787310363234,50030,-1578,-1600,375,15000
1787310363334,50030,-1578,-1600,375,15000
1787310363434,50030,-1578,-1600,375,15000
1787310363534,50030,-1578,-1600,375,15000
1787310363634,50030,-1578,-1600,375,15000
1787310363734,50030,-1578,-1600,375,15000
1787310363835,50030,-1578,-1600,375,15000
1787310363934,50030,-1578,-1600,375,15000
1787310364034,50030,-1578,-1600,375,15000
1787310364134,50030,-1578,-1600,375,15000
1787310364234,50030,-1578,-1600,375,15000
1787310364334,50030,-1578,-1600,375,15000
1787310364434,50030,-1578,-1600,375,15000
1787310364534,50030,-1578,-1600,375,15000
1787310364634,50030,-1578,-1600,375,15000
1787310364734,50030,-1578,-1600,375,15000
1787310364834,50030,-1578,-1600,375,15000
1787310364935,50030,-1578,-1600,375,15000
1787310365034,50030,-1578,-1600,375,15000
1787310365135,50030,-1578,-1600,375,15000
1787310365234,50030,-1578,-1600,375,15000
1787310365334,50030,-1578,-1600,375,15000
1787310365434,50030,-1578,-1600,375,15000
1787310365534,50030,-1578,-1600,375,15000
1787310365635,50030,-1578,-1600,375,15000
1787310365734,50030,-1578,-1600,375,15000
1787310365834,50030,-1578,-1600,375,15000
1787310365935,50030,-1578,-1600,375,15000
1787310366035,50030,-1578,-1600,375,15000
1787310366134,50030,-1578,-1600,375,15000
1787310366234,50030,-1578,-1600,375,15000
1787310366335,50030,-1578,-1600,375,15000
1787310366434,50030,-1578,-1600,375,15000
1787310366534,50030,-1578,-1600,375,15000
1787310366635,50030,-1578,-1600,375,15000
1787310366734,50030,-1578,-1600,375,15000
1787310366834,50030,-1578,-1600,375,15000
1787310366934,50030,-1578,-1600,375,15000
1787310367035,50030,-1578,-1600,375,15000
1787310367135,50030,-1578,-1600,375,15000
1787310367234,50030,-1578,-1600,375,15000
1787310367334,50030,-1578,-1600,375,15000
1787310367434,50030,-1578,-1600,375,15000
1787310367534,50030,-1578,-1600,375,15000
1787310367634,50030,-1578,-1600,375,15000
1787310367734,50030,-1578,-1600,375,15000
1787310367834,50030,-1578,-1600,375,15000
1787310367934,50030,-1578,-1600,375,15000
1787310368034,50030,-1578,-1600,375,15000
1787310368134,50030,-1578,-1600,375,15000
1787310368234,50030,-1578,-1600,375,15000
1787310368334,50030,-1578,-1600,375,15000
1787310368434,50030,-1578,-1600,375,15000
1787310368534,50030,-1578,-1600,375,15000
1787310368635,50030,-1578,-1600,375,15000
1787310368734,50030,-1578,-1600,375,15000
1787310368834,50030,-1578,-1600,375,15000
1787310368934,50030,-1578,-1600,375,15000
1787310369034,50030,-1578,-1600,375,15000
1787310369134,50030,-1578,-1600,375,15000
1787310369234,50030,-1578,-1600,375,15000
1787310369335,50030,-1578,-1600,375,15000
1787310369434,50030,-1578,-1600,375,15000
1787310369535,50030,-1578,-1600,375,15000
1787310369635,50030,-1578,-1600,375,15000
1787310369734,50030,-1578,-1600,375,15000
1787310369834,50030,-1578,-1600,375,15000
1787310369934,50030,-1578,-1600,375,15000
1787310370034,50030,-1578,-1600,375,15000
1787310370134,50030,-1578,-1600,375,15000
1787310370234,50030,-1578,-1600,375,15000
1787310370334,50030,-1578,-1600,375,15000
1787310370434,50030,-1578,-1600,375,15000
1787310370534,50030,-1578,-1600,375,15000
1787310370634,50030,-1578,-1600,375,15000
1787310370735,50030,-1578,-1600,375,15000
1787310370835,50030,-1578,-1600,375,15000
1787310370934,50030,-1578,-1600,375,15000
1787310371034,50030,-1578,-1600,375,15000
1787310371134,50030,-1578,-1600,375,15000
1787310371234,50030,-1578,-1600,375,15000
1787310371334,50030,-1578,-1600,375,15000
1787310371434,50030,-1578,-1600,375,15000
1787310371534,50030,-1578,-1600,375,15000
1787310371635,50030,-1578,-1600,375,15000
1787310371735,50030,-1578,-1600,375,15000
1787310371834,50030,-1578,-1600,375,15000
1787310371934,50030,-1578,-1600,375,15000
1787310372034,50030,-1578,-1600,375,15000
1787310372134,50030,-1578,-1600,375,15000
1787310372234,50030,-1578,-1600,375,15000
1787310372334,50030,-1578,-1600,375,15000
1787310372434,50030,-1578,-1600,375,15000
1787310372535,50030,-1578,-1600,375,15000
1787310372634,50030,-1578,-1600,375,15000
1787310372734,50030,-1578,-1600,375,15000
1787310372834,50030,-1578,-1600,375,15000
1787310372935,50030,-1578,-1600,375,15000
1787310373034,50030,-1578,-1600,375,15000
1787310373135,50030,-1578,-1600,375,15000
1787310373234,50030,-1578,-1600,375,15000
1787310373334,50030,-1578,-1600,375,15000
1787310373434,50030,-1578,-1600,375,15000
1787310373534,50030,-1578,-1600,375,15000
1787310373635,50030,-1578,-1600,375,15000
1787310373734,50030,-1578,-1600,375,15000
1787310373834,50030,-1578,-1600,375,15000
1787310373934,50030,-1578,-1600,375,15000
1787310374034,50030,-1578,-1600,375,15000
1787310374135,50030,-1578,-1600,375,15000
1787310374234,50030,-1578,-1600,375,15000
1787310374335,50030,-1578,-1600,375,15000
1787310374434,50030,-1578,-1600,375,15000
1787310374534,50030,-1578,-1600,375,15000
1787310374635,50030,-1578,-1600,375,15000
1787310374734,50030,-1578,-1600,375,15000
1787310374835,50030,-1578,-1600,375,15000
1787310374934,50030,-1578,-1600,375,15000
1787310375034,50030,-1578,-1600,375,15000
1787310375134,50030,-1578,-1600,375,15000
1787310375234,50030,-1578,-1600,375,15000
1787310375335,50030,-1578,-1600,375,15000
1787310375434,50030,-1578,-1600,375,15000
1787310375534,50030,-1578,-1600,375,15000
1787310375634,50030,-1578,-1600,375,15000
1787310375734,50030,-1578,-1600,375,15000
1787310375835,50030,-1578,-1600,375,15000
1787310375934,50030,-1578,-1600,375,15000
1787310376034,50030,-1578,-1600,375,15000
1787310376135,50030,-1578,-1600,375,15000
1787310376234,50030,-1578,-1600,375,15000
1787310376334,50030,-1578,-1600,375,15000
1787310376434,50030,-1578,-1600,375,15000
1787310376534,50030,-1578,-1600,375,15000
1787310376634,50030,-1578,-1600,375,15000
1787310376734,50030,-1578,-1600,375,15000
1787310376835,50030,-1578,-1600,375,15000
1787310376934,50030,-1578,-1600,375,15000
1787310377034,50030,-1578,-1600,375,15000
1787310377134,50030,-1578,-1600,375,15000
1787310377234,50030,-1578,-1600,375,15000
1787310377334,50030,-1578,-1600,375,15000
1787310377434,50030,-1578,-1600,375,15000
1787310377534,50030,-1578,-1600,375,15000
1787310377634,50030,-1578,-1600,375,15000
1787310377734,50030,-1578,-1600,375,15000
1787310377834,50030,-1578,-1600,375,15000
1787310377934,50030,-1578,-1600,375,15000
1787310378034,50030,-1578,-1600,375,15000
1787310378134,50030,-1578,-1600,375,15000
1787310378234,50030,-1578,-1600,375,15000
1787310378334,50030,-1578,-1600,375,15000
1787310378434,50030,-1578,-1600,375,15000
1787310378534,50030,-1578,-1600,375,15000
1787310378634,50030,-1578,-1600,375,15000
1787310378734,50030,-1578,-1600,375,15000
1787310378834,50030,-1578,-1600,375,15000
1787310378934,50030,-1578,-1600,375,15000
1787310379034,50030,-1578,-1600,375,15000
1787310379134,50030,-1578,-1600,375,15000
1787310379234,50030,-1578,-1600,375,15000
1787310379334,50030,-1578,-1600,375,15000
1787310379435,50030,-1578,-1600,375,15000
1787310379534,50030,-1578,-1600,375,15000
1787310379634,50030,-1578,-1600,375,15000
1787310379734,50030,-1578,-1600,375,15000
1787310379834,50030,-1578,-1600,375,15000
1787310379934,50030,-1578,-1600,375,15000
1787310380034,50030,-1578,-1600,375,15000
1787310380134,50030,-1578,-1600,375,15000
1787310380234,50030,-1578,-1600,375,15000
1787310380334,50030,-1578,-1600,375,15000
1787310380434,50030,-1578,-1600,375,15000
1787310380534,50030,-1578,-1600,375,15000
1787310380634,50030,-1578,-1600,375,15000
1787310380734,50030,-1578,-1600,375,15000
1787310380834,50030,-1578,-1600,375,15000
1787310380934,50030,-1578,-1600,375,15000
1787310381034,50030,-1578,-1600,375,15000
1787310381134,50030,-1578,-1600,375,15000
1787310381234,50030,-1578,-1600,375,15000
1787310381334,50030,-1578,-1600,375,15000
1787310381434,50030,-1578,-1600,375,15000
1787310381534,50030,-1578,-1600,375,15000
1787310381634,50030,-1578,-1600,375,15000
1787310381734,50030,-1578,-1600,375,15000
1787310381834,50030,-1578,-1600,375,15000
1787310381934,50030,-1578,-1600,375,15000
1787310382034,50030,-1578,-1600,375,15000
1787310382134,50030,-1578,-1600,375,15000
1787310382235,50030,-1578,-1600,375,15000
1787310382334,50030,-1578,-1600,375,15000
1787310382434,50030,-1578,-1600,375,15000
1787310382534,50030,-1578,-1600,375,15000
1787310382634,50030,-1578,-1600,375,15000
1787310382734,50030,-1578,-1600,375,15000
1787310382834,50030,-1578,-1600,375,15000
1787310382934,50030,-1578,-1600,375,15000
1787310383035,50030,-1578,-1600,375,15000
1787310383134,50030,-1578,-1600,375,15000
1787310383234,50030,-1578,-1600,375,15000
1787310383334,50030,-1578,-1600,375,15000
1787310383434,50030,-1578,-1600,375,15000
1787310383534,50030,-1578,-1600,375,15000
1787310383634,50030,-1578,-1600,375,15000
1787310383734,50030,-1578,-1600,375,15000
1787310383834,50030,-1578,-1600,375,15000
1787310383934,50030,-1578,-1600,375,15000
1787310384034,50030,-1578,-1600,375,15000
1787310384134,50030,-1578,-1600,375,15000
1787310384235,50030,-1578,-1600,375,15000
1787310384334,50030,-1578,-1600,375,15000
1787310384434,50030,-1578,-1600,375,15000
1787310384534,50030,-1578,-1600,375,15000
1787310384634,50030,-1578,-1600,375,15000
1787310384734,50030,-1578,-1600,375,15000
1787310384834,50030,-1578,-1600,375,15000
1787310384934,50030,-1578,-1600,375,15000
1787310385034,50030,-1578,-1600,375,15000
1787310385135,50030,-1578,-1600,375,15000
1787310385234,50030,-1578,-1600,375,15000
1787310385334,50030,-1578,-1600,375,15000
1787310385434,50030,-1578,-1600,375,15000
1787310385534,50030,-1578,-1600,375,15000
1787310385635,50030,-1578,-1600,375,15000
1787310385734,50030,-1578,-1600,375,15000
1787310385834,50030,-1578,-1600,375,15000
1787310385936,50030,-1578,-1600,375,15000
1787310386035,50030,-1578,-1600,375,15000
1787310386134,50030,-1578,-1600,375,15000
1787310386235,50030,-1578,-1600,375,15000
1787310386334,50030,-1578,-1500,375,15000
1787310386434,50030,-1578,-1500,375,15000
1787310386534,50030,-1578,-1500,375,15000
1787310386634,50030,-1578,-1500,375,15000
1787310386734,50030,-1578,-1500,375,15000
1787310386834,50030,-1578,-1500,375,15000
1787310386936,50030,-1578,-1600,375,15000
1787310387034,50030,-1578,-1600,375,15000
1787310387134,50030,-1578,-1600,375,15000
1787310387234,50030,-1578,-1600,375,15000
1787310387334,50030,-1578,-1600,375,15000
1787310387434,50030,-1578,-1600,375,15000
1787310387534,50030,-1578,-1600,375,15000
1787310387634,50030,-1578,-1600,375,15000
1787310387734,50030,-1578,-1600,375,15000
1787310387834,50030,-1578,-1600,375,15000
1787310387934,50030,-1578,-1600,375,15000
1787310388034,50030,-1578,-1600,375,15000
1787310388134,50030,-1578,-1600,375,15000
1787310388234,50030,-1578,-1600,375,15000
1787310388334,50030,-1578,-1600,375,15000
1787310388434,50030,-1578,-1600,375,15000
1787310388534,50030,-1578,-1600,375,15000
1787310388634,50030,-1578,-1600,375,15000
1787310388734,50030,-1578,-1600,375,15000
1787310388835,50030,-1578,-1600,375,15000
1787310388934,50030,-1578,-1600,375,15000
1787310389034,50030,-1578,-1600,375,15000
1787310389134,50030,-1578,-1600,375,15000
1787310389234,50030,-1578,-1600,375,15000
1787310389334,50030,-1578,-1600,375,15000
1787310389434,50030,-1578,-1600,375,15000
1787310389534,50030,-1578,-1600,375,15000
1787310389634,50030,-1578,-1600,375,15000
1787310389734,50030,-1578,-1600,375,15000
1787310389834,50030,-1578,-1600,375,15000
1787310389934,50030,-1578,-1600,375,15000
1787310390034,50030,-1578,-1600,375,15000
1787310390134,50030,-1578,-1600,375,15000
1787310390234,50030,-1578,-1600,375,15000
1787310390334,50030,-1578,-1600,375,15000
1787310390434,50030,-1578,-1600,375,15000
1787310390534,50030,-1578,-1600,375,15000
1787310390634,50030,-1578,-1600,375,15000
1787310390735,50030,-1578,-1600,375,15000
1787310390834,50030,-1578,-1600,375,15000
1787310390934,50030,-1578,-1600,375,15000
1787310391034,50030,-1578,-1600,375,15000
1787310391134,50030,-1578,-1600,375,15000
1787310391234,50030,-1578,-1600,375,15000
1787310391334,50030,-1578,-1600,375,15000
1787310391434,50030,-1578,-1600,375,15000
1787310391534,50030,-1578,-1600,375,15000
1787310391634,50030,-1578,-1600,375,15000
1787310391734,50030,-1578,-1600,375,15000
1787310391834,50030,-1578,-1600,375,15000
1787310391934,50030,-1578,-1600,375,15000
1787310392035,50030,-1578,-1600,375,15000
1787310392135,50030,-1578,-1600,375,15000
1787310392234,50030,-1578,-1600,375,15000
1787310392335,50030,-1578,-1600,375,15000
1787310392434,50030,-1578,-1600,375,15000
1787310392534,50030,-1578,-1600,375,15000
1787310392634,50030,-1578,-1600,375,15000
1787310392734,50030,-1578,-1600,375,15000
1787310392834,50030,-1578,-1600,375,15000
1787310392934,50030,-1578,-1600,375,15000
1787310393035,50030,-1578,-1600,375,15000
1787310393134,50030,-1578,-1600,375,15000
1787310393235,50030,-1578,-1600,375,15000
1787310393334,50030,-1578,-1600,375,15000
1787310393434,50030,-1578,-1600,375,15000
1787310393534,50030,-1578,-1600,375,15000
1787310393634,50030,-1578,-1600,375,15000
1787310393735,50030,-1578,-1600,375,15000
1787310393834,50030,-1578,-1600,375,15000
1787310393934,50030,-1578,-1600,375,15000
1787310394034,50030,-1578,-1600,375,15000
1787310394134,50030,-1578,-1600,375,15000
1787310394234,50030,-1578,-1600,375,15000
1787310394334,50030,-1578,-1600,375,15000
1787310394434,50030,-1578,-1600,375,15000
1787310394534,50030,-1578,-1600,375,15000
1787310394634,50030,-1578,-1600,375,15000
1787310394734,50030,-1578,-1600,375,15000
1787310394834,50030,-1578,-1600,375,15000
1787310394935,50030,-1578,-1600,375,15000
1787310395034,50030,-1578,-1600,375,15000
1787310395135,50030,-1578,-1600,375,15000
1787310395234,50030,-1578,-1600,375,15000
1787310395334,50030,-1578,-1600,375,15000
1787310395434,50030,-1578,-1600,375,15000
1787310395535,50030,-1578,-1600,375,15000
1787310395634,50030,-1578,-1600,375,15000
1787310395734,50030,-1578,-1600,375,15000
1787310395834,50030,-1578,-1600,375,15000
1787310395934,50030,-1578,-1600,375,15000
1787310396034,50030,-1578,-1600,375,15000
1787310396135,50030,-1578,-1600,375,15000
1787310396234,50030,-1578,-1600,375,15000
1787310396334,50030,-1578,-1600,375,15000
1787310396434,50030,-1578,-1600,375,15000
1787310396534,50030,-1578,-1600,375,15000
1787310396635,50030,-1578,-1600,375,15000
1787310396734,50030,-1578,-1600,375,15000
1787310396835,50030,-1578,-1600,375,15000
1787310396935,50030,-1578,-1600,375,15000
1787310397034,50030,-1578,-1600,375,15000
1787310397134,50030,-1578,-1600,375,15000
1787310397235,50030,-1578,-1600,375,15000
1787310397334,50030,-1578,-1600,375,15000
1787310397434,50030,-1578,-1600,375,15000
1787310397534,50030,-1578,-1600,375,15000
1787310397634,50030,-1578,-1600,375,15000
1787310397734,50030,-1578,-1600,375,15000
1787310397834,50030,-1578,-1600,375,15000
1787310397934,50030,-1578,-1600,375,15000
1787310398034,50030,-1578,-1600,375,15000
1787310398134,50030,-1578,-1600,375,15000
1787310398234,50030,-1578,-1600,375,15000
1787310398334,50030,-1578,-1600,375,15000
1787310398434,50030,-1578,-1600,375,15000
1787310398534,50030,-1578,-1600,375,15000
1787310398634,50030,-1578,-1600,375,15000
1787310398734,50030,-1578,-1600,375,15000
1787310398834,50030,-1578,-1600,375,15000
1787310398934,50030,-1578,-1600,375,15000
1787310399034,50030,-1578,-1600,375,15000
1787310399134,50030,-1578,-1600,375,15000
1787310399234,50030,-1578,-1600,375,15000
1787310399334,50030,-1578,-1600,375,15000
1787310399434,50030,-1578,-1600,375,15000
1787310399534,50030,-1578,-1600,375,15000
1787310399634,50030,-1578,-1600,375,15000
1787310399734,50030,-1578,-1600,375,15000
1787310399834,50030,-1578,-1600,375,15000
1787310399934,50030,-1578,-1600,375,15000
1787310400034,50030,-1578,-1600,375,15000
1787310400134,50030,-1578,-1600,375,15000
1787310400235,50030,-1578,-1600,375,15000
1787310400334,50030,-1578,-1600,375,15000
1787310400434,50030,-1578,-1600,375,15000
1787310400534,50030,-1578,-1600,375,15000
1787310400634,50030,-1578,-1600,375,15000
1787310400734,50030,-1578,-1600,375,15000
1787310400834,50030,-1578,-1600,375,15000
1787310400934,50030,-1578,-1600,375,15000
1787310401034,50030,-1578,-1600,375,15000
1787310401134,50030,-1578,-1600,375,15000
1787310401235,50030,-1578,-1600,375,15000
1787310401334,50030,-1578,-1600,375,15000
1787310401434,50030,-1578,-1600,375,15000
1787310401534,50030,-1578,-1600,375,15000
1787310401634,50030,-1578,-1600,375,15000
1787310401734,50030,-1578,-1600,375,15000
1787310401834,50030,-1578,-1600,375,15000
1787310401934,50030,-1578,-1600,375,15000
1787310402034,50030,-1578,-1600,375,15000
1787310402134,50030,-1578,-1600,375,15000
1787310402234,50030,-1578,-1600,375,15000
1787310402335,50030,-1578,-1600,375,15000
1787310402434,50030,-1578,-1600,375,15000
1787310402535,50030,-1578,-1600,375,15000
1787310402634,50030,-1578,-1600,375,15000
1787310402734,50030,-1578,-1600,375,15000
1787310402834,50030,-1578,-1600,375,15000
1787310402935,50030,-1578,-1600,375,15000
1787310403034,50030,-1578,-1600,375,15000
1787310403134,50030,-1578,-1600,375,15000
1787310403234,50030,-1578,-1600,375,15000
1787310403334,50030,-1578,-1600,375,15000
1787310403434,50030,-1578,-1600,375,15000
1787310403534,50030,-1578,-1600,375,15000
1787310403634,50030,-1578,-1600,375,15000
1787310403734,50030,-1578,-1600,375,15000
1787310403834,50030,-1578,-1600,375,15000
1787310403934,50030,-1578,-1600,375,15000
1787310404034,50030,-1578,-1600,375,15000
1787310404134,50030,-1578,-1600,375,15000
1787310404235,50030,-1578,-1600,375,15000
1787310404335,50030,-1578,-1600,375,15000
1787310404434,50030,-1578,-1600,375,15000
1787310404534,50030,-1578,-1600,375,15000
1787310404634,50030,-1578,-1600,375,15000
1787310404734,50030,-1578,-1600,375,15000
1787310404834,50030,-1578,-1600,375,15000
1787310404935,50030,-1578,-1600,375,15000
1787310405034,50030,-1578,-1600,375,15000
1787310405134,50030,-1578,-1600,375,15000
1787310405234,50030,-1578,-1600,375,15000
1787310405334,50030,-1578,-1600,375,15000
1787310405434,50030,-1578,-1600,375,15000
1787310405535,50030,-1578,-1600,375,15000
1787310405634,50030,-1578,-1600,375,15000
1787310405734,50030,-1578,-1600,375,15000
1787310405834,50030,-1578,-1600,375,15000
1787310405934,50030,-1578,-1600,375,15000
1787310406034,50030,-1578,-1600,375,15000
1787310406134,50030,-1578,-1600,375,15000
1787310406234,50030,-1578,-1600,375,15000
1787310406334,50030,-1578,-1600,375,15000
1787310406434,50030,-1578,-1600,375,15000
1787310406534,50030,-1578,-1600,375,15000
1787310406635,50030,-1578,-1600,375,15000
1787310406734,50030,-1578,-1600,375,15000
1787310406834,50030,-1578,-1600,375,15000
1787310406935,50030,-1578,-1600,375,15000
1787310407034,50030,-1578,-1600,375,15000
1787310407135,50030,-1578,-1600,375,15000
1787310407235,50030,-1578,-1600,375,15000
1787310407334,50030,-1578,-1600,375,15000
1787310407434,50030,-1578,-1600,375,15000
1787310407534,50030,-1578,-1600,375,15000
1787310407634,50030,-1578,-1600,375,15000
1787310407734,50030,-1578,-1600,375,15000
1787310407834,50030,-1578,-1600,375,15000
1787310407935,50030,-1578,-1600,375,15000
1787310408034,50030,-1578,-1600,375,15000
1787310408135,50030,-1578,-1600,375,15000
1787310408234,50030,-1578,-1600,375,15000
1787310408334,50030,-1578,-1600,375,15000
1787310408434,50030,-1578,-1600,375,15000
1787310408534,50030,-1578,-1600,375,15000
1787310408634,50030,-1578,-1600,375,15000
1787310408734,50030,-1578,-1600,375,15000
1787310408834,50030,-1578,-1600,375,15000
1787310408934,50030,-1578,-1600,375,15000
1787310409034,50030,-1578,-1600,375,15000
1787310409134,50030,-1578,-1600,375,15000
1787310409235,50030,-1578,-1600,375,15000
1787310409334,50030,-1578,-1600,375,15000
1787310409434,50030,-1578,-1600,375,15000
1787310409534,50030,-1578,-1600,375,15000
1787310409635,50030,-1578,-1600,375,15000
1787310409735,50030,-1578,-1600,375,15000
1787310409834,50030,-1578,-1600,375,15000
1787310409934,50030,-1578,-1600,375,15000
1787310410034,50030,-1578,-1600,375,15000
1787310410134,50030,-1578,-1600,375,15000
1787310410234,50030,-1578,-1600,375,15000
1787310410334,50030,-1578,-1600,375,15000
1787310410434,50030,-1578,-1600,375,15000
1787310410534,50030,-1578,-1600,375,15000
1787310410634,50030,-1578,-1600,375,15000
1787310410734,50030,-1578,-1600,375,15000
1787310410834,50030,-1578,-1600,375,15000
1787310410934,50030,-1578,-1600,375,15000
1787310411035,50030,-1578,-1600,375,15000
1787310411134,50030,-1578,-1600,375,15000
1787310411234,50030,-1578,-1600,375,15000
1787310411334,50030,-1578,-1600,375,15000
1787310411434,50030,-1578,-1600,375,15000
1787310411534,50030,-1578,-1600,375,15000
1787310411634,50030,-1578,-1600,375,15000
1787310411734,50030,-1578,-1600,375,15000
1787310411834,50030,-1578,-1600,375,15000
1787310411935,50030,-1578,-1600,375,15000
1787310412034,50030,-1578,-1600,375,15000
1787310412135,50030,-1578,-1600,375,15000
1787310412234,50030,-1578,-1600,375,15000
1787310412334,50030,-1578,-1600,375,15000
1787310412434,50030,-1578,-1600,375,15000
1787310412534,50030,-1578,-1600,375,15000
1787310412634,50030,-1578,-1600,375,15000
1787310412735,50030,-1578,-1600,375,15000
1787310412835,50030,-1578,-1600,375,15000
1787310412934,50030,-1578,-1600,375,15000
1787310413034,50030,-1578,-1600,375,15000
1787310413134,50030,-1578,-1600,375,15000
1787310413234,50030,-1578,-1600,375,15000
1787310413335,50030,-1578,-1600,375,15000
1787310413434,50030,-1578,-1600,375,15000
1787310413534,50030,-1578,-1600,375,15000
1787310413635,50030,-1578,-1600,375,15000
1787310413734,50030,-1578,-1600,375,15000
1787310413835,50030,-1578,-1600,375,15000
1787310413934,50030,-1578,-1600,375,15000
1787310414035,50030,-1578,-1600,375,15000
1787310414134,50030,-1578,-1600,375,15000
1787310414234,50030,-1578,-1600,375,15000
1787310414334,50030,-1578,-1600,375,15000
1787310414434,50030,-1578,-1600,375,15000
1787310414534,50030,-1578,-1600,375,15000
1787310414634,50030,-1578,-1600,375,15000
1787310414734,50030,-1578,-1600,375,15000
1787310414834,50030,-1578,-1600,375,15000
1787310414934,50030,-1578,-1600,375,15000
1787310415034,50030,-1578,-1600,375,15000
1787310415134,50030,-1578,-1600,375,15000
1787310415234,50030,-1578,-1600,375,15000
1787310415334,50030,-1578,-1600,375,15000
1787310415434,50030,-1578,-1600,375,15000
1787310415534,50030,-1578,-1600,375,15000
1787310415634,50030,-1578,-1600,375,15000
1787310415734,50030,-1578,-1600,375,15000
1787310415835,50030,-1578,-1600,375,15000
1787310415934,50030,-1578,-1600,375,15000
1787310416034,50030,-1578,-1600,375,15000
1787310416134,50030,-1578,-1600,375,15000
1787310416235,50030,-1578,-1600,375,15000
1787310416335,50030,-1578,-1600,375,15000
1787310416434,50030,-1578,-1600,375,15000
1787310416534,50030,-1578,-1600,375,15000
1787310416634,50030,-1578,-1600,375,15000
1787310416735,50030,-1578,-1600,375,15000
1787310416834,50000,0,-1600,375,15000
1787310416935,50000,0,-1600,375,15000
1787310417034,50000,0,-1600,375,15000
1787310417134,50000,0,-1600,375,15000
1787310417234,50000,0,-1100,375,15000
1787310417334,50000,0,-1100,375,15000
1787310417434,50000,0,-1100,375,15000
1787310417534,50000,0,-1100,375,15000
1787310417634,50000,0,-1100,375,15000
1787310417734,50000,0,-1100,375,15000
1787310417834,50000,0,0,375,15000
1787310417935,50000,0,0,375,15000
1787310418034,50000,0,0,375,15000
1787310418134,50000,0,0,375,15000
1787310418234,50000,0,0,375,15000
1787310418334,50000,0,0,375,15000
1787310418434,50000,0,0,375,15000
1787310418534,50000,0,0,375,15000
1787310418634,50000,0,0,375,15000
1787310418734,50000,0,0,375,15000
1787310418834,50000,0,0,375,15000
1787310418934,50000,0,0,375,15000
1787310419034,50000,0,0,375,15000
1787310419134,50000,0,0,375,15000
1787310419234,50000,0,0,375,15000
1787310419334,50000,0,0,375,15000
1787310419435,50000,0,0,375,15000
1787310419534,50000,0,0,375,15000
1787310419634,50000,0,0,375,15000
1787310419734,50000,0,0,375,15000
1787310419834,50000,0,0,375,15000
1787310419934,50000,0,0,375,15000
1787310420035,50000,0,0,375,15000
1787310420135,50000,0,0,375,15000
1787310420234,50000,0,0,375,15000
1787310420334,50000,0,0,375,15000
1787310420434,50000,0,0,375,15000
1787310420534,50000,0,0,375,15000
1787310420634,50000,0,0,375,15000
1787310420734,50000,0,0,375,15000
1787310420834,50000,0,0,375,15000
1787310420934,50000,0,0,375,15000
1787310421034,50000,0,0,375,15000
1787310421134,50000,0,0,375,15000
1787310421234,50000,0,0,375,15000
1787310421334,50000,0,0,375,15000
1787310421434,50000,0,0,375,15000
1787310421534,50000,0,0,375,15000
1787310421635,50000,0,0,375,15000
1787310421734,50000,0,0,375,15000
1787310421834,50000,0,0,375,15000
1787310421934,50000,0,0,375,15000
1787310422034,50000,0,0,375,15000
1787310422134,50000,0,0,375,15000
1787310422234,50000,0,0,375,15000
1787310422334,50000,0,0,375,15000
1787310422434,50000,0,0,375,15000
1787310422534,50000,0,0,375,15000
1787310422634,50000,0,0,375,15000
1787310422734,50000,0,0,375,15000
1787310422835,50000,0,0,375,15000
1787310422934,50000,0,0,375,15000
1787310423034,50000,0,0,375,15000
1787310423134,50000,0,0,375,15000
1787310423234,50000,0,0,375,15000
1787310423335,50000,0,0,375,15000
1787310423434,50000,0,0,375,15000
1787310423534,50000,0,0,375,15000
1787310423634,50000,0,0,375,15000
1787310423734,50000,0,0,375,15000
1787310423835,50000,0,0,375,15000
1787310423934,50000,0,0,375,15000
1787310424034,50000,0,0,375,15000
1787310424134,50000,0,0,375,15000
1787310424234,50000,0,0,375,15000
1787310424334,50000,0,0,375,15000
1787310424434,50000,0,0,375,15000
1787310424534,50000,0,0,375,15000
1787310424635,50000,0,0,375,15000
1787310424734,50000,0,0,375,15000
1787310424834,50000,0,0,375,15000
1787310424934,50000,0,0,375,15000
1787310425035,50000,0,0,375,15000
1787310425134,50000,0,0,375,15000
1787310425234,50000,0,0,375,15000
1787310425334,50000,0,0,375,15000
1787310425434,50000,0,0,375,15000
1787310425535,50000,0,0,375,15000
1787310425634,50000,0,0,375,15000
1787310425735,50000,0,0,375,15000
1787310425834,50000,0,0,375,15000
1787310425934,50000,0,0,375,15000
1787310426034,50000,0,0,375,15000
1787310426135,50000,0,0,375,15000
1787310426234,50000,0,0,375,15000
1787310426334,50000,0,0,375,15000
1787310426434,50000,0,0,375,15000
1787310426534,50000,0,0,375,15000
1787310426635,50000,0,0,375,15000
1787310426735,50000,0,0,375,15000
1787310426834,50000,0,0,375,15000
1787310426935,50000,0,0,375,15000
1787310427034,50000,0,0,375,15000
1787310427134,50000,0,0,375,15000
1787310427234,50000,0,0,375,15000
1787310427334,50000,0,0,375,15000
1787310427435,50000,0,0,375,15000
1787310427534,50000,0,0,375,15000
1787310427635,50000,0,0,375,15000
1787310427734,50000,0,0,375,15000
1787310427834,50000,0,0,375,15000
1787310427935,50000,0,0,375,15000
1787310428035,50000,0,0,375,15000
1787310428135,50000,0,0,375,15000
1787310428235,50000,0,0,375,15000
1787310428334,50000,0,0,375,15000
1787310428434,50000,0,0,375,15000
1787310428534,50000,0,0,375,15000
1787310428634,50000,0,0,375,15000
1787310428734,50000,0,0,375,15000
1787310428834,50000,0,0,375,15000
1787310428934,50000,0,0,375,15000
1787310429034,50000,0,0,375,15000
1787310429134,50000,0,0,375,15000
1787310429234,50000,0,0,375,15000
1787310429334,50000,0,0,375,15000
1787310429434,50000,0,0,375,15000
1787310429534,50000,0,0,375,15000
1787310429634,50000,0,0,375,15000
1787310429734,50000,0,0,375,15000
1787310429835,50000,0,0,375,15000
1787310429934,50000,0,0,375,15000
1787310430034,50000,0,0,375,15000
1787310430134,50000,0,0,375,15000
1787310430234,50000,0,0,375,15000
1787310430334,50000,0,0,375,15000
1787310430434,50000,0,0,375,15000
1787310430534,50000,0,0,375,15000
1787310430634,50000,0,0,375,15000
1787310430734,50000,0,0,375,15000
1787310430834,50000,0,0,375,15000
1787310430934,50000,0,0,375,15000
1787310431034,50000,0,0,375,15000
1787310431134,50000,0,0,375,15000
1787310431234,50000,0,0,375,15000
1787310431335,50000,0,0,375,15000
1787310431434,50000,0,0,375,15000
1787310431534,50000,0,0,375,15000
1787310431634,50000,0,0,375,15000
1787310431735,50000,0,0,375,15000
1787310431834,50000,0,0,375,15000
1787310431934,50000,0,0,375,15000
1787310432034,50000,0,0,375,15000
1787310432134,50000,0,0,375,15000
1787310432234,50000,0,0,375,15000
1787310432334,50000,0,0,375,15000
1787310432434,50000,0,0,375,15000
1787310432534,50000,0,0,375,15000
1787310432634,50000,0,0,375,15000
1787310432734,50000,0,0,375,15000
1787310432834,50000,0,0,375,15000
1787310432934,50000,0,0,375,15000
1787310433034,50000,0,0,375,15000
1787310433134,50000,0,0,375,15000
1787310433234,50000,0,0,375,15000
1787310433334,50000,0,0,375,15000
1787310433434,50000,0,0,375,15000
1787310433535,50000,0,0,375,15000
1787310433634,50000,0,0,375,15000
1787310433734,50000,0,0,375,15000
1787310433834,50000,0,0,375,15000
1787310433934,50000,0,0,375,15000
1787310434035,50000,0,0,375,15000
1787310434135,50000,0,0,375,15000
1787310434234,50000,0,0,375,15000
1787310434334,50000,0,0,375,15000
1787310434434,50000,0,0,375,15000
1787310434534,50000,0,0,375,15000
1787310434634,50000,0,0,375,15000
1787310434735,50000,0,0,375,15000
1787310434834,50000,0,0,375,15000
1787310434934,50000,0,0,375,15000
1787310435034,50000,0,0,375,15000
1787310435134,50000,0,0,375,15000
1787310435234,50000,0,0,375,15000
1787310435334,50000,0,0,375,15000
1787310435435,50000,0,0,375,15000
1787310435535,50000,0,0,375,15000
1787310435634,50000,0,0,375,15000
1787310435735,50000,0,0,375,15000
1787310435834,50000,0,0,375,15000
1787310435934,50000,0,0,375,15000
1787310436034,50000,0,0,375,15000
1787310436134,50000,0,0,375,15000
1787310436234,50000,0,0,375,15000
1787310436334,50000,0,0,375,15000
1787310436434,50000,0,0,375,15000
1787310436534,50000,0,0,375,15000
1787310436634,50000,0,0,375,15000
1787310436734,50000,0,0,375,15000
1787310436834,50000,0,0,375,15000
1787310436934,50000,0,0,375,15000
1787310437034,50000,0,0,375,15000
1787310437134,50000,0,0,375,15000
1787310437235,50000,0,0,375,15000
1787310437334,50000,0,0,375,15000
1787310437434,50000,0,0,375,15000
1787310437534,50000,0,0,375,15000
1787310437634,50000,0,0,375,15000
1787310437734,50000,0,0,375,15000
1787310437834,50000,0,0,375,15000
1787310437934,50000,0,0,375,15000
1787310438035,50000,0,0,375,15000
1787310438134,50000,0,0,375,15000
1787310438234,50000,0,0,375,15000
1787310438334,50000,0,0,375,15000
1787310438434,50000,0,0,375,15000
1787310438534,50000,0,0,375,15000
1787310438634,50000,0,0,375,15000
1787310438734,50000,0,0,375,15000
1787310438834,50000,0,0,375,15000
1787310438934,50000,0,0,375,15000
1787310439034,50000,0,0,375,15000
1787310439134,50000,0,0,375,15000
1787310439234,50000,0,0,375,15000
1787310439334,50000,0,0,375,15000
1787310439434,50000,0,0,376,15000
1787310439534,50000,0,0,376,15000
1787310439634,50000,0,0,376,15000
1787310439734,50000,0,0,376,15000
1787310439834,50000,0,0,376,15000
1787310439934,50000,0,0,376,15000
1787310440034,50000,0,0,376,15000
1787310440134,50000,0,0,376,15000
1787310440234,50000,0,0,376,15000
1787310440334,50000,0,0,376,15000
1787310440434,50000,0,0,376,15000
1787310440535,50000,0,0,376,15000
1787310440634,50000,0,0,376,15000
1787310440734,50000,0,0,376,15000
1787310440834,50000,0,0,376,15000
1787310440934,50000,0,0,376,15000
1787310441034,50000,0,0,376,15000
1787310441134,50000,0,0,376,15000
1787310441234,50000,0,0,376,15000
1787310441334,50000,0,0,376,15000
1787310441434,50000,0,0,376,15000
1787310441534,50000,0,0,376,15000
1787310441634,50000,0,0,376,15000
1787310441734,50000,0,0,376,15000
1787310441834,50000,0,0,376,15000
1787310441934,50000,0,0,376,15000
1787310442034,50000,0,0,376,15000
1787310442134,50000,0,0,376,15000
1787310442235,50000,0,0,376,15000
1787310442334,50000,0,0,376,15000
1787310442434,50000,0,0,376,15000
1787310442534,50000,0,0,376,15000
1787310442635,50000,0,0,376,15000
1787310442734,50000,0,0,376,15000
1787310442834,50000,0,0,376,15000
1787310442934,50000,0,0,376,15000
1787310443034,50000,0,0,376,15000
1787310443134,50000,0,0,376,15000
1787310443235,50000,0,0,376,15000
1787310443334,50000,0,0,376,15000
1787310443435,50000,0,0,376,15000
1787310443535,50000,0,0,376,15000
1787310443634,50000,0,0,376,15000
1787310443734,50000,0,0,376,15000
1787310443835,50000,0,0,376,15000
1787310443934,50000,0,0,376,15000
1787310444034,50000,0,0,376,15000
1787310444134,50000,0,0,376,15000
1787310444234,50000,0,0,376,15000
1787310444334,50000,0,0,376,15000
1787310444434,50000,0,0,376,15000
1787310444535,50000,0,0,376,15000
1787310444634,50000,0,0,376,15000
1787310444734,50000,0,0,376,15000
1787310444834,50000,0,0,376,15000
1787310444934,50000,0,0,376,15000
1787310445034,50000,0,0,376,15000
1787310445135,50000,0,0,376,15000
1787310445234,50000,0,0,376,15000
1787310445335,50000,0,0,376,15000
1787310445434,50000,0,0,376,15000
1787310445534,50000,0,0,376,15000
1787310445634,50000,0,0,376,15000
1787310445734,50000,0,0,376,15000
1787310445834,50000,0,0,376,15000
1787310445935,50000,0,0,376,15000
1787310446034,50000,0,0,376,15000
1787310446135,50000,0,0,376,15000
1787310446234,50000,0,0,376,15000
1787310446334,50000,0,0,376,15000
1787310446434,50000,0,0,376,15000
1787310446535,50000,0,0,376,15000
1787310446634,50000,0,0,376,15000
1787310446734,50000,0,0,376,15000
1787310446834,49970,1578,0,376,15000
1787310446934,49970,1578,0,376,15000
1787310447034,49970,1578,0,376,15000
1787310447134,49970,1578,0,376,15000
1787310447234,49970,1578,0,376,15000
1787310447334,49970,1578,700,376,15000
1787310447435,49970,1578,700,376,15000
1787310447534,49970,1578,700,376,15000
1787310447634,49970,1578,700,376,15000
1787310447734,49970,1578,700,376,15000
1787310447835,49970,1578,700,376,15000
1787310447934,49970,1578,1500,376,15000
1787310448034,49970,1578,1500,376,15000
1787310448134,49970,1578,1500,376,15000
1787310448234,49970,1578,1500,376,15000
1787310448335,49970,1578,1500,376,15000
1787310448434,49970,1578,1500,376,15000
1787310448534,49970,1578,1500,376,15000
1787310448634,49970,1578,1500,376,15000
1787310448735,49970,1578,1500,376,15000
1787310448834,49970,1578,1500,376,15000
1787310448934,49970,1578,1500,376,15000
1787310449034,49970,1578,1500,376,15000
1787310449134,49970,1578,1500,376,15000
1787310449234,49970,1578,1500,376,15000
1787310449334,49970,1578,1500,376,15000
1787310449435,49970,1578,1500,376,15000
1787310449534,49970,1578,1500,376,15000
1787310449634,49970,1578,1500,376,15000
1787310449734,49970,1578,1500,376,15000
1787310449834,49970,1578,1500,376,15000
1787310449934,49970,1578,1500,376,15000
1787310450034,49970,1578,1500,376,15000
1787310450134,49970,1578,1500,376,15000
1787310450234,49970,1578,1500,376,15000
1787310450334,49970,1578,1500,376,15000
1787310450434,49970,1578,1500,376,15000
1787310450535,49970,1578,1500,376,15000
1787310450634,49970,1578,1500,376,15000
1787310450734,49970,1578,1500,376,15000
1787310450834,49970,1578,1500,376,15000
1787310450934,49970,1578,1500,376,15000
1787310451034,49970,1578,1500,376,15000
1787310451134,49970,1578,1500,376,15000
1787310451234,49970,1578,1500,376,15000
1787310451334,49970,1578,1500,376,15000
1787310451435,49970,1578,1500,376,15000
1787310451534,49970,1578,1500,376,15000
1787310451634,49970,1578,1500,376,15000
1787310451735,49970,1578,1500,376,15000
1787310451835,49970,1578,1500,376,15000
1787310451934,49970,1578,1500,376,15000
1787310452034,49970,1578,1500,376,15000
1787310452134,49970,1578,1500,376,15000
1787310452234,49970,1578,1500,376,15000
1787310452334,49970,1578,1500,376,15000
1787310452435,49970,1578,1500,376,15000
1787310452535,49970,1578,1500,376,15000
1787310452634,49970,1578,1500,376,15000
1787310452734,49970,1578,1500,376,15000
1787310452835,49970,1578,1500,376,15000
1787310452935,49970,1578,1500,376,15000
1787310453034,49970,1578,1500,376,15000
1787310453134,49970,1578,1500,376,15000
1787310453235,49970,1578,1500,376,15000
1787310453334,49970,1578,1500,376,15000
1787310453435,49970,1578,1500,376,15000
1787310453535,49970,1578,1500,376,15000
1787310453634,49970,1578,1500,376,15000
1787310453735,49970,1578,1500,376,15000
1787310453834,49970,1578,1500,376,15000
1787310453934,49970,1578,1500,376,15000
1787310454034,49970,1578,1500,376,15000
1787310454135,49970,1578,1500,376,15000
1787310454234,49970,1578,1500,376,15000
1787310454334,49970,1578,1500,376,15000
1787310454434,49970,1578,1500,376,15000
1787310454535,49970,1578,1500,376,15000
1787310454634,49970,1578,1500,376,15000
1787310454734,49970,1578,1500,376,15000
1787310454835,49970,1578,1500,376,15000
1787310454934,49970,1578,1500,376,15000
1787310455034,49970,1578,1500,376,15000
1787310455134,49970,1578,1500,376,15000
1787310455234,49970,1578,1500,376,15000
1787310455334,49970,1578,1500,376,15000
1787310455435,49970,1578,1500,376,15000
1787310455534,49970,1578,1500,376,15000
1787310455635,49970,1578,1500,376,15000
1787310455734,49970,1578,1500,376,15000
1787310455834,49970,1578,1500,376,15000
1787310455934,49970,1578,1500,376,15000
1787310456034,49970,1578,1500,376,15000
1787310456134,49970,1578,1500,376,15000
1787310456235,49970,1578,1500,376,15000
1787310456334,49970,1578,1500,376,15000
1787310456434,49970,1578,1500,376,15000
1787310456534,49970,1578,1500,376,15000
1787310456634,49970,1578,1500,376,15000
1787310456734,49970,1578,1500,376,15000
1787310456834,49970,1578,1500,376,15000
1787310456934,49970,1578,1500,376,15000
1787310457034,49970,1578,1500,376,15000
1787310457134,49970,1578,1500,376,15000
1787310457234,49970,1578,1500,376,15000
1787310457335,49970,1578,1500,376,15000
1787310457434,49970,1578,1500,376,15000
1787310457534,49970,1578,1500,376,15000
1787310457634,49970,1578,1500,376,15000
1787310457734,49970,1578,1500,376,15000
1787310457834,49970,1578,1500,376,15000
1787310457934,49970,1578,1500,376,15000
1787310458034,49970,1578,1500,376,15000
1787310458134,49970,1578,1500,376,15000
1787310458234,49970,1578,1500,376,15000
1787310458334,49970,1578,1500,376,15000
1787310458434,49970,1578,1500,376,15000
1787310458534,49970,1578,1500,376,15000
1787310458635,49970,1578,1500,376,15000
1787310458734,49970,1578,1500,376,15000
1787310458834,49970,1578,1500,376,15000
1787310458934,49970,1578,1500,376,15000
1787310459034,49970,1578,1500,376,15000
1787310459134,49970,1578,1500,376,15000
1787310459234,49970,1578,1500,376,15000
1787310459334,49970,1578,1500,376,15000
1787310459434,49970,1578,1500,376,15000
1787310459535,49970,1578,1500,376,15000
1787310459634,49970,1578,1500,376,15000
1787310459734,49970,1578,1500,376,15000
1787310459834,49970,1578,1500,376,15000
1787310459935,49970,1578,1500,376,15000
1787310460034,49970,1578,1500,376,15000
1787310460134,49970,1578,1500,376,15000
1787310460234,49970,1578,1500,376,15000
1787310460334,49970,1578,1500,376,15000
1787310460434,49970,1578,1500,376,15000
1787310460534,49970,1578,1500,376,15000
1787310460635,49970,1578,1500,376,15000
1787310460734,49970,1578,1500,376,15000
1787310460834,49970,1578,1500,376,15000
1787310460934,49970,1578,1500,376,15000
1787310461034,49970,1578,1500,376,15000
1787310461134,49970,1578,1500,376,15000
1787310461234,49970,1578,1500,376,15000
1787310461334,49970,1578,1500,376,15000
1787310461434,49970,1578,1500,376,15000
1787310461534,49970,1578,1500,376,15000
1787310461634,49970,1578,1500,376,15000
1787310461734,49970,1578,1500,376,15000
1787310461834,49970,1578,1500,376,15000
1787310461934,49970,1578,1500,376,15000
1787310462034,49970,1578,1500,376,15000
1787310462134,49970,1578,1500,376,15000
1787310462234,49970,1578,1500,376,15000
1787310462334,49970,1578,1500,376,15000
1787310462434,49970,1578,1500,376,15000
1787310462534,49970,1578,1500,376,15000
1787310462634,49970,1578,1500,376,15000
1787310462734,49970,1578,1500,376,15000
1787310462834,49970,1578,1500,376,15000
1787310462934,49970,1578,1500,376,15000
1787310463034,49970,1578,1500,376,15000
1787310463134,49970,1578,1500,376,15000
1787310463234,49970,1578,1500,376,15000
1787310463334,49970,1578,1500,376,15000
1787310463434,49970,1578,1500,376,15000
1787310463535,49970,1578,1500,376,15000
1787310463635,49970,1578,1500,376,15000
1787310463734,49970,1578,1500,376,15000
1787310463834,49970,1578,1500,376,15000
1787310463934,49970,1578,1500,376,15000
1787310464034,49970,1578,1500,376,15000
1787310464135,49970,1578,1500,376,15000
1787310464235,49970,1578,1500,376,15000
1787310464334,49970,1578,1500,376,15000
1787310464435,49970,1578,1500,376,15000
1787310464534,49970,1578,1500,376,15000
1787310464635,49970,1578,1500,376,15000
1787310464735,49970,1578,1500,376,15000
1787310464835,49970,1578,1500,376,15000
1787310464934,49970,1578,1500,376,15000
1787310465034,49970,1578,1500,376,15000
1787310465134,49970,1578,1500,376,15000
1787310465234,49970,1578,1500,376,15000
1787310465334,49970,1578,1500,376,15000
1787310465434,49970,1578,1500,376,15000
1787310465535,49970,1578,1500,376,15000
1787310465634,49970,1578,1500,376,15000
1787310465734,49970,1578,1500,376,15000
1787310465835,49970,1578,1500,376,15000
1787310465934,49970,1578,1500,376,15000
1787310466034,49970,1578,1500,376,15000
1787310466135,49970,1578,1500,376,15000
1787310466234,49970,1578,1500,376,15000
1787310466334,49970,1578,1500,376,15000
1787310466434,49970,1578,1500,376,15000
1787310466534,49970,1578,1500,376,15000
1787310466634,49970,1578,1500,376,15000
1787310466734,49970,1578,1500,376,15000
1787310466834,49970,1578,1500,376,15000
1787310466934,49970,1578,1500,376,15000
1787310467034,49970,1578,1500,376,15000
1787310467134,49970,1578,1500,376,15000
1787310467234,49970,1578,1500,376,15000
1787310467334,49970,1578,1500,376,15000
1787310467434,49970,1578,1500,376,15000
1787310467534,49970,1578,1500,376,15000
1787310467634,49970,1578,1500,376,15000
1787310467734,49970,1578,1500,376,15000
1787310467834,49970,1578,1500,376,15000
1787310467934,49970,1578,1500,376,15000
1787310468034,49970,1578,1500,376,15000
1787310468134,49970,1578,1500,376,15000
1787310468234,49970,1578,1500,376,15000
1787310468334,49970,1578,1500,376,15000
1787310468434,49970,1578,1500,376,15000
1787310468534,49970,1578,1500,376,15000
1787310468634,49970,1578,1500,376,15000
1787310468734,49970,1578,1500,376,15000
1787310468834,49970,1578,1500,376,15000
1787310468934,49970,1578,1500,376,15000
1787310469034,49970,1578,1500,376,15000
1787310469134,49970,1578,1500,376,15000
1787310469234,49970,1578,1500,376,15000
1787310469334,49970,1578,1500,376,15000
1787310469434,49970,1578,1500,376,15000
1787310469534,49970,1578,1500,376,15000
1787310469635,49970,1578,1500,376,15000
1787310469734,49970,1578,1500,376,15000
1787310469835,49970,1578,1500,376,15000
1787310469934,49970,1578,1500,376,15000
1787310470035,49970,1578,1500,376,15000
1787310470134,49970,1578,1500,376,15000
1787310470234,49970,1578,1500,376,15000
1787310470334,49970,1578,1500,376,15000
1787310470434,49970,1578,1500,376,15000
1787310470534,49970,1578,1500,376,15000
1787310470634,49970,1578,1500,376,15000
1787310470734,49970,1578,1500,376,15000
1787310470834,49970,1578,1500,376,15000
1787310470934,49970,1578,1500,376,15000
1787310471034,49970,1578,1500,376,15000
1787310471134,49970,1578,1500,376,15000
1787310471234,49970,1578,1500,376,15000
1787310471334,49970,1578,1500,376,15000
1787310471434,49970,1578,1500,376,15000
1787310471535,49970,1578,1500,376,15000
1787310471634,49970,1578,1500,376,15000
1787310471734,49970,1578,1500,376,15000
1787310471834,49970,1578,1500,376,15000
1787310471934,49970,1578,1500,376,15000
1787310472034,49970,1578,1500,376,15000
1787310472134,49970,1578,1500,376,15000
1787310472234,49970,1578,1500,376,15000
1787310472334,49970,1578,1500,376,15000
1787310472434,49970,1578,1500,376,15000
1787310472534,49970,1578,1500,376,15000
1787310472634,49970,1578,1500,376,15000
1787310472734,49970,1578,1500,376,15000
1787310472834,49970,1578,1500,376,15000
1787310472934,49970,1578,1500,376,15000
1787310473035,49970,1578,1500,376,15000
1787310473134,49970,1578,1500,376,15000
1787310473234,49970,1578,1500,376,15000
1787310473334,49970,1578,1500,376,15000
1787310473434,49970,1578,1500,376,15000
1787310473534,49970,1578,1500,376,15000
1787310473634,49970,1578,1500,376,15000
1787310473734,49970,1578,1500,376,15000
1787310473834,49970,1578,1500,376,15000
1787310473934,49970,1578,1500,376,15000
1787310474034,49970,1578,1500,376,15000
1787310474134,49970,1578,1500,376,15000
1787310474234,49970,1578,1500,376,15000
1787310474334,49970,1578,1500,376,15000
1787310474434,49970,1578,1500,376,15000
1787310474535,49970,1578,1500,376,15000
1787310474635,49970,1578,1500,376,15000
1787310474735,49970,1578,1500,376,15000
1787310474834,49970,1578,1500,376,15000
1787310474934,49970,1578,1500,376,15000
1787310475034,49970,1578,1500,376,15000
1787310475135,49970,1578,1500,376,15000
1787310475234,49970,1578,1500,376,15000
1787310475334,49970,1578,1500,376,15000
1787310475434,49970,1578,1500,376,15000
1787310475534,49970,1578,1500,376,15000
1787310475634,49970,1578,1500,376,15000
1787310475734,49970,1578,1500,376,15000
1787310475834,49970,1578,1500,376,15000
1787310475935,49970,1578,1500,376,15000
1787310476034,49970,1578,1500,376,15000
1787310476134,49970,1578,1500,376,15000
1787310476235,49970,1578,1500,376,15000
1787310476335,49970,1578,1500,376,15000
1787310476435,49970,1578,1500,376,15000
1787310476534,49970,1578,1500,376,15000
1787310476634,49970,1578,1500,376,15000
1787310476734,49970,1578,1500,376,15000
1787310476834,49970,1578,1500,376,15000
1787310476934,49970,1578,1500,376,15000
1787310477034,49970,1578,1500,376,15000
1787310477134,49970,1578,1500,376,15000
1787310477234,49970,1578,1500,376,15000
1787310477335,49970,1578,1500,376,15000
1787310477434,49970,1578,1500,376,15000
1787310477535,49970,1578,1500,376,15000
1787310477635,49970,1578,1500,376,15000
1787310477734,49970,1578,1500,376,15000
1787310477834,49970,1578,1500,376,15000
1787310477934,49970,1578,1500,376,15000
1787310478034,49970,1578,1500,376,15000
1787310478134,49970,1578,1500,376,15000
1787310478234,49970,1578,1500,376,15000
1787310478334,49970,1578,1500,376,15000
1787310478434,49970,1578,1500,376,15000
1787310478534,49970,1578,1500,376,15000
1787310478634,49970,1578,1500,376,15000
1787310478734,49970,1578,1500,376,15000
1787310478834,49970,1578,1500,376,15000
1787310478934,49970,1578,1500,376,15000
1787310479034,49970,1578,1500,376,15000
1787310479134,49970,1578,1500,376,15000
1787310479235,49970,1578,1500,376,15000
1787310479334,49970,1578,1500,376,15000
1787310479434,49970,1578,1500,376,15000
1787310479534,49970,1578,1500,376,15000
1787310479634,49970,1578,1500,376,15000
1787310479735,49970,1578,1500,376,15000
1787310479834,49970,1578,1500,376,15000
1787310479934,49970,1578,1500,376,15000
1787310480034,49970,1578,1500,376,15000
1787310480134,49970,1578,1500,376,15000
1787310480235,49970,1578,1500,376,15000
1787310480334,49970,1578,1500,376,15000
1787310480434,49970,1578,1500,376,15000
1787310480534,49970,1578,1500,376,15000
1787310480634,49970,1578,1500,376,15000
1787310480734,49970,1578,1500,376,15000
1787310480834,49970,1578,1500,376,15000
1787310480934,49970,1578,1500,376,15000
1787310481035,49970,1578,1500,376,15000
1787310481134,49970,1578,1500,376,15000
1787310481234,49970,1578,1500,376,15000
1787310481334,49970,1578,1500,376,15000
1787310481434,49970,1578,1500,376,15000
1787310481534,49970,1578,1500,376,15000
1787310481634,49970,1578,1500,376,15000
1787310481734,49970,1578,1500,376,15000
1787310481834,49970,1578,1500,376,15000
1787310481935,49970,1578,1500,376,15000
1787310482034,49970,1578,1500,376,15000
1787310482134,49970,1578,1500,376,15000
1787310482235,49970,1578,1500,376,15000
1787310482335,49970,1578,1500,376,15000
1787310482434,49970,1578,1500,376,15000
1787310482534,49970,1578,1500,376,15000
1787310482634,49970,1578,1500,376,15000
1787310482734,49970,1578,1500,376,15000
1787310482834,49970,1578,1500,376,15000
1787310482934,49970,1578,1500,376,15000
1787310483034,49970,1578,1500,376,15000
1787310483134,49970,1578,1500,376,15000
1787310483234,49970,1578,1500,376,15000
1787310483334,49970,1578,1500,376,15000
1787310483434,49970,1578,1500,376,15000
1787310483534,49970,1578,1500,376,15000
1787310483634,49970,1578,1500,376,15000
1787310483734,49970,1578,1500,376,15000
1787310483834,49970,1578,1500,376,15000
1787310483934,49970,1578,1500,376,15000
1787310484034,49970,1578,1500,376,15000
1787310484134,49970,1578,1500,376,15000
1787310484234,49970,1578,1500,376,15000
1787310484335,49970,1578,1500,376,15000
1787310484434,49970,1578,1500,376,15000
1787310484534,49970,1578,1500,376,15000
1787310484634,49970,1578,1500,376,15000
1787310484734,49970,1578,1500,376,15000
1787310484834,49970,1578,1500,376,15000
1787310484934,49970,1578,1500,376,15000
1787310485034,49970,1578,1500,376,15000
1787310485134,49970,1578,1500,376,15000
1787310485235,49970,1578,1500,376,15000
1787310485335,49970,1578,1500,376,15000
1787310485434,49970,1578,1500,376,15000
1787310485534,49970,1578,1500,376,15000
1787310485634,49970,1578,1500,376,15000
1787310485734,49970,1578,1500,376,15000
1787310485834,49970,1578,1500,376,15000
1787310485934,49970,1578,1500,376,15000
1787310486034,49970,1578,1500,376,15000
1787310486135,49970,1578,1500,376,15000
1787310486235,49970,1578,1500,376,15000
1787310486334,49970,1578,1500,376,15000
1787310486434,49970,1578,1500,376,15000
1787310486534,49970,1578,1500,376,15000
1787310486635,49970,1578,1500,376,15000
1787310486734,49970,1578,1500,376,15000
1787310486834,49970,1578,1500,376,15000
1787310486934,49970,1578,1500,376,15000
1787310487034,49970,1578,1500,376,15000
1787310487135,49970,1578,1500,376,15000
1787310487234,49970,1578,1500,376,15000
1787310487335,49970,1578,1500,376,15000
1787310487434,49970,1578,1500,376,15000
1787310487534,49970,1578,1500,376,15000
1787310487634,49970,1578,1500,376,15000
1787310487734,49970,1578,1500,376,15000
1787310487834,49970,1578,1500,376,15000
1787310487934,49970,1578,1500,376,15000
1787310488034,49970,1578,1500,376,15000
1787310488135,49970,1578,1500,376,15000
1787310488235,49970,1578,1500,376,15000
1787310488334,49970,1578,1500,376,15000
1787310488434,49970,1578,1500,376,15000
1787310488534,49970,1578,1500,376,15000
1787310488635,49970,1578,1500,376,15000
1787310488734,49970,1578,1500,376,15000
1787310488834,49970,1578,1500,376,15000
1787310488934,49970,1578,1500,376,15000
1787310489034,49970,1578,1500,376,15000
1787310489135,49970,1578,1500,376,15000
1787310489234,49970,1578,1500,376,15000
1787310489334,49970,1578,1500,376,15000
1787310489434,49970,1578,1500,376,15000
1787310489534,49970,1578,1500,376,15000
1787310489634,49970,1578,1500,376,15000
1787310489734,49970,1578,1500,376,15000
1787310489834,49970,1578,1500,376,15000
1787310489934,49970,1578,1500,376,15000
1787310490034,49970,1578,1500,376,15000
1787310490134,49970,1578,1500,376,15000
1787310490234,49970,1578,1500,376,15000
1787310490335,49970,1578,1500,376,15000
1787310490434,49970,1578,1500,376,15000
1787310490534,49970,1578,1500,376,15000
1787310490634,49970,1578,1500,376,15000
1787310490734,49970,1578,1500,376,15000
1787310490834,49970,1578,1500,376,15000
1787310490934,49970,1578,1500,376,15000
1787310491034,49970,1578,1500,376,15000
1787310491134,49970,1578,1500,376,15000
1787310491234,49970,1578,1500,376,15000
1787310491334,49970,1578,1500,376,15000
1787310491435,49970,1578,1500,376,15000
1787310491534,49970,1578,1500,376,15000
1787310491634,49970,1578,1500,376,15000
1787310491735,49970,1578,1500,376,15000
1787310491835,49970,1578,1500,376,15000
1787310491934,49970,1578,1500,376,15000
1787310492034,49970,1578,1500,376,15000
1787310492134,49970,1578,1500,376,15000
1787310492234,49970,1578,1500,376,15000
1787310492335,49970,1578,1500,376,15000
1787310492434,49970,1578,1500,376,15000
1787310492534,49970,1578,1500,376,15000
1787310492634,49970,1578,1500,376,15000
1787310492735,49970,1578,1500,376,15000
1787310492835,49970,1578,1500,376,15000
1787310492934,49970,1578,1500,376,15000
1787310493034,49970,1578,1500,376,15000
1787310493134,49970,1578,1500,376,15000
1787310493234,49970,1578,1500,376,15000
1787310493334,49970,1578,1500,376,15000
1787310493435,49970,1578,1500,376,15000
1787310493534,49970,1578,1500,376,15000
1787310493634,49970,1578,1500,376,15000
1787310493735,49970,1578,1500,376,15000
1787310493834,49970,1578,1500,376,15000
1787310493935,49970,1578,1500,376,15000
1787310494034,49970,1578,1500,376,15000
1787310494134,49970,1578,1500,376,15000
1787310494235,49970,1578,1500,376,15000
1787310494334,49970,1578,1500,376,15000
1787310494434,49970,1578,1500,376,15000
1787310494534,49970,1578,1500,376,15000
1787310494635,49970,1578,1500,376,15000
1787310494734,49970,1578,1500,376,15000
1787310494834,49970,1578,1500,376,15000
1787310494934,49970,1578,1500,376,15000
1787310495034,49970,1578,1500,376,15000
1787310495134,49970,1578,1500,376,15000
1787310495234,49970,1578,1500,376,15000
1787310495334,49970,1578,1500,376,15000
1787310495434,49970,1578,1500,376,15000
1787310495534,49970,1578,1500,376,15000
1787310495635,49970,1578,1500,376,15000
1787310495734,49970,1578,1500,376,15000
1787310495835,49970,1578,1500,376,15000
1787310495934,49970,1578,1500,376,15000
1787310496034,49970,1578,1500,376,15000
1787310496134,49970,1578,1500,376,15000
1787310496234,49970,1578,1500,376,15000
1787310496334,49970,1578,1500,376,15000
1787310496434,49970,1578,1500,376,15000
1787310496534,49970,1578,1500,376,15000
1787310496635,49970,1578,1500,376,15000
1787310496734,49970,1578,1500,376,15000
1787310496834,49970,1578,1500,376,15000
1787310496934,49970,1578,1500,376,15000
1787310497034,49970,1578,1500,376,15000
1787310497134,49970,1578,1500,376,15000
1787310497235,49970,1578,1500,376,15000
1787310497335,49970,1578,1500,376,15000
1787310497434,49970,1578,1500,376,15000
1787310497534,49970,1578,1500,376,15000
1787310497634,49970,1578,1500,376,15000
1787310497735,49970,1578,1500,376,15000
1787310497834,49970,1578,1500,376,15000
1787310497934,49970,1578,1500,376,15000
1787310498034,49970,1578,1500,376,15000
1787310498134,49970,1578,1500,376,15000
1787310498234,49970,1578,1500,376,15000
1787310498335,49970,1578,1500,376,15000
1787310498434,49970,1578,1500,376,15000
1787310498534,49970,1578,1500,376,15000
1787310498634,49970,1578,1500,376,15000
1787310498734,49970,1578,1500,376,15000
1787310498834,49970,1578,1500,376,15000
1787310498934,49970,1578,1500,376,15000
1787310499034,49970,1578,1500,376,15000
1787310499134,49970,1578,1500,376,15000
1787310499234,49970,1578,1500,376,15000
1787310499334,49970,1578,1500,376,15000
1787310499435,49970,1578,1500,376,15000
1787310499534,49970,1578,1500,376,15000
1787310499634,49970,1578,1500,376,15000
1787310499734,49970,1578,1500,376,15000
1787310499834,49970,1578,1500,376,15000
1787310499934,49970,1578,1500,376,15000
1787310500034,49970,1578,1500,376,15000
1787310500134,49970,1578,1500,376,15000
1787310500234,49970,1578,1500,376,15000
1787310500334,49970,1578,1500,376,15000
1787310500434,49970,1578,1500,376,15000
1787310500534,49970,1578,1500,376,15000
1787310500634,49970,1578,1500,376,15000
1787310500734,49970,1578,1500,376,15000
1787310500834,49970,1578,1500,376,15000
1787310500934,49970,1578,1500,376,15000
1787310501034,49970,1578,1500,376,15000
1787310501134,49970,1578,1500,376,15000
1787310501234,49970,1578,1500,376,15000
1787310501334,49970,1578,1500,376,15000
1787310501434,49970,1578,1500,376,15000
1787310501535,49970,1578,1500,376,15000
1787310501634,49970,1578,1500,376,15000
1787310501734,49970,1578,1500,376,15000
1787310501834,49970,1578,1500,376,15000
1787310501934,49970,1578,1500,376,15000
1787310502034,49970,1578,1500,376,15000
1787310502134,49970,1578,1500,376,15000
1787310502234,49970,1578,1500,376,15000
1787310502334,49970,1578,1500,376,15000
1787310502434,49970,1578,1500,376,15000
1787310502534,49970,1578,1500,376,15000
1787310502634,49970,1578,1500,376,15000
1787310502734,49970,1578,1500,376,15000
1787310502834,49970,1578,1500,376,15000
1787310502934,49970,1578,1500,376,15000
1787310503035,49970,1578,1500,376,15000
1787310503135,49970,1578,1500,376,15000
1787310503234,49970,1578,1500,376,15000
1787310503334,49970,1578,1500,376,15000
1787310503435,49970,1578,1500,376,15000
1787310503534,49970,1578,1500,376,15000
1787310503634,49970,1578,1500,376,15000
1787310503734,49970,1578,1500,376,15000
1787310503835,49970,1578,1500,376,15000
1787310503934,49970,1578,1500,376,15000
1787310504034,49970,1578,1500,376,15000
1787310504134,49970,1578,1500,376,15000
1787310504234,49970,1578,1500,376,15000
1787310504335,49970,1578,1500,376,15000
1787310504435,49970,1578,1500,376,15000
1787310504534,49970,1578,1500,376,15000
1787310504635,49970,1578,1500,376,15000
1787310504734,49970,1578,1500,376,15000
1787310504834,49970,1578,1500,376,15000
1787310504934,49970,1578,1500,376,15000
1787310505034,49970,1578,1500,376,15000
1787310505134,49970,1578,1500,376,15000
1787310505234,49970,1578,1500,376,15000
1787310505334,49970,1578,1500,376,15000
1787310505434,49970,1578,1500,376,15000
1787310505534,49970,1578,1500,376,15000
1787310505635,49970,1578,1500,376,15000
1787310505734,49970,1578,1500,376,15000
1787310505835,49970,1578,1500,376,15000
1787310505934,49970,1578,1500,376,15000
1787310506034,49970,1578,1500,376,15000
1787310506134,49970,1578,1500,376,15000
1787310506235,49970,1578,1500,376,15000
1787310506334,49970,1578,1500,376,15000
1787310506434,49970,1578,1500,376,15000
1787310506534,49970,1578,1500,376,15000
1787310506634,49970,1578,1500,376,15000
1787310506734,49970,1578,1500,376,15000
1787310506834,49970,1578,1500,376,15000
1787310506935,49970,1578,1500,376,15000
1787310507034,49970,1578,1500,376,15000
1787310507134,49970,1578,1500,376,15000
1787310507234,49970,1578,1500,376,15000
1787310507334,49970,1578,1500,376,15000
1787310507435,49970,1578,1500,376,15000
1787310507534,49970,1578,1500,376,15000
1787310507634,49970,1578,1500,376,15000
1787310507734,49970,1578,1500,376,15000
1787310507835,49970,1578,1500,376,15000
1787310507934,49970,1578,1500,376,15000
1787310508034,49970,1578,1500,376,15000
1787310508134,49970,1578,1500,376,15000
1787310508235,49970,1578,1500,376,15000
1787310508334,49970,1578,1500,376,15000
1787310508434,49970,1578,1500,376,15000
1787310508534,49970,1578,1500,376,15000
1787310508634,49970,1578,1500,376,15000
1787310508734,49970,1578,1500,376,15000
1787310508834,49970,1578,1500,376,15000
1787310508935,49970,1578,1500,376,15000
1787310509034,49970,1578,1500,376,15000
1787310509135,49970,1578,1500,376,15000
1787310509234,49970,1578,1500,376,15000
1787310509334,49970,1578,1500,376,15000
1787310509435,49970,1578,1500,376,15000
1787310509534,49970,1578,1500,376,15000
1787310509634,49970,1578,1500,376,15000
1787310509734,49970,1578,1500,376,15000
1787310509834,49970,1578,1500,376,15000
1787310509935,49970,1578,1500,376,15000
1787310510034,49970,1578,1500,376,15000
1787310510134,49970,1578,1500,376,15000
1787310510235,49970,1578,1500,376,15000
1787310510334,49970,1578,1500,376,15000
1787310510435,49970,1578,1500,376,15000
1787310510534,49970,1578,1500,376,15000
1787310510634,49970,1578,1500,376,15000
1787310510734,49970,1578,1500,376,15000
1787310510834,49970,1578,1500,376,15000
1787310510934,49970,1578,1500,376,15000
1787310511034,49970,1578,1500,376,15000
1787310511134,49970,1578,1500,376,15000
1787310511235,49970,1578,1500,376,15000
1787310511334,49970,1578,1500,376,15000
1787310511435,49970,1578,1500,376,15000
1787310511534,49970,1578,1500,376,15000
1787310511634,49970,1578,1500,376,15000
1787310511734,49970,1578,1500,376,15000
1787310511834,49970,1578,1500,376,15000
1787310511934,49970,1578,1500,376,15000
1787310512035,49970,1578,1500,376,15000
1787310512134,49970,1578,1500,376,15000
1787310512234,49970,1578,1500,376,15000
1787310512334,49970,1578,1500,376,15000
1787310512434,49970,1578,1500,376,15000
1787310512534,49970,1578,1500,376,15000
1787310512634,49970,1578,1500,376,15000
1787310512734,49970,1578,1500,376,15000
1787310512834,49970,1578,1500,376,15000
1787310512934,49970,1578,1500,376,15000
1787310513034,49970,1578,1500,376,15000
1787310513135,49970,1578,1500,376,15000
1787310513234,49970,1578,1500,376,15000
1787310513334,49970,1578,1500,376,15000
1787310513435,49970,1578,1500,376,15000
1787310513534,49970,1578,1500,376,15000
1787310513634,49970,1578,1500,376,15000
1787310513734,49970,1578,1500,376,15000
1787310513834,49970,1578,1500,376,15000
1787310513934,49970,1578,1500,376,15000
1787310514034,49970,1578,1500,376,15000
1787310514135,49970,1578,1500,376,15000
1787310514234,49970,1578,1500,376,15000
1787310514334,49970,1578,1500,376,15000
1787310514434,49970,1578,1500,376,15000
1787310514534,49970,1578,1500,376,15000
1787310514634,49970,1578,1500,376,15000
1787310514735,49970,1578,1500,376,15000
1787310514834,49970,1578,1500,376,15000
1787310514934,49970,1578,1500,376,15000
1787310515034,49970,1578,1500,376,15000
1787310515134,49970,1578,1500,376,15000
1787310515234,49970,1578,1500,376,15000
1787310515334,49970,1578,1500,376,15000
1787310515435,49970,1578,1500,376,15000
1787310515534,49970,1578,1500,376,15000
1787310515634,49970,1578,1500,376,15000
1787310515734,49970,1578,1500,376,15000
1787310515834,49970,1578,1500,376,15000
1787310515934,49970,1578,1500,376,15000
1787310516034,49970,1578,1500,376,15000
1787310516134,49970,1578,1500,376,15000
1787310516234,49970,1578,1500,376,15000
1787310516334,49970,1578,1500,376,15000
1787310516434,49970,1578,1500,376,15000
1787310516534,49970,1578,1500,376,15000
1787310516634,49970,1578,1500,376,15000
1787310516734,49970,1578,1500,376,15000
1787310516834,49970,1578,1500,376,15000
1787310516934,49970,1578,1500,376,15000
1787310517035,49970,1578,1500,376,15000
1787310517134,49970,1578,1500,376,15000
1787310517234,49970,1578,1500,376,15000
1787310517334,49970,1578,1500,376,15000
1787310517434,49970,1578,1500,376,15000
1787310517534,49970,1578,1500,376,15000
1787310517634,49970,1578,1500,376,15000
1787310517734,49970,1578,1500,376,15000
1787310517834,49970,1578,1500,376,15000
1787310517934,49970,1578,1600,376,15000
1787310518034,49970,1578,1600,376,15000
1787310518134,49970,1578,1600,376,15000
1787310518234,49970,1578,1600,376,15000
1787310518334,49970,1578,1600,376,15000
1787310518434,49970,1578,1600,376,15000
1787310518534,49970,1578,1600,376,15000
1787310518634,49970,1578,1500,376,15000
1787310518734,49970,1578,1500,376,15000
1787310518834,49970,1578,1500,376,15000
1787310518934,49970,1578,1500,376,15000
1787310519034,49970,1578,1500,376,15000
1787310519134,49970,1578,1500,376,15000
1787310519234,49970,1578,1500,376,15000
1787310519335,49970,1578,1500,376,15000
1787310519434,49970,1578,1500,376,15000
1787310519534,49970,1578,1500,376,15000
1787310519634,49970,1578,1500,376,15000
1787310519734,49970,1578,1500,376,15000
1787310519834,49970,1578,1500,376,15000
1787310519934,49970,1578,1500,376,15000
1787310520034,49970,1578,1500,376,15000
1787310520134,49970,1578,1500,376,15000
1787310520234,49970,1578,1500,376,15000
1787310520334,49970,1578,1500,376,15000
1787310520434,49970,1578,1500,376,15000
1787310520535,49970,1578,1500,376,15000
1787310520634,49970,1578,1500,376,15000
1787310520734,49970,1578,1500,376,15000
1787310520835,49970,1578,1500,376,15000
1787310520934,49970,1578,1500,376,15000
1787310521034,49970,1578,1500,376,15000
1787310521134,49970,1578,1500,376,15000
1787310521234,49970,1578,1500,376,15000
1787310521334,49970,1578,1500,376,15000
1787310521434,49970,1578,1500,376,15000
1787310521534,49970,1578,1500,376,15000
1787310521634,49970,1578,1500,376,15000
1787310521735,49970,1578,1500,376,15000
1787310521834,49970,1578,1500,376,15000
1787310521934,49970,1578,1500,376,15000
1787310522034,49970,1578,1500,376,15000
1787310522134,49970,1578,1500,376,15000
1787310522234,49970,1578,1500,376,15000
1787310522334,49970,1578,1500,376,15000
1787310522434,49970,1578,1500,376,15000
1787310522534,49970,1578,1500,376,15000
1787310522634,49970,1578,1500,376,15000
1787310522734,49970,1578,1500,376,15000
1787310522834,49970,1578,1500,376,15000
1787310522934,49970,1578,1500,376,15000
1787310523035,49970,1578,1500,376,15000
1787310523134,49970,1578,1500,376,15000
1787310523234,49970,1578,1500,376,15000
1787310523334,49970,1578,1500,376,15000
1787310523435,49970,1578,1500,376,15000
1787310523534,49970,1578,1500,376,15000
1787310523634,49970,1578,1500,376,15000
1787310523734,49970,1578,1500,376,15000
1787310523834,49970,1578,1500,376,15000
1787310523935,49970,1578,1500,376,15000
1787310524034,49970,1578,1500,376,15000
1787310524134,49970,1578,1500,376,15000
1787310524234,49970,1578,1500,376,15000
1787310524334,49970,1578,1500,376,15000
1787310524434,49970,1578,1500,376,15000
1787310524534,49970,1578,1500,376,15000
1787310524635,49970,1578,1500,376,15000
1787310524734,49970,1578,1500,376,15000
1787310524835,49970,1578,1500,376,15000
1787310524934,49970,1578,1500,376,15000
1787310525034,49970,1578,1500,376,15000
1787310525134,49970,1578,1500,376,15000
1787310525234,49970,1578,1500,376,15000
1787310525334,49970,1578,1500,376,15000
1787310525434,49970,1578,1500,376,15000
1787310525534,49970,1578,1500,376,15000
1787310525634,49970,1578,1500,376,15000
1787310525735,49970,1578,1500,376,15000
1787310525834,49970,1578,1500,376,15000
1787310525934,49970,1578,1500,376,15000
1787310526035,49970,1578,1500,376,15000
1787310526135,49970,1578,1500,376,15000
1787310526234,49970,1578,1500,376,15000
1787310526334,49970,1578,1500,376,15000
1787310526434,49970,1578,1500,376,15000
1787310526534,49970,1578,1500,376,15000
1787310526634,49970,1578,1500,376,15000
1787310526734,49970,1578,1500,376,15000
1787310526834,49970,1578,1500,376,15000
1787310526935,49970,1578,1500,376,15000
1787310527034,49970,1578,1500,376,15000
1787310527134,49970,1578,1500,376,15000
1787310527235,49970,1578,1500,376,15000
1787310527334,49970,1578,1500,376,15000
1787310527434,49970,1578,1500,376,15000
1787310527535,49970,1578,1500,376,15000
1787310527635,49970,1578,1500,376,15000
1787310527734,49970,1578,1500,376,15000
1787310527834,49970,1578,1500,376,15000
1787310527934,49970,1578,1500,376,15000
1787310528034,49970,1578,1500,376,15000
1787310528134,49970,1578,1500,376,15000
1787310528234,49970,1578,1500,376,15000
1787310528334,49970,1578,1500,376,15000
1787310528434,49970,1578,1500,376,15000
1787310528535,49970,1578,1500,376,15000
1787310528634,49970,1578,1500,376,15000
1787310528735,49970,1578,1500,376,15000
1787310528834,49970,1578,1500,376,15000
1787310528934,49970,1578,1500,376,15000
1787310529034,49970,1578,1500,376,15000
1787310529135,49970,1578,1500,376,15000
1787310529234,49970,1578,1500,376,15000
1787310529334,49970,1578,1500,376,15000
1787310529434,49970,1578,1500,376,15000
1787310529535,49970,1578,1500,376,15000
1787310529634,49970,1578,1500,376,15000
1787310529734,49970,1578,1500,376,15000
1787310529834,49970,1578,1500,376,15000
1787310529934,49970,1578,1500,376,15000
1787310530034,49970,1578,1500,376,15000
1787310530134,49970,1578,1500,376,15000
1787310530234,49970,1578,1500,376,15000
1787310530334,49970,1578,1500,376,15000
1787310530434,49970,1578,1500,376,15000
1787310530535,49970,1578,1500,376,15000
1787310530634,49970,1578,1500,376,15000
1787310530734,49970,1578,1500,376,15000
1787310530834,49970,1578,1500,376,15000
1787310530934,49970,1578,1500,376,15000
1787310531034,49970,1578,1500,376,15000
1787310531134,49970,1578,1500,376,15000
1787310531234,49970,1578,1500,376,15000
1787310531335,49970,1578,1500,376,15000
1787310531434,49970,1578,1500,376,15000
1787310531534,49970,1578,1500,376,15000
1787310531635,49970,1578,1500,376,15000
1787310531734,49970,1578,1500,376,15000
1787310531834,49970,1578,1500,376,15000
1787310531934,49970,1578,1500,376,15000
1787310532034,49970,1578,1500,376,15000
1787310532134,49970,1578,1500,376,15000
1787310532235,49970,1578,1500,376,15000
1787310532334,49970,1578,1500,376,15000
1787310532434,49970,1578,1500,376,15000
1787310532534,49970,1578,1500,376,15000
1787310532634,49970,1578,1500,376,15000
1787310532734,49970,1578,1500,376,15000
1787310532835,49970,1578,1500,376,15000
1787310532935,49970,1578,1500,376,15000
1787310533034,49970,1578,1500,376,15000
1787310533134,49970,1578,1500,376,15000
1787310533234,49970,1578,1500,376,15000
1787310533334,49970,1578,1500,376,15000
1787310533434,49970,1578,1500,376,15000
1787310533534,49970,1578,1500,376,15000
1787310533634,49970,1578,1500,376,15000
1787310533734,49970,1578,1500,376,15000
1787310533834,49970,1578,1500,376,15000
1787310533934,49970,1578,1500,376,15000
1787310534035,49970,1578,1500,376,15000
1787310534134,49970,1578,1500,376,15000
1787310534234,49970,1578,1500,376,15000
1787310534334,49970,1578,1500,376,15000
1787310534435,49970,1578,1500,376,15000
1787310534534,49970,1578,1500,376,15000
1787310534635,49970,1578,1500,376,15000
1787310534734,49970,1578,1500,376,15000
1787310534834,49970,1578,1500,376,15000
1787310534934,49970,1578,1500,376,15000
1787310535034,49970,1578,1500,376,15000
1787310535134,49970,1578,1500,376,15000
1787310535234,49970,1578,1500,376,15000
1787310535335,49970,1578,1600,376,15000
1787310535434,49970,1578,1600,376,15000
1787310535534,49970,1578,1600,376,15000
1787310535634,49970,1578,1600,376,15000
1787310535734,49970,1578,1600,376,15000
1787310535834,49970,1578,1600,376,15000
1787310535934,49970,1578,1500,376,15000
1787310536034,49970,1578,1500,376,15000
1787310536134,49970,1578,1500,376,15000
1787310536234,49970,1578,1500,376,15000
1787310536334,49970,1578,1500,376,15000
1787310536434,49970,1578,1500,376,15000
1787310536534,49970,1578,1500,376,15000
1787310536635,49970,1578,1500,376,15000
1787310536735,49970,1578,1500,376,15000
1787310536834,49970,1578,1500,376,15000
1787310536934,49970,1578,1500,376,15000
1787310537034,49970,1578,1500,376,15000
1787310537134,49970,1578,1500,376,15000
1787310537235,49970,1578,1500,376,15000
1787310537334,49970,1578,1500,376,15000
1787310537435,49970,1578,1500,376,15000
1787310537534,49970,1578,1500,376,15000
1787310537634,49970,1578,1500,376,15000
1787310537735,49970,1578,1500,376,15000
1787310537834,49970,1578,1500,376,15000
1787310537934,49970,1578,1500,376,15000
1787310538034,49970,1578,1500,376,15000
1787310538134,49970,1578,1500,376,15000
1787310538234,49970,1578,1500,376,15000
1787310538335,49970,1578,1500,376,15000
1787310538435,49970,1578,1500,376,15000
1787310538534,49970,1578,1500,376,15000
1787310538635,49970,1578,1500,376,15000
1787310538734,49970,1578,1500,376,15000
1787310538835,49970,1578,1500,376,15000
1787310538934,49970,1578,1500,376,15000
1787310539034,49970,1578,1500,376,15000
1787310539134,49970,1578,1500,376,15000
1787310539234,49970,1578,1500,376,15000
1787310539334,49970,1578,1500,376,15000
1787310539434,49970,1578,1500,376,15000
1787310539535,49970,1578,1500,376,15000
1787310539635,49970,1578,1500,376,15000
1787310539734,49970,1578,1500,376,15000
1787310539834,49970,1578,1500,376,15000
1787310539935,49970,1578,1500,376,15000
1787310540034,49970,1578,1500,376,15000
1787310540134,49970,1578,1500,376,15000
1787310540234,49970,1578,1500,376,15000
1787310540334,49970,1578,1500,376,15000
1787310540435,49970,1578,1500,376,15000
1787310540534,49970,1578,1500,376,15000
1787310540635,49970,1578,1500,376,15000
1787310540734,49970,1578,1500,376,15000
1787310540834,49970,1578,1500,376,15000
1787310540934,49970,1578,1500,376,15000
1787310541034,49970,1578,1500,376,15000
1787310541134,49970,1578,1500,376,15000
1787310541234,49970,1578,1500,376,15000
1787310541334,49970,1578,1500,376,15000
1787310541434,49970,1578,1500,376,15000
1787310541534,49970,1578,1500,376,15000
1787310541634,49970,1578,1500,376,15000
1787310541734,49970,1578,1500,376,15000
1787310541834,49970,1578,1500,376,15000
1787310541934,49970,1578,1500,376,15000
1787310542034,49970,1578,1500,376,15000
1787310542134,49970,1578,1500,376,15000
1787310542235,49970,1578,1500,376,15000
1787310542334,49970,1578,1500,376,15000
1787310542434,49970,1578,1500,376,15000
1787310542534,49970,1578,1500,376,15000
1787310542634,49970,1578,1500,376,15000
1787310542734,49970,1578,1500,376,15000
1787310542834,49970,1578,1500,376,15000
1787310542934,49970,1578,1500,376,15000
1787310543034,49970,1578,1500,376,15000
1787310543134,49970,1578,1500,376,15000
1787310543234,49970,1578,1500,376,15000
1787310543334,49970,1578,1500,376,15000
1787310543434,49970,1578,1500,376,15000
1787310543534,49970,1578,1500,376,15000
1787310543634,49970,1578,1500,376,15000
1787310543734,49970,1578,1500,376,15000
1787310543834,49970,1578,1500,376,15000
1787310543934,49970,1578,1500,376,15000
1787310544034,49970,1578,1500,376,15000
1787310544135,49970,1578,1500,376,15000
1787310544234,49970,1578,1500,376,15000
1787310544334,49970,1578,1500,376,15000
1787310544434,49970,1578,1500,376,15000
1787310544534,49970,1578,1500,376,15000
1787310544634,49970,1578,1500,376,15000
1787310544734,49970,1578,1500,376,15000
1787310544835,49970,1578,1500,376,15000
1787310544934,49970,1578,1500,376,15000
1787310545034,49970,1578,1500,376,15000
1787310545134,49970,1578,1500,376,15000
1787310545234,49970,1578,1500,376,15000
1787310545334,49970,1578,1500,376,15000
1787310545434,49970,1578,1500,376,15000
1787310545534,49970,1578,1500,376,15000
1787310545634,49970,1578,1500,376,15000
1787310545734,49970,1578,1500,376,15000
1787310545834,49970,1578,1500,376,15000
1787310545934,49970,1578,1500,376,15000
1787310546034,49970,1578,1500,376,15000
1787310546135,49970,1578,1500,376,15000
1787310546235,49970,1578,1500,376,15000
1787310546334,49970,1578,1500,376,15000
1787310546434,49970,1578,1500,376,15000
1787310546534,49970,1578,1500,376,15000
1787310546634,49970,1578,1500,376,15000
1787310546734,49970,1578,1500,376,15000
1787310546834,49970,1578,1500,376,15000
1787310546935,49970,1578,1500,376,15000
1787310547034,49970,1578,1500,376,15000
1787310547134,49970,1578,1500,376,15000
1787310547235,49970,1578,1500,376,15000
1787310547334,49970,1578,1500,376,15000
1787310547435,49970,1578,1500,376,15000
1787310547535,49970,1578,1500,376,15000
1787310547634,49970,1578,1500,376,15000
1787310547734,49970,1578,1500,376,15000
1787310547834,49970,1578,1500,376,15000
1787310547934,49970,1578,1500,376,15000
1787310548035,49970,1578,1500,376,15000
1787310548135,49970,1578,1500,376,15000
1787310548234,49970,1578,1500,376,15000
1787310548335,49970,1578,1500,376,15000
1787310548434,49970,1578,1500,376,15000
1787310548534,49970,1578,1500,376,15000
1787310548634,49970,1578,1500,376,15000
1787310548734,49970,1578,1500,376,15000
1787310548834,49970,1578,1500,376,15000
1787310548934,49970,1578,1500,376,15000
1787310549034,49970,1578,1500,376,15000
1787310549134,49970,1578,1500,376,15000
1787310549235,49970,1578,1500,376,15000
1787310549334,49970,1578,1500,376,15000
1787310549434,49970,1578,1500,376,15000
1787310549534,49970,1578,1500,376,15000
1787310549634,49970,1578,1500,376,15000
1787310549734,49970,1578,1500,376,15000
1787310549835,49970,1578,1500,376,15000
1787310549935,49970,1578,1500,376,15000
1787310550034,49970,1578,1500,376,15000
1787310550134,49970,1578,1500,376,15000
1787310550234,49970,1578,1500,376,15000
1787310550334,49970,1578,1500,376,15000
1787310550435,49970,1578,1500,376,15000
1787310550534,49970,1578,1500,376,15000
1787310550635,49970,1578,1500,376,15000
1787310550734,49970,1578,1500,376,15000
1787310550834,49970,1578,1500,376,15000
1787310550934,49970,1578,1500,376,15000
1787310551034,49970,1578,1500,376,15000
1787310551134,49970,1578,1500,376,15000
1787310551234,49970,1578,1500,376,15000
1787310551334,49970,1578,1500,376,15000
1787310551435,49970,1578,1500,376,15000
1787310551534,49970,1578,1500,376,15000
1787310551634,49970,1578,1500,376,15000
1787310551734,49970,1578,1500,376,15000
1787310551834,49970,1578,1500,376,15000
1787310551934,49970,1578,1500,376,15000
1787310552034,49970,1578,1500,376,15000
1787310552134,49970,1578,1500,376,15000
1787310552235,49970,1578,1500,376,15000
1787310552334,49970,1578,1500,376,15000
1787310552435,49970,1578,1500,376,15000
1787310552534,49970,1578,1500,376,15000
1787310552634,49970,1578,1500,376,15000
1787310552735,49970,1578,1500,376,15000
1787310552834,49970,1578,1500,376,15000
1787310552934,49970,1578,1500,376,15000
1787310553034,49970,1578,1500,376,15000
1787310553134,49970,1578,1500,376,15000
1787310553234,49970,1578,1500,376,15000
1787310553334,49970,1578,1500,376,15000
1787310553435,49970,1578,1500,376,15000
1787310553535,49970,1578,1500,376,15000
1787310553634,49970,1578,1500,376,15000
1787310553734,49970,1578,1500,376,15000
1787310553834,49970,1578,1500,376,15000
1787310553934,49970,1578,1500,376,15000
1787310554034,49970,1578,1500,376,15000
1787310554134,49970,1578,1500,376,15000
1787310554234,49970,1578,1500,376,15000
1787310554334,49970,1578,1500,376,15000
1787310554434,49970,1578,1500,376,15000
1787310554534,49970,1578,1500,376,15000
1787310554634,49970,1578,1500,376,15000
1787310554734,49970,1578,1500,376,15000
1787310554834,49970,1578,1500,376,15000
1787310554934,49970,1578,1500,376,15000
1787310555034,49970,1578,1500,376,15000
1787310555134,49970,1578,1500,376,15000
1787310555234,49970,1578,1500,376,15000
1787310555335,49970,1578,1500,376,15000
1787310555434,49970,1578,1500,376,15000
1787310555534,49970,1578,1500,376,15000
1787310555634,49970,1578,1500,376,15000
1787310555734,49970,1578,1500,376,15000
1787310555834,49970,1578,1500,376,15000
1787310555934,49970,1578,1500,376,15000
1787310556034,49970,1578,1500,376,15000
1787310556134,49970,1578,1500,376,15000
1787310556234,49970,1578,1500,376,15000
1787310556335,49970,1578,1500,376,15000
1787310556435,49970,1578,1500,376,15000
1787310556534,49970,1578,1500,376,15000
1787310556634,49970,1578,1500,376,15000
1787310556734,49970,1578,1500,376,15000
1787310556834,49970,1578,1500,376,15000
1787310556934,49970,1578,1500,376,15000
1787310557034,49970,1578,1500,376,15000
1787310557134,49970,1578,1500,376,15000
1787310557234,49970,1578,1500,376,15000
1787310557334,49970,1578,1500,376,15000
1787310557435,49970,1578,1500,376,15000
1787310557534,49970,1578,1500,376,15000
1787310557634,49970,1578,1500,376,15000
1787310557734,49970,1578,1500,376,15000
1787310557834,49970,1578,1500,376,15000
1787310557935,49970,1578,1500,376,15000
1787310558034,49970,1578,1500,376,15000
1787310558134,49970,1578,1500,376,15000
1787310558234,49970,1578,1500,376,15000
1787310558334,49970,1578,1500,376,15000
1787310558434,49970,1578,1500,376,15000
1787310558535,49970,1578,1500,376,15000
1787310558634,49970,1578,1500,376,15000
1787310558734,49970,1578,1500,376,15000
1787310558834,49970,1578,1500,376,15000
1787310558934,49970,1578,1500,376,15000
1787310559034,49970,1578,1500,376,15000
1787310559134,49970,1578,1500,376,15000
1787310559234,49970,1578,1500,376,15000
1787310559335,49970,1578,1500,376,15000
1787310559434,49970,1578,1500,376,15000
1787310559534,49970,1578,1500,376,15000
1787310559634,49970,1578,1500,376,15000
1787310559734,49970,1578,1500,376,15000
1787310559834,49970,1578,1500,376,15000
1787310559934,49970,1578,1500,376,15000
1787310560034,49970,1578,1500,376,15000
1787310560134,49970,1578,1500,376,15000
1787310560234,49970,1578,1500,376,15000
1787310560334,49970,1578,1500,376,15000
1787310560434,49970,1578,1500,376,15000
1787310560534,49970,1578,1500,376,15000
1787310560634,49970,1578,1500,376,15000
1787310560734,49970,1578,1500,376,15000
1787310560834,49970,1578,1500,376,15000
1787310560935,49970,1578,1500,376,15000
1787310561034,49970,1578,1500,376,15000
1787310561134,49970,1578,1500,376,15000
1787310561234,49970,1578,1500,376,15000
1787310561334,49970,1578,1600,376,15000
1787310561434,49970,1578,1600,376,15000
1787310561534,49970,1578,1600,376,15000
1787310561634,49970,1578,1600,376,15000
1787310561734,49970,1578,1600,376,15000
1787310561834,49970,1578,1600,376,15000
1787310561934,49970,1578,1600,376,15000
1787310562034,49970,1578,1500,376,15000
1787310562134,49970,1578,1500,376,15000
1787310562235,49970,1578,1500,376,15000
1787310562335,49970,1578,1500,376,15000
1787310562434,49970,1578,1500,376,15000
1787310562534,49970,1578,1500,376,15000
1787310562634,49970,1578,1500,376,15000
1787310562734,49970,1578,1500,376,15000
1787310562834,49970,1578,1500,376,15000
1787310562934,49970,1578,1500,376,15000
1787310563034,49970,1578,1500,376,15000
1787310563134,49970,1578,1500,376,15000
1787310563234,49970,1578,1500,376,15000
1787310563334,49970,1578,1500,376,15000
1787310563434,49970,1578,1500,376,15000
1787310563534,49970,1578,1500,376,15000
1787310563634,49970,1578,1500,376,15000
1787310563734,49970,1578,1500,376,15000
1787310563835,49970,1578,1500,376,15000
1787310563934,49970,1578,1500,376,15000
1787310564034,49970,1578,1500,376,15000
1787310564135,49970,1578,1500,376,15000
1787310564235,49970,1578,1500,376,15000
1787310564335,49970,1578,1500,376,15000
1787310564435,49970,1578,1500,376,15000
1787310564534,49970,1578,1500,376,15000
1787310564635,49970,1578,1500,376,15000
1787310564734,49970,1578,1500,376,15000
1787310564834,49970,1578,1500,376,15000
1787310564934,49970,1578,1500,376,15000
1787310565034,49970,1578,1500,376,15000
1787310565134,49970,1578,1500,376,15000
1787310565234,49970,1578,1500,376,15000
1787310565334,49970,1578,1500,376,15000
1787310565434,49970,1578,1500,376,15000
1787310565534,49970,1578,1500,376,15000
1787310565634,49970,1578,1500,376,15000
1787310565734,49970,1578,1500,376,15000
1787310565834,49970,1578,1500,376,15000
1787310565935,49970,1578,1500,376,15000
1787310566034,49970,1578,1500,376,15000
1787310566134,49970,1578,1500,376,15000
1787310566234,49970,1578,1500,376,15000
1787310566334,49970,1578,1500,376,15000
1787310566434,49970,1578,1500,376,15000
1787310566534,49970,1578,1500,376,15000
1787310566634,49970,1578,1500,376,15000
1787310566734,49970,1578,1500,376,15000
1787310566834,50000,0,1500,376,15000
1787310566935,50000,0,1500,376,15000
1787310567034,50000,0,1500,376,15000
1787310567134,50000,0,1500,376,15000
1787310567234,50000,0,1500,376,15000
1787310567334,50000,0,1500,376,15000
1787310567434,50000,0,200,376,15000
1787310567534,50000,0,200,376,15000
1787310567634,50000,0,200,376,15000
1787310567735,50000,0,200,376,15000
1787310567834,50000,0,200,376,15000
1787310567935,50000,0,200,376,15000
1787310568035,50000,0,0,376,15000
1787310568134,50000,0,0,376,15000
1787310568235,50000,0,0,376,15000
1787310568335,50000,0,0,376,15000
1787310568434,50000,0,0,376,15000
1787310568534,50000,0,0,376,15000
1787310568634,50000,0,0,376,15000
1787310568734,50000,0,0,376,15000
1787310568834,50000,0,0,376,15000
1787310568934,50000,0,0,376,15000
1787310569034,50000,0,0,376,15000
1787310569134,50000,0,0,376,15000
1787310569234,50000,0,0,376,15000
1787310569334,50000,0,0,376,15000
1787310569434,50000,0,0,376,15000
1787310569534,50000,0,0,376,15000
1787310569634,50000,0,0,376,15000
1787310569734,50000,0,0,376,15000
1787310569834,50000,0,0,376,15000
1787310569934,50000,0,0,376,15000
1787310570034,50000,0,0,376,15000
1787310570134,50000,0,0,376,15000
1787310570234,50000,0,0,376,15000
1787310570334,50000,0,0,376,15000
1787310570434,50000,0,0,376,15000
1787310570534,50000,0,0,376,15000
1787310570634,50000,0,0,376,15000
1787310570734,50000,0,0,376,15000
1787310570834,50000,0,0,376,15000
1787310570934,50000,0,0,376,15000
1787310571034,50000,0,0,376,15000
1787310571134,50000,0,0,376,15000
1787310571234,50000,0,0,376,15000
1787310571334,50000,0,0,376,15000
1787310571434,50000,0,0,376,15000
1787310571534,50000,0,0,376,15000
1787310571635,50000,0,0,376,15000
1787310571734,50000,0,0,376,15000
1787310571834,50000,0,0,376,15000
1787310571934,50000,0,0,376,15000
1787310572034,50000,0,0,376,15000
1787310572134,50000,0,0,376,15000
1787310572234,50000,0,0,376,15000
1787310572334,50000,0,0,376,15000
1787310572434,50000,0,0,376,15000
1787310572534,50000,0,0,376,15000
1787310572634,50000,0,0,376,15000
1787310572734,50000,0,0,376,15000
1787310572834,50000,0,0,376,15000
1787310572934,50000,0,0,376,15000
1787310573034,50000,0,0,376,15000
1787310573134,50000,0,0,376,15000
1787310573234,50000,0,0,376,15000
1787310573334,50000,0,0,376,15000
1787310573434,50000,0,0,376,15000
1787310573534,50000,0,0,376,15000
1787310573634,50000,0,0,376,15000
1787310573734,50000,0,0,376,15000
1787310573834,50000,0,0,376,15000
1787310573934,50000,0,0,376,15000
1787310574034,50000,0,0,376,15000
1787310574134,50000,0,0,376,15000
1787310574234,50000,0,0,376,15000
1787310574334,50000,0,0,376,15000
1787310574435,50000,0,0,376,15000
1787310574534,50000,0,0,376,15000
1787310574634,50000,0,0,376,15000
1787310574734,50000,0,0,376,15000
1787310574834,50000,0,0,376,15000
1787310574934,50000,0,0,376,15000
1787310575035,50000,0,0,376,15000
1787310575134,50000,0,0,376,15000
1787310575234,50000,0,0,376,15000
1787310575334,50000,0,0,376,15000
1787310575435,50000,0,0,376,15000
1787310575534,50000,0,0,376,15000
1787310575634,50000,0,0,376,15000
1787310575734,50000,0,0,376,15000
1787310575835,50000,0,0,376,15000
1787310575934,50000,0,0,376,15000
1787310576035,50000,0,0,376,15000
1787310576134,50000,0,0,376,15000
1787310576234,50000,0,0,376,15000
1787310576334,50000,0,0,376,15000
1787310576434,50000,0,0,376,15000
1787310576534,50000,0,0,376,15000
1787310576634,50000,0,0,376,15000
1787310576735,50000,0,0,376,15000
1787310576834,50000,0,0,376,15000
1787310576934,50000,0,0,376,15000
1787310577034,50000,0,0,376,15000
1787310577134,50000,0,0,376,15000
1787310577234,50000,0,0,376,15000
1787310577334,50000,0,0,376,15000
1787310577434,50000,0,0,376,15000
1787310577534,50000,0,0,376,15000
1787310577635,50000,0,0,376,15000
1787310577734,50000,0,0,376,15000
1787310577835,50000,0,0,376,15000
1787310577934,50000,0,0,376,15000
1787310578034,50000,0,0,376,15000
1787310578134,50000,0,0,376,15000
1787310578234,50000,0,0,376,15000
1787310578334,50000,0,0,376,15000
1787310578435,50000,0,0,376,15000
1787310578534,50000,0,0,376,15000
1787310578635,50000,0,0,376,15000
1787310578734,50000,0,0,376,15000
1787310578834,50000,0,0,376,15000
1787310578935,50000,0,0,376,15000
1787310579034,50000,0,0,376,15000
1787310579134,50000,0,0,376,15000
1787310579234,50000,0,0,376,15000
1787310579334,50000,0,0,376,15000
1787310579434,50000,0,0,376,15000
1787310579535,50000,0,0,376,15000
1787310579634,50000,0,0,376,15000
1787310579734,50000,0,0,376,15000
1787310579834,50000,0,0,376,15000
1787310579934,50000,0,0,376,15000
1787310580034,50000,0,0,376,15000
1787310580134,50000,0,0,376,15000
1787310580234,50000,0,0,376,15000
1787310580334,50000,0,0,376,15000
1787310580435,50000,0,0,376,15000
1787310580534,50000,0,0,376,15000
1787310580634,50000,0,0,376,15000
1787310580734,50000,0,0,376,15000
1787310580834,50000,0,0,376,15000
1787310580934,50000,0,0,376,15000
1787310581034,50000,0,0,376,15000
1787310581134,50000,0,0,376,15000
1787310581234,50000,0,0,376,15000
1787310581334,50000,0,0,376,15000
1787310581435,50000,0,0,376,15000
1787310581534,50000,0,0,376,15000
1787310581634,50000,0,0,376,15000
1787310581734,50000,0,0,376,15000
1787310581834,50000,0,0,376,15000
1787310581934,50000,0,0,376,15000
1787310582034,50000,0,0,376,15000
1787310582134,50000,0,0,376,15000
1787310582234,50000,0,0,376,15000
1787310582335,50000,0,0,376,15000
1787310582435,50000,0,0,376,15000
1787310582535,50000,0,0,376,15000
1787310582634,50000,0,0,376,15000
1787310582734,50000,0,0,376,15000
1787310582834,50000,0,0,376,15000
1787310582934,50000,0,0,376,15000
1787310583035,50000,0,0,376,15000
1787310583134,50000,0,0,376,15000
1787310583234,50000,0,0,376,15000
1787310583334,50000,0,0,376,15000
1787310583435,50000,0,0,376,15000
1787310583535,50000,0,0,376,15000
1787310583634,50000,0,0,376,15000
1787310583734,50000,0,0,376,15000
1787310583835,50000,0,0,376,15000
1787310583934,50000,0,0,376,15000
1787310584034,50000,0,0,376,15000
1787310584134,50000,0,0,376,15000
1787310584234,50000,0,0,376,15000
1787310584334,50000,0,0,376,15000
1787310584435,50000,0,0,376,15000
1787310584535,50000,0,0,376,15000
1787310584634,50000,0,0,376,15000
1787310584735,50000,0,0,376,15000
1787310584835,50000,0,0,376,15000
1787310584934,50000,0,0,376,15000
1787310585034,50000,0,0,376,15000
1787310585134,50000,0,0,376,15000
1787310585235,50000,0,0,376,15000
1787310585334,50000,0,0,376,15000
1787310585434,50000,0,0,376,15000
1787310585534,50000,0,0,376,15000
1787310585635,50000,0,0,376,15000
1787310585734,50000,0,0,376,15000
1787310585834,50000,0,0,376,15000
1787310585935,50000,0,0,376,15000
1787310586034,50000,0,0,376,15000
1787310586134,50000,0,0,376,15000
1787310586234,50000,0,0,376,15000
1787310586334,50000,0,0,376,15000
1787310586435,50000,0,0,376,15000
1787310586534,50000,0,0,376,15000
1787310586634,50000,0,0,376,15000
1787310586734,50000,0,0,376,15000
1787310586834,50000,0,0,376,15000
1787310586934,50000,0,0,376,15000
1787310587035,50000,0,0,376,15000
1787310587134,50000,0,0,376,15000
1787310587234,50000,0,0,376,15000
1787310587334,50000,0,0,376,15000
1787310587434,50000,0,0,376,15000
1787310587534,50000,0,0,376,15000
1787310587634,50000,0,0,376,15000
1787310587734,50000,0,0,376,15000
1787310587834,50000,0,0,376,15000
1787310587934,50000,0,0,376,15000
1787310588035,50000,0,0,376,15000
1787310588134,50000,0,0,376,15000
1787310588234,50000,0,0,376,15000
1787310588334,50000,0,0,376,15000
1787310588435,50000,0,0,376,15000
1787310588534,50000,0,0,376,15000
1787310588634,50000,0,0,376,15000
1787310588734,50000,0,0,376,15000
1787310588834,50000,0,0,376,15000
1787310588934,50000,0,0,376,15000
1787310589035,50000,0,0,376,15000
1787310589134,50000,0,0,376,15000
1787310589234,50000,0,0,376,15000
1787310589334,50000,0,0,376,15000
1787310589435,50000,0,0,376,15000
1787310589535,50000,0,0,376,15000
1787310589634,50000,0,0,376,15000
1787310589734,50000,0,0,376,15000
1787310589834,50000,0,0,376,15000
1787310589934,50000,0,0,376,15000
1787310590034,50000,0,0,376,15000
1787310590134,50000,0,0,376,15000
1787310590234,50000,0,0,376,15000
1787310590334,50000,0,0,376,15000
1787310590435,50000,0,0,376,15000
1787310590535,50000,0,0,376,15000
1787310590634,50000,0,0,376,15000
1787310590734,50000,0,0,376,15000
1787310590835,50000,0,0,376,15000
1787310590934,50000,0,0,376,15000
1787310591034,50000,0,0,376,15000
1787310591134,50000,0,0,376,15000
1787310591235,50000,0,0,376,15000
1787310591334,50000,0,0,376,15000
1787310591434,50000,0,0,376,15000
1787310591534,50000,0,0,376,15000
1787310591634,50000,0,0,376,15000
1787310591734,50000,0,0,376,15000
1787310591834,50000,0,0,376,15000
1787310591935,50000,0,0,376,15000
1787310592035,50000,0,0,376,15000
1787310592134,50000,0,0,376,15000
1787310592235,50000,0,0,376,15000
1787310592334,50000,0,0,376,15000
1787310592435,50000,0,0,376,15000
1787310592534,50000,0,0,376,15000
1787310592634,50000,0,0,376,15000
1787310592734,50000,0,0,376,15000
1787310592834,50000,0,0,376,15000
1787310592934,50000,0,0,376,15000
1787310593035,50000,0,0,376,15000
1787310593134,50000,0,0,376,15000
1787310593234,50000,0,0,376,15000
1787310593334,50000,0,0,376,15000
1787310593435,50000,0,0,376,15000
1787310593534,50000,0,0,376,15000
1787310593635,50000,0,0,376,15000
1787310593734,50000,0,0,376,15000
1787310593834,50000,0,0,376,15000
1787310593934,50000,0,0,376,15000
1787310594034,50000,0,0,376,15000
1787310594134,50000,0,0,376,15000
1787310594235,50000,0,0,376,15000
1787310594335,50000,0,0,376,15000
1787310594435,50000,0,0,376,15000
1787310594534,50000,0,0,376,15000
1787310594634,50000,0,0,376,15000
1787310594734,50000,0,0,376,15000
1787310594834,50000,0,0,376,15000
1787310594935,50000,0,0,376,15000
1787310595034,50000,0,0,376,15000
1787310595134,50000,0,0,376,15000
1787310595234,50000,0,0,376,15000
1787310595334,50000,0,0,376,15000
1787310595434,50000,0,0,376,15000
1787310595534,50000,0,0,376,15000
1787310595634,50000,0,0,376,15000
1787310595734,50000,0,0,376,15000
1787310595834,50000,0,0,376,15000
1787310595934,50000,0,0,376,15000
1787310596034,50000,0,0,376,15000
1787310596135,50000,0,0,376,15000
1787310596234,50000,0,0,376,15000
1787310596334,50000,0,0,376,15000
1787310596435,50000,0,0,376,15000
1787310596534,50000,0,0,376,15000
1787310596635,50000,0,0,376,15000
1787310596734,50000,0,0,376,15000
1787310596835,50000,0,0,376,15000
1787310596934,50050,-3157,0,376,15000
1787310597034,50050,-3157,0,376,15000
1787310597134,50050,-3157,0,376,15000
1787310597234,50050,-3157,0,376,15000
1787310597334,50050,-3157,0,376,15000
1787310597435,50050,-3157,0,376,15000
1787310597534,50050,-3157,-2700,376,15000
1787310597635,50050,-3157,-2700,376,15000
1787310597735,50050,-3157,-2700,376,15000
1787310597834,50050,-3157,-2700,376,15000
1787310597934,50050,-3157,-2700,376,15000
1787310598034,50050,-3157,-2700,376,15000
1787310598134,50050,-3157,-3200,376,15000
1787310598234,50050,-3157,-3200,376,15000
1787310598334,50050,-3157,-3200,376,15000
1787310598435,50050,-3157,-3200,376,15000
1787310598534,50050,-3157,-3200,376,15000
1787310598634,50050,-3157,-3200,376,15000
1787310598735,50050,-3157,-3200,376,15000
1787310598834,50050,-3157,-3200,376,15000
1787310598934,50050,-3157,-3200,376,15000
1787310599035,50050,-3157,-3200,376,15000
1787310599135,50050,-3157,-3200,376,15000
1787310599234,50050,-3157,-3200,376,15000
1787310599335,50050,-3157,-3200,376,15000
1787310599435,50050,-3157,-3200,376,15000
1787310599534,50050,-3157,-3200,376,15000
1787310599634,50050,-3157,-3200,376,15000
1787310599735,50050,-3157,-3200,376,15000
1787310599835,50050,-3157,-3200,376,15000
1787310599934,50050,-3157,-3200,376,15000
1787310600034,50050,-3157,-3200,376,15000
1787310600134,50050,-3157,-3200,376,15000
1787310600234,50050,-3157,-3200,376,15000
1787310600334,50050,-3157,-3200,376,15000
1787310600435,50050,-3157,-3100,376,15000
1787310600535,50050,-3157,-3100,376,15000
1787310600634,50050,-3157,-3100,376,15000
1787310600734,50050,-3157,-3100,376,15000
1787310600834,50050,-3157,-3100,376,15000
1787310600935,50050,-3157,-3100,376,15000
1787310601034,50050,-3157,-3100,376,15000
1787310601135,50050,-3157,-3200,376,15000
1787310601235,50050,-3157,-3200,376,15000
1787310601334,50050,-3157,-3200,376,15000
1787310601435,50050,-3157,-3200,376,15000
1787310601534,50050,-3157,-3200,376,15000
1787310601634,50050,-3157,-3200,376,15000
1787310601734,50050,-3157,-3200,376,15000
1787310601834,50050,-3157,-3200,376,15000
1787310601934,50050,-3157,-3200,376,15000
1787310602034,50050,-3157,-3200,376,15000
1787310602135,50050,-3157,-3200,376,15000
1787310602234,50050,-3157,-3200,376,15000
1787310602334,50050,-3157,-3200,376,15000
1787310602435,50050,-3157,-3200,376,15000
1787310602535,50050,-3157,-3200,376,15000
1787310602634,50050,-3157,-3200,376,15000
1787310602734,50050,-3157,-3200,376,15000
1787310602835,50050,-3157,-3200,376,15000
1787310602934,50050,-3157,-3200,376,15000
1787310603034,50050,-3157,-3200,376,15000
1787310603134,50050,-3157,-3200,376,15000
1787310603234,50050,-3157,-3200,376,15000
1787310603335,50050,-3157,-3200,376,15000
1787310603435,50050,-3157,-3200,376,15000
1787310603534,50050,-3157,-3200,376,15000
1787310603634,50050,-3157,-3200,376,15000
1787310603734,50050,-3157,-3200,376,15000
1787310603834,50050,-3157,-3200,376,15000
1787310603935,50050,-3157,-3200,376,15000
1787310604034,50050,-3157,-3200,376,15000
1787310604135,50050,-3157,-3200,376,15000
1787310604234,50050,-3157,-3200,376,15000
1787310604334,50050,-3157,-3200,376,15000
1787310604434,50050,-3157,-3200,376,15000
1787310604534,50050,-3157,-3200,376,15000
1787310604634,50050,-3157,-3200,376,15000
1787310604734,50050,-3157,-3200,376,15000
1787310604834,50050,-3157,-3200,376,15000
1787310604934,50050,-3157,-3200,376,15000
1787310605034,50050,-3157,-3200,376,15000
1787310605134,50050,-3157,-3200,376,15000
1787310605234,50050,-3157,-3200,376,15000
1787310605334,50050,-3157,-3200,376,15000
1787310605434,50050,-3157,-3200,376,15000
1787310605534,50050,-3157,-3200,376,15000
1787310605635,50050,-3157,-3200,376,15000
1787310605735,50050,-3157,-3200,376,15000
1787310605834,50050,-3157,-3200,376,15000
1787310605934,50050,-3157,-3200,376,15000
1787310606035,50050,-3157,-3200,376,15000
1787310606134,50050,-3157,-3200,376,15000
1787310606234,50050,-3157,-3200,376,15000
1787310606335,50050,-3157,-3200,376,15000
1787310606434,50050,-3157,-3200,376,15000
1787310606534,50050,-3157,-3200,376,15000
1787310606634,50050,-3157,-3200,376,15000
1787310606734,50050,-3157,-3200,376,15000
1787310606835,50050,-3157,-3200,376,15000
1787310606935,50050,-3157,-3200,376,15000
1787310607034,50050,-3157,-3200,376,15000
1787310607134,50050,-3157,-3200,376,15000
1787310607234,50050,-3157,-3100,376,15000
1787310607334,50050,-3157,-3100,376,15000
1787310607435,50050,-3157,-3100,376,15000
1787310607534,50050,-3157,-3100,376,15000
1787310607634,50050,-3157,-3100,376,15000
1787310607735,50050,-3157,-3100,376,15000
1787310607834,50050,-3157,-3100,376,15000
1787310607934,50050,-3157,-3100,376,15000
1787310608034,50050,-3157,-3100,376,15000
1787310608134,50050,-3157,-3100,376,15000
1787310608235,50050,-3157,-3100,376,15000
1787310608334,50050,-3157,-3100,376,15000
1787310608434,50050,-3157,-3100,376,15000
1787310608534,50050,-3157,-3100,376,15000
1787310608634,50050,-3157,-3100,376,15000
1787310608735,50050,-3157,-3100,376,15000
1787310608834,50050,-3157,-3100,376,15000
1787310608934,50050,-3157,-3200,376,15000
1787310609034,50050,-3157,-3200,376,15000
1787310609135,50050,-3157,-3200,376,15000
1787310609235,50050,-3157,-3200,376,15000
1787310609334,50050,-3157,-3200,376,15000
1787310609434,50050,-3157,-3200,376,15000
1787310609534,50050,-3157,-3200,376,15000
1787310609634,50050,-3157,-3200,376,15000
1787310609734,50050,-3157,-3200,376,15000
1787310609834,50050,-3157,-3200,376,15000
1787310609935,50050,-3157,-3200,376,15000
1787310610034,50050,-3157,-3200,376,15000
1787310610134,50050,-3157,-3200,376,15000
1787310610234,50050,-3157,-3200,376,15000
1787310610334,50050,-3157,-3200,376,15000
1787310610434,50050,-3157,-3200,376,15000
1787310610534,50050,-3157,-3200,376,15000
1787310610634,50050,-3157,-3200,376,15000
1787310610735,50050,-3157,-3200,376,15000
1787310610834,50050,-3157,-3200,376,15000
1787310610934,50050,-3157,-3200,376,15000
1787310611034,50050,-3157,-3200,376,15000
1787310611134,50050,-3157,-3200,376,15000
1787310611234,50050,-3157,-3200,376,15000
1787310611334,50050,-3157,-3200,376,15000
1787310611435,50050,-3157,-3200,376,15000
1787310611534,50050,-3157,-3200,376,15000
1787310611634,50050,-3157,-3200,376,15000
1787310611735,50050,-3157,-3200,376,15000
1787310611834,50050,-3157,-3200,376,15000
1787310611934,50050,-3157,-3200,376,15000
1787310612034,50050,-3157,-3200,376,15000
1787310612135,50050,-3157,-3200,376,15000
1787310612234,50050,-3157,-3200,376,15000
1787310612334,50050,-3157,-3200,376,15000
1787310612434,50050,-3157,-3200,376,15000
1787310612534,50050,-3157,-3200,376,15000
1787310612635,50050,-3157,-3200,376,15000
1787310612734,50050,-3157,-3200,376,15000
1787310612834,50050,-3157,-3200,376,15000
1787310612934,50050,-3157,-3200,376,15000
1787310613034,50050,-3157,-3200,376,15000
1787310613134,50050,-3157,-3200,376,15000
1787310613234,50050,-3157,-3200,376,15000
1787310613334,50050,-3157,-3200,376,15000
1787310613434,50050,-3157,-3200,376,15000
1787310613534,50050,-3157,-3200,376,15000
1787310613634,50050,-3157,-3200,376,15000
1787310613735,50050,-3157,-3200,376,15000
1787310613834,50050,-3157,-3200,376,15000
1787310613934,50050,-3157,-3200,376,15000
1787310614035,50050,-3157,-3200,376,15000
1787310614134,50050,-3157,-3200,376,15000
1787310614234,50050,-3157,-3200,376,15000
1787310614334,50050,-3157,-3200,376,15000
1787310614434,50050,-3157,-3200,376,15000
1787310614534,50050,-3157,-3200,376,15000
1787310614634,50050,-3157,-3200,376,15000
1787310614734,50050,-3157,-3200,376,15000
1787310614834,50050,-3157,-3200,376,15000
1787310614934,50050,-3157,-3200,376,15000
1787310615035,50050,-3157,-3200,376,15000
1787310615134,50050,-3157,-3200,376,15000
1787310615234,50050,-3157,-3200,376,15000
1787310615334,50050,-3157,-3200,376,15000
1787310615434,50050,-3157,-3200,376,15000
1787310615534,50050,-3157,-3200,376,15000
1787310615634,50050,-3157,-3200,376,15000
1787310615734,50050,-3157,-3200,376,15000
1787310615834,50050,-3157,-3200,376,15000
1787310615934,50050,-3157,-3200,376,15000
1787310616034,50050,-3157,-3200,376,15000
1787310616135,50050,-3157,-3200,376,15000
1787310616234,50050,-3157,-3200,376,15000
1787310616334,50050,-3157,-3200,376,15000
1787310616434,50050,-3157,-3200,376,15000
1787310616534,50050,-3157,-3200,376,15000
1787310616634,50050,-3157,-3200,376,15000
1787310616734,50050,-3157,-3200,376,15000
1787310616834,50050,-3157,-3100,376,15000
1787310616934,50050,-3157,-3100,376,15000
1787310617034,50050,-3157,-3100,376,15000
1787310617134,50050,-3157,-3100,376,15000
1787310617234,50050,-3157,-3100,376,15000
1787310617335,50050,-3157,-3100,376,15000
1787310617434,50050,-3157,-3100,376,15000
1787310617534,50050,-3157,-3200,376,15000
1787310617634,50050,-3157,-3200,376,15000
1787310617734,50050,-3157,-3200,376,15000
1787310617834,50050,-3157,-3200,376,15000
1787310617934,50050,-3157,-3200,376,15000
1787310618034,50050,-3157,-3200,376,15000
1787310618134,50050,-3157,-3200,376,15000
1787310618234,50050,-3157,-3200,376,15000
1787310618334,50050,-3157,-3200,376,15000
1787310618434,50050,-3157,-3200,376,15000
1787310618534,50050,-3157,-3100,376,15000
1787310618634,50050,-3157,-3100,376,15000
1787310618734,50050,-3157,-3100,376,15000
1787310618834,50050,-3157,-3100,376,15000
1787310618934,50050,-3157,-3100,376,15000
1787310619035,50050,-3157,-3100,376,15000
1787310619134,50050,-3157,-3200,376,15000
1787310619234,50050,-3157,-3200,376,15000
1787310619334,50050,-3157,-3200,376,15000
1787310619435,50050,-3157,-3200,376,15000
1787310619534,50050,-3157,-3200,376,15000
1787310619634,50050,-3157,-3200,376,15000
1787310619734,50050,-3157,-3200,376,15000
1787310619834,50050,-3157,-3100,376,15000
1787310619934,50050,-3157,-3100,376,15000
1787310620034,50050,-3157,-3100,376,15000
1787310620135,50050,-3157,-3100,376,15000
1787310620234,50050,-3157,-3100,376,15000
1787310620334,50050,-3157,-3100,376,15000
1787310620434,50050,-3157,-3100,376,15000
1787310620534,50050,-3157,-3100,376,15000
1787310620634,50050,-3157,-3100,376,15000
1787310620734,50050,-3157,-3100,376,15000
1787310620834,50050,-3157,-3100,376,15000
1787310620934,50050,-3157,-3100,376,15000
1787310621035,50050,-3157,-3200,376,15000
1787310621134,50050,-3157,-3200,376,15000
1787310621234,50050,-3157,-3200,376,15000
1787310621334,50050,-3157,-3200,376,15000
1787310621435,50050,-3157,-3200,376,15000
1787310621534,50050,-3157,-3200,376,15000
1787310621634,50050,-3157,-3200,376,15000
1787310621734,50050,-3157,-3200,376,15000
1787310621834,50050,-3157,-3200,376,15000
1787310621935,50050,-3157,-3200,376,15000
1787310622035,50050,-3157,-3200,376,15000
1787310622134,50050,-3157,-3200,376,15000
1787310622234,50050,-3157,-3200,376,15000
1787310622334,50050,-3157,-3200,376,15000
1787310622435,50050,-3157,-3200,376,15000
1787310622534,50050,-3157,-3200,376,15000
1787310622634,50050,-3157,-3200,376,15000
1787310622735,50050,-3157,-3200,376,15000
1787310622834,50050,-3157,-3200,376,15000
1787310622934,50050,-3157,-3200,376,15000
1787310623034,50050,-3157,-3200,376,15000
1787310623134,50050,-3157,-3200,376,15000
1787310623234,50050,-3157,-3200,376,15000
1787310623334,50050,-3157,-3200,376,15000
1787310623435,50050,-3157,-3200,376,15000
1787310623534,50050,-3157,-3200,376,15000
1787310623634,50050,-3157,-3200,376,15000
1787310623734,50050,-3157,-3200,376,15000
1787310623834,50050,-3157,-3200,376,15000
1787310623934,50050,-3157,-3200,376,15000
1787310624034,50050,-3157,-3200,376,15000
1787310624135,50050,-3157,-3200,376,15000
1787310624234,50050,-3157,-3200,376,15000
1787310624334,50050,-3157,-3200,376,15000
1787310624435,50050,-3157,-3200,376,15000
1787310624534,50050,-3157,-3200,376,15000
1787310624634,50050,-3157,-3200,376,15000
1787310624734,50050,-3157,-3200,376,15000
1787310624835,50050,-3157,-3200,376,15000
1787310624934,50050,-3157,-3200,376,15000
1787310625034,50050,-3157,-3200,376,15000
1787310625135,50050,-3157,-3200,376,15000
1787310625234,50050,-3157,-3200,376,15000
1787310625335,50050,-3157,-3200,376,15000
1787310625435,50050,-3157,-3200,376,15000
1787310625534,50050,-3157,-3200,376,15000
1787310625634,50050,-3157,-3200,376,15000
1787310625734,50050,-3157,-3200,376,15000
1787310625834,50050,-3157,-3200,376,15000
1787310625940,50050,-3157,-3200,376,15000
1787310626041,50050,-3157,-3200,376,15000
1787310626140,50050,-3157,-3200,376,15000
1787310626240,50050,-3157,-3200,376,15000
1787310626340,50050,-3157,-3200,376,15000
1787310626441,50050,-3157,-3200,376,15000
1787310626541,50050,-3157,-3200,376,15000
1787310626640,50050,-3157,-3200,376,15000
1787310626740,50050,-3157,-3200,376,15000
1787310626840,50050,-3157,-3200,376,15000
1787310626940,50050,-3157,-3200,376,15000
1787310627040,50050,-3157,-3200,376,15000
1787310627140,50050,-3157,-3200,376,15000
1787310627241,50050,-3157,-3200,376,15000
1787310627340,50050,-3157,-3200,376,15000
1787310627440,50050,-3157,-3200,376,15000
1787310627540,50050,-3157,-3200,376,15000
1787310627641,50050,-3157,-3200,376,15000
1787310627740,50050,-3157,-3200,376,15000
1787310627840,50050,-3157,-3200,376,15000
1787310627940,50050,-3157,-3200,376,15000
1787310628040,50050,-3157,-3200,376,15000
1787310628140,50050,-3157,-3200,376,15000
1787310628241,50050,-3157,-3200,376,15000
1787310628340,50050,-3157,-3200,376,15000
1787310628441,50050,-3157,-3200,376,15000
1787310628540,50050,-3157,-3200,376,15000
1787310628640,50050,-3157,-3200,376,15000
1787310628740,50050,-3157,-3200,376,15000
1787310628840,50050,-3157,-3200,376,15000
1787310628940,50050,-3157,-3200,376,15000
1787310629040,50050,-3157,-3200,376,15000
1787310629141,50050,-3157,-3200,376,15000
1787310629240,50050,-3157,-3200,376,15000
1787310629341,50050,-3157,-3200,376,15000
1787310629440,50050,-3157,-3200,376,15000
1787310629540,50050,-3157,-3200,376,15000
1787310629640,50050,-3157,-3200,376,15000
1787310629741,50050,-3157,-3200,376,15000
1787310629840,50050,-3157,-3200,376,15000
1787310629940,50050,-3157,-3200,376,15000
1787310630040,50050,-3157,-3200,376,15000
1787310630140,50050,-3157,-3200,376,15000
1787310630240,50050,-3157,-3200,376,15000
1787310630340,50050,-3157,-3200,376,15000
1787310630440,50050,-3157,-3200,376,15000
1787310630541,50050,-3157,-3200,376,15000
1787310630640,50050,-3157,-3100,376,15000
1787310630740,50050,-3157,-3100,376,15000
1787310630841,50050,-3157,-3100,376,15000
1787310630940,50050,-3157,-3100,376,15000
1787310631040,50050,-3157,-3100,376,15000
1787310631141,50050,-3157,-3100,376,15000
1787310631240,50050,-3157,-3200,376,15000
1787310631340,50050,-3157,-3200,376,15000
1787310631441,50050,-3157,-3200,376,15000
1787310631540,50050,-3157,-3200,376,15000
1787310631640,50050,-3157,-3200,376,15000
1787310631740,50050,-3157,-3200,376,15000
1787310631840,50050,-3157,-3200,376,15000
1787310631940,50050,-3157,-3200,376,15000
1787310632040,50050,-3157,-3200,376,15000
1787310632140,50050,-3157,-3200,376,15000
1787310632240,50050,-3157,-3200,376,15000
1787310632340,50050,-3157,-3200,376,15000
1787310632441,50050,-3157,-3200,376,15000
1787310632541,50050,-3157,-3100,376,15000
1787310632641,50050,-3157,-3100,376,15000
1787310632740,50050,-3157,-3100,376,15000
1787310632840,50050,-3157,-3100,376,15000
1787310632940,50050,-3157,-3100,376,15000
1787310633040,50050,-3157,-3100,376,15000
1787310633141,50050,-3157,-3200,376,15000
1787310633241,50050,-3157,-3200,376,15000
1787310633340,50050,-3157,-3200,376,15000
1787310633441,50050,-3157,-3200,376,15000
1787310633541,50050,-3157,-3200,376,15000
1787310633640,50050,-3157,-3200,376,15000
1787310633740,50050,-3157,-3200,376,15000
1787310633841,50050,-3157,-3200,376,15000
1787310633940,50050,-3157,-3200,376,15000
1787310634040,50050,-3157,-3200,376,15000
1787310634141,50050,-3157,-3200,376,15000
1787310634241,50050,-3157,-3200,376,15000
1787310634341,50050,-3157,-3200,376,15000
1787310634441,50050,-3157,-3200,376,15000
1787310634541,50050,-3157,-3200,376,15000
1787310634640,50050,-3157,-3200,376,15000
1787310634741,50050,-3157,-3200,376,15000
1787310634840,50050,-3157,-3200,376,15000
1787310634940,50050,-3157,-3200,376,15000
1787310635041,50050,-3157,-3100,376,15000
1787310635141,50050,-3157,-3100,376,15000
1787310635240,50050,-3157,-3100,376,15000
1787310635340,50050,-3157,-3100,376,15000
1787310635440,50050,-3157,-3200,376,15000
1787310635540,50050,-3157,-3200,376,15000
1787310635640,50050,-3157,-3200,376,15000
1787310635740,50050,-3157,-3200,376,15000
1787310635840,50050,-3157,-3200,376,15000
1787310635940,50050,-3157,-3200,376,15000
1787310636040,50050,-3157,-3200,376,15000
1787310636140,50050,-3157,-3200,376,15000
1787310636240,50050,-3157,-3200,376,15000
1787310636340,50050,-3157,-3200,376,15000
1787310636441,50050,-3157,-3200,376,15000
1787310636541,50050,-3157,-3200,376,15000
1787310636640,50050,-3157,-3200,376,15000
1787310636740,50050,-3157,-3200,376,15000
1787310636840,50050,-3157,-3200,376,15000
1787310636941,50050,-3157,-3200,376,15000
1787310637041,50050,-3157,-3200,376,15000
1787310637140,50050,-3157,-3200,376,15000
1787310637240,50050,-3157,-3200,376,15000
1787310637340,50050,-3157,-3100,376,15000
1787310637440,50050,-3157,-3100,376,15000
1787310637540,50050,-3157,-3100,376,15000
1787310637641,50050,-3157,-3100,376,15000
1787310637740,50050,-3157,-3100,376,15000
1787310637840,50050,-3157,-3100,376,15000
1787310637940,50050,-3157,-3200,376,15000
1787310638040,50050,-3157,-3200,376,15000
1787310638140,50050,-3157,-3200,376,15000
1787310638240,50050,-3157,-3200,376,15000
1787310638340,50050,-3157,-3200,376,15000
1787310638441,50050,-3157,-3200,376,15000
1787310638540,50050,-3157,-3200,376,15000
1787310638641,50050,-3157,-3200,376,15000
1787310638740,50050,-3157,-3200,376,15000
1787310638840,50050,-3157,-3200,376,15000
1787310638941,50050,-3157,-3200,376,15000
1787310639040,50050,-3157,-3200,376,15000
1787310639140,50050,-3157,-3200,376,15000
1787310639240,50050,-3157,-3200,376,15000
1787310639340,50050,-3157,-3200,376,15000
1787310639440,50050,-3157,-3200,376,15000
1787310639540,50050,-3157,-3200,376,15000
1787310639640,50050,-3157,-3200,376,15000
1787310639740,50050,-3157,-3200,376,15000
1787310639840,50050,-3157,-3100,376,15000
1787310639940,50050,-3157,-3100,376,15000
1787310640041,50050,-3157,-3100,376,15000
1787310640140,50050,-3157,-3100,376,15000
1787310640240,50050,-3157,-3100,376,15000
1787310640340,50050,-3157,-3100,376,15000
1787310640441,50050,-3157,-3200,376,15000
1787310640540,50050,-3157,-3200,376,15000
1787310640641,50050,-3157,-3200,376,15000
1787310640740,50050,-3157,-3200,376,15000
1787310640840,50050,-3157,-3200,376,15000
1787310640940,50050,-3157,-3200,376,15000
1787310641041,50050,-3157,-3200,376,15000
1787310641140,50050,-3157,-3200,376,15000
1787310641240,50050,-3157,-3200,376,15000
1787310641340,50050,-3157,-3200,376,15000
1787310641441,50050,-3157,-3200,376,15000
1787310641540,50050,-3157,-3100,376,15000
1787310641640,50050,-3157,-3100,376,15000
1787310641740,50050,-3157,-3100,376,15000
1787310641841,50050,-3157,-3100,376,15000
1787310641940,50050,-3157,-3100,376,15000
1787310642040,50050,-3157,-3100,376,15000
1787310642140,50050,-3157,-3200,376,15000
1787310642240,50050,-3157,-3200,376,15000
1787310642340,50050,-3157,-3200,376,15000
1787310642441,50050,-3157,-3200,376,15000
1787310642540,50050,-3157,-3200,376,15000
1787310642640,50050,-3157,-3200,376,15000
1787310642740,50050,-3157,-3100,376,15000
1787310642840,50050,-3157,-3100,376,15000
1787310642940,50050,-3157,-3100,376,15000
1787310643040,50050,-3157,-3100,376,15000
1787310643140,50050,-3157,-3100,376,15000
1787310643241,50050,-3157,-3100,376,15000
1787310643340,50050,-3157,-3200,376,15000
1787310643441,50050,-3157,-3200,376,15000
1787310643540,50050,-3157,-3200,376,15000
1787310643640,50050,-3157,-3200,376,15000
1787310643740,50050,-3157,-3200,376,15000
1787310643840,50050,-3157,-3200,376,15000
1787310643941,50050,-3157,-3200,376,15000
1787310644040,50050,-3157,-3200,376,15000
1787310644140,50050,-3157,-3200,376,15000
1787310644240,50050,-3157,-3200,376,15000
1787310644340,50050,-3157,-3200,376,15000
1787310644441,50050,-3157,-3200,376,15000
1787310644540,50050,-3157,-3200,376,15000
1787310644641,50050,-3157,-3200,376,15000
1787310644740,50050,-3157,-3200,376,15000
1787310644840,50050,-3157,-3200,376,15000
1787310644941,50050,-3157,-3200,376,15000
1787310645040,50050,-3157,-3200,376,15000
1787310645140,50050,-3157,-3200,376,15000
1787310645240,50050,-3157,-3200,376,15000
1787310645341,50050,-3157,-3200,376,15000
1787310645440,50050,-3157,-3200,376,15000
1787310645540,50050,-3157,-3200,376,15000
1787310645641,50050,-3157,-3200,376,15000
1787310645740,50050,-3157,-3200,376,15000
1787310645840,50050,-3157,-3200,376,15000
1787310645940,50050,-3157,-3200,376,15000
1787310646040,50050,-3157,-3200,376,15000
1787310646141,50050,-3157,-3200,376,15000
1787310646240,50050,-3157,-3200,376,15000
1787310646340,50050,-3157,-3200,376,15000
1787310646441,50050,-3157,-3200,376,15000
1787310646540,50050,-3157,-3200,376,15000
1787310646640,50050,-3157,-3200,376,15000
1787310646740,50050,-3157,-3200,376,15000
1787310646841,50050,-3157,-3200,376,15000
1787310646940,50050,-3157,-3200,376,15000
1787310647040,50050,-3157,-3200,376,15000
1787310647140,50050,-3157,-3200,376,15000
1787310647241,50050,-3157,-3200,376,15000
1787310647340,50050,-3157,-3200,376,15000
1787310647440,50050,-3157,-3200,376,15000
1787310647540,50050,-3157,-3200,376,15000
1787310647640,50050,-3157,-3200,376,15000
1787310647740,50050,-3157,-3200,376,15000
1787310647840,50050,-3157,-3200,376,15000
1787310647940,50050,-3157,-3200,376,15000
1787310648040,50050,-3157,-3200,376,15000
1787310648140,50050,-3157,-3200,376,15000
1787310648240,50050,-3157,-3200,376,15000
1787310648340,50050,-3157,-3200,376,15000
1787310648440,50050,-3157,-3200,376,15000
1787310648540,50050,-3157,-3200,376,15000
1787310648641,50050,-3157,-3200,376,15000
1787310648740,50050,-3157,-3200,376,15000
1787310648840,50050,-3157,-3200,376,15000
1787310648940,50050,-3157,-3200,376,15000
1787310649040,50050,-3157,-3200,376,15000
1787310649140,50050,-3157,-3200,376,15000
1787310649240,50050,-3157,-3200,376,15000
1787310649340,50050,-3157,-3200,376,15000
1787310649440,50050,-3157,-3200,376,15000
1787310649540,50050,-3157,-3200,376,15000
1787310649640,50050,-3157,-3200,376,15000
1787310649741,50050,-3157,-3200,376,15000
1787310649840,50050,-3157,-3200,376,15000
1787310649940,50050,-3157,-3200,376,15000
1787310650041,50050,-3157,-3200,376,15000
1787310650140,50050,-3157,-3200,376,15000
1787310650240,50050,-3157,-3200,376,15000
1787310650340,50050,-3157,-3200,376,15000
1787310650440,50050,-3157,-3200,376,15000
1787310650540,50050,-3157,-3200,376,15000
1787310650640,50050,-3157,-3200,376,15000
1787310650740,50050,-3157,-3200,376,15000
1787310650840,50050,-3157,-3200,376,15000
1787310650940,50050,-3157,-3200,376,15000
1787310651040,50050,-3157,-3200,376,15000
1787310651140,50050,-3157,-3200,376,15000
1787310651240,50050,-3157,-3200,376,15000
1787310651341,50050,-3157,-3200,376,15000
1787310651440,50050,-3157,-3200,376,15000
1787310651540,50050,-3157,-3200,376,15000
1787310651640,50050,-3157,-3200,376,15000
1787310651741,50050,-3157,-3200,376,15000
1787310651840,50050,-3157,-3200,376,15000
1787310651940,50050,-3157,-3200,376,15000
1787310652040,50050,-3157,-3200,376,15000
1787310652140,50050,-3157,-3200,376,15000
1787310652240,50050,-3157,-3200,376,15000
1787310652341,50050,-3157,-3200,376,15000
1787310652440,50050,-3157,-3200,376,15000
1787310652540,50050,-3157,-3200,376,15000
1787310652640,50050,-3157,-3200,376,15000
1787310652740,50050,-3157,-3200,376,15000
1787310652840,50050,-3157,-3200,376,15000
1787310652940,50050,-3157,-3200,376,15000
1787310653040,50050,-3157,-3200,376,15000
1787310653140,50050,-3157,-3200,376,15000
1787310653240,50050,-3157,-3200,376,15000
1787310653340,50050,-3157,-3200,376,15000
1787310653441,50050,-3157,-3200,376,15000
1787310653540,50050,-3157,-3200,376,15000
1787310653641,50050,-3157,-3200,376,15000
1787310653740,50050,-3157,-3200,376,15000
1787310653841,50050,-3157,-3200,376,15000
1787310653940,50050,-3157,-3200,376,15000
1787310654040,50050,-3157,-3200,376,15000
1787310654141,50050,-3157,-3200,376,15000
1787310654240,50050,-3157,-3200,376,15000
1787310654341,50050,-3157,-3200,376,15000
1787310654440,50050,-3157,-3200,376,15000
1787310654540,50050,-3157,-3200,376,15000
1787310654641,50050,-3157,-3200,376,15000
1787310654740,50050,-3157,-3200,376,15000
1787310654840,50050,-3157,-3200,376,15000
1787310654940,50050,-3157,-3200,376,15000
1787310655040,50050,-3157,-3200,376,15000
1787310655140,50050,-3157,-3200,376,15000
1787310655240,50050,-3157,-3200,376,15000
1787310655341,50050,-3157,-3200,376,15000
1787310655441,50050,-3157,-3200,376,15000
1787310655540,50050,-3157,-3200,376,15000
1787310655640,50050,-3157,-3200,376,15000
1787310655740,50050,-3157,-3200,376,15000
1787310655840,50050,-3157,-3200,376,15000
1787310655940,50050,-3157,-3200,376,15000
1787310656040,50050,-3157,-3100,376,15000
1787310656140,50050,-3157,-3100,376,15000
1787310656241,50050,-3157,-3100,376,15000
1787310656340,50050,-3157,-3100,376,15000
1787310656441,50050,-3157,-3100,376,15000
1787310656540,50050,-3157,-3100,376,15000
1787310656640,50050,-3157,-3200,376,15000
1787310656741,50050,-3157,-3200,376,15000
1787310656840,50050,-3157,-3200,376,15000
1787310656941,50050,-3157,-3200,376,15000
1787310657040,50050,-3157,-3200,376,15000
1787310657140,50050,-3157,-3200,376,15000
1787310657240,50050,-3157,-3200,376,15000
1787310657340,50050,-3157,-3200,376,15000
1787310657441,50050,-3157,-3200,376,15000
1787310657540,50050,-3157,-3200,376,15000
1787310657640,50050,-3157,-3200,376,15000
1787310657740,50050,-3157,-3200,376,15000
1787310657841,50050,-3157,-3200,376,15000
1787310657940,50050,-3157,-3200,376,15000
1787310658040,50050,-3157,-3200,376,15000
1787310658140,50050,-3157,-3200,376,15000
1787310658240,50050,-3157,-3200,376,15000
1787310658340,50050,-3157,-3200,376,15000
1787310658441,50050,-3157,-3200,376,15000
1787310658540,50050,-3157,-3200,376,15000
1787310658640,50050,-3157,-3200,376,15000
1787310658740,50050,-3157,-3200,376,15000
1787310658840,50050,-3157,-3200,376,15000
1787310658940,50050,-3157,-3200,376,15000
1787310659040,50050,-3157,-3200,376,15000
1787310659140,50050,-3157,-3200,376,15000
1787310659241,50050,-3157,-3200,376,15000
1787310659340,50050,-3157,-3200,376,15000
1787310659441,50050,-3157,-3200,376,15000
1787310659540,50050,-3157,-3200,376,15000
1787310659640,50050,-3157,-3200,376,15000
1787310659740,50050,-3157,-3200,376,15000
1787310659840,50050,-3157,-3200,376,15000
1787310659940,50050,-3157,-3200,376,15000
1787310660041,50050,-3157,-3200,376,15000
1787310660140,50050,-3157,-3200,376,15000
1787310660241,50050,-3157,-3200,376,15000
1787310660340,50050,-3157,-3200,376,15000
1787310660441,50050,-3157,-3200,376,15000
1787310660541,50050,-3157,-3200,376,15000
1787310660640,50050,-3157,-3200,376,15000
1787310660740,50050,-3157,-3200,376,15000
1787310660841,50050,-3157,-3200,376,15000
1787310660941,50050,-3157,-3200,376,15000
1787310661040,50050,-3157,-3200,376,15000
1787310661140,50050,-3157,-3200,376,15000
1787310661240,50050,-3157,-3200,376,15000
1787310661341,50050,-3157,-3200,376,15000
1787310661441,50050,-3157,-3200,376,15000
1787310661540,50050,-3157,-3200,376,15000
1787310661641,50050,-3157,-3200,376,15000
1787310661741,50050,-3157,-3200,376,15000
1787310661840,50050,-3157,-3200,376,15000
1787310661940,50050,-3157,-3200,376,15000
1787310662040,50050,-3157,-3200,376,15000
1787310662140,50050,-3157,-3200,376,15000
1787310662240,50050,-3157,-3200,376,15000
1787310662340,50050,-3157,-3200,376,15000
1787310662440,50050,-3157,-3200,376,15000
1787310662540,50050,-3157,-3200,376,15000
1787310662640,50050,-3157,-3200,376,15000
1787310662740,50050,-3157,-3200,376,15000
1787310662841,50050,-3157,-3200,376,15000
1787310662940,50050,-3157,-3200,376,15000
1787310663040,50050,-3157,-3200,376,15000
1787310663141,50050,-3157,-3200,376,15000
1787310663240,50050,-3157,-3200,376,15000
1787310663340,50050,-3157,-3200,376,15000
1787310663441,50050,-3157,-3200,376,15000
1787310663540,50050,-3157,-3200,376,15000
1787310663640,50050,-3157,-3200,376,15000
1787310663741,50050,-3157,-3200,376,15000
1787310663840,50050,-3157,-3200,376,15000
1787310663940,50050,-3157,-3200,376,15000
1787310664040,50050,-3157,-3200,376,15000
1787310664140,50050,-3157,-3200,376,15000
1787310664240,50050,-3157,-3200,376,15000
1787310664340,50050,-3157,-3200,376,15000
1787310664441,50050,-3157,-3100,376,15000
1787310664541,50050,-3157,-3100,376,15000
1787310664640,50050,-3157,-3100,376,15000
1787310664741,50050,-3157,-3100,376,15000
1787310664840,50050,-3157,-3100,376,15000
1787310664940,50050,-3157,-3100,376,15000
1787310665041,50050,-3157,-3100,376,15000
1787310665140,50050,-3157,-3100,376,15000
1787310665240,50050,-3157,-3100,376,15000
1787310665340,50050,-3157,-3100,376,15000
1787310665441,50050,-3157,-3100,376,15000
1787310665540,50050,-3157,-3100,376,15000
1787310665640,50050,-3157,-3100,376,15000
1787310665740,50050,-3157,-3200,376,15000
1787310665840,50050,-3157,-3200,376,15000
1787310665940,50050,-3157,-3200,376,15000
1787310666040,50050,-3157,-3200,376,15000
1787310666141,50050,-3157,-3200,376,15000
1787310666241,50050,-3157,-3200,376,15000
1787310666340,50050,-3157,-3200,376,15000
1787310666441,50050,-3157,-3200,376,15000
1787310666540,50050,-3157,-3200,376,15000
1787310666640,50050,-3157,-3200,376,15000
1787310666740,50050,-3157,-3200,376,15000
1787310666841,50050,-3157,-3200,376,15000
1787310666940,50050,-3157,-3200,376,15000
1787310667040,50050,-3157,-3200,376,15000
1787310667140,50050,-3157,-3200,376,15000
1787310667240,50050,-3157,-3200,376,15000
1787310667340,50050,-3157,-3200,376,15000
1787310667441,50050,-3157,-3200,376,15000
1787310667540,50050,-3157,-3200,376,15000
1787310667640,50050,-3157,-3200,376,15000
1787310667740,50050,-3157,-3200,376,15000
1787310667840,50050,-3157,-3200,376,15000
1787310667940,50050,-3157,-3200,376,15000
1787310668040,50050,-3157,-3200,376,15000
1787310668140,50050,-3157,-3200,376,15000
1787310668240,50050,-3157,-3200,376,15000
1787310668340,50050,-3157,-3200,376,15000
1787310668441,50050,-3157,-3200,376,15000
1787310668540,50050,-3157,-3200,376,15000
1787310668640,50050,-3157,-3200,376,15000
1787310668740,50050,-3157,-3200,376,15000
1787310668840,50050,-3157,-3200,376,15000
1787310668941,50050,-3157,-3200,376,15000
1787310669040,50050,-3157,-3200,376,15000
1787310669140,50050,-3157,-3200,376,15000
1787310669240,50050,-3157,-3200,376,15000
1787310669340,50050,-3157,-3200,376,15000
1787310669441,50050,-3157,-3200,376,15000
1787310669540,50050,-3157,-3200,376,15000
1787310669640,50050,-3157,-3200,376,15000
1787310669740,50050,-3157,-3200,376,15000
1787310669840,50050,-3157,-3200,376,15000
1787310669940,50050,-3157,-3200,376,15000
1787310670040,50050,-3157,-3200,376,15000
1787310670141,50050,-3157,-3200,376,15000
1787310670241,50050,-3157,-3200,376,15000
1787310670340,50050,-3157,-3200,376,15000
1787310670441,50050,-3157,-3200,376,15000
1787310670540,50050,-3157,-3100,376,15000
1787310670640,50050,-3157,-3100,376,15000
1787310670740,50050,-3157,-3100,376,15000
1787310670841,50050,-3157,-3100,376,15000
1787310670940,50050,-3157,-3100,376,15000
1787310671040,50050,-3157,-3100,376,15000
1787310671140,50050,-3157,-3200,376,15000
1787310671240,50050,-3157,-3200,376,15000
1787310671340,50050,-3157,-3200,376,15000
1787310671441,50050,-3157,-3200,376,15000
1787310671540,50050,-3157,-3200,376,15000
1787310671640,50050,-3157,-3200,376,15000
1787310671740,50050,-3157,-3200,376,15000
1787310671840,50050,-3157,-3200,376,15000
1787310671940,50050,-3157,-3200,376,15000
1787310672040,50050,-3157,-3200,376,15000
1787310672141,50050,-3157,-3200,376,15000
1787310672240,50050,-3157,-3200,376,15000
1787310672341,50050,-3157,-3200,376,15000
1787310672440,50050,-3157,-3200,376,15000
1787310672540,50050,-3157,-3200,376,15000
1787310672640,50050,-3157,-3200,376,15000
1787310672740,50050,-3157,-3200,376,15000
1787310672840,50050,-3157,-3200,376,15000
1787310672940,50050,-3157,-3200,376,15000
1787310673040,50050,-3157,-3200,376,15000
1787310673140,50050,-3157,-3200,376,15000
1787310673240,50050,-3157,-3200,376,15000
1787310673340,50050,-3157,-3200,376,15000
1787310673441,50050,-3157,-3200,376,15000
1787310673540,50050,-3157,-3200,376,15000
1787310673640,50050,-3157,-3200,376,15000
1787310673740,50050,-3157,-3200,376,15000
1787310673841,50050,-3157,-3200,376,15000
1787310673941,50050,-3157,-3200,376,15000
1787310674040,50050,-3157,-3200,376,15000
1787310674140,50050,-3157,-3200,376,15000
1787310674240,50050,-3157,-3200,376,15000
1787310674341,50050,-3157,-3200,376,15000
1787310674441,50050,-3157,-3200,376,15000
1787310674540,50050,-3157,-3200,376,15000
1787310674641,50050,-3157,-3200,376,15000
1787310674740,50050,-3157,-3200,376,15000
1787310674841,50050,-3157,-3200,376,15000
1787310674940,50050,-3157,-3200,376,15000
1787310675041,50050,-3157,-3200,376,15000
1787310675140,50050,-3157,-3200,376,15000
1787310675240,50050,-3157,-3200,376,15000
1787310675341,50050,-3157,-3200,376,15000
1787310675440,50050,-3157,-3200,376,15000
1787310675540,50050,-3157,-3200,376,15000
1787310675640,50050,-3157,-3200,376,15000
1787310675740,50050,-3157,-3200,376,15000
1787310675840,50050,-3157,-3200,376,15000
1787310675940,50050,-3157,-3200,376,15000
1787310676040,50050,-3157,-3200,376,15000
1787310676141,50050,-3157,-3200,376,15000
1787310676240,50050,-3157,-3200,376,15000
1787310676340,50050,-3157,-3200,376,15000
1787310676441,50050,-3157,-3200,376,15000
1787310676540,50050,-3157,-3200,376,15000
1787310676640,50050,-3157,-3200,376,15000
1787310676740,50050,-3157,-3200,376,15000
1787310676840,50050,-3157,-3200,376,15000
1787310676941,50050,-3157,-3200,376,15000
1787310677040,50050,-3157,-3200,376,15000
1787310677141,50050,-3157,-3200,376,15000
1787310677240,50050,-3157,-3200,376,15000
1787310677340,50050,-3157,-3200,376,15000
1787310677441,50050,-3157,-3200,376,15000
1787310677540,50050,-3157,-3200,376,15000
1787310677641,50050,-3157,-3200,376,15000
1787310677740,50050,-3157,-3200,376,15000
1787310677840,50050,-3157,-3200,376,15000
1787310677941,50050,-3157,-3200,376,15000
1787310678040,50050,-3157,-3200,376,15000
1787310678140,50050,-3157,-3200,376,15000
1787310678240,50050,-3157,-3200,376,15000
1787310678340,50050,-3157,-3200,376,15000
1787310678441,50050,-3157,-3200,376,15000
1787310678540,50050,-3157,-3200,376,15000
1787310678640,50050,-3157,-3200,376,15000
1787310678740,50050,-3157,-3200,376,15000
1787310678840,50050,-3157,-3200,376,15000
1787310678940,50050,-3157,-3200,376,15000
1787310679040,50050,-3157,-3200,376,15000
1787310679140,50050,-3157,-3200,376,15000
1787310679240,50050,-3157,-3200,376,15000
1787310679340,50050,-3157,-3200,376,15000
1787310679441,50050,-3157,-3200,376,15000
1787310679540,50050,-3157,-3200,376,15000
1787310679641,50050,-3157,-3200,376,15000
1787310679740,50050,-3157,-3200,376,15000
1787310679840,50050,-3157,-3200,376,15000
1787310679941,50050,-3157,-3200,376,15000
1787310680040,50050,-3157,-3200,376,15000
1787310680141,50050,-3157,-3200,376,15000
1787310680240,50050,-3157,-3200,376,15000
1787310680340,50050,-3157,-3200,376,15000
1787310680440,50050,-3157,-3200,376,15000
1787310680540,50050,-3157,-3200,376,15000
1787310680640,50050,-3157,-3200,376,15000
1787310680741,50050,-3157,-3200,376,15000
1787310680840,50050,-3157,-3200,376,15000
1787310680940,50050,-3157,-3200,376,15000
1787310681040,50050,-3157,-3200,376,15000
1787310681140,50050,-3157,-3200,376,15000
1787310681240,50050,-3157,-3200,376,15000
1787310681340,50050,-3157,-3200,376,15000
1787310681441,50050,-3157,-3200,376,15000
1787310681540,50050,-3157,-3200,376,15000
1787310681640,50050,-3157,-3200,376,15000
1787310681740,50050,-3157,-3200,376,15000
1787310681840,50050,-3157,-3200,376,15000
1787310681940,50050,-3157,-3200,376,15000
1787310682041,50050,-3157,-3200,376,15000
1787310682140,50050,-3157,-3200,376,15000
1787310682240,50050,-3157,-3200,376,15000
1787310682340,50050,-3157,-3200,376,15000
1787310682441,50050,-3157,-3200,376,15000
1787310682540,50050,-3157,-3200,376,15000
1787310682640,50050,-3157,-3100,376,15000
1787310682740,50050,-3157,-3100,376,15000
1787310682840,50050,-3157,-3100,376,15000
1787310682940,50050,-3157,-3100,376,15000
1787310683040,50050,-3157,-3100,376,15000
1787310683140,50050,-3157,-3100,376,15000
1787310683240,50050,-3157,-3100,376,15000
1787310683341,50050,-3157,-3200,376,15000
1787310683440,50050,-3157,-3200,376,15000
1787310683540,50050,-3157,-3200,376,15000
1787310683640,50050,-3157,-3200,376,15000
1787310683740,50050,-3157,-3200,376,15000
1787310683840,50050,-3157,-3200,376,15000
1787310683940,50050,-3157,-3200,376,15000
1787310684040,50050,-3157,-3200,376,15000
1787310684140,50050,-3157,-3200,376,15000
1787310684240,50050,-3157,-3200,376,15000
1787310684341,50050,-3157,-3200,376,15000
1787310684441,50050,-3157,-3200,376,15000
1787310684540,50050,-3157,-3200,376,15000
1787310684640,50050,-3157,-3200,376,15000
1787310684740,50050,-3157,-3200,376,15000
1787310684841,50050,-3157,-3200,376,15000
1787310684940,50050,-3157,-3200,376,15000
1787310685041,50050,-3157,-3200,376,15000
1787310685140,50050,-3157,-3200,376,15000
1787310685240,50050,-3157,-3200,376,15000
1787310685340,50050,-3157,-3200,376,15000
1787310685440,50050,-3157,-3200,376,15000
1787310685540,50050,-3157,-3200,376,15000
1787310685640,50050,-3157,-3200,376,15000
1787310685740,50050,-3157,-3200,376,15000
1787310685840,50050,-3157,-3200,376,15000
1787310685940,50050,-3157,-3200,376,15000
1787310686040,50050,-3157,-3200,376,15000
1787310686140,50050,-3157,-3200,376,15000
1787310686240,50050,-3157,-3200,376,15000
1787310686340,50050,-3157,-3200,376,15000
1787310686441,50050,-3157,-3200,376,15000
1787310686541,50050,-3157,-3200,376,15000
1787310686640,50050,-3157,-3200,376,15000
1787310686740,50050,-3157,-3200,376,15000
1787310686841,50050,-3157,-3100,376,15000
1787310686940,50050,-3157,-3100,376,15000
1787310687040,50050,-3157,-3100,376,15000
1787310687140,50050,-3157,-3100,376,15000
1787310687241,50050,-3157,-3100,376,15000
1787310687340,50050,-3157,-3100,376,15000
1787310687441,50050,-3157,-3100,376,15000
1787310687540,50050,-3157,-3200,376,15000
1787310687640,50050,-3157,-3200,376,15000
1787310687741,50050,-3157,-3200,376,15000
1787310687840,50050,-3157,-3200,376,15000
1787310687940,50050,-3157,-3200,376,15000
1787310688040,50050,-3157,-3200,376,15000
1787310688140,50050,-3157,-3200,376,15000
1787310688240,50050,-3157,-3200,376,15000
1787310688340,50050,-3157,-3200,376,15000
1787310688441,50050,-3157,-3200,376,15000
1787310688541,50050,-3157,-3200,376,15000
1787310688640,50050,-3157,-3200,376,15000
1787310688740,50050,-3157,-3200,376,15000
1787310688840,50050,-3157,-3200,376,15000
1787310688940,50050,-3157,-3200,376,15000
1787310689040,50050,-3157,-3200,376,15000
1787310689141,50050,-3157,-3200,376,15000
1787310689240,50050,-3157,-3200,376,15000
1787310689340,50050,-3157,-3200,376,15000
1787310689441,50050,-3157,-3200,376,15000
1787310689540,50050,-3157,-3200,376,15000
1787310689640,50050,-3157,-3200,376,15000
1787310689740,50050,-3157,-3200,376,15000
1787310689841,50050,-3157,-3200,376,15000
1787310689941,50050,-3157,-3200,376,15000
1787310690040,50050,-3157,-3200,376,15000
1787310690141,50050,-3157,-3200,376,15000
1787310690240,50050,-3157,-3200,376,15000
1787310690340,50050,-3157,-3200,376,15000
1787310690440,50050,-3157,-3200,376,15000
1787310690540,50050,-3157,-3200,376,15000
1787310690640,50050,-3157,-3200,376,15000
1787310690740,50050,-3157,-3200,376,15000
1787310690840,50050,-3157,-3200,376,15000
1787310690940,50050,-3157,-3200,376,15000
1787310691040,50050,-3157,-3200,376,15000
1787310691140,50050,-3157,-3200,376,15000
1787310691240,50050,-3157,-3200,376,15000
1787310691340,50050,-3157,-3200,376,15000
1787310691441,50050,-3157,-3200,376,15000
1787310691540,50050,-3157,-3200,376,15000
1787310691640,50050,-3157,-3200,376,15000
1787310691740,50050,-3157,-3200,376,15000
1787310691840,50050,-3157,-3200,376,15000
1787310691940,50050,-3157,-3200,376,15000
1787310692040,50050,-3157,-3200,376,15000
1787310692140,50050,-3157,-3200,376,15000
1787310692241,50050,-3157,-3200,376,15000
1787310692340,50050,-3157,-3200,376,15000
1787310692441,50050,-3157,-3200,376,15000
1787310692541,50050,-3157,-3200,376,15000
1787310692640,50050,-3157,-3200,376,15000
1787310692741,50050,-3157,-3200,376,15000
1787310692840,50050,-3157,-3200,376,15000
1787310692940,50050,-3157,-3200,376,15000
1787310693040,50050,-3157,-3200,376,15000
1787310693141,50050,-3157,-3200,376,15000
1787310693241,50050,-3157,-3200,376,15000
1787310693340,50050,-3157,-3200,376,15000
1787310693440,50050,-3157,-3200,376,15000
1787310693540,50050,-3157,-3200,376,15000
1787310693641,50050,-3157,-3200,376,15000
1787310693740,50050,-3157,-3200,376,15000
1787310693841,50050,-3157,-3200,376,15000
1787310693940,50050,-3157,-3200,376,15000
1787310694041,50050,-3157,-3200,376,15000
1787310694141,50050,-3157,-3100,376,15000
1787310694240,50050,-3157,-3100,376,15000
1787310694340,50050,-3157,-3100,376,15000
1787310694440,50050,-3157,-3100,376,15000
1787310694541,50050,-3157,-3100,376,15000
1787310694641,50050,-3157,-3100,376,15000
1787310694740,50050,-3157,-3100,376,15000
1787310694841,50050,-3157,-3200,376,15000
1787310694940,50050,-3157,-3200,376,15000
1787310695040,50050,-3157,-3200,376,15000
1787310695140,50050,-3157,-3200,376,15000
1787310695240,50050,-3157,-3200,376,15000
1787310695340,50050,-3157,-3200,376,15000
1787310695441,50050,-3157,-3200,376,15000
1787310695540,50050,-3157,-3200,376,15000
1787310695640,50050,-3157,-3200,376,15000
1787310695740,50050,-3157,-3200,376,15000
1787310695840,50050,-3157,-3200,376,15000
1787310695940,50050,-3157,-3200,376,15000
1787310696041,50050,-3157,-3200,376,15000
1787310696141,50050,-3157,-3200,376,15000
1787310696240,50050,-3157,-3200,376,15000
1787310696340,50050,-3157,-3200,376,15000
1787310696440,50050,-3157,-3200,376,15000
1787310696540,50050,-3157,-3200,376,15000
1787310696640,50050,-3157,-3200,376,15000
1787310696740,50050,-3157,-3200,376,15000
1787310696841,50050,-3157,-3200,376,15000
1787310696940,50050,-3157,-3200,376,15000
1787310697040,50050,-3157,-3200,376,15000
1787310697140,50050,-3157,-3200,376,15000
1787310697240,50050,-3157,-3200,376,15000
1787310697340,50050,-3157,-3200,376,15000
1787310697441,50050,-3157,-3200,376,15000
1787310697540,50050,-3157,-3200,376,15000
1787310697640,50050,-3157,-3200,376,15000
1787310697740,50050,-3157,-3100,376,15000
1787310697840,50050,-3157,-3100,376,15000
1787310697940,50050,-3157,-3100,376,15000
1787310698040,50050,-3157,-3100,376,15000
1787310698140,50050,-3157,-3100,376,15000
1787310698240,50050,-3157,-3100,376,15000
1787310698340,50050,-3157,-3200,376,15000
1787310698440,50050,-3157,-3200,376,15000
1787310698540,50050,-3157,-3200,376,15000
1787310698640,50050,-3157,-3200,376,15000
1787310698740,50050,-3157,-3200,376,15000
1787310698840,50050,-3157,-3200,376,15000
1787310698941,50050,-3157,-3200,376,15000
1787310699040,50050,-3157,-3200,376,15000
1787310699140,50050,-3157,-3200,376,15000
1787310699240,50050,-3157,-3200,376,15000
1787310699341,50050,-3157,-3200,376,15000
1787310699441,50050,-3157,-3200,376,15000
1787310699541,50050,-3157,-3200,376,15000
1787310699641,50050,-3157,-3200,376,15000
1787310699740,50050,-3157,-3200,376,15000
1787310699840,50050,-3157,-3200,376,15000
1787310699941,50050,-3157,-3200,376,15000
1787310700041,50050,-3157,-3200,376,15000
1787310700141,50050,-3157,-3200,376,15000
1787310700241,50050,-3157,-3200,376,15000
1787310700340,50050,-3157,-3200,376,15000
1787310700440,50050,-3157,-3200,376,15000
1787310700540,50050,-3157,-3200,376,15000
1787310700640,50050,-3157,-3200,376,15000
1787310700741,50050,-3157,-3100,376,15000
1787310700840,50050,-3157,-3100,376,15000
1787310700940,50050,-3157,-3100,376,15000
1787310701040,50050,-3157,-3100,376,15000
1787310701140,50050,-3157,-3100,376,15000
1787310701240,50050,-3157,-3100,376,15000
1787310701340,50050,-3157,-3100,376,15000
1787310701440,50050,-3157,-3100,376,15000
1787310701540,50050,-3157,-3100,376,15000
1787310701640,50050,-3157,-3100,376,15000
1787310701740,50050,-3157,-3100,376,15000
1787310701840,50050,-3157,-3100,376,15000
1787310701940,50050,-3157,-3100,376,15000
1787310702040,50050,-3157,-3100,376,15000
1787310702140,50050,-3157,-3100,376,15000
1787310702240,50050,-3157,-3100,376,15000
1787310702340,50050,-3157,-3100,376,15000
1787310702441,50050,-3157,-3100,376,15000
1787310702540,50050,-3157,-3100,376,15000
1787310702640,50050,-3157,-3100,376,15000
1787310702740,50050,-3157,-3100,376,15000
1787310702840,50050,-3157,-3100,376,15000
1787310702940,50050,-3157,-3100,376,15000
1787310703041,50050,-3157,-3100,376,15000
1787310703140,50050,-3157,-3100,376,15000
1787310703240,50050,-3157,-3200,376,15000
1787310703340,50050,-3157,-3200,376,15000
1787310703440,50050,-3157,-3200,376,15000
1787310703541,50050,-3157,-3200,376,15000
1787310703640,50050,-3157,-3200,376,15000
1787310703740,50050,-3157,-3200,376,15000
1787310703840,50050,-3157,-3100,376,15000
1787310703940,50050,-3157,-3100,376,15000
1787310704040,50050,-3157,-3100,376,15000
1787310704140,50050,-3157,-3100,376,15000
1787310704240,50050,-3157,-3100,376,15000
1787310704340,50050,-3157,-3100,376,15000
1787310704441,50050,-3157,-3200,376,15000
1787310704540,50050,-3157,-3200,376,15000
1787310704641,50050,-3157,-3200,376,15000
1787310704741,50050,-3157,-3200,376,15000
1787310704840,50050,-3157,-3200,376,15000
1787310704940,50050,-3157,-3200,376,15000
1787310705040,50050,-3157,-3200,376,15000
1787310705140,50050,-3157,-3200,376,15000
1787310705241,50050,-3157,-3200,376,15000
1787310705340,50050,-3157,-3200,376,15000
1787310705440,50050,-3157,-3200,376,15000
1787310705540,50050,-3157,-3200,376,15000
1787310705640,50050,-3157,-3200,376,15000
1787310705740,50050,-3157,-3200,376,15000
1787310705840,50050,-3157,-3200,376,15000
1787310705940,50050,-3157,-3200,376,15000
1787310706040,50050,-3157,-3200,376,15000
1787310706140,50050,-3157,-3200,376,15000
1787310706240,50050,-3157,-3200,376,15000
1787310706340,50050,-3157,-3200,376,15000
1787310706440,50050,-3157,-3200,376,15000
1787310706540,50050,-3157,-3200,376,15000
1787310706640,50050,-3157,-3200,376,15000
1787310706741,50050,-3157,-3200,376,15000
1787310706840,50050,-3157,-3200,376,15000
1787310706941,50050,-3157,-3200,376,15000
1787310707041,50050,-3157,-3200,376,15000
1787310707141,50050,-3157,-3200,376,15000
1787310707240,50050,-3157,-3200,376,15000
1787310707340,50050,-3157,-3200,376,15000
1787310707440,50050,-3157,-3100,376,15000
1787310707540,50050,-3157,-3100,376,15000
1787310707640,50050,-3157,-3100,376,15000
1787310707740,50050,-3157,-3100,376,15000
1787310707841,50050,-3157,-3100,376,15000
1787310707941,50050,-3157,-3100,376,15000
1787310708040,50050,-3157,-3200,376,15000
1787310708140,50050,-3157,-3200,376,15000
1787310708240,50050,-3157,-3200,376,15000
1787310708341,50050,-3157,-3200,376,15000
1787310708441,50050,-3157,-3200,376,15000
1787310708540,50050,-3157,-3200,376,15000
1787310708641,50050,-3157,-3200,376,15000
1787310708740,50050,-3157,-3200,376,15000
1787310708840,50050,-3157,-3200,376,15000
1787310708940,50050,-3157,-3200,376,15000
1787310709041,50050,-3157,-3200,376,15000
1787310709140,50050,-3157,-3200,376,15000
1787310709240,50050,-3157,-3200,376,15000
1787310709340,50050,-3157,-3200,376,15000
1787310709441,50050,-3157,-3200,376,15000
1787310709540,50050,-3157,-3200,376,15000
1787310709640,50050,-3157,-3200,376,15000
1787310709740,50050,-3157,-3200,376,15000
1787310709840,50050,-3157,-3200,376,15000
1787310709940,50050,-3157,-3200,376,15000
1787310710040,50050,-3157,-3200,376,15000
1787310710140,50050,-3157,-3200,376,15000
1787310710241,50050,-3157,-3200,376,15000
1787310710340,50050,-3157,-3100,376,15000
1787310710440,50050,-3157,-3100,376,15000
1787310710540,50050,-3157,-3100,376,15000
1787310710640,50050,-3157,-3100,376,15000
1787310710740,50050,-3157,-3100,376,15000
1787310710840,50050,-3157,-3100,376,15000
1787310710940,50050,-3157,-3100,376,15000
1787310711040,50050,-3157,-3200,376,15000
1787310711141,50050,-3157,-3200,376,15000
1787310711240,50050,-3157,-3200,376,15000
1787310711341,50050,-3157,-3200,376,15000
1787310711440,50050,-3157,-3200,376,15000
1787310711540,50050,-3157,-3200,376,15000
1787310711640,50050,-3157,-3200,376,15000
1787310711740,50050,-3157,-3200,376,15000
1787310711840,50050,-3157,-3200,376,15000
1787310711940,50050,-3157,-3200,376,15000
1787310712040,50050,-3157,-3200,376,15000
1787310712140,50050,-3157,-3200,376,15000
1787310712240,50050,-3157,-3100,376,15000
1787310712340,50050,-3157,-3100,376,15000
1787310712441,50050,-3157,-3100,376,15000
1787310712540,50050,-3157,-3100,376,15000
1787310712640,50050,-3157,-3100,376,15000
1787310712740,50050,-3157,-3100,376,15000
1787310712840,50050,-3157,-3200,376,15000
1787310712941,50050,-3157,-3200,376,15000
1787310713040,50050,-3157,-3200,376,15000
1787310713140,50050,-3157,-3200,376,15000
1787310713240,50050,-3157,-3200,376,15000
1787310713341,50050,-3157,-3200,376,15000
1787310713440,50050,-3157,-3200,376,15000
1787310713540,50050,-3157,-3200,376,15000
1787310713641,50050,-3157,-3200,376,15000
1787310713740,50050,-3157,-3200,376,15000
1787310713840,50050,-3157,-3200,376,15000
1787310713940,50050,-3157,-3200,376,15000
1787310714040,50050,-3157,-3200,376,15000
1787310714140,50050,-3157,-3200,376,15000
1787310714240,50050,-3157,-3200,376,15000
1787310714340,50050,-3157,-3200,376,15000
1787310714441,50050,-3157,-3200,376,15000
1787310714540,50050,-3157,-3200,376,15000
1787310714641,50050,-3157,-3200,376,15000
1787310714740,50050,-3157,-3200,376,15000
1787310714840,50050,-3157,-3200,376,15000
1787310714941,50050,-3157,-3200,376,15000
1787310715041,50050,-3157,-3200,376,15000
1787310715140,50050,-3157,-3200,376,15000
1787310715241,50050,-3157,-3200,376,15000
1787310715341,50050,-3157,-3200,376,15000
1787310715440,50050,-3157,-3200,376,15000
1787310715540,50050,-3157,-3200,376,15000
1787310715640,50050,-3157,-3200,376,15000
1787310715740,50050,-3157,-3200,376,15000
1787310715840,50050,-3157,-3200,376,15000
1787310715940,50050,-3157,-3200,376,15000
1787310716040,50050,-3157,-3200,376,15000
1787310716140,50050,-3157,-3200,376,15000
1787310716240,50050,-3157,-3200,376,15000
1787310716340,50050,-3157,-3200,376,15000
1787310716441,50050,-3157,-3200,376,15000
1787310716540,50050,-3157,-3200,376,15000
1787310716641,50050,-3157,-3200,376,15000
1787310716740,50050,-3157,-3200,376,15000
1787310716840,50050,-3157,-3200,376,15000
1787310716940,50000,0,-3200,376,15000
1787310717040,50000,0,-3200,376,15000
1787310717140,50000,0,-3200,376,15000
1787310717240,50000,0,-3200,376,15000
1787310717340,50000,0,-3200,376,15000
1787310717441,50000,0,-3200,376,15000
1787310717541,50000,0,-3200,376,15000
1787310717640,50000,0,-100,376,15000
1787310717741,50000,0,-100,376,15000
1787310717840,50000,0,-100,376,15000
1787310717940,50000,0,-100,376,15000
1787310718040,50000,0,-100,376,15000
1787310718140,50000,0,-100,376,15000
1787310718241,50000,0,-100,376,15000
1787310718340,50000,0,0,376,15000
1787310718441,50000,0,0,376,15000
1787310718540,50000,0,0,376,15000
1787310718640,50000,0,0,376,15000
1787310718740,50000,0,0,376,15000
1787310718840,50000,0,0,376,15000
1787310718940,50000,0,0,376,15000
1787310719040,50000,0,0,376,15000
1787310719140,50000,0,0,376,15000
1787310719240,50000,0,0,376,15000
1787310719340,50000,0,0,376,15000
1787310719441,50000,0,0,376,15000
1787310719541,50000,0,0,376,15000
1787310719641,50000,0,0,376,15000
1787310719740,50000,0,0,376,15000
1787310719840,50000,0,0,376,15000
1787310719940,50000,0,0,376,15000
1787310720040,50000,0,0,376,15000
1787310720140,50000,0,0,376,15000
1787310720240,50000,0,0,376,15000
1787310720340,50000,0,0,376,15000
1787310720441,50000,0,0,376,15000
1787310720540,50000,0,0,376,15000
1787310720640,50000,0,0,376,15000
1787310720740,50000,0,0,376,15000
1787310720840,50000,0,0,376,15000
1787310720940,50000,0,0,376,15000
1787310721040,50000,0,0,376,15000
1787310721140,50000,0,0,376,15000
1787310721240,50000,0,0,376,15000
1787310721340,50000,0,0,376,15000
1787310721441,50000,0,0,376,15000
1787310721540,50000,0,0,376,15000
1787310721640,50000,0,0,376,15000
1787310721740,50000,0,0,376,15000
1787310721840,50000,0,0,376,15000
1787310721941,50000,0,0,376,15000
1787310722040,50000,0,0,376,15000
1787310722140,50000,0,0,376,15000
1787310722240,50000,0,0,376,15000
1787310722340,50000,0,0,376,15000
1787310722441,50000,0,0,376,15000
1787310722540,50000,0,0,376,15000
1787310722640,50000,0,0,376,15000
1787310722740,50000,0,0,376,15000
1787310722840,50000,0,0,376,15000
1787310722941,50000,0,0,376,15000
1787310723040,50000,0,0,376,15000
1787310723140,50000,0,0,376,15000
1787310723240,50000,0,0,376,15000
1787310723340,50000,0,0,376,15000
1787310723441,50000,0,0,376,15000
1787310723540,50000,0,0,376,15000
1787310723640,50000,0,0,376,15000
1787310723740,50000,0,0,376,15000
1787310723840,50000,0,0,376,15000
1787310723941,50000,0,0,376,15000
1787310724040,50000,0,0,376,15000
1787310724141,50000,0,0,376,15000
1787310724240,50000,0,0,376,15000
1787310724340,50000,0,0,376,15000
1787310724441,50000,0,0,376,15000
1787310724540,50000,0,0,376,15000
1787310724640,50000,0,0,376,15000
1787310724741,50000,0,0,376,15000
1787310724840,50000,0,0,376,15000
1787310724940,50000,0,0,376,15000
1787310725040,50000,0,0,376,15000
1787310725141,50000,0,0,376,15000
1787310725240,50000,0,0,376,15000
1787310725340,50000,0,0,376,15000
1787310725440,50000,0,0,376,15000
1787310725540,50000,0,0,376,15000
1787310725640,50000,0,0,376,15000
1787310725740,50000,0,0,376,15000
1787310725840,50000,0,0,376,15000
1787310725940,50000,0,0,376,15000
1787310726040,50000,0,0,376,15000
1787310726140,50000,0,0,376,15000
1787310726241,50000,0,0,376,15000
1787310726340,50000,0,0,376,15000
1787310726441,50000,0,0,376,15000
1787310726540,50000,0,0,376,15000
1787310726640,50000,0,0,376,15000
1787310726740,50000,0,0,376,15000
1787310726840,50000,0,0,376,15000
1787310726940,50000,0,0,376,15000
1787310727040,50000,0,0,376,15000
1787310727140,50000,0,0,376,15000
1787310727240,50000,0,0,376,15000
1787310727340,50000,0,0,376,15000
1787310727441,50000,0,0,376,15000
1787310727541,50000,0,0,376,15000
1787310727640,50000,0,0,376,15000
1787310727740,50000,0,0,376,15000
1787310727841,50000,0,0,376,15000
1787310727940,50000,0,0,376,15000
1787310728040,50000,0,0,376,15000
1787310728140,50000,0,0,376,15000
1787310728240,50000,0,0,376,15000
1787310728340,50000,0,0,376,15000
1787310728441,50000,0,0,376,15000
1787310728540,50000,0,0,376,15000
1787310728640,50000,0,0,376,15000
1787310728740,50000,0,0,376,15000
1787310728840,50000,0,0,376,15000
1787310728941,50000,0,0,376,15000
1787310729040,50000,0,0,376,15000
1787310729140,50000,0,0,376,15000
1787310729240,50000,0,0,376,15000
1787310729340,50000,0,0,376,15000
1787310729441,50000,0,0,376,15000
1787310729540,50000,0,0,376,15000
1787310729640,50000,0,0,376,15000
1787310729740,50000,0,0,376,15000
1787310729840,50000,0,0,376,15000
1787310729940,50000,0,0,376,15000
1787310730040,50000,0,0,376,15000
1787310730141,50000,0,0,376,15000
1787310730240,50000,0,0,376,15000
1787310730340,50000,0,0,376,15000
1787310730441,50000,0,0,376,15000
1787310730541,50000,0,0,376,15000
1787310730640,50000,0,0,376,15000
1787310730740,50000,0,0,376,15000
1787310730840,50000,0,0,376,15000
1787310730940,50000,0,0,376,15000
1787310731041,50000,0,0,376,15000
1787310731140,50000,0,0,376,15000
1787310731240,50000,0,0,376,15000
1787310731340,50000,0,0,376,15000
1787310731440,50000,0,0,376,15000
1787310731541,50000,0,0,376,15000
1787310731640,50000,0,0,376,15000
1787310731741,50000,0,0,376,15000
1787310731840,50000,0,0,376,15000
1787310731941,50000,0,0,376,15000
1787310732040,50000,0,0,376,15000
1787310732140,50000,0,0,376,15000
1787310732240,50000,0,0,376,15000
1787310732340,50000,0,0,376,15000
1787310732441,50000,0,0,376,15000
1787310732540,50000,0,0,376,15000
1787310732640,50000,0,0,376,15000
1787310732740,50000,0,0,376,15000
1787310732840,50000,0,0,376,15000
1787310732940,50000,0,0,376,15000
1787310733040,50000,0,0,376,15000
1787310733141,50000,0,0,376,15000
1787310733240,50000,0,0,376,15000
1787310733340,50000,0,0,376,15000
1787310733441,50000,0,0,376,15000
1787310733540,50000,0,0,376,15000
1787310733640,50000,0,0,376,15000
1787310733741,50000,0,0,376,15000
1787310733840,50000,0,0,376,15000
1787310733940,50000,0,0,376,15000
1787310734041,50000,0,0,376,15000
1787310734140,50000,0,0,376,15000
1787310734240,50000,0,0,376,15000
1787310734340,50000,0,0,376,15000
1787310734441,50000,0,0,376,15000
1787310734540,50000,0,0,376,15000
1787310734640,50000,0,0,376,15000
1787310734740,50000,0,0,376,15000
1787310734840,50000,0,0,376,15000
1787310734940,50000,0,0,376,15000
1787310735040,50000,0,0,376,15000
1787310735140,50000,0,0,376,15000
1787310735240,50000,0,0,376,15000
1787310735340,50000,0,0,376,15000
1787310735440,50000,0,0,376,15000
1787310735540,50000,0,0,376,15000
1787310735640,50000,0,0,376,15000
1787310735740,50000,0,0,376,15000
1787310735840,50000,0,0,376,15000
1787310735940,50000,0,0,376,15000
1787310736040,50000,0,0,376,15000
1787310736141,50000,0,0,376,15000
1787310736240,50000,0,0,376,15000
1787310736340,50000,0,0,376,15000
1787310736441,50000,0,0,376,15000
1787310736540,50000,0,0,376,15000
1787310736640,50000,0,0,376,15000
1787310736740,50000,0,0,376,15000
1787310736840,50000,0,0,376,15000
1787310736940,50000,0,0,376,15000
1787310737040,50000,0,0,376,15000
1787310737140,50000,0,0,376,15000
1787310737240,50000,0,0,376,15000
1787310737340,50000,0,0,376,15000
1787310737441,50000,0,0,376,15000
1787310737540,50000,0,0,376,15000
1787310737641,50000,0,0,376,15000
1787310737741,50000,0,0,376,15000
1787310737841,50000,0,0,376,15000
1787310737940,50000,0,0,376,15000
1787310738041,50000,0,0,376,15000
1787310738141,50000,0,0,376,15000
1787310738241,50000,0,0,376,15000
1787310738340,50000,0,0,376,15000
1787310738441,50000,0,0,376,15000
1787310738540,50000,0,0,376,15000
1787310738640,50000,0,0,376,15000
1787310738740,50000,0,0,376,15000
1787310738840,50000,0,0,376,15000
1787310738941,50000,0,0,376,15000
1787310739040,50000,0,0,376,15000
1787310739140,50000,0,0,376,15000
1787310739240,50000,0,0,376,15000
1787310739340,50000,0,0,376,15000
1787310739441,50000,0,0,376,15000
1787310739540,50000,0,0,376,15000
1787310739640,50000,0,0,376,15000
1787310739740,50000,0,0,376,15000
1787310739840,50000,0,0,376,15000
1787310739940,50000,0,0,376,15000
1787310740040,50000,0,0,376,15000
1787310740140,50000,0,0,376,15000
1787310740240,50000,0,0,376,15000
1787310740340,50000,0,0,376,15000
1787310740441,50000,0,0,376,15000
1787310740540,50000,0,0,376,15000
1787310740640,50000,0,0,376,15000
1787310740741,50000,0,0,376,15000
1787310740840,50000,0,0,376,15000
1787310740940,50000,0,0,376,15000
1787310741040,50000,0,0,376,15000
1787310741140,50000,0,0,376,15000
1787310741240,50000,0,0,376,15000
1787310741340,50000,0,0,376,15000
1787310741441,50000,0,0,376,15000
1787310741540,50000,0,0,376,15000
1787310741640,50000,0,0,376,15000
1787310741741,50000,0,0,376,15000
1787310741840,50000,0,0,376,15000
1787310741941,50000,0,0,376,15000
1787310742040,50000,0,0,376,15000
1787310742140,50000,0,0,376,15000
1787310742240,50000,0,0,376,15000
1787310742340,50000,0,0,376,15000
1787310742440,50000,0,0,376,15000
1787310742540,50000,0,0,376,15000
1787310742641,50000,0,0,376,15000
1787310742740,50000,0,0,376,15000
1787310742840,50000,0,0,376,15000
1787310742940,50000,0,0,376,15000
1787310743040,50000,0,0,376,15000
1787310743140,50000,0,0,376,15000
1787310743241,50000,0,0,376,15000
1787310743340,50000,0,0,376,15000
1787310743441,50000,0,0,376,15000
1787310743540,50000,0,0,376,15000
1787310743640,50000,0,0,376,15000
1787310743740,50000,0,0,376,15000
1787310743840,50000,0,0,376,15000
1787310743940,50000,0,0,376,15000
1787310744040,50000,0,0,376,15000
1787310744140,50000,0,0,376,15000
1787310744240,50000,0,0,376,15000
1787310744340,50000,0,0,376,15000
1787310744441,50000,0,0,376,15000
1787310744540,50000,0,0,376,15000
1787310744640,50000,0,0,376,15000
1787310744740,50000,0,0,376,15000
1787310744840,50000,0,0,376,15000
1787310744940,50000,0,0,376,15000
1787310745040,50000,0,0,376,15000
1787310745141,50000,0,0,376,15000
1787310745240,50000,0,0,376,15000
1787310745340,50000,0,0,376,15000
1787310745440,50000,0,0,376,15000
1787310745540,50000,0,0,376,15000
1787310745640,50000,0,0,376,15000
1787310745740,50000,0,0,376,15000
1787310745840,50000,0,0,376,15000
1787310745941,50000,0,0,376,15000
1787310746040,50000,0,0,376,15000
1787310746141,50000,0,0,376,15000
1787310746241,50000,0,0,376,15000
1787310746340,50000,0,0,376,15000
1787310746440,50000,0,0,376,15000
1787310746540,50000,0,0,376,15000
1787310746640,50000,0,0,376,15000
1787310746740,50000,0,0,376,15000
1787310746840,50000,0,0,376,15000
1787310746940,49950,3157,0,376,15000
1787310747040,49950,3157,0,376,15000
1787310747141,49950,3157,0,376,15000
1787310747240,49950,3157,0,376,15000
1787310747340,49950,3157,0,376,15000
1787310747440,49950,3157,0,376,15000
1787310747540,49950,3157,0,376,15000
1787310747640,49950,3157,0,376,15000
1787310747740,49950,3157,3100,376,15000
1787310747840,49950,3157,3100,376,15000
1787310747940,49950,3157,3100,376,15000
1787310748040,49950,3157,3100,376,15000
1787310748140,49950,3157,3100,376,15000
1787310748240,49950,3157,3100,376,15000
1787310748341,49950,3157,3100,376,15000
1787310748440,49950,3157,3100,376,15000
1787310748540,49950,3157,3100,376,15000
1787310748641,49950,3157,3100,376,15000
1787310748740,49950,3157,3100,376,15000
1787310748840,49950,3157,3100,376,15000
1787310748941,49950,3157,3100,376,15000
1787310749040,49950,3157,3100,376,15000
1787310749140,49950,3157,3100,376,15000
1787310749240,49950,3157,3100,376,15000
1787310749340,49950,3157,3100,376,15000
1787310749440,49950,3157,3100,376,15000
1787310749540,49950,3157,3100,376,15000
1787310749641,49950,3157,3100,376,15000
1787310749740,49950,3157,3100,376,15000
1787310749840,49950,3157,3100,376,15000
1787310749940,49950,3157,3100,376,15000
1787310750040,49950,3157,3100,376,15000
1787310750140,49950,3157,3100,376,15000
1787310750240,49950,3157,3100,376,15000
1787310750340,49950,3157,3100,376,15000
1787310750440,49950,3157,3100,376,15000
1787310750541,49950,3157,3100,376,15000
1787310750640,49950,3157,3100,376,15000
1787310750740,49950,3157,3100,376,15000
1787310750840,49950,3157,3100,376,15000
1787310750940,49950,3157,3100,376,15000
1787310751040,49950,3157,3100,376,15000
1787310751140,49950,3157,3100,376,15000
1787310751240,49950,3157,3100,376,15000
1787310751340,49950,3157,3100,376,15000
1787310751440,49950,3157,3100,376,15000
1787310751540,49950,3157,3100,376,15000
1787310751640,49950,3157,3100,376,15000
1787310751740,49950,3157,3100,376,15000
1787310751841,49950,3157,3100,376,15000
1787310751940,49950,3157,3100,376,15000
1787310752040,49950,3157,3100,376,15000
1787310752140,49950,3157,3100,376,15000
1787310752240,49950,3157,3100,376,15000
1787310752340,49950,3157,3100,376,15000
1787310752441,49950,3157,3100,376,15000
1787310752540,49950,3157,3100,376,15000
1787310752640,49950,3157,3100,376,15000
1787310752740,49950,3157,3100,376,15000
1787310752840,49950,3157,3100,376,15000
1787310752940,49950,3157,3100,376,15000
1787310753041,49950,3157,3100,376,15000
1787310753140,49950,3157,3100,376,15000
1787310753240,49950,3157,3100,376,15000
1787310753340,49950,3157,3100,376,15000
1787310753441,49950,3157,3100,376,15000
1787310753540,49950,3157,3100,376,15000
1787310753640,49950,3157,3100,376,15000
1787310753740,49950,3157,3100,376,15000
1787310753840,49950,3157,3100,376,15000
1787310753940,49950,3157,3100,376,15000
1787310754040,49950,3157,3100,376,15000
1787310754140,49950,3157,3100,376,15000
1787310754240,49950,3157,3100,376,15000
1787310754340,49950,3157,3100,376,15000
1787310754441,49950,3157,3100,376,15000
1787310754540,49950,3157,3100,376,15000
1787310754640,49950,3157,3100,376,15000
1787310754741,49950,3157,3100,376,15000
1787310754840,49950,3157,3100,376,15000
1787310754940,49950,3157,3100,376,15000
1787310755040,49950,3157,3100,376,15000
1787310755141,49950,3157,3100,376,15000
1787310755240,49950,3157,3100,376,15000
1787310755340,49950,3157,3100,376,15000
1787310755440,49950,3157,3100,376,15000
1787310755541,49950,3157,3100,376,15000
1787310755640,49950,3157,3100,376,15000
1787310755740,49950,3157,3100,376,15000
1787310755840,49950,3157,3100,376,15000
1787310755940,49950,3157,3100,376,15000
1787310756040,49950,3157,3100,376,15000
1787310756140,49950,3157,3100,376,15000
1787310756240,49950,3157,3100,376,15000
1787310756340,49950,3157,3100,376,15000
1787310756441,49950,3157,3100,376,15000
1787310756540,49950,3157,3100,376,15000
1787310756640,49950,3157,3100,376,15000
1787310756741,49950,3157,3100,376,15000
1787310756840,49950,3157,3100,376,15000
1787310756940,49950,3157,3100,376,15000
1787310757041,49950,3157,3100,376,15000
1787310757140,49950,3157,3100,376,15000
1787310757240,49950,3157,3100,376,15000
1787310757340,49950,3157,3100,376,15000
1787310757441,49950,3157,3100,376,15000
1787310757540,49950,3157,3100,376,15000
1787310757640,49950,3157,3100,376,15000
1787310757740,49950,3157,3100,376,15000
1787310757840,49950,3157,3100,376,15000
1787310757940,49950,3157,3100,376,15000
1787310758040,49950,3157,3100,376,15000
1787310758140,49950,3157,3100,376,15000
1787310758240,49950,3157,3100,376,15000
1787310758340,49950,3157,3100,376,15000
1787310758441,49950,3157,3100,376,15000
1787310758541,49950,3157,3100,376,15000
1787310758641,49950,3157,3100,376,15000
1787310758740,49950,3157,3100,376,15000
1787310758840,49950,3157,3100,376,15000
1787310758940,49950,3157,3100,376,15000
1787310759040,49950,3157,3100,376,15000
1787310759140,49950,3157,3100,376,15000
1787310759240,49950,3157,3100,376,15000
1787310759340,49950,3157,3100,376,15000
1787310759441,49950,3157,3100,376,15000
1787310759540,49950,3157,3100,376,15000
1787310759640,49950,3157,3100,376,15000
1787310759740,49950,3157,3100,376,15000
1787310759840,49950,3157,3100,376,15000
1787310759940,49950,3157,3100,376,15000
1787310760040,49950,3157,3100,376,15000
1787310760140,49950,3157,3100,376,15000
1787310760240,49950,3157,3100,376,15000
1787310760341,49950,3157,3100,376,15000
1787310760441,49950,3157,3100,376,15000
1787310760540,49950,3157,3100,376,15000
1787310760640,49950,3157,3100,376,15000
1787310760741,49950,3157,3100,376,15000
1787310760840,49950,3157,3100,376,15000
1787310760940,49950,3157,3100,376,15000
1787310761040,49950,3157,3100,376,15000
1787310761140,49950,3157,3100,376,15000
1787310761240,49950,3157,3100,376,15000
1787310761340,49950,3157,3100,376,15000
1787310761441,49950,3157,3100,376,15000
1787310761540,49950,3157,3200,376,15000
1787310761640,49950,3157,3200,376,15000
1787310761740,49950,3157,3200,376,15000
1787310761840,49950,3157,3200,376,15000
1787310761940,49950,3157,3200,376,15000
1787310762040,49950,3157,3200,376,15000
1787310762140,49950,3157,3100,376,15000
1787310762240,49950,3157,3100,376,15000
1787310762340,49950,3157,3100,376,15000
1787310762441,49950,3157,3100,376,15000
1787310762540,49950,3157,3100,376,15000
1787310762641,49950,3157,3100,376,15000
1787310762741,49950,3157,3100,376,15000
1787310762840,49950,3157,3100,376,15000
1787310762940,49950,3157,3100,376,15000
1787310763040,49950,3157,3100,376,15000
1787310763141,49950,3157,3100,376,15000
1787310763240,49950,3157,3100,376,15000
1787310763340,49950,3157,3100,376,15000
1787310763440,49950,3157,3100,376,15000
1787310763540,49950,3157,3100,376,15000
1787310763641,49950,3157,3100,376,15000
1787310763740,49950,3157,3100,376,15000
1787310763840,49950,3157,3100,376,15000
1787310763940,49950,3157,3100,376,15000
1787310764040,49950,3157,3100,376,15000
1787310764140,49950,3157,3100,376,15000
1787310764240,49950,3157,3100,376,15000
1787310764340,49950,3157,3100,376,15000
1787310764441,49950,3157,3100,376,15000
1787310764541,49950,3157,3100,376,15000
1787310764640,49950,3157,3100,376,15000
1787310764740,49950,3157,3100,376,15000
1787310764840,49950,3157,3100,376,15000
1787310764940,49950,3157,3100,376,15000
1787310765040,49950,3157,3100,376,15000
1787310765140,49950,3157,3100,376,15000
1787310765240,49950,3157,3100,376,15000
1787310765340,49950,3157,3100,376,15000
1787310765440,49950,3157,3100,376,15000
1787310765540,49950,3157,3100,376,15000
1787310765640,49950,3157,3100,376,15000
1787310765740,49950,3157,3100,376,15000
1787310765840,49950,3157,3100,376,15000
1787310765940,49950,3157,3200,376,15000
1787310766041,49950,3157,3200,376,15000
1787310766140,49950,3157,3200,376,15000
1787310766240,49950,3157,3200,376,15000
1787310766340,49950,3157,3100,376,15000
1787310766440,49950,3157,3100,376,15000
1787310766541,49950,3157,3100,376,15000
1787310766640,49950,3157,3100,376,15000
1787310766740,49950,3157,3100,376,15000
1787310766840,49950,3157,3100,376,15000
1787310766940,49950,3157,3100,376,15000
1787310767040,49950,3157,3100,376,15000
1787310767140,49950,3157,3100,376,15000
1787310767240,49950,3157,3100,376,15000
1787310767340,49950,3157,3100,376,15000
1787310767441,49950,3157,3100,376,15000
1787310767540,49950,3157,3100,376,15000
1787310767640,49950,3157,3100,376,15000
1787310767740,49950,3157,3100,376,15000
1787310767840,49950,3157,3100,376,15000
1787310767940,49950,3157,3100,376,15000
1787310768040,49950,3157,3100,376,15000
1787310768140,49950,3157,3100,376,15000
1787310768241,49950,3157,3100,376,15000
1787310768340,49950,3157,3100,376,15000
1787310768441,49950,3157,3100,376,15000
1787310768541,49950,3157,3100,376,15000
1787310768640,49950,3157,3100,376,15000
1787310768740,49950,3157,3100,376,15000
1787310768840,49950,3157,3200,376,15000
1787310768941,49950,3157,3200,376,15000
1787310769041,49950,3157,3200,376,15000
1787310769140,49950,3157,3200,376,15000
1787310769240,49950,3157,3200,376,15000
1787310769340,49950,3157,3200,376,15000
1787310769441,49950,3157,3100,376,15000
1787310769540,49950,3157,3100,376,15000
1787310769640,49950,3157,3100,376,15000
1787310769740,49950,3157,3100,376,15000
1787310769841,49950,3157,3100,376,15000
1787310769940,49950,3157,3100,376,15000
1787310770040,49950,3157,3100,376,15000
1787310770140,49950,3157,3100,376,15000
1787310770240,49950,3157,3100,376,15000
1787310770340,49950,3157,3100,376,15000
1787310770441,49950,3157,3100,376,15000
1787310770540,49950,3157,3100,376,15000
1787310770640,49950,3157,3100,376,15000
1787310770740,49950,3157,3200,376,15000
1787310770840,49950,3157,3200,376,15000
1787310770940,49950,3157,3200,376,15000
1787310771040,49950,3157,3200,376,15000
1787310771141,49950,3157,3200,376,15000
1787310771240,49950,3157,3200,376,15000
1787310771340,49950,3157,3100,376,15000
1787310771440,49950,3157,3100,376,15000
1787310771540,49950,3157,3100,376,15000
1787310771640,49950,3157,3100,376,15000
1787310771740,49950,3157,3100,376,15000
1787310771840,49950,3157,3100,376,15000
1787310771940,49950,3157,3100,376,15000
1787310772040,49950,3157,3100,376,15000
1787310772140,49950,3157,3100,376,15000
1787310772240,49950,3157,3100,376,15000
1787310772341,49950,3157,3100,376,15000
1787310772441,49950,3157,3100,376,15000
1787310772540,49950,3157,3100,376,15000
1787310772640,49950,3157,3100,376,15000
1787310772741,49950,3157,3100,376,15000
1787310772841,49950,3157,3100,376,15000
1787310772941,49950,3157,3100,376,15000
1787310773040,49950,3157,3100,376,15000
1787310773140,49950,3157,3100,376,15000
1787310773240,49950,3157,3100,376,15000
1787310773340,49950,3157,3100,376,15000
1787310773440,49950,3157,3100,376,15000
1787310773541,49950,3157,3100,376,15000
1787310773641,49950,3157,3100,376,15000
1787310773740,49950,3157,3100,376,15000
1787310773840,49950,3157,3100,376,15000
1787310773940,49950,3157,3100,376,15000
1787310774040,49950,3157,3100,376,15000
1787310774140,49950,3157,3100,376,15000
1787310774240,49950,3157,3100,376,15000
1787310774340,49950,3157,3100,376,15000
1787310774441,49950,3157,3100,376,15000
1787310774540,49950,3157,3100,376,15000
1787310774640,49950,3157,3100,376,15000
1787310774740,49950,3157,3100,376,15000
1787310774840,49950,3157,3100,376,15000
1787310774940,49950,3157,3100,376,15000
1787310775040,49950,3157,3100,376,15000
1787310775140,49950,3157,3100,376,15000
1787310775240,49950,3157,3100,376,15000
1787310775340,49950,3157,3100,376,15000
1787310775440,49950,3157,3100,376,15000
1787310775540,49950,3157,3100,376,15000
1787310775640,49950,3157,3100,376,15000
1787310775740,49950,3157,3100,376,15000
1787310775840,49950,3157,3100,376,15000
1787310775940,49950,3157,3100,376,15000
1787310776040,49950,3157,3100,376,15000
1787310776140,49950,3157,3100,376,15000
1787310776240,49950,3157,3100,376,15000
1787310776340,49950,3157,3100,376,15000
1787310776441,49950,3157,3100,376,15000
1787310776540,49950,3157,3100,376,15000
1787310776640,49950,3157,3200,376,15000
1787310776740,49950,3157,3200,376,15000
1787310776840,49950,3157,3200,376,15000
1787310776940,49950,3157,3200,376,15000
1787310777040,49950,3157,3200,376,15000
1787310777140,49950,3157,3200,376,15000
1787310777241,49950,3157,3100,376,15000
1787310777340,49950,3157,3100,376,15000
1787310777441,49950,3157,3100,376,15000
1787310777540,49950,3157,3100,376,15000
1787310777640,49950,3157,3100,376,15000
1787310777741,49950,3157,3100,376,15000
1787310777840,49950,3157,3100,376,15000
1787310777940,49950,3157,3100,376,15000
1787310778040,49950,3157,3100,376,15000
1787310778140,49950,3157,3100,376,15000
1787310778241,49950,3157,3100,376,15000
1787310778340,49950,3157,3100,376,15000
1787310778441,49950,3157,3100,376,15000
1787310778540,49950,3157,3100,376,15000
1787310778640,49950,3157,3100,376,15000
1787310778741,49950,3157,3100,376,15000
1787310778840,49950,3157,3100,376,15000
1787310778940,49950,3157,3100,376,15000
1787310779041,49950,3157,3100,376,15000
1787310779140,49950,3157,3100,376,15000
1787310779240,49950,3157,3100,376,15000
1787310779340,49950,3157,3100,376,15000
1787310779441,49950,3157,3100,376,15000
1787310779540,49950,3157,3100,376,15000
1787310779640,49950,3157,3100,376,15000
1787310779740,49950,3157,3100,376,15000
1787310779840,49950,3157,3100,376,15000
1787310779940,49950,3157,3100,376,15000
1787310780041,49950,3157,3100,376,15000
1787310780140,49950,3157,3100,376,15000
1787310780240,49950,3157,3100,376,15000
1787310780340,49950,3157,3100,376,15000
1787310780441,49950,3157,3100,376,15000
1787310780540,49950,3157,3100,376,15000
1787310780640,49950,3157,3100,376,15000
1787310780741,49950,3157,3100,376,15000
1787310780840,49950,3157,3100,376,15000
1787310780941,49950,3157,3100,376,15000
1787310781040,49950,3157,3100,376,15000
1787310781140,49950,3157,3100,376,15000
1787310781240,49950,3157,3100,376,15000
1787310781340,49950,3157,3100,376,15000
1787310781441,49950,3157,3100,376,15000
1787310781540,49950,3157,3100,376,15000
1787310781640,49950,3157,3100,376,15000
1787310781740,49950,3157,3100,376,15000
1787310781840,49950,3157,3100,376,15000
1787310781940,49950,3157,3100,376,15000
1787310782040,49950,3157,3100,376,15000
1787310782140,49950,3157,3100,376,15000
1787310782240,49950,3157,3100,376,15000
1787310782341,49950,3157,3100,376,15000
1787310782441,49950,3157,3100,376,15000
1787310782540,49950,3157,3100,376,15000
1787310782640,49950,3157,3100,376,15000
1787310782740,49950,3157,3100,376,15000
1787310782841,49950,3157,3100,376,15000
1787310782940,49950,3157,3100,376,15000
1787310783040,49950,3157,3100,376,15000
1787310783140,49950,3157,3100,376,15000
1787310783240,49950,3157,3100,376,15000
1787310783340,49950,3157,3100,376,15000
1787310783441,49950,3157,3100,376,15000
1787310783540,49950,3157,3100,376,15000
1787310783640,49950,3157,3100,376,15000
1787310783741,49950,3157,3100,376,15000
1787310783840,49950,3157,3100,376,15000
1787310783941,49950,3157,3100,376,15000
1787310784041,49950,3157,3100,376,15000
1787310784140,49950,3157,3100,376,15000
1787310784240,49950,3157,3100,376,15000
1787310784340,49950,3157,3100,376,15000
1787310784441,49950,3157,3100,376,15000
1787310784540,49950,3157,3100,376,15000
1787310784640,49950,3157,3100,376,15000
1787310784740,49950,3157,3100,376,15000
1787310784840,49950,3157,3100,376,15000
1787310784940,49950,3157,3100,376,15000
1787310785041,49950,3157,3100,376,15000
1787310785140,49950,3157,3100,376,15000
1787310785241,49950,3157,3200,376,15000
1787310785340,49950,3157,3200,376,15000
1787310785440,49950,3157,3200,376,15000
1787310785540,49950,3157,3200,376,15000
1787310785640,49950,3157,3200,376,15000
1787310785740,49950,3157,3200,376,15000
1787310785840,49950,3157,3100,376,15000
1787310785940,49950,3157,3100,376,15000
1787310786041,49950,3157,3100,376,15000
1787310786140,49950,3157,3100,376,15000
1787310786240,49950,3157,3100,376,15000
1787310786340,49950,3157,3100,376,15000
1787310786441,49950,3157,3100,376,15000
1787310786540,49950,3157,3100,376,15000
1787310786640,49950,3157,3100,376,15000
1787310786741,49950,3157,3100,376,15000
1787310786840,49950,3157,3100,376,15000
1787310786940,49950,3157,3100,376,15000
1787310787040,49950,3157,3100,376,15000
1787310787140,49950,3157,3100,376,15000
1787310787240,49950,3157,3100,376,15000
1787310787340,49950,3157,3100,376,15000
1787310787440,49950,3157,3100,376,15000
1787310787540,49950,3157,3100,376,15000
1787310787640,49950,3157,3100,376,15000
1787310787740,49950,3157,3100,376,15000
1787310787840,49950,3157,3100,376,15000
1787310787940,49950,3157,3100,376,15000
1787310788041,49950,3157,3100,376,15000
1787310788140,49950,3157,3100,376,15000
1787310788240,49950,3157,3100,376,15000
1787310788340,49950,3157,3100,376,15000
1787310788440,49950,3157,3100,376,15000
1787310788540,49950,3157,3100,376,15000
1787310788640,49950,3157,3100,376,15000
1787310788740,49950,3157,3100,376,15000
1787310788840,49950,3157,3100,376,15000
1787310788940,49950,3157,3100,376,15000
1787310789040,49950,3157,3100,376,15000
1787310789140,49950,3157,3100,376,15000
1787310789240,49950,3157,3100,376,15000
1787310789340,49950,3157,3100,376,15000
1787310789441,49950,3157,3100,376,15000
1787310789540,49950,3157,3100,376,15000
1787310789640,49950,3157,3100,376,15000
1787310789740,49950,3157,3100,376,15000
1787310789840,49950,3157,3100,376,15000
1787310789940,49950,3157,3100,376,15000
1787310790040,49950,3157,3100,376,15000
1787310790140,49950,3157,3100,376,15000
1787310790240,49950,3157,3100,376,15000
1787310790340,49950,3157,3100,376,15000
1787310790440,49950,3157,3100,376,15000
1787310790540,49950,3157,3100,376,15000
1787310790640,49950,3157,3100,376,15000
1787310790740,49950,3157,3100,376,15000
1787310790840,49950,3157,3100,376,15000
1787310790940,49950,3157,3100,376,15000
1787310791040,49950,3157,3100,376,15000
1787310791140,49950,3157,3100,376,15000
1787310791241,49950,3157,3100,376,15000
1787310791340,49950,3157,3100,376,15000
1787310791440,49950,3157,3100,376,15000
1787310791541,49950,3157,3100,376,15000
1787310791640,49950,3157,3100,376,15000
1787310791740,49950,3157,3100,376,15000
1787310791840,49950,3157,3100,376,15000
1787310791940,49950,3157,3100,376,15000
1787310792040,49950,3157,3100,376,15000
1787310792140,49950,3157,3100,376,15000
1787310792241,49950,3157,3100,376,15000
1787310792340,49950,3157,3100,376,15000
1787310792441,49950,3157,3100,376,15000
1787310792540,49950,3157,3100,376,15000
1787310792640,49950,3157,3100,376,15000
1787310792740,49950,3157,3100,376,15000
1787310792840,49950,3157,3100,376,15000
1787310792940,49950,3157,3100,376,15000
1787310793040,49950,3157,3100,376,15000
1787310793141,49950,3157,3100,376,15000
1787310793240,49950,3157,3100,376,15000
1787310793340,49950,3157,3100,376,15000
1787310793440,49950,3157,3100,376,15000
1787310793540,49950,3157,3100,376,15000
1787310793640,49950,3157,3100,376,15000
1787310793740,49950,3157,3100,376,15000
1787310793840,49950,3157,3100,376,15000
1787310793941,49950,3157,3100,376,15000
1787310794040,49950,3157,3100,376,15000
1787310794140,49950,3157,3100,376,15000
1787310794240,49950,3157,3100,376,15000
1787310794340,49950,3157,3100,376,15000
1787310794440,49950,3157,3100,376,15000
1787310794540,49950,3157,3100,376,15000
1787310794641,49950,3157,3100,376,15000
1787310794741,49950,3157,3100,376,15000
1787310794840,49950,3157,3100,376,15000
1787310794940,49950,3157,3100,376,15000
1787310795040,49950,3157,3100,376,15000
1787310795140,49950,3157,3100,376,15000
1787310795240,49950,3157,3100,376,15000
1787310795340,49950,3157,3100,376,15000
1787310795440,49950,3157,3100,376,15000
1787310795540,49950,3157,3100,376,15000
1787310795640,49950,3157,3100,376,15000
1787310795740,49950,3157,3100,376,15000
1787310795840,49950,3157,3100,376,15000
1787310795941,49950,3157,3100,376,15000
1787310796040,49950,3157,3100,376,15000
1787310796141,49950,3157,3100,376,15000
1787310796240,49950,3157,3100,376,15000
1787310796340,49950,3157,3100,376,15000
1787310796441,49950,3157,3100,376,15000
1787310796540,49950,3157,3100,376,15000
1787310796640,49950,3157,3100,376,15000
1787310796741,49950,3157,3100,376,15000
1787310796840,49950,3157,3100,376,15000
1787310796941,49950,3157,3100,376,15000
1787310797040,49950,3157,3100,376,15000
1787310797140,49950,3157,3100,376,15000
1787310797240,49950,3157,3100,376,15000
1787310797340,49950,3157,3100,376,15000
1787310797440,49950,3157,3100,376,15000
1787310797540,49950,3157,3100,376,15000
1787310797640,49950,3157,3100,376,15000
1787310797740,49950,3157,3100,376,15000
1787310797840,49950,3157,3100,376,15000
1787310797940,49950,3157,3100,376,15000
1787310798040,49950,3157,3100,376,15000
1787310798140,49950,3157,3100,376,15000
1787310798240,49950,3157,3100,376,15000
1787310798340,49950,3157,3100,376,15000
1787310798441,49950,3157,3100,376,15000
1787310798540,49950,3157,3100,376,15000
1787310798640,49950,3157,3100,376,15000
1787310798740,49950,3157,3100,376,15000
1787310798840,49950,3157,3100,376,15000
1787310798941,49950,3157,3100,376,15000
1787310799040,49950,3157,3100,376,15000
1787310799140,49950,3157,3100,376,15000
1787310799240,49950,3157,3100,376,15000
1787310799340,49950,3157,3100,376,15000
1787310799440,49950,3157,3100,376,15000
1787310799540,49950,3157,3100,376,15000
1787310799640,49950,3157,3100,376,15000
1787310799740,49950,3157,3100,376,15000
1787310799840,49950,3157,3100,376,15000
1787310799940,49950,3157,3100,376,15000
1787310800040,49950,3157,3100,376,15000
1787310800140,49950,3157,3100,376,15000
1787310800241,49950,3157,3100,376,15000
1787310800340,49950,3157,3100,376,15000
1787310800440,49950,3157,3100,376,15000
1787310800540,49950,3157,3100,376,15000
1787310800640,49950,3157,3100,376,15000
1787310800741,49950,3157,3100,376,15000
1787310800840,49950,3157,3100,376,15000
1787310800940,49950,3157,3100,376,15000
1787310801040,49950,3157,3100,376,15000
1787310801141,49950,3157,3100,376,15000
1787310801240,49950,3157,3100,376,15000
1787310801340,49950,3157,3100,376,15000
1787310801440,49950,3157,3100,376,15000
1787310801540,49950,3157,3100,376,15000
1787310801640,49950,3157,3100,376,15000
1787310801740,49950,3157,3100,376,15000
1787310801840,49950,3157,3100,376,15000
1787310801940,49950,3157,3100,376,15000
1787310802040,49950,3157,3100,376,15000
1787310802140,49950,3157,3100,376,15000
1787310802240,49950,3157,3100,376,15000
1787310802341,49950,3157,3100,376,15000
1787310802441,49950,3157,3100,376,15000
1787310802540,49950,3157,3100,376,15000
1787310802640,49950,3157,3100,376,15000
1787310802740,49950,3157,3100,376,15000
1787310802840,49950,3157,3100,376,15000
1787310802940,49950,3157,3100,376,15000
1787310803040,49950,3157,3100,376,15000
1787310803140,49950,3157,3100,376,15000
1787310803240,49950,3157,3100,376,15000
1787310803340,49950,3157,3100,376,15000
1787310803440,49950,3157,3100,376,15000
1787310803540,49950,3157,3100,376,15000
1787310803640,49950,3157,3100,376,15000
1787310803740,49950,3157,3100,376,15000
1787310803840,49950,3157,3100,376,15000
1787310803940,49950,3157,3100,376,15000
1787310804040,49950,3157,3100,376,15000
1787310804141,49950,3157,3100,376,15000
1787310804241,49950,3157,3100,376,15000
1787310804340,49950,3157,3100,376,15000
1787310804441,49950,3157,3100,376,15000
1787310804540,49950,3157,3100,376,15000
1787310804640,49950,3157,3100,376,15000
1787310804741,49950,3157,3100,376,15000
1787310804841,49950,3157,3100,376,15000
1787310804940,49950,3157,3100,376,15000
1787310805040,49950,3157,3100,376,15000
1787310805141,49950,3157,3100,376,15000
1787310805240,49950,3157,3100,376,15000
1787310805341,49950,3157,3100,376,15000
1787310805440,49950,3157,3100,376,15000
1787310805540,49950,3157,3100,376,15000
1787310805640,49950,3157,3100,376,15000
1787310805740,49950,3157,3100,376,15000
1787310805840,49950,3157,3100,376,15000
1787310805940,49950,3157,3100,376,15000
1787310806041,49950,3157,3100,376,15000
1787310806140,49950,3157,3100,376,15000
1787310806240,49950,3157,3200,376,15000
1787310806340,49950,3157,3200,376,15000
1787310806440,49950,3157,3200,376,15000
1787310806540,49950,3157,3200,376,15000
1787310806640,49950,3157,3200,376,15000
1787310806741,49950,3157,3200,376,15000
1787310806841,49950,3157,3100,376,15000
1787310806940,49950,3157,3100,376,15000
1787310807040,49950,3157,3100,376,15000
1787310807140,49950,3157,3100,376,15000
1787310807241,49950,3157,3100,376,15000
1787310807340,49950,3157,3100,376,15000
1787310807440,49950,3157,3100,376,15000
1787310807540,49950,3157,3100,376,15000
1787310807640,49950,3157,3100,376,15000
1787310807740,49950,3157,3100,376,15000
1787310807840,49950,3157,3100,376,15000
1787310807940,49950,3157,3100,376,15000
1787310808041,49950,3157,3100,376,15000
1787310808140,49950,3157,3100,376,15000
1787310808240,49950,3157,3100,376,15000
1787310808341,49950,3157,3100,376,15000
1787310808441,49950,3157,3100,376,15000
1787310808540,49950,3157,3100,376,15000
1787310808640,49950,3157,3100,376,15000
1787310808740,49950,3157,3100,376,15000
1787310808840,49950,3157,3100,376,15000
1787310808940,49950,3157,3100,376,15000
1787310809040,49950,3157,3100,376,15000
1787310809140,49950,3157,3100,376,15000
1787310809240,49950,3157,3100,376,15000
1787310809340,49950,3157,3100,376,15000
1787310809440,49950,3157,3100,376,15000
1787310809540,49950,3157,3100,376,15000
1787310809640,49950,3157,3100,376,15000
1787310809740,49950,3157,3100,376,15000
1787310809840,49950,3157,3100,376,15000
1787310809940,49950,3157,3100,376,15000
1787310810040,49950,3157,3100,376,15000
1787310810141,49950,3157,3100,376,15000
1787310810240,49950,3157,3100,376,15000
1787310810340,49950,3157,3100,376,15000
1787310810441,49950,3157,3200,376,15000
1787310810540,49950,3157,3200,376,15000
1787310810641,49950,3157,3200,376,15000
1787310810740,49950,3157,3200,376,15000
1787310810840,49950,3157,3200,376,15000
1787310810940,49950,3157,3200,376,15000
1787310811040,49950,3157,3100,376,15000
1787310811140,49950,3157,3100,376,15000
1787310811240,49950,3157,3100,376,15000
1787310811340,49950,3157,3100,376,15000
1787310811440,49950,3157,3100,376,15000
1787310811540,49950,3157,3100,376,15000
1787310811640,49950,3157,3100,376,15000
1787310811740,49950,3157,3100,376,15000
1787310811840,49950,3157,3100,376,15000
1787310811940,49950,3157,3100,376,15000
1787310812040,49950,3157,3100,376,15000
1787310812140,49950,3157,3100,376,15000
1787310812240,49950,3157,3100,376,15000
1787310812340,49950,3157,3100,376,15000
1787310812441,49950,3157,3100,376,15000
1787310812540,49950,3157,3100,376,15000
1787310812640,49950,3157,3100,376,15000
1787310812740,49950,3157,3100,376,15000
1787310812840,49950,3157,3100,376,15000
1787310812940,49950,3157,3100,376,15000
1787310813040,49950,3157,3100,376,15000
1787310813140,49950,3157,3100,376,15000
1787310813240,49950,3157,3100,376,15000
1787310813341,49950,3157,3100,376,15000
1787310813441,49950,3157,3100,376,15000
1787310813540,49950,3157,3100,376,15000
1787310813641,49950,3157,3100,376,15000
1787310813740,49950,3157,3100,376,15000
1787310813840,49950,3157,3100,376,15000
1787310813940,49950,3157,3100,376,15000
1787310814040,49950,3157,3100,376,15000
1787310814140,49950,3157,3100,376,15000
1787310814240,49950,3157,3100,376,15000
1787310814340,49950,3157,3100,376,15000
1787310814441,49950,3157,3100,376,15000
1787310814540,49950,3157,3100,376,15000
1787310814641,49950,3157,3100,376,15000
1787310814740,49950,3157,3100,376,15000
1787310814840,49950,3157,3100,376,15000
1787310814940,49950,3157,3100,376,15000
1787310815040,49950,3157,3100,376,15000
1787310815140,49950,3157,3100,376,15000
1787310815240,49950,3157,3100,376,15000
1787310815340,49950,3157,3100,376,15000
1787310815441,49950,3157,3200,376,15000
1787310815540,49950,3157,3200,376,15000
1787310815640,49950,3157,3200,376,15000
1787310815741,49950,3157,3200,376,15000
1787310815841,49950,3157,3200,376,15000
1787310815941,49950,3157,3200,376,15000
1787310816040,49950,3157,3100,376,15000
1787310816140,49950,3157,3100,376,15000
1787310816240,49950,3157,3100,376,15000
1787310816340,49950,3157,3100,376,15000
1787310816441,49950,3157,3100,376,15000
1787310816541,49950,3157,3100,376,15000
1787310816640,49950,3157,3100,376,15000
1787310816740,49950,3157,3100,376,15000
1787310816841,49950,3157,3100,376,15000
1787310816940,49950,3157,3100,376,15000
1787310817041,49950,3157,3100,376,15000
1787310817140,49950,3157,3100,376,15000
1787310817241,49950,3157,3100,376,15000
1787310817340,49950,3157,3100,376,15000
1787310817441,49950,3157,3100,376,15000
1787310817540,49950,3157,3100,376,15000
1787310817640,49950,3157,3100,376,15000
1787310817740,49950,3157,3100,376,15000
1787310817840,49950,3157,3100,376,15000
1787310817940,49950,3157,3100,376,15000
1787310818040,49950,3157,3100,376,15000
1787310818141,49950,3157,3100,376,15000
1787310818240,49950,3157,3100,376,15000
1787310818340,49950,3157,3100,376,15000
1787310818440,49950,3157,3100,376,15000
1787310818540,49950,3157,3100,376,15000
1787310818640,49950,3157,3100,376,15000
1787310818740,49950,3157,3100,376,15000
1787310818840,49950,3157,3100,376,15000
1787310818940,49950,3157,3100,376,15000
1787310819040,49950,3157,3100,376,15000
1787310819140,49950,3157,3100,376,15000
1787310819240,49950,3157,3100,376,15000
1787310819340,49950,3157,3100,376,15000
1787310819441,49950,3157,3100,376,15000
1787310819540,49950,3157,3100,376,15000
1787310819640,49950,3157,3100,376,15000
1787310819740,49950,3157,3100,376,15000
1787310819840,49950,3157,3100,376,15000
1787310819940,49950,3157,3100,376,15000
1787310820040,49950,3157,3100,376,15000
1787310820141,49950,3157,3100,376,15000
1787310820240,49950,3157,3200,376,15000
1787310820340,49950,3157,3200,376,15000
1787310820441,49950,3157,3200,376,15000
1787310820540,49950,3157,3200,376,15000
1787310820640,49950,3157,3200,376,15000
1787310820741,49950,3157,3200,376,15000
1787310820840,49950,3157,3100,376,15000
1787310820940,49950,3157,3100,376,15000
1787310821040,49950,3157,3100,376,15000
1787310821140,49950,3157,3100,376,15000
1787310821240,49950,3157,3100,376,15000
1787310821340,49950,3157,3100,376,15000
1787310821441,49950,3157,3100,376,15000
1787310821540,49950,3157,3100,376,15000
1787310821640,49950,3157,3100,376,15000
1787310821741,49950,3157,3100,376,15000
1787310821840,49950,3157,3100,376,15000
1787310821940,49950,3157,3100,376,15000
1787310822040,49950,3157,3100,376,15000
1787310822140,49950,3157,3100,376,15000
1787310822241,49950,3157,3100,376,15000
1787310822340,49950,3157,3100,376,15000
1787310822440,49950,3157,3100,376,15000
1787310822540,49950,3157,3100,376,15000
1787310822640,49950,3157,3100,376,15000
1787310822741,49950,3157,3100,376,15000
1787310822840,49950,3157,3100,376,15000
1787310822940,49950,3157,3100,376,15000
1787310823040,49950,3157,3100,376,15000
1787310823140,49950,3157,3100,376,15000
1787310823241,49950,3157,3100,376,15000
1787310823341,49950,3157,3100,376,15000
1787310823441,49950,3157,3100,376,15000
1787310823541,49950,3157,3100,376,15000
1787310823641,49950,3157,3100,376,15000
1787310823740,49950,3157,3100,376,15000
1787310823841,49950,3157,3100,376,15000
1787310823940,49950,3157,3100,376,15000
1787310824040,49950,3157,3100,376,15000
1787310824140,49950,3157,3100,376,15000
1787310824240,49950,3157,3100,376,15000
1787310824340,49950,3157,3100,376,15000
1787310824441,49950,3157,3200,376,15000
1787310824540,49950,3157,3200,376,15000
1787310824640,49950,3157,3200,376,15000
1787310824741,49950,3157,3200,376,15000
1787310824841,49950,3157,3200,376,15000
1787310824940,49950,3157,3200,376,15000
1787310825040,49950,3157,3100,376,15000
1787310825140,49950,3157,3100,376,15000
1787310825240,49950,3157,3100,376,15000
1787310825340,49950,3157,3100,376,15000
1787310825440,49950,3157,3100,376,15000
1787310825540,49950,3157,3100,376,15000
1787310825640,49950,3157,3200,376,15000
1787310825740,49950,3157,3200,376,15000
1787310825840,49950,3157,3200,376,15000
1787310825940,49950,3157,3200,376,15000
1787310826040,49950,3157,3200,376,15000
1787310826140,49950,3157,3200,376,15000
1787310826240,49950,3157,3100,376,15000
1787310826340,49950,3157,3100,376,15000
1787310826441,49950,3157,3100,376,15000
1787310826540,49950,3157,3100,376,15000
1787310826640,49950,3157,3100,376,15000
1787310826740,49950,3157,3100,376,15000
1787310826840,49950,3157,3100,376,15000
1787310826940,49950,3157,3100,376,15000
1787310827041,49950,3157,3100,376,15000
1787310827140,49950,3157,3100,376,15000
1787310827240,49950,3157,3100,376,15000
1787310827341,49950,3157,3100,376,15000
1787310827440,49950,3157,3100,376,15000
1787310827540,49950,3157,3100,376,15000
1787310827640,49950,3157,3100,376,15000
1787310827740,49950,3157,3100,376,15000
1787310827841,49950,3157,3100,376,15000
1787310827940,49950,3157,3100,376,15000
1787310828040,49950,3157,3100,376,15000
1787310828140,49950,3157,3100,376,15000
1787310828240,49950,3157,3100,376,15000
1787310828340,49950,3157,3100,376,15000
1787310828441,49950,3157,3100,376,15000
1787310828540,49950,3157,3100,376,15000
1787310828640,49950,3157,3100,376,15000
1787310828740,49950,3157,3100,376,15000
1787310828840,49950,3157,3100,376,15000
1787310828940,49950,3157,3100,376,15000
1787310829040,49950,3157,3100,376,15000
1787310829141,49950,3157,3100,376,15000
1787310829240,49950,3157,3100,376,15000
1787310829340,49950,3157,3100,376,15000
1787310829441,49950,3157,3100,376,15000
1787310829540,49950,3157,3100,376,15000
1787310829640,49950,3157,3100,376,15000
1787310829740,49950,3157,3100,376,15000
1787310829841,49950,3157,3100,376,15000
1787310829940,49950,3157,3100,376,15000
1787310830040,49950,3157,3100,376,15000
1787310830140,49950,3157,3100,376,15000
1787310830241,49950,3157,3100,376,15000
1787310830340,49950,3157,3100,376,15000
1787310830441,49950,3157,3100,376,15000
1787310830540,49950,3157,3100,376,15000
1787310830640,49950,3157,3100,376,15000
1787310830740,49950,3157,3100,376,15000
1787310830840,49950,3157,3100,376,15000
1787310830940,49950,3157,3100,376,15000
1787310831040,49950,3157,3100,376,15000
1787310831140,49950,3157,3100,376,15000
1787310831240,49950,3157,3100,376,15000
1787310831341,49950,3157,3100,376,15000
1787310831440,49950,3157,3100,376,15000
1787310831541,49950,3157,3100,376,15000
1787310831640,49950,3157,3100,376,15000
1787310831740,49950,3157,3100,376,15000
1787310831840,49950,3157,3100,376,15000
1787310831940,49950,3157,3100,376,15000
1787310832041,49950,3157,3100,376,15000
1787310832140,49950,3157,3100,376,15000
1787310832240,49950,3157,3100,376,15000
1787310832340,49950,3157,3100,376,15000
1787310832441,49950,3157,3100,376,15000
1787310832541,49950,3157,3100,376,15000
1787310832640,49950,3157,3100,376,15000
1787310832741,49950,3157,3100,376,15000
1787310832840,49950,3157,3100,376,15000
1787310832940,49950,3157,3100,376,15000
1787310833040,49950,3157,3100,376,15000
1787310833141,49950,3157,3100,376,15000
1787310833240,49950,3157,3100,376,15000
1787310833340,49950,3157,3100,376,15000
1787310833441,49950,3157,3100,376,15000
1787310833541,49950,3157,3100,376,15000
1787310833640,49950,3157,3100,376,15000
1787310833741,49950,3157,3100,376,15000
1787310833840,49950,3157,3100,376,15000
1787310833940,49950,3157,3100,376,15000
1787310834040,49950,3157,3100,376,15000
1787310834140,49950,3157,3100,376,15000
1787310834240,49950,3157,3100,376,15000
1787310834340,49950,3157,3100,376,15000
1787310834441,49950,3157,3100,376,15000
1787310834540,49950,3157,3100,376,15000
1787310834640,49950,3157,3100,376,15000
1787310834740,49950,3157,3100,376,15000
1787310834840,49950,3157,3100,376,15000
1787310834940,49950,3157,3100,376,15000
1787310835040,49950,3157,3100,376,15000
1787310835141,49950,3157,3100,376,15000
1787310835240,49950,3157,3100,376,15000
1787310835340,49950,3157,3100,376,15000
1787310835441,49950,3157,3100,376,15000
1787310835540,49950,3157,3100,376,15000
1787310835640,49950,3157,3100,376,15000
1787310835740,49950,3157,3100,376,15000
1787310835840,49950,3157,3100,376,15000
1787310835941,49950,3157,3100,376,15000
1787310836040,49950,3157,3100,376,15000
1787310836140,49950,3157,3100,376,15000
1787310836240,49950,3157,3100,376,15000
1787310836340,49950,3157,3100,376,15000
1787310836441,49950,3157,3200,376,15000
1787310836540,49950,3157,3200,376,15000
1787310836641,49950,3157,3200,376,15000
1787310836740,49950,3157,3200,376,15000
1787310836841,49950,3157,3200,376,15000
1787310836941,49950,3157,3200,376,15000
1787310837040,49950,3157,3100,376,15000
1787310837140,49950,3157,3100,376,15000
1787310837241,49950,3157,3100,376,15000
1787310837340,49950,3157,3100,376,15000
1787310837441,49950,3157,3100,376,15000
1787310837540,49950,3157,3100,376,15000
1787310837640,49950,3157,3100,376,15000
1787310837740,49950,3157,3100,376,15000
1787310837840,49950,3157,3100,376,15000
1787310837940,49950,3157,3100,376,15000
1787310838040,49950,3157,3100,376,15000
1787310838140,49950,3157,3100,376,15000
1787310838240,49950,3157,3100,376,15000
1787310838340,49950,3157,3100,376,15000
1787310838440,49950,3157,3100,376,15000
1787310838541,49950,3157,3100,376,15000
1787310838640,49950,3157,3100,376,15000
1787310838740,49950,3157,3100,376,15000
1787310838841,49950,3157,3100,376,15000
1787310838940,49950,3157,3100,376,15000
1787310839040,49950,3157,3100,376,15000
1787310839140,49950,3157,3100,376,15000
1787310839240,49950,3157,3100,376,15000
1787310839341,49950,3157,3100,376,15000
1787310839441,49950,3157,3100,376,15000
1787310839540,49950,3157,3100,376,15000
1787310839640,49950,3157,3100,376,15000
1787310839740,49950,3157,3100,376,15000
1787310839840,49950,3157,3100,376,15000
1787310839941,49950,3157,3100,376,15000
1787310840040,49950,3157,3100,376,15000
1787310840140,49950,3157,3100,376,15000
1787310840240,49950,3157,3100,376,15000
1787310840340,49950,3157,3100,376,15000
1787310840440,49950,3157,3100,376,15000
1787310840540,49950,3157,3100,376,15000
1787310840641,49950,3157,3100,376,15000
1787310840740,49950,3157,3100,376,15000
1787310840840,49950,3157,3100,376,15000
1787310840940,49950,3157,3100,376,15000
1787310841041,49950,3157,3100,376,15000
1787310841140,49950,3157,3100,376,15000
1787310841240,49950,3157,3100,376,15000
1787310841340,49950,3157,3100,376,15000
1787310841441,49950,3157,3100,376,15000
1787310841540,49950,3157,3100,376,15000
1787310841641,49950,3157,3100,376,15000
1787310841740,49950,3157,3100,376,15000
1787310841840,49950,3157,3100,376,15000
1787310841940,49950,3157,3100,376,15000
1787310842041,49950,3157,3100,376,15000
1787310842140,49950,3157,3100,376,15000
1787310842240,49950,3157,3100,376,15000
1787310842340,49950,3157,3100,376,15000
1787310842440,49950,3157,3100,376,15000
1787310842540,49950,3157,3100,376,15000
1787310842640,49950,3157,3100,376,15000
1787310842740,49950,3157,3100,376,15000
1787310842840,49950,3157,3100,376,15000
1787310842941,49950,3157,3100,376,15000
1787310843040,49950,3157,3100,376,15000
1787310843141,49950,3157,3200,376,15000
1787310843240,49950,3157,3200,376,15000
1787310843340,49950,3157,3200,376,15000
1787310843440,49950,3157,3200,376,15000
1787310843540,49950,3157,3200,376,15000
1787310843641,49950,3157,3200,376,15000
1787310843740,49950,3157,3100,376,15000
1787310843840,49950,3157,3100,376,15000
1787310843940,49950,3157,3100,376,15000
1787310844040,49950,3157,3100,376,15000
1787310844140,49950,3157,3100,376,15000
1787310844240,49950,3157,3100,376,15000
1787310844340,49950,3157,3100,376,15000
1787310844440,49950,3157,3100,376,15000
1787310844540,49950,3157,3100,376,15000
1787310844640,49950,3157,3100,376,15000
1787310844740,49950,3157,3100,376,15000
1787310844840,49950,3157,3100,376,15000
1787310844940,49950,3157,3100,376,15000
1787310845041,49950,3157,3100,376,15000
1787310845140,49950,3157,3100,376,15000
1787310845240,49950,3157,3100,376,15000
1787310845340,49950,3157,3100,376,15000
1787310845441,49950,3157,3100,376,15000
1787310845540,49950,3157,3100,376,15000
1787310845641,49950,3157,3100,376,15000
1787310845741,49950,3157,3100,376,15000
1787310845840,49950,3157,3100,376,15000
1787310845940,49950,3157,3100,376,15000
1787310846040,49950,3157,3100,376,15000
1787310846141,49950,3157,3100,376,15000
1787310846240,49950,3157,3100,376,15000
1787310846340,49950,3157,3100,376,15000
1787310846440,49950,3157,3100,376,15000
1787310846540,49950,3157,3100,376,15000
1787310846640,49950,3157,3100,376,15000
1787310846740,49950,3157,3100,376,15000
1787310846840,49950,3157,3100,376,15000
1787310846940,49950,3157,3100,376,15000
1787310847040,49950,3157,3100,376,15000
1787310847140,49950,3157,3100,376,15000
1787310847241,49950,3157,3200,376,15000
1787310847340,49950,3157,3200,376,15000
1787310847441,49950,3157,3200,376,15000
1787310847540,49950,3157,3200,376,15000
1787310847640,49950,3157,3200,376,15000
1787310847740,49950,3157,3200,376,15000
1787310847840,49950,3157,3200,376,15000
1787310847940,49950,3157,3200,376,15000
1787310848040,49950,3157,3200,376,15000
1787310848140,49950,3157,3200,376,15000
1787310848241,49950,3157,3200,376,15000
1787310848340,49950,3157,3200,376,15000
1787310848441,49950,3157,3200,376,15000
1787310848540,49950,3157,3100,376,15000
1787310848640,49950,3157,3100,376,15000
1787310848741,49950,3157,3100,376,15000
1787310848840,49950,3157,3100,376,15000
1787310848940,49950,3157,3100,376,15000
1787310849040,49950,3157,3100,376,15000
1787310849140,49950,3157,3100,376,15000
1787310849240,49950,3157,3100,376,15000
1787310849341,49950,3157,3100,376,15000
1787310849440,49950,3157,3100,376,15000
1787310849541,49950,3157,3100,376,15000
1787310849641,49950,3157,3100,376,15000
1787310849740,49950,3157,3100,376,15000
1787310849840,49950,3157,3100,376,15000
1787310849940,49950,3157,3100,376,15000
1787310850040,49950,3157,3100,376,15000
1787310850140,49950,3157,3100,376,15000
1787310850240,49950,3157,3100,376,15000
1787310850340,49950,3157,3100,376,15000
1787310850441,49950,3157,3100,376,15000
1787310850540,49950,3157,3100,376,15000
1787310850640,49950,3157,3100,376,15000
1787310850741,49950,3157,3100,376,15000
1787310850840,49950,3157,3100,376,15000
1787310850940,49950,3157,3100,376,15000
1787310851040,49950,3157,3100,376,15000
1787310851140,49950,3157,3100,376,15000
1787310851240,49950,3157,3100,376,15000
1787310851340,49950,3157,3100,376,15000
1787310851440,49950,3157,3100,376,15000
1787310851540,49950,3157,3100,376,15000
1787310851641,49950,3157,3100,376,15000
1787310851740,49950,3157,3100,376,15000
1787310851840,49950,3157,3100,376,15000
1787310851940,49950,3157,3100,376,15000
1787310852040,49950,3157,3100,376,15000
1787310852140,49950,3157,3100,376,15000
1787310852240,49950,3157,3100,376,15000
1787310852340,49950,3157,3100,376,15000
1787310852440,49950,3157,3100,376,15000
1787310852541,49950,3157,3100,376,15000
1787310852640,49950,3157,3100,376,15000
1787310852741,49950,3157,3100,376,15000
1787310852840,49950,3157,3100,376,15000
1787310852940,49950,3157,3100,376,15000
1787310853040,49950,3157,3100,376,15000
1787310853140,49950,3157,3100,376,15000
1787310853241,49950,3157,3100,376,15000
1787310853340,49950,3157,3100,376,15000
1787310853441,49950,3157,3100,376,15000
1787310853540,49950,3157,3100,376,15000
1787310853640,49950,3157,3100,376,15000
1787310853740,49950,3157,3100,376,15000
1787310853840,49950,3157,3100,376,15000
1787310853940,49950,3157,3100,376,15000
1787310854040,49950,3157,3100,376,15000
1787310854140,49950,3157,3100,376,15000
1787310854240,49950,3157,3100,376,15000
1787310854340,49950,3157,3100,376,15000
1787310854440,49950,3157,3100,376,15000
1787310854540,49950,3157,3100,376,15000
1787310854640,49950,3157,3100,376,15000
1787310854741,49950,3157,3100,376,15000
1787310854841,49950,3157,3100,376,15000
1787310854940,49950,3157,3100,376,15000
1787310855040,49950,3157,3100,376,15000
1787310855140,49950,3157,3100,376,15000
1787310855240,49950,3157,3100,376,15000
1787310855340,49950,3157,3100,376,15000
1787310855440,49950,3157,3100,376,15000
1787310855540,49950,3157,3100,376,15000
1787310855640,49950,3157,3100,376,15000
1787310855740,49950,3157,3100,376,15000
1787310855840,49950,3157,3100,376,15000
1787310855940,49950,3157,3200,376,15000
1787310856040,49950,3157,3200,376,15000
1787310856141,49950,3157,3200,376,15000
1787310856241,49950,3157,3200,376,15000
1787310856340,49950,3157,3200,376,15000
1787310856440,49950,3157,3200,376,15000
1787310856540,49950,3157,3100,376,15000
1787310856640,49950,3157,3100,376,15000
1787310856741,49950,3157,3100,376,15000
1787310856840,49950,3157,3100,376,15000
1787310856940,49950,3157,3200,376,15000
1787310857040,49950,3157,3200,376,15000
1787310857140,49950,3157,3200,376,15000
1787310857240,49950,3157,3200,376,15000
1787310857340,49950,3157,3200,376,15000
1787310857440,49950,3157,3200,376,15000
1787310857540,49950,3157,3200,376,15000
1787310857640,49950,3157,3100,376,15000
1787310857740,49950,3157,3100,376,15000
1787310857841,49950,3157,3100,376,15000
1787310857941,49950,3157,3100,376,15000
1787310858040,49950,3157,3100,376,15000
1787310858140,49950,3157,3100,376,15000
1787310858240,49950,3157,3100,376,15000
1787310858340,49950,3157,3100,376,15000
1787310858440,49950,3157,3100,376,15000
1787310858540,49950,3157,3100,376,15000
1787310858640,49950,3157,3100,376,15000
1787310858740,49950,3157,3100,376,15000
1787310858841,49950,3157,3100,376,15000
1787310858940,49950,3157,3100,376,15000
1787310859041,49950,3157,3100,376,15000
1787310859140,49950,3157,3100,376,15000
1787310859240,49950,3157,3100,376,15000
1787310859340,49950,3157,3100,376,15000
1787310859440,49950,3157,3100,376,15000
1787310859541,49950,3157,3100,376,15000
1787310859640,49950,3157,3100,376,15000
1787310859740,49950,3157,3100,376,15000
1787310859841,49950,3157,3100,376,15000
1787310859940,49950,3157,3100,376,15000
1787310860040,49950,3157,3100,376,15000
1787310860140,49950,3157,3100,376,15000
1787310860241,49950,3157,3100,376,15000
1787310860340,49950,3157,3100,376,15000
1787310860440,49950,3157,3100,376,15000
1787310860540,49950,3157,3100,376,15000
1787310860640,49950,3157,3100,376,15000
1787310860740,49950,3157,3100,376,15000
1787310860840,49950,3157,3100,376,15000
1787310860940,49950,3157,3100,376,15000
1787310861040,49950,3157,3100,376,15000
1787310861140,49950,3157,3100,376,15000
1787310861240,49950,3157,3100,376,15000
1787310861340,49950,3157,3200,376,15000
1787310861441,49950,3157,3200,376,15000
1787310861540,49950,3157,3200,376,15000
1787310861640,49950,3157,3200,376,15000
1787310861740,49950,3157,3200,376,15000
1787310861840,49950,3157,3200,376,15000
1787310861940,49950,3157,3200,376,15000
1787310862040,49950,3157,3200,376,15000
1787310862140,49950,3157,3200,376,15000
1787310862240,49950,3157,3200,376,15000
1787310862340,49950,3157,3200,376,15000
1787310862440,49950,3157,3100,376,15000
1787310862540,49950,3157,3100,376,15000
1787310862640,49950,3157,3100,376,15000
1787310862740,49950,3157,3100,376,15000
1787310862840,49950,3157,3100,376,15000
1787310862940,49950,3157,3100,376,15000
1787310863040,49950,3157,3100,376,15000
1787310863141,49950,3157,3100,376,15000
1787310863241,49950,3157,3100,376,15000
1787310863340,49950,3157,3100,376,15000
1787310863440,49950,3157,3100,376,15000
1787310863540,49950,3157,3100,376,15000
1787310863640,49950,3157,3200,376,15000
1787310863740,49950,3157,3200,376,15000
1787310863840,49950,3157,3200,376,15000
1787310863940,49950,3157,3200,376,15000
1787310864040,49950,3157,3200,376,15000
1787310864140,49950,3157,3200,376,15000
1787310864240,49950,3157,3200,376,15000
1787310864340,49950,3157,3100,376,15000
1787310864441,49950,3157,3100,376,15000
1787310864540,49950,3157,3100,376,15000
1787310864640,49950,3157,3100,376,15000
1787310864740,49950,3157,3100,376,15000
1787310864841,49950,3157,3100,376,15000
1787310864940,49950,3157,3100,376,15000
1787310865040,49950,3157,3100,376,15000
1787310865140,49950,3157,3100,376,15000
1787310865240,49950,3157,3100,376,15000
1787310865341,49950,3157,3100,376,15000
1787310865441,49950,3157,3100,376,15000
1787310865540,49950,3157,3100,376,15000
1787310865640,49950,3157,3100,376,15000
1787310865741,49950,3157,3100,376,15000
1787310865840,49950,3157,3100,376,15000
1787310865940,49950,3157,3100,376,15000
1787310866040,49950,3157,3100,376,15000
1787310866140,49950,3157,3100,376,15000
1787310866240,49950,3157,3100,376,15000
1787310866340,49950,3157,3100,376,15000
1787310866441,49950,3157,3100,376,15000
1787310866540,49950,3157,3100,376,15000
1787310866640,49950,3157,3100,376,15000
1787310866741,49950,3157,3100,376,15000
1787310866840,49950,3157,3100,376,15000
1787310866940,50000,0,3100,376,15000
1787310867040,50000,0,3100,376,15000
1787310867140,50000,0,3100,376,15000
1787310867240,50000,0,3100,376,15000
1787310867340,50000,0,1900,376,15000
1787310867440,50000,0,1900,376,15000
1787310867540,50000,0,1900,376,15000
1787310867640,50000,0,1900,376,15000
1787310867740,50000,0,1900,376,15000
1787310867840,50000,0,1900,376,15000
1787310867940,50000,0,0,376,15000
1787310868040,50000,0,0,376,15000
1787310868140,50000,0,0,376,15000
1787310868240,50000,0,0,376,15000
1787310868340,50000,0,0,376,15000
1787310868441,50000,0,0,376,15000
1787310868541,50000,0,0,376,15000
1787310868641,50000,0,0,376,15000
1787310868740,50000,0,0,376,15000
1787310868841,50000,0,0,376,15000
1787310868940,50000,0,0,376,15000
1787310869040,50000,0,0,376,15000
1787310869140,50000,0,0,376,15000
1787310869240,50000,0,0,376,15000
1787310869341,50000,0,0,376,15000
1787310869441,50000,0,0,376,15000
1787310869540,50000,0,0,376,15000
1787310869640,50000,0,0,376,15000
1787310869740,50000,0,0,376,15000
1787310869840,50000,0,0,376,15000
1787310869940,50000,0,0,376,15000
1787310870040,50000,0,0,376,15000
1787310870141,50000,0,0,376,15000
1787310870240,50000,0,0,376,15000
1787310870341,50000,0,0,376,15000
1787310870440,50000,0,0,376,15000
1787310870540,50000,0,0,376,15000
1787310870640,50000,0,0,376,15000
1787310870741,50000,0,0,376,15000
1787310870840,50000,0,0,376,15000
1787310870940,50000,0,0,376,15000
1787310871041,50000,0,0,376,15000
1787310871140,50000,0,0,376,15000
1787310871240,50000,0,0,376,15000
1787310871340,50000,0,0,376,15000
1787310871441,50000,0,0,376,15000
1787310871540,50000,0,0,376,15000
1787310871640,50000,0,0,376,15000
1787310871740,50000,0,0,376,15000
1787310871840,50000,0,0,376,15000
1787310871940,50000,0,0,376,15000
1787310872040,50000,0,0,376,15000
1787310872140,50000,0,0,376,15000
1787310872240,50000,0,0,376,15000
1787310872340,50000,0,0,376,15000
1787310872440,50000,0,0,376,15000
1787310872540,50000,0,0,376,15000
1787310872640,50000,0,0,376,15000
1787310872740,50000,0,0,376,15000
1787310872840,50000,0,0,376,15000
1787310872940,50000,0,0,376,15000
1787310873040,50000,0,0,376,15000
1787310873140,50000,0,0,376,15000
1787310873241,50000,0,0,376,15000
1787310873340,50000,0,0,376,15000
1787310873441,50000,0,0,376,15000
1787310873540,50000,0,0,376,15000
1787310873640,50000,0,0,376,15000
1787310873740,50000,0,0,376,15000
1787310873841,50000,0,0,376,15000
1787310873940,50000,0,0,376,15000
1787310874040,50000,0,0,376,15000
1787310874140,50000,0,0,376,15000
1787310874240,50000,0,0,376,15000
1787310874340,50000,0,0,376,15000
1787310874441,50000,0,0,376,15000
1787310874540,50000,0,0,376,15000
1787310874640,50000,0,0,376,15000
1787310874740,50000,0,0,376,15000
1787310874840,50000,0,0,376,15000
1787310874941,50000,0,0,376,15000
1787310875040,50000,0,0,376,15000
1787310875141,50000,0,0,376,15000
1787310875240,50000,0,0,376,15000
1787310875340,50000,0,0,376,15000
1787310875440,50000,0,0,376,15000
1787310875540,50000,0,0,376,15000
1787310875640,50000,0,0,376,15000
1787310875740,50000,0,0,376,15000
1787310875840,50000,0,0,376,15000
1787310875940,50000,0,0,376,15000
1787310876040,50000,0,0,376,15000
1787310876140,50000,0,0,376,15000
1787310876240,50000,0,0,376,15000
1787310876340,50000,0,0,376,15000
1787310876441,50000,0,0,376,15000
1787310876540,50000,0,0,376,15000
1787310876641,50000,0,0,376,15000
1787310876741,50000,0,0,376,15000
1787310876840,50000,0,0,376,15000
1787310876940,50000,0,0,376,15000
1787310877040,50000,0,0,376,15000
1787310877140,50000,0,0,376,15000
1787310877240,50000,0,0,376,15000
1787310877340,50000,0,0,376,15000
1787310877441,50000,0,0,376,15000
1787310877541,50000,0,0,376,15000
1787310877640,50000,0,0,376,15000
1787310877741,50000,0,0,376,15000
1787310877840,50000,0,0,376,15000
1787310877940,50000,0,0,376,15000
1787310878040,50000,0,0,376,15000
1787310878140,50000,0,0,376,15000
1787310878240,50000,0,0,376,15000
1787310878340,50000,0,0,376,15000
1787310878441,50000,0,0,376,15000
1787310878540,50000,0,0,376,15000
1787310878640,50000,0,0,376,15000
1787310878740,50000,0,0,376,15000
1787310878840,50000,0,0,376,15000
1787310878940,50000,0,0,376,15000
1787310879040,50000,0,0,376,15000
1787310879140,50000,0,0,376,15000
1787310879240,50000,0,0,376,15000
1787310879340,50000,0,0,376,15000
1787310879440,50000,0,0,376,15000
1787310879540,50000,0,0,376,15000
1787310879641,50000,0,0,376,15000
1787310879740,50000,0,0,376,15000
1787310879840,50000,0,0,376,15000
1787310879940,50000,0,0,376,15000
1787310880041,50000,0,0,376,15000
1787310880140,50000,0,0,376,15000
1787310880240,50000,0,0,376,15000
1787310880340,50000,0,0,376,15000
1787310880441,50000,0,0,376,15000
1787310880540,50000,0,0,376,15000
1787310880640,50000,0,0,376,15000
1787310880740,50000,0,0,376,15000
1787310880840,50000,0,0,376,15000
1787310880940,50000,0,0,376,15000
1787310881040,50000,0,0,376,15000
1787310881140,50000,0,0,376,15000
1787310881240,50000,0,0,376,15000
1787310881340,50000,0,0,376,15000
1787310881441,50000,0,0,376,15000
1787310881540,50000,0,0,376,15000
1787310881640,50000,0,0,376,15000
1787310881740,50000,0,0,376,15000
1787310881840,50000,0,0,376,15000
1787310881940,50000,0,0,376,15000
1787310882040,50000,0,0,376,15000
1787310882140,50000,0,0,376,15000
1787310882241,50000,0,0,376,15000
1787310882341,50000,0,0,376,15000
1787310882441,50000,0,0,376,15000
1787310882540,50000,0,0,376,15000
1787310882640,50000,0,0,376,15000
1787310882740,50000,0,0,376,15000
1787310882840,50000,0,0,376,15000
1787310882940,50000,0,0,376,15000
1787310883041,50000,0,0,376,15000
1787310883140,50000,0,0,376,15000
1787310883241,50000,0,0,376,15000
1787310883341,50000,0,0,376,15000
1787310883441,50000,0,0,376,15000
1787310883540,50000,0,0,376,15000
1787310883640,50000,0,0,376,15000
1787310883740,50000,0,0,376,15000
1787310883840,50000,0,0,376,15000
1787310883940,50000,0,0,376,15000
1787310884040,50000,0,0,376,15000
1787310884140,50000,0,0,376,15000
1787310884240,50000,0,0,376,15000
1787310884340,50000,0,0,376,15000
1787310884441,50000,0,0,376,15000
1787310884541,50000,0,0,376,15000
1787310884641,50000,0,0,376,15000
1787310884740,50000,0,0,376,15000
1787310884840,50000,0,0,376,15000
1787310884940,50000,0,0,376,15000
1787310885041,50000,0,0,376,15000
1787310885140,50000,0,0,376,15000
1787310885240,50000,0,0,376,15000
1787310885340,50000,0,0,376,15000
1787310885440,50000,0,0,376,15000
1787310885540,50000,0,0,376,15000
1787310885641,50000,0,0,376,15000
1787310885740,50000,0,0,376,15000
1787310885840,50000,0,0,376,15000
1787310885940,50000,0,0,376,15000
1787310886041,50000,0,0,376,15000
1787310886140,50000,0,0,376,15000
1787310886240,50000,0,0,376,15000
1787310886340,50000,0,0,376,15000
1787310886440,50000,0,0,376,15000
1787310886541,50000,0,0,376,15000
1787310886640,50000,0,0,376,15000
1787310886740,50000,0,0,376,15000
1787310886840,50000,0,0,376,15000
1787310886940,50000,0,0,376,15000
1787310887040,50000,0,0,376,15000
1787310887140,50000,0,0,376,15000
1787310887240,50000,0,0,376,15000
1787310887340,50000,0,0,376,15000
1787310887440,50000,0,0,376,15000
1787310887540,50000,0,0,376,15000
1787310887640,50000,0,0,376,15000
1787310887740,50000,0,0,376,15000
1787310887841,50000,0,0,376,15000
1787310887940,50000,0,0,376,15000
1787310888041,50000,0,0,376,15000
1787310888140,50000,0,0,376,15000
1787310888240,50000,0,0,376,15000
1787310888340,50000,0,0,376,15000
1787310888440,50000,0,0,376,15000
1787310888541,50000,0,0,376,15000
1787310888641,50000,0,0,376,15000
1787310888740,50000,0,0,376,15000
1787310888840,50000,0,0,376,15000
1787310888940,50000,0,0,376,15000
1787310889040,50000,0,0,376,15000
1787310889140,50000,0,0,376,15000
1787310889240,50000,0,0,376,15000
1787310889340,50000,0,0,376,15000
1787310889440,50000,0,0,376,15000
1787310889541,50000,0,0,376,15000
1787310889640,50000,0,0,376,15000
1787310889740,50000,0,0,376,15000
1787310889840,50000,0,0,376,15000
1787310889940,50000,0,0,376,15000
1787310890040,50000,0,0,376,15000
1787310890140,50000,0,0,375,15000
1787310890240,50000,0,0,375,15000
1787310890340,50000,0,0,375,15000
1787310890441,50000,0,0,375,15000
1787310890540,50000,0,0,375,15000
1787310890640,50000,0,0,375,15000
1787310890740,50000,0,0,375,15000
1787310890840,50000,0,0,375,15000
1787310890940,50000,0,0,375,15000
1787310891040,50000,0,0,375,15000
1787310891140,50000,0,0,375,15000
1787310891240,50000,0,0,375,15000
1787310891340,50000,0,0,375,15000
1787310891440,50000,0,0,375,15000
1787310891540,50000,0,0,375,15000
1787310891640,50000,0,0,375,15000
1787310891741,50000,0,0,375,15000
1787310891840,50000,0,0,375,15000
1787310891940,50000,0,0,375,15000
1787310892040,50000,0,0,375,15000
1787310892140,50000,0,0,375,15000
1787310892240,50000,0,0,375,15000
1787310892340,50000,0,0,375,15000
1787310892440,50000,0,0,375,15000
1787310892540,50000,0,0,375,15000
1787310892640,50000,0,0,375,15000
1787310892741,50000,0,0,375,15000
1787310892840,50000,0,0,375,15000
1787310892940,50000,0,0,375,15000
1787310893041,50000,0,0,375,15000
1787310893140,50000,0,0,375,15000
1787310893240,50000,0,0,375,15000
1787310893340,50000,0,0,375,15000
1787310893440,50000,0,0,375,15000
1787310893540,50000,0,0,375,15000
1787310893640,50000,0,0,375,15000
1787310893740,50000,0,0,375,15000
1787310893840,50000,0,0,375,15000
1787310893940,50000,0,0,375,15000
1787310894040,50000,0,0,375,15000
1787310894140,50000,0,0,375,15000
1787310894240,50000,0,0,375,15000
1787310894340,50000,0,0,375,15000
1787310894440,50000,0,0,375,15000
1787310894541,50000,0,0,375,15000
1787310894640,50000,0,0,375,15000
1787310894740,50000,0,0,375,15000
1787310894840,50000,0,0,375,15000
1787310894940,50000,0,0,375,15000
1787310895040,50000,0,0,375,15000
1787310895141,50000,0,0,375,15000
1787310895240,50000,0,0,375,15000
1787310895340,50000,0,0,375,15000
1787310895440,50000,0,0,375,15000
1787310895540,50000,0,0,375,15000
1787310895640,50000,0,0,375,15000
1787310895740,50000,0,0,375,15000
1787310895840,50000,0,0,375,15000
1787310895940,50000,0,0,375,15000
1787310896040,50000,0,0,375,15000
1787310896141,50000,0,0,375,15000
1787310896240,50000,0,0,375,15000
1787310896340,50000,0,0,375,15000
1787310896441,50000,0,0,375,15000
1787310896540,50000,0,0,375,15000
1787310896640,50000,0,0,375,15000
1787310896740,50000,0,0,375,15000
1787310896840,50000,0,0,375,15000
1787310896940,50080,-5526,0,375,15000
1787310897040,50080,-5526,0,375,15000
1787310897140,50080,-5526,0,375,15000
1787310897240,50080,-5526,0,375,15000
1787310897340,50080,-5526,-2900,375,15000
1787310897440,50080,-5526,-2900,375,15000
1787310897540,50080,-5526,-2900,375,15000
1787310897640,50080,-5526,-2900,375,15000
1787310897740,50080,-5526,-2900,375,15000
1787310897840,50080,-5526,-2900,375,15000
1787310897940,50080,-5526,-2900,375,15000
1787310898040,50080,-5526,-5400,375,15000
1787310898141,50080,-5526,-5400,375,15000
1787310898241,50080,-5526,-5400,375,15000
1787310898340,50080,-5526,-5400,375,15000
1787310898440,50080,-5526,-5400,375,15000
1787310898540,50080,-5526,-5400,375,15000
1787310898640,50080,-5526,-5500,375,15000
1787310898740,50080,-5526,-5500,375,15000
1787310898840,50080,-5526,-5500,375,15000
1787310898940,50080,-5526,-5500,375,15000
1787310899041,50080,-5526,-5500,375,15000
1787310899140,50080,-5526,-5500,375,15000
1787310899240,50080,-5526,-5500,375,15000
1787310899340,50080,-5526,-5500,375,15000
1787310899440,50080,-5526,-5500,375,15000
1787310899541,50080,-5526,-5500,375,15000
1787310899640,50080,-5526,-5500,375,15000
1787310899741,50080,-5526,-5500,375,15000
1787310899840,50080,-5526,-5500,375,15000
1787310899940,50080,-5526,-5500,375,15000
1787310900041,50080,-5526,-5500,375,15000
1787310900140,50080,-5526,-5500,375,15000
1787310900240,50080,-5526,-5500,375,15000
1787310900340,50080,-5526,-5500,375,15000
1787310900441,50080,-5526,-5500,375,15000
1787310900540,50080,-5526,-5500,375,15000
1787310900640,50080,-5526,-5500,375,15000
1787310900740,50080,-5526,-5500,375,15000
1787310900840,50080,-5526,-5500,375,15000
1787310900940,50080,-5526,-5500,375,15000
1787310901040,50080,-5526,-5500,375,15000
1787310901140,50080,-5526,-5500,375,15000
1787310901240,50080,-5526,-5500,375,15000
1787310901340,50080,-5526,-5500,375,15000
1787310901441,50080,-5526,-5500,375,15000
1787310901540,50080,-5526,-5500,375,15000
1787310901641,50080,-5526,-5500,375,15000
1787310901741,50080,-5526,-5500,375,15000
1787310901840,50080,-5526,-5500,375,15000
1787310901941,50080,-5526,-5500,375,15000
1787310902040,50080,-5526,-5500,375,15000
1787310902140,50080,-5526,-5500,375,15000
1787310902240,50080,-5526,-5500,375,15000
1787310902340,50080,-5526,-5500,375,15000
1787310902441,50080,-5526,-5500,375,15000
1787310902540,50080,-5526,-5500,375,15000
1787310902640,50080,-5526,-5500,375,15000
1787310902740,50080,-5526,-5500,375,15000
1787310902840,50080,-5526,-5500,375,15000
1787310902940,50080,-5526,-5500,375,15000
1787310903040,50080,-5526,-5500,375,15000
1787310903140,50080,-5526,-5500,375,15000
1787310903241,50080,-5526,-5500,375,15000
1787310903340,50080,-5526,-5500,375,15000
1787310903441,50080,-5526,-5500,375,15000
1787310903541,50080,-5526,-5500,375,15000
1787310903640,50080,-5526,-5500,375,15000
1787310903741,50080,-5526,-5500,375,15000
1787310903840,50080,-5526,-5500,375,15000
1787310903940,50080,-5526,-5500,375,15000
1787310904041,50080,-5526,-5500,375,15000
1787310904140,50080,-5526,-5500,375,15000
1787310904240,50080,-5526,-5500,375,15000
1787310904340,50080,-5526,-5500,375,15000
1787310904441,50080,-5526,-5500,375,15000
1787310904540,50080,-5526,-5500,375,15000
1787310904641,50080,-5526,-5500,375,15000
1787310904740,50080,-5526,-5500,375,15000
1787310904840,50080,-5526,-5500,375,15000
1787310904940,50080,-5526,-5500,375,15000
1787310905040,50080,-5526,-5500,375,15000
1787310905140,50080,-5526,-5500,375,15000
1787310905240,50080,-5526,-5400,375,15000
1787310905340,50080,-5526,-5400,375,15000
1787310905440,50080,-5526,-5400,375,15000
1787310905540,50080,-5526,-5400,375,15000
1787310905640,50080,-5526,-5400,375,15000
1787310905740,50080,-5526,-5400,375,15000
1787310905840,50080,-5526,-5400,375,15000
1787310905940,50080,-5526,-5500,375,15000
1787310906040,50080,-5526,-5500,375,15000
1787310906140,50080,-5526,-5500,375,15000
1787310906240,50080,-5526,-5500,375,15000
1787310906340,50080,-5526,-5500,375,15000
1787310906441,50080,-5526,-5500,375,15000
1787310906540,50080,-5526,-5500,375,15000
1787310906640,50080,-5526,-5500,375,15000
1787310906740,50080,-5526,-5500,375,15000
1787310906840,50080,-5526,-5500,375,15000
1787310906940,50080,-5526,-5500,375,15000
1787310907041,50080,-5526,-5500,375,15000
1787310907140,50080,-5526,-5500,375,15000
1787310907241,50080,-5526,-5500,375,15000
1787310907340,50080,-5526,-5500,375,15000
1787310907440,50080,-5526,-5500,375,15000
1787310907540,50080,-5526,-5500,375,15000
1787310907640,50080,-5526,-5500,375,15000
1787310907741,50080,-5526,-5500,375,15000
1787310907840,50080,-5526,-5500,375,15000
1787310907940,50080,-5526,-5500,375,15000
1787310908040,50080,-5526,-5500,375,15000
1787310908140,50080,-5526,-5500,375,15000
1787310908240,50080,-5526,-5500,375,15000
1787310908340,50080,-5526,-5500,375,15000
1787310908441,50080,-5526,-5500,375,15000
1787310908540,50080,-5526,-5500,375,15000
1787310908640,50080,-5526,-5500,375,15000
1787310908740,50080,-5526,-5500,375,15000
1787310908840,50080,-5526,-5500,375,15000
1787310908940,50080,-5526,-5500,375,15000
1787310909040,50080,-5526,-5500,375,15000
1787310909140,50080,-5526,-5500,375,15000
1787310909240,50080,-5526,-5500,375,15000
1787310909340,50080,-5526,-5500,375,15000
1787310909440,50080,-5526,-5500,375,15000
1787310909540,50080,-5526,-5500,375,15000
1787310909640,50080,-5526,-5500,375,15000
1787310909740,50080,-5526,-5500,375,15000
1787310909840,50080,-5526,-5500,375,15000
1787310909940,50080,-5526,-5500,375,15000
1787310910041,50080,-5526,-5500,375,15000
1787310910140,50080,-5526,-5500,375,15000
1787310910241,50080,-5526,-5500,375,15000
1787310910340,50080,-5526,-5500,375,15000
1787310910440,50080,-5526,-5500,375,15000
1787310910540,50080,-5526,-5500,375,15000
1787310910640,50080,-5526,-5500,375,15000
1787310910740,50080,-5526,-5500,375,15000
1787310910840,50080,-5526,-5500,375,15000
1787310910940,50080,-5526,-5500,375,15000
1787310911040,50080,-5526,-5500,375,15000
1787310911140,50080,-5526,-5500,375,15000
1787310911240,50080,-5526,-5500,375,15000
1787310911340,50080,-5526,-5500,375,15000
1787310911441,50080,-5526,-5500,375,15000
1787310911540,50080,-5526,-5500,375,15000
1787310911640,50080,-5526,-5500,375,15000
1787310911740,50080,-5526,-5400,375,15000
1787310911840,50080,-5526,-5400,375,15000
1787310911940,50080,-5526,-5400,375,15000
1787310912040,50080,-5526,-5400,375,15000
1787310912140,50080,-5526,-5400,375,15000
1787310912240,50080,-5526,-5400,375,15000
1787310912340,50080,-5526,-5500,375,15000
1787310912441,50080,-5526,-5500,375,15000
1787310912540,50080,-5526,-5500,375,15000
1787310912641,50080,-5526,-5500,375,15000
1787310912740,50080,-5526,-5500,375,15000
1787310912840,50080,-5526,-5500,375,15000
1787310912940,50080,-5526,-5500,375,15000
1787310913041,50080,-5526,-5500,375,15000
1787310913140,50080,-5526,-5500,375,15000
1787310913240,50080,-5526,-5500,375,15000
1787310913340,50080,-5526,-5500,375,15000
1787310913440,50080,-5526,-5500,375,15000
1787310913540,50080,-5526,-5500,375,15000
1787310913640,50080,-5526,-5500,375,15000
1787310913740,50080,-5526,-5500,375,15000
1787310913840,50080,-5526,-5500,375,15000
1787310913940,50080,-5526,-5500,375,15000
1787310914041,50080,-5526,-5500,375,15000
1787310914140,50080,-5526,-5500,375,15000
1787310914240,50080,-5526,-5500,375,15000
1787310914341,50080,-5526,-5500,375,15000
1787310914441,50080,-5526,-5500,375,15000
1787310914540,50080,-5526,-5500,375,15000
1787310914640,50080,-5526,-5500,375,15000
1787310914740,50080,-5526,-5500,375,15000
1787310914840,50080,-5526,-5400,375,15000
1787310914940,50080,-5526,-5400,375,15000
1787310915040,50080,-5526,-5400,375,15000
1787310915140,50080,-5526,-5400,375,15000
1787310915240,50080,-5526,-5400,375,15000
1787310915340,50080,-5526,-5400,375,15000
1787310915440,50080,-5526,-5500,375,15000
1787310915540,50080,-5526,-5500,375,15000
1787310915640,50080,-5526,-5500,375,15000
1787310915740,50080,-5526,-5500,375,15000
1787310915840,50080,-5526,-5500,375,15000
1787310915940,50080,-5526,-5500,375,15000
1787310916041,50080,-5526,-5500,375,15000
1787310916140,50080,-5526,-5500,375,15000
1787310916241,50080,-5526,-5500,375,15000
1787310916340,50080,-5526,-5500,375,15000
1787310916441,50080,-5526,-5500,375,15000
1787310916540,50080,-5526,-5500,375,15000
1787310916640,50080,-5526,-5500,375,15000
1787310916740,50080,-5526,-5500,375,15000
1787310916840,50080,-5526,-5500,375,15000
1787310916940,50080,-5526,-5500,375,15000
1787310917040,50080,-5526,-5500,375,15000
1787310917140,50080,-5526,-5500,375,15000
1787310917241,50080,-5526,-5500,375,15000
1787310917341,50080,-5526,-5500,375,15000
1787310917441,50080,-5526,-5500,375,15000
1787310917540,50080,-5526,-5500,375,15000
1787310917640,50080,-5526,-5500,375,15000
1787310917740,50080,-5526,-5500,375,15000
1787310917840,50080,-5526,-5500,375,15000
1787310917940,50080,-5526,-5400,375,15000
1787310918040,50080,-5526,-5400,375,15000
1787310918140,50080,-5526,-5400,375,15000
1787310918241,50080,-5526,-5400,375,15000
1787310918340,50080,-5526,-5400,375,15000
1787310918441,50080,-5526,-5500,375,15000
1787310918540,50080,-5526,-5500,375,15000
1787310918640,50080,-5526,-5500,375,15000
1787310918741,50080,-5526,-5500,375,15000
1787310918841,50080,-5526,-5500,375,15000
1787310918940,50080,-5526,-5500,375,15000
1787310919040,50080,-5526,-5400,375,15000
1787310919140,50080,-5526,-5400,375,15000
1787310919240,50080,-5526,-5400,375,15000
1787310919340,50080,-5526,-5400,375,15000
1787310919441,50080,-5526,-5400,375,15000
1787310919540,50080,-5526,-5400,375,15000
1787310919641,50080,-5526,-5500,375,15000
1787310919741,50080,-5526,-5500,375,15000
1787310919840,50080,-5526,-5500,375,15000
1787310919940,50080,-5526,-5500,375,15000
1787310920040,50080,-5526,-5500,375,15000
1787310920140,50080,-5526,-5500,375,15000
1787310920240,50080,-5526,-5500,375,15000
1787310920340,50080,-5526,-5500,375,15000
1787310920441,50080,-5526,-5500,375,15000
1787310920540,50080,-5526,-5500,375,15000
1787310920640,50080,-5526,-5500,375,15000
1787310920740,50080,-5526,-5500,375,15000
1787310920840,50080,-5526,-5500,375,15000
1787310920940,50080,-5526,-5500,375,15000
1787310921040,50080,-5526,-5500,375,15000
1787310921140,50080,-5526,-5500,375,15000
1787310921240,50080,-5526,-5500,375,15000
1787310921340,50080,-5526,-5500,375,15000
1787310921440,50080,-5526,-5500,375,15000
1787310921541,50080,-5526,-5500,375,15000
1787310921640,50080,-5526,-5500,375,15000
1787310921741,50080,-5526,-5500,375,15000
1787310921840,50080,-5526,-5500,375,15000
1787310921940,50080,-5526,-5500,375,15000
1787310922040,50080,-5526,-5500,375,15000
1787310922140,50080,-5526,-5500,375,15000
1787310922241,50080,-5526,-5500,375,15000
1787310922340,50080,-5526,-5500,375,15000
1787310922441,50080,-5526,-5500,375,15000
1787310922540,50080,-5526,-5500,375,15000
1787310922640,50080,-5526,-5500,375,15000
1787310922740,50080,-5526,-5500,375,15000
1787310922840,50080,-5526,-5400,375,15000
1787310922940,50080,-5526,-5400,375,15000
1787310923040,50080,-5526,-5400,375,15000
1787310923140,50080,-5526,-5400,375,15000
1787310923240,50080,-5526,-5400,375,15000
1787310923340,50080,-5526,-5400,375,15000
1787310923440,50080,-5526,-5500,375,15000
1787310923540,50080,-5526,-5500,375,15000
1787310923640,50080,-5526,-5500,375,15000
1787310923740,50080,-5526,-5500,375,15000
1787310923841,50080,-5526,-5500,375,15000
1787310923940,50080,-5526,-5500,375,15000
1787310924041,50080,-5526,-5500,375,15000
1787310924140,50080,-5526,-5500,375,15000
1787310924241,50080,-5526,-5500,375,15000
1787310924340,50080,-5526,-5500,375,15000
1787310924441,50080,-5526,-5500,375,15000
1787310924540,50080,-5526,-5500,375,15000
1787310924641,50080,-5526,-5500,375,15000
1787310924740,50080,-5526,-5500,375,15000
1787310924840,50080,-5526,-5500,375,15000
1787310924940,50080,-5526,-5500,375,15000
1787310925040,50080,-5526,-5500,375,15000
1787310925140,50080,-5526,-5400,375,15000
1787310925240,50080,-5526,-5400,375,15000
1787310925340,50080,-5526,-5400,375,15000
1787310925440,50080,-5526,-5400,375,15000
1787310925540,50080,-5526,-5400,375,15000
1787310925640,50080,-5526,-5400,375,15000
1787310925740,50080,-5526,-5500,375,15000
1787310925840,50080,-5526,-5500,375,15000
1787310925941,50080,-5526,-5500,375,15000
1787310926040,50080,-5526,-5500,375,15000
1787310926141,50080,-5526,-5500,375,15000
1787310926240,50080,-5526,-5500,375,15000
1787310926340,50080,-5526,-5500,375,15000
1787310926441,50080,-5526,-5500,375,15000
1787310926541,50080,-5526,-5500,375,15000
1787310926640,50080,-5526,-5500,375,15000
1787310926740,50080,-5526,-5500,375,15000
1787310926840,50080,-5526,-5500,375,15000
1787310926941,50080,-5526,-5500,375,15000
1787310927041,50080,-5526,-5500,375,15000
1787310927140,50080,-5526,-5500,375,15000
1787310927240,50080,-5526,-5500,375,15000
1787310927340,50080,-5526,-5500,375,15000
1787310927441,50080,-5526,-5500,375,15000
1787310927540,50080,-5526,-5500,375,15000
1787310927640,50080,-5526,-5400,375,15000
1787310927740,50080,-5526,-5400,375,15000
1787310927840,50080,-5526,-5400,375,15000
1787310927940,50080,-5526,-5400,375,15000
1787310928040,50080,-5526,-5400,375,15000
1787310928140,50080,-5526,-5400,375,15000
1787310928240,50080,-5526,-5500,375,15000
1787310928340,50080,-5526,-5500,375,15000
1787310928441,50080,-5526,-5500,375,15000
1787310928540,50080,-5526,-5500,375,15000
1787310928640,50080,-5526,-5500,375,15000
1787310928740,50080,-5526,-5500,375,15000
1787310928840,50080,-5526,-5500,375,15000
1787310928940,50080,-5526,-5500,375,15000
1787310929040,50080,-5526,-5500,375,15000
1787310929140,50080,-5526,-5500,375,15000
1787310929240,50080,-5526,-5500,375,15000
1787310929340,50080,-5526,-5500,375,15000
1787310929440,50080,-5526,-5500,375,15000
1787310929540,50080,-5526,-5500,375,15000
1787310929640,50080,-5526,-5500,375,15000
1787310929741,50080,-5526,-5500,375,15000
1787310929840,50080,-5526,-5500,375,15000
1787310929940,50080,-5526,-5500,375,15000
1787310930040,50080,-5526,-5500,375,15000
1787310930141,50080,-5526,-5500,375,15000
1787310930240,50080,-5526,-5500,375,15000
1787310930340,50080,-5526,-5500,375,15000
1787310930441,50080,-5526,-5500,375,15000
1787310930541,50080,-5526,-5500,375,15000
1787310930640,50080,-5526,-5500,375,15000
1787310930740,50080,-5526,-5500,375,15000
1787310930841,50080,-5526,-5500,375,15000
1787310930940,50080,-5526,-5500,375,15000
1787310931040,50080,-5526,-5500,375,15000
1787310931140,50080,-5526,-5500,375,15000
1787310931240,50080,-5526,-5500,375,15000
1787310931340,50080,-5526,-5500,375,15000
1787310931440,50080,-5526,-5500,375,15000
1787310931540,50080,-5526,-5500,375,15000
1787310931640,50080,-5526,-5500,375,15000
1787310931741,50080,-5526,-5500,375,15000
1787310931840,50080,-5526,-5500,375,15000
1787310931940,50080,-5526,-5500,375,15000
1787310932040,50080,-5526,-5500,375,15000
1787310932140,50080,-5526,-5500,375,15000
1787310932240,50080,-5526,-5500,375,15000
1787310932340,50080,-5526,-5500,375,15000
1787310932440,50080,-5526,-5500,375,15000
1787310932540,50080,-5526,-5500,375,15000
1787310932641,50080,-5526,-5500,375,15000
1787310932740,50080,-5526,-5500,375,15000
1787310932840,50080,-5526,-5500,375,15000
1787310932940,50080,-5526,-5500,375,15000
1787310933040,50080,-5526,-5500,375,15000
1787310933140,50080,-5526,-5500,375,15000
1787310933240,50080,-5526,-5500,375,15000
1787310933341,50080,-5526,-5500,375,15000
1787310933440,50080,-5526,-5500,375,15000
1787310933540,50080,-5526,-5500,375,15000
1787310933640,50080,-5526,-5400,375,15000
1787310933740,50080,-5526,-5400,375,15000
1787310933840,50080,-5526,-5400,375,15000
1787310933940,50080,-5526,-5400,375,15000
1787310934041,50080,-5526,-5400,375,15000
1787310934140,50080,-5526,-5400,375,15000
1787310934240,50080,-5526,-5500,375,15000
1787310934340,50080,-5526,-5500,375,15000
1787310934441,50080,-5526,-5500,375,15000
1787310934540,50080,-5526,-5500,375,15000
1787310934640,50080,-5526,-5500,375,15000
1787310934740,50080,-5526,-5500,375,15000
1787310934840,50080,-5526,-5400,375,15000
1787310934940,50080,-5526,-5400,375,15000
1787310935041,50080,-5526,-5400,375,15000
1787310935140,50080,-5526,-5400,375,15000
1787310935241,50080,-5526,-5400,375,15000
1787310935340,50080,-5526,-5400,375,15000
1787310935440,50080,-5526,-5400,375,15000
1787310935540,50080,-5526,-5500,375,15000
1787310935641,50080,-5526,-5500,375,15000
1787310935740,50080,-5526,-5500,375,15000
1787310935840,50080,-5526,-5500,375,15000
1787310935940,50080,-5526,-5500,375,15000
1787310936040,50080,-5526,-5500,375,15000
1787310936140,50080,-5526,-5400,375,15000
1787310936240,50080,-5526,-5400,375,15000
1787310936340,50080,-5526,-5400,375,15000
1787310936440,50080,-5526,-5400,375,15000
1787310936540,50080,-5526,-5400,375,15000
1787310936640,50080,-5526,-5400,375,15000
1787310936740,50080,-5526,-5500,375,15000
1787310936840,50080,-5526,-5500,375,15000
1787310936940,50080,-5526,-5500,375,15000
1787310937040,50080,-5526,-5500,375,15000
1787310937140,50080,-5526,-5500,375,15000
1787310937240,50080,-5526,-5500,375,15000
1787310937340,50080,-5526,-5500,375,15000
1787310937441,50080,-5526,-5500,375,15000
1787310937540,50080,-5526,-5500,375,15000
1787310937640,50080,-5526,-5500,375,15000
1787310937740,50080,-5526,-5400,375,15000
1787310937840,50080,-5526,-5400,375,15000
1787310937940,50080,-5526,-5400,375,15000
1787310938040,50080,-5526,-5400,375,15000
1787310938140,50080,-5526,-5400,375,15000
1787310938240,50080,-5526,-5400,375,15000
1787310938340,50080,-5526,-5400,375,15000
1787310938440,50080,-5526,-5500,375,15000
1787310938540,50080,-5526,-5500,375,15000
1787310938640,50080,-5526,-5500,375,15000
1787310938740,50080,-5526,-5500,375,15000
1787310938841,50080,-5526,-5500,375,15000
1787310938940,50080,-5526,-5500,375,15000
1787310939040,50080,-5526,-5500,375,15000
1787310939141,50080,-5526,-5500,375,15000
1787310939240,50080,-5526,-5500,375,15000
1787310939340,50080,-5526,-5500,375,15000
1787310939440,50080,-5526,-5500,375,15000
1787310939541,50080,-5526,-5500,375,15000
1787310939641,50080,-5526,-5500,375,15000
1787310939740,50080,-5526,-5500,375,15000
1787310939841,50080,-5526,-5500,375,15000
1787310939940,50080,-5526,-5500,375,15000
1787310940040,50080,-5526,-5500,375,15000
1787310940140,50080,-5526,-5500,375,15000
1787310940240,50080,-5526,-5500,375,15000
1787310940340,50080,-5526,-5400,375,15000
1787310940441,50080,-5526,-5400,375,15000
1787310940540,50080,-5526,-5400,375,15000
1787310940640,50080,-5526,-5400,375,15000
1787310940740,50080,-5526,-5400,375,15000
1787310940841,50080,-5526,-5400,375,15000
1787310940940,50080,-5526,-5400,375,15000
1787310941040,50080,-5526,-5400,375,15000
1787310941140,50080,-5526,-5400,375,15000
1787310941240,50080,-5526,-5400,375,15000
1787310941341,50080,-5526,-5400,375,15000
1787310941440,50080,-5526,-5400,375,15000
1787310941540,50080,-5526,-5500,375,15000
1787310941640,50080,-5526,-5500,375,15000
1787310941740,50080,-5526,-5500,375,15000
1787310941840,50080,-5526,-5500,375,15000
1787310941940,50080,-5526,-5400,375,15000
1787310942040,50080,-5526,-5400,375,15000
1787310942140,50080,-5526,-5400,375,15000
1787310942240,50080,-5526,-5400,375,15000
1787310942340,50080,-5526,-5400,375,15000
1787310942440,50080,-5526,-5400,375,15000
1787310942541,50080,-5526,-5400,375,15000
1787310942640,50080,-5526,-5500,375,15000
1787310942740,50080,-5526,-5500,375,15000
1787310942841,50080,-5526,-5500,375,15000
1787310942940,50080,-5526,-5500,375,15000
1787310943041,50080,-5526,-5500,375,15000
1787310943140,50080,-5526,-5500,375,15000
1787310943240,50080,-5526,-5500,375,15000
1787310943340,50080,-5526,-5500,375,15000
1787310943441,50080,-5526,-5500,375,15000
1787310943540,50080,-5526,-5500,375,15000
1787310943640,50080,-5526,-5500,375,15000
1787310943741,50080,-5526,-5500,375,15000
1787310943840,50080,-5526,-5400,375,15000
1787310943940,50080,-5526,-5400,375,15000
1787310944040,50080,-5526,-5400,375,15000
1787310944140,50080,-5526,-5400,375,15000
1787310944240,50080,-5526,-5400,375,15000
1787310944340,50080,-5526,-5400,375,15000
1787310944440,50080,-5526,-5500,375,15000
1787310944541,50080,-5526,-5500,375,15000
1787310944641,50080,-5526,-5500,375,15000
1787310944740,50080,-5526,-5500,375,15000
1787310944840,50080,-5526,-5500,375,15000
1787310944941,50080,-5526,-5500,375,15000
1787310945040,50080,-5526,-5500,375,15000
1787310945141,50080,-5526,-5500,375,15000
1787310945241,50080,-5526,-5500,375,15000
1787310945340,50080,-5526,-5500,375,15000
1787310945440,50080,-5526,-5500,375,15000
1787310945540,50080,-5526,-5500,375,15000
1787310945640,50080,-5526,-5500,375,15000
1787310945740,50080,-5526,-5400,375,15000
1787310945840,50080,-5526,-5400,375,15000
1787310945941,50080,-5526,-5400,375,15000
1787310946041,50080,-5526,-5400,375,15000
1787310946141,50080,-5526,-5400,375,15000
1787310946240,50080,-5526,-5400,375,15000
1787310946341,50080,-5526,-5400,375,15000
1787310946441,50080,-5526,-5400,375,15000
1787310946540,50080,-5526,-5400,375,15000
1787310946640,50080,-5526,-5400,375,15000
1787310946741,50080,-5526,-5400,375,15000
1787310946840,50080,-5526,-5400,375,15000
1787310946941,50080,-5526,-5500,375,15000
1787310947040,50080,-5526,-5500,375,15000
1787310947141,50080,-5526,-5500,375,15000
1787310947240,50080,-5526,-5500,375,15000
1787310947340,50080,-5526,-5500,375,15000
1787310947440,50080,-5526,-5500,375,15000
1787310947540,50080,-5526,-5500,375,15000
1787310947640,50080,-5526,-5500,375,15000
1787310947740,50080,-5526,-5500,375,15000
1787310947841,50080,-5526,-5500,375,15000
1787310947940,50080,-5526,-5500,375,15000
1787310948040,50080,-5526,-5500,375,15000
1787310948140,50080,-5526,-5500,375,15000
1787310948240,50080,-5526,-5500,375,15000
1787310948340,50080,-5526,-5500,375,15000
1787310948440,50080,-5526,-5500,375,15000
1787310948541,50080,-5526,-5500,375,15000
1787310948640,50080,-5526,-5500,375,15000
1787310948741,50080,-5526,-5500,375,15000
1787310948840,50080,-5526,-5500,375,15000
1787310948940,50080,-5526,-5500,375,15000
1787310949040,50080,-5526,-5500,375,15000
1787310949140,50080,-5526,-5500,375,15000
1787310949240,50080,-5526,-5400,375,15000
1787310949340,50080,-5526,-5400,375,15000
1787310949441,50080,-5526,-5400,375,15000
1787310949540,50080,-5526,-5400,375,15000
1787310949640,50080,-5526,-5400,375,15000
1787310949740,50080,-5526,-5400,375,15000
1787310949840,50080,-5526,-5400,375,15000
1787310949940,50080,-5526,-5500,375,15000
1787310950040,50080,-5526,-5500,375,15000
1787310950140,50080,-5526,-5500,375,15000
1787310950240,50080,-5526,-5500,375,15000
1787310950340,50080,-5526,-5500,375,15000
1787310950440,50080,-5526,-5500,375,15000
1787310950541,50080,-5526,-5500,375,15000
1787310950640,50080,-5526,-5500,375,15000
1787310950740,50080,-5526,-5500,375,15000
1787310950840,50080,-5526,-5500,375,15000
1787310950940,50080,-5526,-5500,375,15000
1787310951040,50080,-5526,-5500,375,15000
1787310951140,50080,-5526,-5500,375,15000
1787310951240,50080,-5526,-5500,375,15000
1787310951340,50080,-5526,-5500,375,15000
1787310951440,50080,-5526,-5500,375,15000
1787310951540,50080,-5526,-5500,375,15000
1787310951640,50080,-5526,-5500,375,15000
1787310951740,50080,-5526,-5400,375,15000
1787310951840,50080,-5526,-5400,375,15000
1787310951940,50080,-5526,-5400,375,15000
1787310952040,50080,-5526,-5400,375,15000
1787310952141,50080,-5526,-5400,375,15000
1787310952241,50080,-5526,-5400,375,15000
1787310952340,50080,-5526,-5500,375,15000
1787310952440,50080,-5526,-5500,375,15000
1787310952540,50080,-5526,-5500,375,15000
1787310952640,50080,-5526,-5500,375,15000
1787310952740,50080,-5526,-5500,375,15000
1787310952840,50080,-5526,-5500,375,15000
1787310952940,50080,-5526,-5500,375,15000
1787310953040,50080,-5526,-5500,375,15000
1787310953140,50080,-5526,-5500,375,15000
1787310953240,50080,-5526,-5500,375,15000
1787310953340,50080,-5526,-5500,375,15000
1787310953440,50080,-5526,-5500,375,15000
1787310953541,50080,-5526,-5500,375,15000
1787310953640,50080,-5526,-5500,375,15000
1787310953740,50080,-5526,-5500,375,15000
1787310953841,50080,-5526,-5500,375,15000
1787310953940,50080,-5526,-5500,375,15000
1787310954040,50080,-5526,-5500,375,15000
1787310954140,50080,-5526,-5500,375,15000
1787310954240,50080,-5526,-5500,375,15000
1787310954341,50080,-5526,-5500,375,15000
1787310954441,50080,-5526,-5500,375,15000
1787310954540,50080,-5526,-5500,375,15000
1787310954640,50080,-5526,-5400,375,15000
1787310954740,50080,-5526,-5400,375,15000
1787310954841,50080,-5526,-5400,375,15000
1787310954940,50080,-5526,-5400,375,15000
1787310955040,50080,-5526,-5400,375,15000
1787310955140,50080,-5526,-5400,375,15000
1787310955241,50080,-5526,-5400,375,15000
1787310955340,50080,-5526,-5400,375,15000
1787310955440,50080,-5526,-5400,375,15000
1787310955540,50080,-5526,-5400,375,15000
1787310955640,50080,-5526,-5400,375,15000
1787310955741,50080,-5526,-5400,375,15000
1787310955840,50080,-5526,-5400,375,15000
1787310955940,50080,-5526,-5500,375,15000
1787310956040,50080,-5526,-5500,375,15000
1787310956140,50080,-5526,-5500,375,15000
1787310956240,50080,-5526,-5500,375,15000
1787310956340,50080,-5526,-5500,375,15000
1787310956440,50080,-5526,-5500,375,15000
1787310956541,50080,-5526,-5500,375,15000
1787310956640,50080,-5526,-5500,375,15000
1787310956740,50080,-5526,-5500,375,15000
1787310956841,50080,-5526,-5500,375,15000
1787310956940,50080,-5526,-5500,375,15000
1787310957040,50080,-5526,-5500,375,15000
1787310957140,50080,-5526,-5500,375,15000
1787310957240,50080,-5526,-5500,375,15000
1787310957340,50080,-5526,-5500,375,15000
1787310957440,50080,-5526,-5500,375,15000
1787310957540,50080,-5526,-5500,375,15000
1787310957640,50080,-5526,-5500,375,15000
1787310957740,50080,-5526,-5500,375,15000
1787310957840,50080,-5526,-5500,375,15000
1787310957940,50080,-5526,-5500,375,15000
1787310958040,50080,-5526,-5500,375,15000
1787310958141,50080,-5526,-5500,375,15000
1787310958240,50080,-5526,-5500,375,15000
1787310958340,50080,-5526,-5500,375,15000
1787310958440,50080,-5526,-5500,375,15000
1787310958540,50080,-5526,-5500,375,15000
1787310958640,50080,-5526,-5500,375,15000
1787310958740,50080,-5526,-5500,375,15000
1787310958840,50080,-5526,-5500,375,15000
1787310958940,50080,-5526,-5500,375,15000
1787310959040,50080,-5526,-5500,375,15000
1787310959140,50080,-5526,-5500,375,15000
1787310959240,50080,-5526,-5500,375,15000
1787310959340,50080,-5526,-5500,375,15000
1787310959440,50080,-5526,-5400,375,15000
1787310959540,50080,-5526,-5400,375,15000
1787310959641,50080,-5526,-5400,375,15000
1787310959740,50080,-5526,-5400,375,15000
1787310959840,50080,-5526,-5400,375,15000
1787310959941,50080,-5526,-5400,375,15000
1787310960041,50080,-5526,-5400,375,15000
1787310960140,50080,-5526,-5500,375,15000
1787310960240,50080,-5526,-5500,375,15000
1787310960340,50080,-5526,-5500,375,15000
1787310960441,50080,-5526,-5500,375,15000
1787310960540,50080,-5526,-5500,375,15000
1787310960640,50080,-5526,-5500,375,15000
1787310960741,50080,-5526,-5500,375,15000
1787310960840,50080,-5526,-5500,375,15000
1787310960940,50080,-5526,-5500,375,15000
1787310961040,50080,-5526,-5500,375,15000
1787310961140,50080,-5526,-5500,375,15000
1787310961240,50080,-5526,-5500,375,15000
1787310961341,50080,-5526,-5500,375,15000
1787310961441,50080,-5526,-5500,375,15000
1787310961540,50080,-5526,-5500,375,15000
1787310961641,50080,-5526,-5500,375,15000
1787310961740,50080,-5526,-5500,375,15000
1787310961841,50080,-5526,-5500,375,15000
1787310961941,50080,-5526,-5500,375,15000
1787310962041,50080,-5526,-5500,375,15000
1787310962140,50080,-5526,-5500,375,15000
1787310962240,50080,-5526,-5500,375,15000
1787310962340,50080,-5526,-5500,375,15000
1787310962441,50080,-5526,-5500,375,15000
1787310962541,50080,-5526,-5500,375,15000
1787310962640,50080,-5526,-5500,375,15000
1787310962741,50080,-5526,-5500,375,15000
1787310962840,50080,-5526,-5500,375,15000
1787310962940,50080,-5526,-5500,375,15000
1787310963040,50080,-5526,-5500,375,15000
1787310963140,50080,-5526,-5500,375,15000
1787310963240,50080,-5526,-5500,375,15000
1787310963340,50080,-5526,-5500,375,15000
1787310963440,50080,-5526,-5500,375,15000
1787310963541,50080,-5526,-5500,375,15000
1787310963640,50080,-5526,-5500,375,15000
1787310963740,50080,-5526,-5500,375,15000
1787310963840,50080,-5526,-5500,375,15000
1787310963940,50080,-5526,-5500,375,15000
1787310964041,50080,-5526,-5500,375,15000
1787310964141,50080,-5526,-5500,375,15000
1787310964240,50080,-5526,-5500,375,15000
1787310964340,50080,-5526,-5500,375,15000
1787310964441,50080,-5526,-5500,375,15000
1787310964540,50080,-5526,-5500,375,15000
1787310964640,50080,-5526,-5500,375,15000
1787310964741,50080,-5526,-5500,375,15000
1787310964841,50080,-5526,-5500,375,15000
1787310964941,50080,-5526,-5500,375,15000
1787310965040,50080,-5526,-5500,375,15000
1787310965141,50080,-5526,-5500,375,15000
1787310965240,50080,-5526,-5500,375,15000
1787310965340,50080,-5526,-5500,375,15000
1787310965440,50080,-5526,-5500,375,15000
1787310965540,50080,-5526,-5500,375,15000
1787310965640,50080,-5526,-5500,375,15000
1787310965740,50080,-5526,-5500,375,15000
1787310965840,50080,-5526,-5500,375,15000
1787310965940,50080,-5526,-5500,375,15000
1787310966040,50080,-5526,-5500,375,15000
1787310966140,50080,-5526,-5500,375,15000
1787310966240,50080,-5526,-5500,375,15000
1787310966340,50080,-5526,-5500,375,15000
1787310966440,50080,-5526,-5500,375,15000
1787310966540,50080,-5526,-5500,375,15000
1787310966640,50080,-5526,-5500,375,15000
1787310966740,50080,-5526,-5500,375,15000
1787310966840,50080,-5526,-5500,375,15000
1787310966940,50080,-5526,-5500,375,15000
1787310967040,50080,-5526,-5500,375,15000
1787310967141,50080,-5526,-5500,375,15000
1787310967240,50080,-5526,-5500,375,15000
1787310967341,50080,-5526,-5500,375,15000
1787310967441,50080,-5526,-5500,375,15000
1787310967540,50080,-5526,-5500,375,15000
1787310967641,50080,-5526,-5500,375,15000
1787310967741,50080,-5526,-5500,375,15000
1787310967840,50080,-5526,-5500,375,15000
1787310967940,50080,-5526,-5500,375,15000
1787310968040,50080,-5526,-5500,375,15000
1787310968140,50080,-5526,-5500,375,15000
1787310968240,50080,-5526,-5500,375,15000
1787310968340,50080,-5526,-5500,375,15000
1787310968441,50080,-5526,-5500,375,15000
1787310968541,50080,-5526,-5500,375,15000
1787310968640,50080,-5526,-5500,375,15000
1787310968740,50080,-5526,-5500,375,15000
1787310968840,50080,-5526,-5500,375,15000
1787310968940,50080,-5526,-5500,375,15000
1787310969040,50080,-5526,-5500,375,15000
1787310969140,50080,-5526,-5500,375,15000
1787310969240,50080,-5526,-5500,375,15000
1787310969340,50080,-5526,-5500,375,15000
1787310969441,50080,-5526,-5500,375,15000
1787310969540,50080,-5526,-5500,375,15000
1787310969640,50080,-5526,-5500,375,15000
1787310969741,50080,-5526,-5500,375,15000
1787310969840,50080,-5526,-5500,375,15000
1787310969940,50080,-5526,-5500,375,15000
1787310970040,50080,-5526,-5500,375,15000
1787310970140,50080,-5526,-5500,375,15000
1787310970240,50080,-5526,-5500,375,15000
1787310970341,50080,-5526,-5500,375,15000
1787310970441,50080,-5526,-5500,375,15000
1787310970540,50080,-5526,-5500,375,15000
1787310970640,50080,-5526,-5500,375,15000
1787310970740,50080,-5526,-5500,375,15000
1787310970840,50080,-5526,-5500,375,15000
1787310970940,50080,-5526,-5500,375,15000
1787310971041,50080,-5526,-5500,375,15000
1787310971140,50080,-5526,-5500,375,15000
1787310971240,50080,-5526,-5500,375,15000
1787310971340,50080,-5526,-5500,375,15000
1787310971440,50080,-5526,-5500,375,15000
1787310971540,50080,-5526,-5500,375,15000
1787310971640,50080,-5526,-5500,375,15000
1787310971740,50080,-5526,-5500,375,15000
1787310971840,50080,-5526,-5500,375,15000
1787310971940,50080,-5526,-5500,375,15000
1787310972040,50080,-5526,-5500,375,15000
1787310972140,50080,-5526,-5500,375,15000
1787310972240,50080,-5526,-5500,375,15000
1787310972340,50080,-5526,-5500,375,15000
1787310972441,50080,-5526,-5500,375,15000
1787310972540,50080,-5526,-5500,375,15000
1787310972640,50080,-5526,-5500,375,15000
1787310972740,50080,-5526,-5500,375,15000
1787310972840,50080,-5526,-5500,375,15000
1787310972940,50080,-5526,-5500,375,15000
1787310973040,50080,-5526,-5500,375,15000
1787310973140,50080,-5526,-5500,375,15000
1787310973241,50080,-5526,-5500,375,15000
1787310973340,50080,-5526,-5500,375,15000
1787310973441,50080,-5526,-5500,375,15000
1787310973541,50080,-5526,-5500,375,15000
1787310973640,50080,-5526,-5500,375,15000
1787310973741,50080,-5526,-5500,375,15000
1787310973840,50080,-5526,-5500,375,15000
1787310973940,50080,-5526,-5500,375,15000
1787310974040,50080,-5526,-5500,375,15000
1787310974140,50080,-5526,-5500,375,15000
1787310974240,50080,-5526,-5500,375,15000
1787310974340,50080,-5526,-5500,375,15000
1787310974440,50080,-5526,-5500,375,15000
1787310974540,50080,-5526,-5500,375,15000
1787310974640,50080,-5526,-5500,375,15000
1787310974740,50080,-5526,-5500,375,15000
1787310974840,50080,-5526,-5500,375,15000
1787310974940,50080,-5526,-5500,375,15000
1787310975040,50080,-5526,-5500,375,15000
1787310975140,50080,-5526,-5500,375,15000
1787310975240,50080,-5526,-5500,375,15000
1787310975341,50080,-5526,-5500,375,15000
1787310975440,50080,-5526,-5500,375,15000
1787310975540,50080,-5526,-5500,375,15000
1787310975640,50080,-5526,-5500,375,15000
1787310975740,50080,-5526,-5500,375,15000
1787310975840,50080,-5526,-5500,375,15000
1787310975940,50080,-5526,-5500,375,15000
1787310976041,50080,-5526,-5500,375,15000
1787310976140,50080,-5526,-5500,375,15000
1787310976240,50080,-5526,-5500,375,15000
1787310976340,50080,-5526,-5500,375,15000
1787310976441,50080,-5526,-5400,375,15000
1787310976540,50080,-5526,-5400,375,15000
1787310976640,50080,-5526,-5400,375,15000
1787310976740,50080,-5526,-5400,375,15000
1787310976840,50080,-5526,-5400,375,15000
1787310976940,50080,-5526,-5400,375,15000
1787310977040,50080,-5526,-5400,375,15000
1787310977141,50080,-5526,-5400,375,15000
1787310977240,50080,-5526,-5400,375,15000
1787310977340,50080,-5526,-5400,375,15000
1787310977441,50080,-5526,-5400,375,15000
1787310977541,50080,-5526,-5400,375,15000
1787310977640,50080,-5526,-5400,375,15000
1787310977740,50080,-5526,-5400,375,15000
1787310977840,50080,-5526,-5400,375,15000
1787310977940,50080,-5526,-5400,375,15000
1787310978040,50080,-5526,-5400,375,15000
1787310978141,50080,-5526,-5400,375,15000
1787310978240,50080,-5526,-5400,375,15000
1787310978340,50080,-5526,-5500,375,15000
1787310978440,50080,-5526,-5500,375,15000
1787310978540,50080,-5526,-5500,375,15000
1787310978640,50080,-5526,-5500,375,15000
1787310978741,50080,-5526,-5500,375,15000
1787310978841,50080,-5526,-5500,375,15000
1787310978940,50080,-5526,-5400,375,15000
1787310979041,50080,-5526,-5400,375,15000
1787310979140,50080,-5526,-5400,375,15000
1787310979240,50080,-5526,-5400,375,15000
1787310979340,50080,-5526,-5400,375,15000
1787310979440,50080,-5526,-5400,375,15000
1787310979540,50080,-5526,-5500,375,15000
1787310979640,50080,-5526,-5500,375,15000
1787310979740,50080,-5526,-5500,375,15000
1787310979840,50080,-5526,-5500,375,15000
1787310979941,50080,-5526,-5500,375,15000
1787310980040,50080,-5526,-5500,375,15000
1787310980140,50080,-5526,-5500,375,15000
1787310980240,50080,-5526,-5500,375,15000
1787310980340,50080,-5526,-5500,375,15000
1787310980441,50080,-5526,-5500,375,15000
1787310980540,50080,-5526,-5500,375,15000
1787310980640,50080,-5526,-5400,375,15000
1787310980740,50080,-5526,-5400,375,15000
1787310980840,50080,-5526,-5400,375,15000
1787310980940,50080,-5526,-5400,375,15000
1787310981041,50080,-5526,-5400,375,15000
1787310981140,50080,-5526,-5400,375,15000
1787310981240,50080,-5526,-5500,375,15000
1787310981340,50080,-5526,-5500,375,15000
1787310981441,50080,-5526,-5500,375,15000
1787310981540,50080,-5526,-5500,375,15000
1787310981640,50080,-5526,-5500,375,15000
1787310981740,50080,-5526,-5500,375,15000
1787310981840,50080,-5526,-5500,375,15000
1787310981940,50080,-5526,-5500,375,15000
1787310982040,50080,-5526,-5500,375,15000
1787310982140,50080,-5526,-5500,375,15000
1787310982240,50080,-5526,-5500,375,15000
1787310982340,50080,-5526,-5500,375,15000
1787310982440,50080,-5526,-5500,375,15000
1787310982540,50080,-5526,-5500,375,15000
1787310982640,50080,-5526,-5500,375,15000
1787310982740,50080,-5526,-5500,375,15000
1787310982840,50080,-5526,-5500,375,15000
1787310982941,50080,-5526,-5500,375,15000
1787310983040,50080,-5526,-5500,375,15000
1787310983141,50080,-5526,-5400,375,15000
1787310983240,50080,-5526,-5400,375,15000
1787310983341,50080,-5526,-5400,375,15000
1787310983440,50080,-5526,-5400,375,15000
1787310983540,50080,-5526,-5400,375,15000
1787310983640,50080,-5526,-5400,375,15000
1787310983740,50080,-5526,-5500,375,15000
1787310983840,50080,-5526,-5500,375,15000
1787310983940,50080,-5526,-5500,375,15000
1787310984041,50080,-5526,-5500,375,15000
1787310984140,50080,-5526,-5500,375,15000
1787310984240,50080,-5526,-5500,375,15000
1787310984340,50080,-5526,-5500,375,15000
1787310984441,50080,-5526,-5500,375,15000
1787310984540,50080,-5526,-5500,375,15000
1787310984640,50080,-5526,-5500,375,15000
1787310984740,50080,-5526,-5500,375,15000
1787310984840,50080,-5526,-5500,375,15000
1787310984940,50080,-5526,-5500,375,15000
1787310985040,50080,-5526,-5500,375,15000
1787310985140,50080,-5526,-5500,375,15000
1787310985240,50080,-5526,-5500,375,15000
1787310985340,50080,-5526,-5500,375,15000
1787310985440,50080,-5526,-5500,375,15000
1787310985540,50080,-5526,-5500,375,15000
1787310985640,50080,-5526,-5400,375,15000
1787310985741,50080,-5526,-5400,375,15000
1787310985841,50080,-5526,-5400,375,15000
1787310985940,50080,-5526,-5400,375,15000
1787310986040,50080,-5526,-5500,375,15000
1787310986140,50080,-5526,-5500,375,15000
1787310986240,50080,-5526,-5500,375,15000
1787310986340,50080,-5526,-5500,375,15000
1787310986441,50080,-5526,-5500,375,15000
1787310986540,50080,-5526,-5500,375,15000
1787310986640,50080,-5526,-5500,375,15000
1787310986740,50080,-5526,-5400,375,15000
1787310986841,50080,-5526,-5400,375,15000
1787310986940,50080,-5526,-5400,375,15000
1787310987040,50080,-5526,-5400,375,15000
1787310987140,50080,-5526,-5400,375,15000
1787310987240,50080,-5526,-5400,375,15000
1787310987340,50080,-5526,-5400,375,15000
1787310987440,50080,-5526,-5400,375,15000
1787310987540,50080,-5526,-5400,375,15000
1787310987641,50080,-5526,-5400,375,15000
1787310987740,50080,-5526,-5400,375,15000
1787310987840,50080,-5526,-5400,375,15000
1787310987940,50080,-5526,-5500,375,15000
1787310988041,50080,-5526,-5500,375,15000
1787310988140,50080,-5526,-5500,375,15000
1787310988240,50080,-5526,-5500,375,15000
1787310988340,50080,-5526,-5500,375,15000
1787310988440,50080,-5526,-5500,375,15000
1787310988540,50080,-5526,-5500,375,15000
1787310988640,50080,-5526,-5500,375,15000
1787310988740,50080,-5526,-5500,375,15000
1787310988840,50080,-5526,-5500,375,15000
1787310988941,50080,-5526,-5500,375,15000
1787310989040,50080,-5526,-5500,375,15000
1787310989140,50080,-5526,-5500,375,15000
1787310989240,50080,-5526,-5500,375,15000
1787310989340,50080,-5526,-5500,375,15000
1787310989441,50080,-5526,-5500,375,15000
1787310989540,50080,-5526,-5500,375,15000
1787310989640,50080,-5526,-5500,375,15000
1787310989740,50080,-5526,-5500,375,15000
1787310989840,50080,-5526,-5400,375,15000
1787310989940,50080,-5526,-5400,375,15000
1787310990041,50080,-5526,-5400,375,15000
1787310990140,50080,-5526,-5400,375,15000
1787310990240,50080,-5526,-5400,375,15000
1787310990340,50080,-5526,-5400,375,15000
1787310990440,50080,-5526,-5400,375,15000
1787310990540,50080,-5526,-5400,375,15000
1787310990641,50080,-5526,-5400,375,15000
1787310990741,50080,-5526,-5400,375,15000
1787310990841,50080,-5526,-5400,375,15000
1787310990940,50080,-5526,-5500,375,15000
1787310991041,50080,-5526,-5500,375,15000
1787310991140,50080,-5526,-5500,375,15000
1787310991240,50080,-5526,-5500,375,15000
1787310991340,50080,-5526,-5500,375,15000
1787310991440,50080,-5526,-5500,375,15000
1787310991540,50080,-5526,-5500,375,15000
1787310991640,50080,-5526,-5500,375,15000
1787310991740,50080,-5526,-5500,375,15000
1787310991840,50080,-5526,-5500,375,15000
1787310991940,50080,-5526,-5500,375,15000
1787310992040,50080,-5526,-5500,375,15000
1787310992140,50080,-5526,-5500,375,15000
1787310992240,50080,-5526,-5500,375,15000
1787310992340,50080,-5526,-5500,375,15000
1787310992440,50080,-5526,-5500,375,15000
1787310992540,50080,-5526,-5500,375,15000
1787310992641,50080,-5526,-5500,375,15000
1787310992740,50080,-5526,-5400,375,15000
1787310992840,50080,-5526,-5400,375,15000
1787310992940,50080,-5526,-5400,375,15000
1787310993041,50080,-5526,-5400,375,15000
1787310993140,50080,-5526,-5400,375,15000
1787310993240,50080,-5526,-5400,375,15000
1787310993341,50080,-5526,-5500,375,15000
1787310993440,50080,-5526,-5500,375,15000
1787310993540,50080,-5526,-5500,375,15000
1787310993640,50080,-5526,-5500,375,15000
1787310993741,50080,-5526,-5500,375,15000
1787310993840,50080,-5526,-5500,375,15000
1787310993940,50080,-5526,-5500,375,15000
1787310994040,50080,-5526,-5500,375,15000
1787310994141,50080,-5526,-5500,375,15000
1787310994240,50080,-5526,-5500,375,15000
1787310994340,50080,-5526,-5500,375,15000
1787310994441,50080,-5526,-5500,375,15000
1787310994540,50080,-5526,-5500,375,15000
1787310994640,50080,-5526,-5500,375,15000
1787310994741,50080,-5526,-5500,375,15000
1787310994841,50080,-5526,-5500,375,15000
1787310994940,50080,-5526,-5500,375,15000
1787310995040,50080,-5526,-5500,375,15000
1787310995141,50080,-5526,-5500,375,15000
1787310995240,50080,-5526,-5400,375,15000
1787310995340,50080,-5526,-5400,375,15000
1787310995440,50080,-5526,-5400,375,15000
1787310995540,50080,-5526,-5400,375,15000
1787310995640,50080,-5526,-5400,375,15000
1787310995740,50080,-5526,-5400,375,15000
1787310995840,50080,-5526,-5400,375,15000
1787310995941,50080,-5526,-5400,375,15000
1787310996041,50080,-5526,-5400,375,15000
1787310996140,50080,-5526,-5400,375,15000
1787310996240,50080,-5526,-5400,375,15000
1787310996341,50080,-5526,-5400,375,15000
1787310996441,50080,-5526,-5400,375,15000
1787310996540,50080,-5526,-5500,375,15000
1787310996640,50080,-5526,-5500,375,15000
1787310996740,50080,-5526,-5500,375,15000
1787310996840,50080,-5526,-5500,375,15000
1787310996941,50080,-5526,-5500,375,15000
1787310997041,50080,-5526,-5500,375,15000
1787310997140,50080,-5526,-5500,375,15000
1787310997241,50080,-5526,-5500,375,15000
1787310997340,50080,-5526,-5500,375,15000
1787310997441,50080,-5526,-5500,375,15000
1787310997540,50080,-5526,-5400,375,15000
1787310997640,50080,-5526,-5400,375,15000
1787310997740,50080,-5526,-5400,375,15000
1787310997840,50080,-5526,-5400,375,15000
1787310997940,50080,-5526,-5400,375,15000
1787310998040,50080,-5526,-5400,375,15000
1787310998140,50080,-5526,-5400,375,15000
1787310998240,50080,-5526,-5400,375,15000
1787310998340,50080,-5526,-5400,375,15000
1787310998440,50080,-5526,-5400,375,15000
1787310998540,50080,-5526,-5400,375,15000
1787310998640,50080,-5526,-5400,375,15000
1787310998740,50080,-5526,-5400,375,15000
1787310998841,50080,-5526,-5500,375,15000
1787310998940,50080,-5526,-5500,375,15000
1787310999040,50080,-5526,-5500,375,15000
1787310999140,50080,-5526,-5500,375,15000
1787310999240,50080,-5526,-5500,375,15000
1787310999340,50080,-5526,-5500,375,15000
1787310999440,50080,-5526,-5500,375,15000
1787310999540,50080,-5526,-5500,375,15000
1787310999640,50080,-5526,-5500,375,15000
1787310999741,50080,-5526,-5500,375,15000
1787310999840,50080,-5526,-5500,375,15000
1787310999940,50080,-5526,-5500,375,15000
1787311000040,50080,-5526,-5500,375,15000
1787311000140,50080,-5526,-5500,375,15000
1787311000241,50080,-5526,-5500,375,15000
1787311000340,50080,-5526,-5500,375,15000
1787311000441,50080,-5526,-5500,375,15000
1787311000540,50080,-5526,-5500,375,15000
1787311000640,50080,-5526,-5500,375,15000
1787311000740,50080,-5526,-5500,375,15000
1787311000840,50080,-5526,-5500,375,15000
1787311000940,50080,-5526,-5500,375,15000
1787311001040,50080,-5526,-5500,375,15000
1787311001140,50080,-5526,-5500,375,15000
1787311001240,50080,-5526,-5400,375,15000
1787311001340,50080,-5526,-5400,375,15000
1787311001440,50080,-5526,-5400,375,15000
1787311001540,50080,-5526,-5400,375,15000
1787311001640,50080,-5526,-5400,375,15000
1787311001741,50080,-5526,-5400,375,15000
1787311001841,50080,-5526,-5400,375,15000
1787311001941,50080,-5526,-5500,375,15000
1787311002040,50080,-5526,-5500,375,15000
1787311002140,50080,-5526,-5500,375,15000
1787311002240,50080,-5526,-5500,375,15000
1787311002340,50080,-5526,-5500,375,15000
1787311002440,50080,-5526,-5500,375,15000
1787311002540,50080,-5526,-5500,375,15000
1787311002640,50080,-5526,-5500,375,15000
1787311002740,50080,-5526,-5500,375,15000
1787311002840,50080,-5526,-5500,375,15000
1787311002940,50080,-5526,-5500,375,15000
1787311003040,50080,-5526,-5500,375,15000
1787311003140,50080,-5526,-5500,375,15000
1787311003241,50080,-5526,-5500,375,15000
1787311003340,50080,-5526,-5500,375,15000
1787311003440,50080,-5526,-5500,375,15000
1787311003540,50080,-5526,-5500,375,15000
1787311003640,50080,-5526,-5500,375,15000
1787311003740,50080,-5526,-5500,375,15000
1787311003841,50080,-5526,-5500,375,15000
1787311003941,50080,-5526,-5500,375,15000
1787311004041,50080,-5526,-5500,375,15000
1787311004140,50080,-5526,-5500,375,15000
1787311004240,50080,-5526,-5400,375,15000
1787311004340,50080,-5526,-5400,375,15000
1787311004441,50080,-5526,-5400,375,15000
1787311004540,50080,-5526,-5400,375,15000
1787311004640,50080,-5526,-5400,375,15000
1787311004740,50080,-5526,-5400,375,15000
1787311004840,50080,-5526,-5400,375,15000
1787311004940,50080,-5526,-5400,375,15000
1787311005041,50080,-5526,-5400,375,15000
1787311005140,50080,-5526,-5400,375,15000
1787311005241,50080,-5526,-5400,375,15000
1787311005340,50080,-5526,-5400,375,15000
1787311005440,50080,-5526,-5400,375,15000
1787311005540,50080,-5526,-5500,375,15000
1787311005640,50080,-5526,-5500,375,15000
1787311005740,50080,-5526,-5500,375,15000
1787311005840,50080,-5526,-5500,375,15000
1787311005940,50080,-5526,-5500,375,15000
1787311006040,50080,-5526,-5500,375,15000
1787311006140,50080,-5526,-5500,375,15000
1787311006240,50080,-5526,-5500,375,15000
1787311006340,50080,-5526,-5500,375,15000
1787311006441,50080,-5526,-5500,375,15000
1787311006540,50080,-5526,-5500,375,15000
1787311006640,50080,-5526,-5500,375,15000
1787311006740,50080,-5526,-5500,375,15000
1787311006840,50080,-5526,-5500,375,15000
1787311006940,50080,-5526,-5500,375,15000
1787311007040,50080,-5526,-5500,375,15000
1787311007141,50080,-5526,-5500,375,15000
1787311007240,50080,-5526,-5500,375,15000
1787311007340,50080,-5526,-5500,375,15000
1787311007440,50080,-5526,-5500,375,15000
1787311007540,50080,-5526,-5500,375,15000
1787311007641,50080,-5526,-5500,375,15000
1787311007740,50080,-5526,-5500,375,15000
1787311007841,50080,-5526,-5400,375,15000
1787311007940,50080,-5526,-5400,375,15000
1787311008040,50080,-5526,-5400,375,15000
1787311008140,50080,-5526,-5400,375,15000
1787311008240,50080,-5526,-5400,375,15000
1787311008340,50080,-5526,-5400,375,15000
1787311008440,50080,-5526,-5400,375,15000
1787311008540,50080,-5526,-5400,375,15000
1787311008641,50080,-5526,-5400,375,15000
1787311008740,50080,-5526,-5400,375,15000
1787311008840,50080,-5526,-5400,375,15000
1787311008940,50080,-5526,-5400,375,15000
1787311009040,50080,-5526,-5400,375,15000
1787311009140,50080,-5526,-5400,375,15000
1787311009241,50080,-5526,-5400,375,15000
1787311009340,50080,-5526,-5400,375,15000
1787311009440,50080,-5526,-5400,375,15000
1787311009540,50080,-5526,-5400,375,15000
1787311009640,50080,-5526,-5400,375,15000
1787311009740,50080,-5526,-5500,375,15000
1787311009841,50080,-5526,-5500,375,15000
1787311009940,50080,-5526,-5500,375,15000
1787311010040,50080,-5526,-5500,375,15000
1787311010140,50080,-5526,-5500,375,15000
1787311010240,50080,-5526,-5500,375,15000
1787311010340,50080,-5526,-5400,375,15000
1787311010441,50080,-5526,-5400,375,15000
1787311010540,50080,-5526,-5400,375,15000
1787311010641,50080,-5526,-5400,375,15000
1787311010740,50080,-5526,-5400,375,15000
1787311010840,50080,-5526,-5400,375,15000
1787311010940,50080,-5526,-5500,375,15000
1787311011040,50080,-5526,-5500,375,15000
1787311011140,50080,-5526,-5500,375,15000
1787311011240,50080,-5526,-5500,375,15000
1787311011341,50080,-5526,-5500,375,15000
1787311011440,50080,-5526,-5500,375,15000
1787311011540,50080,-5526,-5500,375,15000
1787311011640,50080,-5526,-5500,375,15000
1787311011740,50080,-5526,-5500,375,15000
1787311011840,50080,-5526,-5500,375,15000
1787311011940,50080,-5526,-5500,375,15000
1787311012040,50080,-5526,-5500,375,15000
1787311012140,50080,-5526,-5500,375,15000
1787311012240,50080,-5526,-5400,375,15000
1787311012340,50080,-5526,-5400,375,15000
1787311012441,50080,-5526,-5400,375,15000
1787311012540,50080,-5526,-5400,375,15000
1787311012640,50080,-5526,-5400,375,15000
1787311012740,50080,-5526,-5400,375,15000
1787311012840,50080,-5526,-5500,375,15000
1787311012940,50080,-5526,-5500,375,15000
1787311013040,50080,-5526,-5500,375,15000
1787311013140,50080,-5526,-5500,375,15000
1787311013241,50080,-5526,-5500,375,15000
1787311013340,50080,-5526,-5500,375,15000
1787311013441,50080,-5526,-5400,375,15000
1787311013540,50080,-5526,-5400,375,15000
1787311013640,50080,-5526,-5400,375,15000
1787311013740,50080,-5526,-5400,375,15000
1787311013840,50080,-5526,-5500,375,15000
1787311013941,50080,-5526,-5500,375,15000
1787311014040,50080,-5526,-5500,375,15000
1787311014140,50080,-5526,-5500,375,15000
1787311014241,50080,-5526,-5500,375,15000
1787311014340,50080,-5526,-5500,375,15000
1787311014441,50080,-5526,-5500,375,15000
1787311014540,50080,-5526,-5500,375,15000
1787311014640,50080,-5526,-5500,375,15000
1787311014740,50080,-5526,-5500,375,15000
1787311014840,50080,-5526,-5500,375,15000
1787311014940,50080,-5526,-5500,375,15000
1787311015041,50080,-5526,-5500,375,15000
1787311015140,50080,-5526,-5500,375,15000
1787311015241,50080,-5526,-5500,375,15000
1787311015340,50080,-5526,-5500,375,15000
1787311015441,50080,-5526,-5500,375,15000
1787311015540,50080,-5526,-5500,375,15000
1787311015640,50080,-5526,-5500,375,15000
1787311015740,50080,-5526,-5500,375,15000
1787311015840,50080,-5526,-5500,375,15000
1787311015940,50080,-5526,-5500,375,15000
1787311016040,50080,-5526,-5500,375,15000
1787311016140,50080,-5526,-5500,375,15000
1787311016240,50080,-5526,-5500,375,15000
1787311016340,50080,-5526,-5500,375,15000
1787311016440,50080,-5526,-5500,375,15000
1787311016540,50080,-5526,-5500,375,15000
1787311016640,50080,-5526,-5500,375,15000
1787311016741,50080,-5526,-5500,375,15000
1787311016840,50080,-5526,-5500,375,15000
1787311016940,50000,0,-5500,375,15000
1787311017040,50000,0,-5400,375,15000
1787311017140,50000,0,-5400,375,15000
1787311017240,50000,0,-5400,375,15000
1787311017340,50000,0,-5400,375,15000
1787311017441,50000,0,-5400,375,15000
1787311017540,50000,0,-5400,375,15000
1787311017640,50000,0,-700,375,15000
1787311017740,50000,0,-700,375,15000
1787311017841,50000,0,-700,375,15000
1787311017940,50000,0,-700,375,15000
1787311018040,50000,0,-700,375,15000
1787311018140,50000,0,-700,375,15000
1787311018240,50000,0,0,375,15000
1787311018340,50000,0,0,375,15000
1787311018441,50000,0,0,375,15000
1787311018540,50000,0,0,375,15000
1787311018640,50000,0,0,375,15000
1787311018740,50000,0,0,375,15000
1787311018840,50000,0,0,375,15000
1787311018940,50000,0,0,375,15000
1787311019040,50000,0,0,375,15000
1787311019140,50000,0,0,375,15000
1787311019240,50000,0,0,375,15000
1787311019340,50000,0,0,375,15000
1787311019440,50000,0,0,375,15000
1787311019540,50000,0,0,375,15000
1787311019640,50000,0,0,375,15000
1787311019740,50000,0,0,375,15000
1787311019840,50000,0,0,375,15000
1787311019940,50000,0,0,375,15000
1787311020040,50000,0,0,375,15000
1787311020141,50000,0,0,375,15000
1787311020240,50000,0,0,375,15000
1787311020340,50000,0,0,375,15000
1787311020440,50000,0,0,375,15000
1787311020540,50000,0,0,375,15000
1787311020640,50000,0,0,375,15000
1787311020740,50000,0,0,375,15000
1787311020841,50000,0,0,375,15000
1787311020940,50000,0,0,375,15000
1787311021040,50000,0,0,375,15000
1787311021140,50000,0,0,375,15000
1787311021240,50000,0,0,375,15000
1787311021340,50000,0,0,375,15000
1787311021441,50000,0,0,375,15000
1787311021541,50000,0,0,375,15000
1787311021640,50000,0,0,375,15000
1787311021741,50000,0,0,375,15000
1787311021840,50000,0,0,375,15000
1787311021940,50000,0,0,375,15000
1787311022040,50000,0,0,375,15000
1787311022141,50000,0,0,375,15000
1787311022240,50000,0,0,375,15000
1787311022340,50000,0,0,375,15000
1787311022441,50000,0,0,375,15000
1787311022540,50000,0,0,375,15000
1787311022640,50000,0,0,375,15000
1787311022740,50000,0,0,375,15000
1787311022840,50000,0,0,375,15000
1787311022940,50000,0,0,375,15000
1787311023041,50000,0,0,375,15000
1787311023140,50000,0,0,375,15000
1787311023240,50000,0,0,375,15000
1787311023340,50000,0,0,375,15000
1787311023441,50000,0,0,375,15000
1787311023540,50000,0,0,375,15000
1787311023640,50000,0,0,375,15000
1787311023741,50000,0,0,375,15000
1787311023840,50000,0,0,375,15000
1787311023940,50000,0,0,375,15000
1787311024040,50000,0,0,375,15000
1787311024140,50000,0,0,375,15000
1787311024240,50000,0,0,375,15000
1787311024340,50000,0,0,375,15000
1787311024441,50000,0,0,375,15000
1787311024540,50000,0,0,375,15000
1787311024640,50000,0,0,375,15000
1787311024740,50000,0,0,375,15000
1787311024840,50000,0,0,375,15000
1787311024941,50000,0,0,375,15000
1787311025040,50000,0,0,375,15000
1787311025141,50000,0,0,375,15000
1787311025240,50000,0,0,375,15000
1787311025340,50000,0,0,375,15000
1787311025440,50000,0,0,375,15000
1787311025540,50000,0,0,375,15000
1787311025640,50000,0,0,375,15000
1787311025740,50000,0,0,375,15000
1787311025841,50000,0,0,375,15000
1787311025941,50000,0,0,375,15000
1787311026040,50000,0,0,375,15000
1787311026141,50000,0,0,375,15000
1787311026240,50000,0,0,375,15000
1787311026341,50000,0,0,375,15000
1787311026441,50000,0,0,375,15000
1787311026541,50000,0,0,375,15000
1787311026640,50000,0,0,375,15000
1787311026740,50000,0,0,375,15000
1787311026840,50000,0,0,375,15000
1787311026940,50000,0,0,375,15000
1787311027040,50000,0,0,375,15000
1787311027140,50000,0,0,375,15000
1787311027240,50000,0,0,375,15000
1787311027341,50000,0,0,375,15000
1787311027440,50000,0,0,375,15000
1787311027541,50000,0,0,375,15000
1787311027640,50000,0,0,375,15000
1787311027740,50000,0,0,375,15000
1787311027840,50000,0,0,375,15000
1787311027940,50000,0,0,375,15000
1787311028040,50000,0,0,375,15000
1787311028140,50000,0,0,375,15000
1787311028240,50000,0,0,375,15000
1787311028340,50000,0,0,375,15000
1787311028441,50000,0,0,375,15000
1787311028540,50000,0,0,375,15000
1787311028640,50000,0,0,375,15000
1787311028740,50000,0,0,375,15000
1787311028840,50000,0,0,375,15000
1787311028940,50000,0,0,375,15000
1787311029040,50000,0,0,375,15000
1787311029141,50000,0,0,375,15000
1787311029240,50000,0,0,375,15000
1787311029340,50000,0,0,375,15000
1787311029441,50000,0,0,375,15000
1787311029540,50000,0,0,375,15000
1787311029640,50000,0,0,375,15000
1787311029740,50000,0,0,375,15000
1787311029840,50000,0,0,375,15000
1787311029940,50000,0,0,375,15000
1787311030040,50000,0,0,375,15000
1787311030140,50000,0,0,375,15000
1787311030241,50000,0,0,375,15000
1787311030340,50000,0,0,375,15000
1787311030440,50000,0,0,375,15000
1787311030540,50000,0,0,375,15000
1787311030640,50000,0,0,375,15000
1787311030740,50000,0,0,375,15000
1787311030840,50000,0,0,375,15000
1787311030940,50000,0,0,375,15000
1787311031040,50000,0,0,375,15000
1787311031140,50000,0,0,375,15000
1787311031240,50000,0,0,375,15000
1787311031340,50000,0,0,375,15000
1787311031440,50000,0,0,375,15000
1787311031540,50000,0,0,375,15000
1787311031640,50000,0,0,375,15000
1787311031740,50000,0,0,375,15000
1787311031840,50000,0,0,375,15000
1787311031941,50000,0,0,375,15000
1787311032040,50000,0,0,375,15000
1787311032140,50000,0,0,375,15000
1787311032241,50000,0,0,375,15000
1787311032340,50000,0,0,375,15000
1787311032441,50000,0,0,375,15000
1787311032540,50000,0,0,375,15000
1787311032640,50000,0,0,375,15000
1787311032740,50000,0,0,375,15000
1787311032840,50000,0,0,375,15000
1787311032940,50000,0,0,375,15000
1787311033040,50000,0,0,375,15000
1787311033140,50000,0,0,375,15000
1787311033240,50000,0,0,375,15000
1787311033340,50000,0,0,375,15000
1787311033441,50000,0,0,375,15000
1787311033540,50000,0,0,375,15000
1787311033640,50000,0,0,375,15000
1787311033740,50000,0,0,375,15000
1787311033840,50000,0,0,375,15000
1787311033940,50000,0,0,375,15000
1787311034040,50000,0,0,375,15000
1787311034140,50000,0,0,375,15000
1787311034240,50000,0,0,375,15000
1787311034340,50000,0,0,375,15000
1787311034440,50000,0,0,375,15000
1787311034540,50000,0,0,375,15000
1787311034640,50000,0,0,375,15000
1787311034740,50000,0,0,375,15000
1787311034841,50000,0,0,375,15000
1787311034941,50000,0,0,375,15000
1787311035040,50000,0,0,375,15000
1787311035140,50000,0,0,375,15000
1787311035240,50000,0,0,375,15000
1787311035340,50000,0,0,375,15000
1787311035440,50000,0,0,375,15000
1787311035540,50000,0,0,375,15000
1787311035641,50000,0,0,375,15000
1787311035741,50000,0,0,375,15000
1787311035840,50000,0,0,375,15000
1787311035940,50000,0,0,375,15000
1787311036040,50000,0,0,375,15000
1787311036140,50000,0,0,375,15000
1787311036240,50000,0,0,375,15000
1787311036340,50000,0,0,375,15000
1787311036440,50000,0,0,375,15000
1787311036540,50000,0,0,375,15000
1787311036640,50000,0,0,375,15000
1787311036741,50000,0,0,375,15000
1787311036840,50000,0,0,375,15000
1787311036941,50000,0,0,375,15000
1787311037040,50000,0,0,375,15000
1787311037140,50000,0,0,375,15000
1787311037241,50000,0,0,375,15000
1787311037340,50000,0,0,375,15000
1787311037440,50000,0,0,375,15000
1787311037540,50000,0,0,375,15000
1787311037640,50000,0,0,375,15000
1787311037740,50000,0,0,375,15000
1787311037840,50000,0,0,375,15000
1787311037940,50000,0,0,375,15000
1787311038040,50000,0,0,375,15000
1787311038140,50000,0,0,375,15000
1787311038241,50000,0,0,375,15000
1787311038340,50000,0,0,375,15000
1787311038440,50000,0,0,375,15000
1787311038540,50000,0,0,375,15000
1787311038640,50000,0,0,375,15000
1787311038740,50000,0,0,375,15000
1787311038840,50000,0,0,375,15000
1787311038941,50000,0,0,375,15000
1787311039040,50000,0,0,375,15000
1787311039140,50000,0,0,375,15000
1787311039240,50000,0,0,375,15000
1787311039340,50000,0,0,375,15000
1787311039441,50000,0,0,375,15000
1787311039540,50000,0,0,375,15000
1787311039641,50000,0,0,375,15000
1787311039740,50000,0,0,375,15000
1787311039840,50000,0,0,375,15000
1787311039940,50000,0,0,375,15000
1787311040040,50000,0,0,375,15000
1787311040140,50000,0,0,375,15000
1787311040241,50000,0,0,375,15000
1787311040340,50000,0,0,375,15000
1787311040440,50000,0,0,375,15000
1787311040540,50000,0,0,375,15000
1787311040640,50000,0,0,375,15000
1787311040740,50000,0,0,375,15000
1787311040841,50000,0,0,375,15000
1787311040940,50000,0,0,375,15000
1787311041040,50000,0,0,375,15000
1787311041140,50000,0,0,375,15000
1787311041240,50000,0,0,375,15000
1787311041340,50000,0,0,375,15000
1787311041440,50000,0,0,375,15000
1787311041541,50000,0,0,375,15000
1787311041641,50000,0,0,375,15000
1787311041740,50000,0,0,375,15000
1787311041840,50000,0,0,375,15000
1787311041940,50000,0,0,375,15000
1787311042040,50000,0,0,375,15000
1787311042140,50000,0,0,375,15000
1787311042240,50000,0,0,375,15000
1787311042340,50000,0,0,375,15000
1787311042440,50000,0,0,375,15000
1787311042540,50000,0,0,375,15000
1787311042640,50000,0,0,375,15000
1787311042740,50000,0,0,375,15000
1787311042840,50000,0,0,375,15000
1787311042940,50000,0,0,375,15000
1787311043040,50000,0,0,375,15000
1787311043140,50000,0,0,375,15000
1787311043241,50000,0,0,375,15000
1787311043341,50000,0,0,375,15000
1787311043440,50000,0,0,375,15000
1787311043540,50000,0,0,375,15000
1787311043641,50000,0,0,375,15000
1787311043740,50000,0,0,375,15000
1787311043840,50000,0,0,375,15000
1787311043940,50000,0,0,375,15000
1787311044040,50000,0,0,375,15000
1787311044140,50000,0,0,375,15000
1787311044241,50000,0,0,375,15000
1787311044340,50000,0,0,375,15000
1787311044440,50000,0,0,375,15000
1787311044540,50000,0,0,375,15000
1787311044640,50000,0,0,375,15000
1787311044740,50000,0,0,375,15000
1787311044840,50000,0,0,375,15000
1787311044940,50000,0,0,375,15000
1787311045040,50000,0,0,375,15000
1787311045140,50000,0,0,375,15000
1787311045240,50000,0,0,375,15000
1787311045340,50000,0,0,375,15000
1787311045440,50000,0,0,375,15000
1787311045540,50000,0,0,375,15000
1787311045641,50000,0,0,375,15000
1787311045741,50000,0,0,375,15000
1787311045840,50000,0,0,375,15000
1787311045940,50000,0,0,375,15000
1787311046040,50000,0,0,375,15000
1787311046140,50000,0,0,375,15000
1787311046240,50000,0,0,375,15000
1787311046340,50000,0,0,375,15000
1787311046440,50000,0,0,375,15000
1787311046540,50000,0,0,375,15000
1787311046641,50000,0,0,375,15000
1787311046740,50000,0,0,375,15000
1787311046841,50000,0,0,375,15000
1787311046940,49920,5526,0,375,15000
1787311047041,49920,5526,0,375,15000
1787311047140,49920,5526,0,375,15000
1787311047240,49920,5526,0,375,15000
1787311047340,49920,5526,0,375,15000
1787311047441,49920,5526,0,375,15000
1787311047540,49920,5526,0,375,15000
1787311047640,49920,5526,0,375,15000
1787311047741,49920,5526,5000,375,15000
1787311047840,49920,5526,5000,375,15000
1787311047940,49920,5526,5000,375,15000
1787311048040,49920,5526,5000,375,15000
1787311048140,49920,5526,5000,375,15000
1787311048240,49920,5526,5000,375,15000
1787311048340,49920,5526,5400,375,15000
1787311048440,49920,5526,5400,375,15000
1787311048540,49920,5526,5400,375,15000
1787311048640,49920,5526,5400,375,15000
1787311048740,49920,5526,5400,375,15000
1787311048840,49920,5526,5400,375,15000
1787311048940,49920,5526,5400,375,15000
1787311049040,49920,5526,5400,375,15000
1787311049140,49920,5526,5400,375,15000
1787311049240,49920,5526,5400,375,15000
1787311049341,49920,5526,5400,375,15000
1787311049440,49920,5526,5400,375,15000
1787311049540,49920,5526,5400,375,15000
1787311049640,49920,5526,5400,375,15000
1787311049740,49920,5526,5400,375,15000
1787311049840,49920,5526,5400,375,15000
1787311049940,49920,5526,5400,375,15000
1787311050040,49920,5526,5400,375,15000
1787311050140,49920,5526,5400,375,15000
1787311050240,49920,5526,5400,375,15000
1787311050340,49920,5526,5400,375,15000
1787311050441,49920,5526,5400,375,15000
1787311050540,49920,5526,5500,375,15000
1787311050640,49920,5526,5500,375,15000
1787311050741,49920,5526,5500,375,15000
1787311050840,49920,5526,5500,375,15000
1787311050940,49920,5526,5500,375,15000
1787311051040,49920,5526,5500,375,15000
1787311051140,49920,5526,5500,375,15000
1787311051240,49920,5526,5400,375,15000
1787311051340,49920,5526,5400,375,15000
1787311051440,49920,5526,5400,375,15000
1787311051540,49920,5526,5400,375,15000
1787311051640,49920,5526,5400,375,15000
1787311051740,49920,5526,5400,375,15000
1787311051840,49920,5526,5400,375,15000
1787311051940,49920,5526,5400,375,15000
1787311052040,49920,5526,5400,375,15000
1787311052140,49920,5526,5400,375,15000
1787311052240,49920,5526,5400,375,15000
1787311052341,49920,5526,5400,375,15000
1787311052441,49920,5526,5400,375,15000
1787311052540,49920,5526,5400,375,15000
1787311052640,49920,5526,5400,375,15000
1787311052741,49920,5526,5400,375,15000
1787311052840,49920,5526,5400,375,15000
1787311052940,49920,5526,5400,375,15000
1787311053040,49920,5526,5400,375,15000
1787311053140,49920,5526,5400,375,15000
1787311053240,49920,5526,5400,375,15000
1787311053340,49920,5526,5400,375,15000
1787311053440,49920,5526,5400,375,15000
1787311053541,49920,5526,5400,375,15000
1787311053641,49920,5526,5400,375,15000
1787311053740,49920,5526,5400,375,15000
1787311053841,49920,5526,5400,375,15000
1787311053941,49920,5526,5400,375,15000
1787311054040,49920,5526,5400,375,15000
1787311054140,49920,5526,5400,375,15000
1787311054240,49920,5526,5400,375,15000
1787311054340,49920,5526,5400,375,15000
1787311054440,49920,5526,5400,375,15000
1787311054541,49920,5526,5400,375,15000
1787311054640,49920,5526,5400,375,15000
1787311054741,49920,5526,5400,375,15000
1787311054841,49920,5526,5400,375,15000
1787311054940,49920,5526,5400,375,15000
1787311055040,49920,5526,5400,375,15000
1787311055140,49920,5526,5400,375,15000
1787311055240,49920,5526,5400,375,15000
1787311055340,49920,5526,5400,375,15000
1787311055440,49920,5526,5400,375,15000
1787311055540,49920,5526,5400,375,15000
1787311055641,49920,5526,5400,375,15000
1787311055741,49920,5526,5400,375,15000
1787311055840,49920,5526,5400,375,15000
1787311055940,49920,5526,5400,375,15000
1787311056040,49920,5526,5400,375,15000
1787311056140,49920,5526,5400,375,15000
1787311056240,49920,5526,5400,375,15000
1787311056340,49920,5526,5400,375,15000
1787311056441,49920,5526,5400,375,15000
1787311056540,49920,5526,5400,375,15000
1787311056640,49920,5526,5400,375,15000
1787311056740,49920,5526,5400,375,15000
1787311056840,49920,5526,5400,375,15000
1787311056940,49920,5526,5400,375,15000
1787311057040,49920,5526,5400,375,15000
1787311057140,49920,5526,5400,375,15000
1787311057241,49920,5526,5400,375,15000
1787311057340,49920,5526,5400,375,15000
1787311057440,49920,5526,5400,375,15000
1787311057540,49920,5526,5400,375,15000
1787311057640,49920,5526,5400,375,15000
1787311057740,49920,5526,5400,375,15000
1787311057840,49920,5526,5400,375,15000
1787311057940,49920,5526,5400,375,15000
1787311058040,49920,5526,5400,375,15000
1787311058140,49920,5526,5400,375,15000
1787311058240,49920,5526,5400,375,15000
1787311058340,49920,5526,5400,375,15000
1787311058440,49920,5526,5400,375,15000
1787311058541,49920,5526,5500,375,15000
1787311058641,49920,5526,5500,375,15000
1787311058740,49920,5526,5500,375,15000
1787311058841,49920,5526,5500,375,15000
1787311058941,49920,5526,5500,375,15000
1787311059041,49920,5526,5500,375,15000
1787311059140,49920,5526,5400,375,15000
1787311059240,49920,5526,5400,375,15000
1787311059340,49920,5526,5400,375,15000
1787311059440,49920,5526,5400,375,15000
1787311059541,49920,5526,5400,375,15000
1787311059640,49920,5526,5500,375,15000
1787311059740,49920,5526,5500,375,15000
1787311059840,49920,5526,5500,375,15000
1787311059940,49920,5526,5500,375,15000
1787311060040,49920,5526,5500,375,15000
1787311060141,49920,5526,5500,375,15000
1787311060240,49920,5526,5400,375,15000
1787311060340,49920,5526,5400,375,15000
1787311060440,49920,5526,5400,375,15000
1787311060540,49920,5526,5400,375,15000
1787311060640,49920,5526,5400,375,15000
1787311060740,49920,5526,5400,375,15000
1787311060840,49920,5526,5500,375,15000
1787311060940,49920,5526,5500,375,15000
1787311061040,49920,5526,5500,375,15000
1787311061141,49920,5526,5500,375,15000
1787311061240,49920,5526,5500,375,15000
1787311061340,49920,5526,5500,375,15000
1787311061441,49920,5526,5500,375,15000
1787311061540,49920,5526,5400,375,15000
1787311061641,49920,5526,5400,375,15000
1787311061740,49920,5526,5400,375,15000
1787311061840,49920,5526,5400,375,15000
1787311061940,49920,5526,5400,375,15000
1787311062040,49920,5526,5400,375,15000
1787311062140,49920,5526,5400,375,15000
1787311062240,49920,5526,5400,375,15000
1787311062340,49920,5526,5400,375,15000
1787311062440,49920,5526,5400,375,15000
1787311062540,49920,5526,5400,375,15000
1787311062640,49920,5526,5400,375,15000
1787311062740,49920,5526,5400,375,15000
1787311062840,49920,5526,5400,375,15000
1787311062941,49920,5526,5400,375,15000
1787311063040,49920,5526,5400,375,15000
1787311063141,49920,5526,5400,375,15000
1787311063241,49920,5526,5400,375,15000
1787311063340,49920,5526,5500,375,15000
1787311063441,49920,5526,5500,375,15000
1787311063540,49920,5526,5500,375,15000
1787311063641,49920,5526,5500,375,15000
1787311063740,49920,5526,5500,375,15000
1787311063840,49920,5526,5500,375,15000
1787311063940,49920,5526,5500,375,15000
1787311064040,49920,5526,5400,375,15000
1787311064140,49920,5526,5400,375,15000
1787311064240,49920,5526,5400,375,15000
1787311064341,49920,5526,5400,375,15000
1787311064440,49920,5526,5400,375,15000
1787311064540,49920,5526,5400,375,15000
1787311064641,49920,5526,5400,375,15000
1787311064741,49920,5526,5400,375,15000
1787311064840,49920,5526,5400,375,15000
1787311064940,49920,5526,5400,375,15000
1787311065041,49920,5526,5400,375,15000
1787311065140,49920,5526,5400,375,15000
1787311065240,49920,5526,5400,375,15000
1787311065340,49920,5526,5400,375,15000
1787311065440,49920,5526,5400,375,15000
1787311065540,49920,5526,5400,375,15000
1787311065640,49920,5526,5400,375,15000
1787311065741,49920,5526,5400,375,15000
1787311065841,49920,5526,5400,375,15000
1787311065941,49920,5526,5400,375,15000
1787311066041,49920,5526,5400,375,15000
1787311066140,49920,5526,5400,375,15000
1787311066241,49920,5526,5400,375,15000
1787311066340,49920,5526,5400,375,15000
1787311066441,49920,5526,5400,375,15000
1787311066541,49920,5526,5400,375,15000
1787311066640,49920,5526,5400,375,15000
1787311066741,49920,5526,5400,375,15000
1787311066841,49920,5526,5400,375,15000
1787311066940,49920,5526,5400,375,15000
1787311067040,49920,5526,5400,375,15000
1787311067141,49920,5526,5400,375,15000
1787311067240,49920,5526,5400,375,15000
1787311067341,49920,5526,5400,375,15000
1787311067440,49920,5526,5400,375,15000
1787311067540,49920,5526,5500,375,15000
1787311067640,49920,5526,5500,375,15000
1787311067740,49920,5526,5500,375,15000
1787311067840,49920,5526,5500,375,15000
1787311067940,49920,5526,5500,375,15000
1787311068041,49920,5526,5500,375,15000
1787311068140,49920,5526,5500,375,15000
1787311068240,49920,5526,5500,375,15000
1787311068340,49920,5526,5500,375,15000
1787311068441,49920,5526,5500,375,15000
1787311068540,49920,5526,5500,375,15000
1787311068640,49920,5526,5500,375,15000
1787311068740,49920,5526,5400,375,15000
1787311068840,49920,5526,5400,375,15000
1787311068940,49920,5526,5400,375,15000
1787311069041,49920,5526,5400,375,15000
1787311069141,49920,5526,5400,375,15000
1787311069240,49920,5526,5400,375,15000
1787311069340,49920,5526,5400,375,15000
1787311069441,49920,5526,5400,375,15000
1787311069540,49920,5526,5400,375,15000
1787311069641,49920,5526,5400,375,15000
1787311069740,49920,5526,5400,375,15000
1787311069840,49920,5526,5400,375,15000
1787311069940,49920,5526,5400,375,15000
1787311070040,49920,5526,5500,375,15000
1787311070140,49920,5526,5500,375,15000
1787311070240,49920,5526,5500,375,15000
1787311070340,49920,5526,5500,375,15000
1787311070440,49920,5526,5500,375,15000
1787311070540,49920,5526,5500,375,15000
1787311070640,49920,5526,5400,375,15000
1787311070740,49920,5526,5400,375,15000
1787311070840,49920,5526,5400,375,15000
1787311070940,49920,5526,5400,375,15000
1787311071040,49920,5526,5400,375,15000
1787311071140,49920,5526,5400,375,15000
1787311071240,49920,5526,5400,375,15000
1787311071340,49920,5526,5400,375,15000
1787311071440,49920,5526,5400,375,15000
1787311071540,49920,5526,5400,375,15000
1787311071640,49920,5526,5400,375,15000
1787311071740,49920,5526,5500,375,15000
1787311071840,49920,5526,5500,375,15000
1787311071941,49920,5526,5500,375,15000
1787311072040,49920,5526,5500,375,15000
1787311072140,49920,5526,5500,375,15000
1787311072240,49920,5526,5500,375,15000
1787311072340,49920,5526,5400,375,15000
1787311072440,49920,5526,5400,375,15000
1787311072540,49920,5526,5400,375,15000
1787311072640,49920,5526,5400,375,15000
1787311072740,49920,5526,5400,375,15000
1787311072840,49920,5526,5400,375,15000
1787311072940,49920,5526,5400,375,15000
1787311073040,49920,5526,5400,375,15000
1787311073140,49920,5526,5400,375,15000
1787311073241,49920,5526,5400,375,15000
1787311073340,49920,5526,5400,375,15000
1787311073440,49920,5526,5400,375,15000
1787311073540,49920,5526,5400,375,15000
1787311073640,49920,5526,5400,375,15000
1787311073741,49920,5526,5400,375,15000
1787311073840,49920,5526,5400,375,15000
1787311073940,49920,5526,5400,375,15000
1787311074040,49920,5526,5400,375,15000
1787311074140,49920,5526,5400,375,15000
1787311074240,49920,5526,5400,375,15000
1787311074340,49920,5526,5400,375,15000
1787311074441,49920,5526,5400,375,15000
1787311074540,49920,5526,5400,375,15000
1787311074640,49920,5526,5400,375,15000
1787311074740,49920,5526,5400,375,15000
1787311074840,49920,5526,5400,375,15000
1787311074941,49920,5526,5400,375,15000
1787311075040,49920,5526,5400,375,15000
1787311075140,49920,5526,5400,375,15000
1787311075240,49920,5526,5400,375,15000
1787311075340,49920,5526,5400,375,15000
1787311075440,49920,5526,5500,375,15000
1787311075540,49920,5526,5500,375,15000
1787311075640,49920,5526,5500,375,15000
1787311075740,49920,5526,5500,375,15000
1787311075840,49920,5526,5500,375,15000
1787311075941,49920,5526,5500,375,15000
1787311076040,49920,5526,5500,375,15000
1787311076140,49920,5526,5500,375,15000
1787311076240,49920,5526,5500,375,15000
1787311076341,49920,5526,5500,375,15000
1787311076441,49920,5526,5500,375,15000
1787311076541,49920,5526,5500,375,15000
1787311076640,49920,5526,5500,375,15000
1787311076740,49920,5526,5500,375,15000
1787311076840,49920,5526,5500,375,15000
1787311076940,49920,5526,5500,375,15000
1787311077040,49920,5526,5500,375,15000
1787311077140,49920,5526,5500,375,15000
1787311077240,49920,5526,5500,375,15000
1787311077340,49920,5526,5500,375,15000
1787311077441,49920,5526,5500,375,15000
1787311077541,49920,5526,5500,375,15000
1787311077640,49920,5526,5500,375,15000
1787311077740,49920,5526,5400,375,15000
1787311077840,49920,5526,5400,375,15000
1787311077941,49920,5526,5400,375,15000
1787311078040,49920,5526,5400,375,15000
1787311078141,49920,5526,5400,375,15000
1787311078240,49920,5526,5400,375,15000
1787311078340,49920,5526,5400,375,15000
1787311078440,49920,5526,5400,375,15000
1787311078540,49920,5526,5400,375,15000
1787311078640,49920,5526,5400,375,15000
1787311078741,49920,5526,5400,375,15000
1787311078841,49920,5526,5400,375,15000
1787311078940,49920,5526,5400,375,15000
1787311079040,49920,5526,5400,375,15000
1787311079140,49920,5526,5400,375,15000
1787311079240,49920,5526,5400,375,15000
1787311079340,49920,5526,5400,375,15000
1787311079441,49920,5526,5400,375,15000
1787311079540,49920,5526,5400,375,15000
1787311079640,49920,5526,5400,375,15000
1787311079740,49920,5526,5400,375,15000
1787311079841,49920,5526,5400,375,15000
1787311079941,49920,5526,5400,375,15000
1787311080040,49920,5526,5400,375,15000
1787311080141,49920,5526,5400,375,15000
1787311080240,49920,5526,5400,375,15000
1787311080340,49920,5526,5400,375,15000
1787311080440,49920,5526,5400,375,15000
1787311080540,49920,5526,5400,375,15000
1787311080640,49920,5526,5400,375,15000
1787311080740,49920,5526,5400,375,15000
1787311080840,49920,5526,5400,375,15000
1787311080940,49920,5526,5400,375,15000
1787311081040,49920,5526,5400,375,15000
1787311081141,49920,5526,5400,375,15000
1787311081240,49920,5526,5400,375,15000
1787311081340,49920,5526,5400,375,15000
1787311081440,49920,5526,5400,375,15000
1787311081540,49920,5526,5400,375,15000
1787311081640,49920,5526,5400,375,15000
1787311081740,49920,5526,5400,375,15000
1787311081840,49920,5526,5400,375,15000
1787311081940,49920,5526,5400,375,15000
1787311082040,49920,5526,5400,375,15000
1787311082140,49920,5526,5500,375,15000
1787311082240,49920,5526,5500,375,15000
1787311082340,49920,5526,5500,375,15000
1787311082440,49920,5526,5500,375,15000
1787311082540,49920,5526,5500,375,15000
1787311082640,49920,5526,5500,375,15000
1787311082740,49920,5526,5400,375,15000
1787311082840,49920,5526,5400,375,15000
1787311082940,49920,5526,5400,375,15000
1787311083040,49920,5526,5400,375,15000
1787311083140,49920,5526,5400,375,15000
1787311083240,49920,5526,5400,375,15000
1787311083340,49920,5526,5400,375,15000
1787311083440,49920,5526,5400,375,15000
1787311083540,49920,5526,5400,375,15000
1787311083640,49920,5526,5400,375,15000
1787311083740,49920,5526,5400,375,15000
1787311083840,49920,5526,5400,375,15000
1787311083940,49920,5526,5400,375,15000
1787311084040,49920,5526,5400,375,15000
1787311084141,49920,5526,5400,375,15000
1787311084240,49920,5526,5400,375,15000
1787311084340,49920,5526,5400,375,15000
1787311084440,49920,5526,5300,375,15000
1787311084540,49920,5526,5300,375,15000
1787311084640,49920,5526,5300,375,15000
1787311084740,49920,5526,5300,375,15000
1787311084840,49920,5526,5300,375,15000
1787311084940,49920,5526,5300,375,15000
1787311085040,49920,5526,5400,375,15000
1787311085140,49920,5526,5400,375,15000
1787311085241,49920,5526,5400,375,15000
1787311085340,49920,5526,5400,375,15000
1787311085440,49920,5526,5400,375,15000
1787311085540,49920,5526,5400,375,15000
1787311085640,49920,5526,5400,375,15000
1787311085740,49920,5526,5400,375,15000
1787311085840,49920,5526,5400,375,15000
1787311085940,49920,5526,5400,375,15000
1787311086040,49920,5526,5400,375,15000
1787311086140,49920,5526,5400,375,15000
1787311086241,49920,5526,5400,375,15000
1787311086340,49920,5526,5400,375,15000
1787311086440,49920,5526,5400,375,15000
1787311086540,49920,5526,5400,375,15000
1787311086641,49920,5526,5400,375,15000
1787311086740,49920,5526,5400,375,15000
1787311086841,49920,5526,5400,375,15000
1787311086940,49920,5526,5400,375,15000
1787311087040,49920,5526,5400,375,15000
1787311087140,49920,5526,5400,375,15000
1787311087240,49920,5526,5400,375,15000
1787311087340,49920,5526,5400,375,15000
1787311087440,49920,5526,5400,375,15000
1787311087540,49920,5526,5400,375,15000
1787311087640,49920,5526,5400,375,15000
1787311087740,49920,5526,5400,375,15000
1787311087840,49920,5526,5400,375,15000
1787311087940,49920,5526,5400,375,15000
1787311088040,49920,5526,5400,375,15000
1787311088140,49920,5526,5400,375,15000
1787311088240,49920,5526,5500,375,15000
1787311088340,49920,5526,5500,375,15000
1787311088440,49920,5526,5500,375,15000
1787311088540,49920,5526,5500,375,15000
1787311088640,49920,5526,5500,375,15000
1787311088740,49920,5526,5500,375,15000
1787311088841,49920,5526,5400,375,15000
1787311088940,49920,5526,5400,375,15000
1787311089040,49920,5526,5400,375,15000
1787311089141,49920,5526,5400,375,15000
1787311089240,49920,5526,5500,375,15000
1787311089340,49920,5526,5500,375,15000
1787311089440,49920,5526,5500,375,15000
1787311089540,49920,5526,5500,375,15000
1787311089640,49920,5526,5500,375,15000
1787311089740,49920,5526,5500,375,15000
1787311089840,49920,5526,5500,375,15000
1787311089940,49920,5526,5500,375,15000
1787311090040,49920,5526,5500,375,15000
1787311090140,49920,5526,5500,375,15000
1787311090240,49920,5526,5500,375,15000
1787311090340,49920,5526,5500,375,15000
1787311090440,49920,5526,5500,375,15000
1787311090540,49920,5526,5500,375,15000
1787311090640,49920,5526,5500,375,15000
1787311090740,49920,5526,5500,375,15000
1787311090841,49920,5526,5500,375,15000
1787311090940,49920,5526,5500,375,15000
1787311091040,49920,5526,5500,375,15000
1787311091140,49920,5526,5400,375,15000
1787311091240,49920,5526,5400,375,15000
1787311091340,49920,5526,5400,375,15000
1787311091441,49920,5526,5400,375,15000
1787311091540,49920,5526,5400,375,15000
1787311091640,49920,5526,5400,375,15000
1787311091740,49920,5526,5500,375,15000
1787311091840,49920,5526,5500,375,15000
1787311091940,49920,5526,5500,375,15000
1787311092040,49920,5526,5500,375,15000
1787311092140,49920,5526,5500,375,15000
1787311092240,49920,5526,5500,375,15000
1787311092340,49920,5526,5400,375,15000
1787311092440,49920,5526,5400,375,15000
1787311092541,49920,5526,5400,375,15000
1787311092640,49920,5526,5400,375,15000
1787311092740,49920,5526,5400,375,15000
1787311092841,49920,5526,5400,375,15000
1787311092940,49920,5526,5400,375,15000
1787311093040,49920,5526,5400,375,15000
1787311093140,49920,5526,5400,375,15000
1787311093241,49920,5526,5400,375,15000
1787311093341,49920,5526,5400,375,15000
1787311093440,49920,5526,5400,375,15000
1787311093540,49920,5526,5400,375,15000
1787311093640,49920,5526,5500,375,15000
1787311093740,49920,5526,5500,375,15000
1787311093840,49920,5526,5500,375,15000
1787311093940,49920,5526,5500,375,15000
1787311094040,49920,5526,5500,375,15000
1787311094140,49920,5526,5500,375,15000
1787311094240,49920,5526,5400,375,15000
1787311094341,49920,5526,5400,375,15000
1787311094440,49920,5526,5400,375,15000
1787311094540,49920,5526,5400,375,15000
1787311094640,49920,5526,5500,375,15000
1787311094740,49920,5526,5500,375,15000
1787311094840,49920,5526,5500,375,15000
1787311094940,49920,5526,5500,375,15000
1787311095040,49920,5526,5500,375,15000
1787311095140,49920,5526,5500,375,15000
1787311095241,49920,5526,5500,375,15000
1787311095340,49920,5526,5400,375,15000
1787311095440,49920,5526,5400,375,15000
1787311095541,49920,5526,5400,375,15000
1787311095640,49920,5526,5400,375,15000
1787311095740,49920,5526,5400,375,15000
1787311095840,49920,5526,5400,375,15000
1787311095940,49920,5526,5400,375,15000
1787311096040,49920,5526,5400,375,15000
1787311096140,49920,5526,5400,375,15000
1787311096240,49920,5526,5400,375,15000
1787311096340,49920,5526,5400,375,15000
1787311096440,49920,5526,5400,375,15000
1787311096540,49920,5526,5400,375,15000
1787311096640,49920,5526,5400,375,15000
1787311096740,49920,5526,5400,375,15000
1787311096840,49920,5526,5400,375,15000
1787311096940,49920,5526,5400,375,15000
1787311097040,49920,5526,5400,375,15000
1787311097140,49920,5526,5400,375,15000
1787311097240,49920,5526,5400,375,15000
1787311097340,49920,5526,5400,375,15000
1787311097440,49920,5526,5400,375,15000
1787311097540,49920,5526,5400,375,15000
1787311097640,49920,5526,5400,375,15000
1787311097740,49920,5526,5400,375,15000
1787311097841,49920,5526,5400,375,15000
1787311097940,49920,5526,5400,375,15000
1787311098040,49920,5526,5400,375,15000
1787311098140,49920,5526,5400,375,15000
1787311098240,49920,5526,5400,375,15000
1787311098340,49920,5526,5400,375,15000
1787311098441,49920,5526,5400,375,15000
1787311098541,49920,5526,5400,375,15000
1787311098641,49920,5526,5400,375,15000
1787311098740,49920,5526,5400,375,15000
1787311098840,49920,5526,5400,375,15000
1787311098940,49920,5526,5400,375,15000
1787311099040,49920,5526,5400,375,15000
1787311099140,49920,5526,5400,375,15000
1787311099240,49920,5526,5400,375,15000
1787311099340,49920,5526,5400,375,15000
1787311099440,49920,5526,5400,375,15000
1787311099540,49920,5526,5400,375,15000
1787311099640,49920,5526,5400,375,15000
1787311099740,49920,5526,5400,375,15000
1787311099840,49920,5526,5400,375,15000
1787311099940,49920,5526,5400,375,15000
1787311100041,49920,5526,5400,375,15000
1787311100140,49920,5526,5400,375,15000
1787311100240,49920,5526,5500,375,15000
1787311100340,49920,5526,5500,375,15000
1787311100440,49920,5526,5500,375,15000
1787311100540,49920,5526,5500,375,15000
1787311100640,49920,5526,5500,375,15000
1787311100740,49920,5526,5400,375,15000
1787311100841,49920,5526,5400,375,15000
1787311100940,49920,5526,5400,375,15000
1787311101040,49920,5526,5400,375,15000
1787311101140,49920,5526,5400,375,15000
1787311101240,49920,5526,5400,375,15000
1787311101341,49920,5526,5400,375,15000
1787311101440,49920,5526,5500,375,15000
1787311101541,49920,5526,5500,375,15000
1787311101640,49920,5526,5500,375,15000
1787311101741,49920,5526,5500,375,15000
1787311101840,49920,5526,5500,375,15000
1787311101940,49920,5526,5500,375,15000
1787311102040,49920,5526,5400,375,15000
1787311102140,49920,5526,5400,375,15000
1787311102240,49920,5526,5400,375,15000
1787311102341,49920,5526,5400,375,15000
1787311102440,49920,5526,5400,375,15000
1787311102540,49920,5526,5400,375,15000
1787311102640,49920,5526,5400,375,15000
1787311102740,49920,5526,5400,375,15000
1787311102841,49920,5526,5400,375,15000
1787311102940,49920,5526,5400,375,15000
1787311103040,49920,5526,5400,375,15000
1787311103140,49920,5526,5400,375,15000
1787311103240,49920,5526,5400,375,15000
1787311103340,49920,5526,5400,375,15000
1787311103440,49920,5526,5400,375,15000
1787311103540,49920,5526,5400,375,15000
1787311103640,49920,5526,5400,375,15000
1787311103740,49920,5526,5400,375,15000
1787311103840,49920,5526,5400,375,15000
1787311103940,49920,5526,5400,375,15000
1787311104041,49920,5526,5400,375,15000
1787311104140,49920,5526,5400,375,15000
1787311104241,49920,5526,5400,375,15000
1787311104340,49920,5526,5400,375,15000
1787311104440,49920,5526,5400,375,15000
1787311104540,49920,5526,5400,375,15000
1787311104640,49920,5526,5400,375,15000
1787311104740,49920,5526,5400,375,15000
1787311104840,49920,5526,5400,375,15000
1787311104940,49920,5526,5400,375,15000
1787311105040,49920,5526,5400,375,15000
1787311105140,49920,5526,5400,375,15000
1787311105240,49920,5526,5400,375,15000
1787311105340,49920,5526,5400,375,15000
1787311105440,49920,5526,5400,375,15000
1787311105540,49920,5526,5400,375,15000
1787311105640,49920,5526,5400,375,15000
1787311105740,49920,5526,5400,375,15000
1787311105840,49920,5526,5400,375,15000
1787311105940,49920,5526,5400,375,15000
1787311106040,49920,5526,5400,375,15000
1787311106140,49920,5526,5400,375,15000
1787311106240,49920,5526,5400,375,15000
1787311106340,49920,5526,5400,375,15000
1787311106441,49920,5526,5400,375,15000
1787311106540,49920,5526,5400,375,15000
1787311106641,49920,5526,5400,375,15000
1787311106740,49920,5526,5400,375,15000
1787311106840,49920,5526,5400,375,15000
1787311106940,49920,5526,5400,375,15000
1787311107040,49920,5526,5400,375,15000
1787311107140,49920,5526,5400,375,15000
1787311107241,49920,5526,5400,375,15000
1787311107340,49920,5526,5400,375,15000
1787311107440,49920,5526,5400,375,15000
1787311107541,49920,5526,5400,375,15000
1787311107641,49920,5526,5400,375,15000
1787311107740,49920,5526,5400,375,15000
1787311107841,49920,5526,5400,375,15000
1787311107940,49920,5526,5400,375,15000
1787311108040,49920,5526,5400,375,15000
1787311108141,49920,5526,5500,375,15000
1787311108240,49920,5526,5500,375,15000
1787311108340,49920,5526,5500,375,15000
1787311108440,49920,5526,5500,375,15000
1787311108540,49920,5526,5400,375,15000
1787311108640,49920,5526,5400,375,15000
1787311108740,49920,5526,5400,375,15000
1787311108840,49920,5526,5400,375,15000
1787311108940,49920,5526,5400,375,15000
1787311109040,49920,5526,5400,375,15000
1787311109140,49920,5526,5400,375,15000
1787311109240,49920,5526,5500,375,15000
1787311109340,49920,5526,5500,375,15000
1787311109440,49920,5526,5500,375,15000
1787311109540,49920,5526,5500,375,15000
1787311109640,49920,5526,5500,375,15000
1787311109740,49920,5526,5500,375,15000
1787311109840,49920,5526,5400,375,15000
1787311109940,49920,5526,5400,375,15000
1787311110040,49920,5526,5400,375,15000
1787311110140,49920,5526,5400,375,15000
1787311110240,49920,5526,5400,375,15000
1787311110340,49920,5526,5400,375,15000
1787311110440,49920,5526,5400,375,15000
1787311110541,49920,5526,5400,375,15000
1787311110640,49920,5526,5400,375,15000
1787311110740,49920,5526,5400,375,15000
1787311110841,49920,5526,5400,375,15000
1787311110940,49920,5526,5400,375,15000
1787311111040,49920,5526,5400,375,15000
1787311111140,49920,5526,5400,375,15000
1787311111241,49920,5526,5400,375,15000
1787311111340,49920,5526,5400,375,15000
1787311111440,49920,5526,5400,375,15000
1787311111541,49920,5526,5400,375,15000
1787311111640,49920,5526,5400,375,15000
1787311111740,49920,5526,5400,375,15000
1787311111840,49920,5526,5400,375,15000
1787311111940,49920,5526,5400,375,15000
1787311112040,49920,5526,5400,375,15000
1787311112140,49920,5526,5400,375,15000
1787311112241,49920,5526,5400,375,15000
1787311112340,49920,5526,5400,375,15000
1787311112440,49920,5526,5400,375,15000
1787311112541,49920,5526,5400,375,15000
1787311112640,49920,5526,5400,375,15000
1787311112740,49920,5526,5400,375,15000
1787311112841,49920,5526,5400,375,15000
1787311112940,49920,5526,5400,375,15000
1787311113040,49920,5526,5400,375,15000
1787311113140,49920,5526,5400,375,15000
1787311113240,49920,5526,5400,375,15000
1787311113340,49920,5526,5500,375,15000
1787311113440,49920,5526,5500,375,15000
1787311113540,49920,5526,5500,375,15000
1787311113641,49920,5526,5500,375,15000
1787311113740,49920,5526,5500,375,15000
1787311113840,49920,5526,5500,375,15000
1787311113940,49920,5526,5500,375,15000
1787311114040,49920,5526,5400,375,15000
1787311114140,49920,5526,5400,375,15000
1787311114241,49920,5526,5400,375,15000
1787311114341,49920,5526,5400,375,15000
1787311114441,49920,5526,5400,375,15000
1787311114540,49920,5526,5400,375,15000
1787311114640,49920,5526,5400,375,15000
1787311114740,49920,5526,5400,375,15000
1787311114840,49920,5526,5400,375,15000
1787311114940,49920,5526,5400,375,15000
1787311115040,49920,5526,5400,375,15000
1787311115141,49920,5526,5400,375,15000
1787311115240,49920,5526,5500,375,15000
1787311115340,49920,5526,5500,375,15000
1787311115440,49920,5526,5500,375,15000
1787311115540,49920,5526,5500,375,15000
1787311115640,49920,5526,5500,375,15000
1787311115740,49920,5526,5500,375,15000
1787311115840,49920,5526,5400,375,15000
1787311115940,49920,5526,5400,375,15000
1787311116041,49920,5526,5400,375,15000
1787311116141,49920,5526,5400,375,15000
1787311116240,49920,5526,5400,375,15000
1787311116340,49920,5526,5400,375,15000
1787311116440,49920,5526,5400,375,15000
1787311116540,49920,5526,5500,375,15000
1787311116641,49920,5526,5500,375,15000
1787311116740,49920,5526,5500,375,15000
1787311116840,49920,5526,5500,375,15000
1787311116940,49920,5526,5500,375,15000
1787311117040,49920,5526,5500,375,15000
1787311117140,49920,5526,5500,375,15000
1787311117240,49920,5526,5500,375,15000
1787311117340,49920,5526,5500,375,15000
1787311117441,49920,5526,5500,375,15000
1787311117540,49920,5526,5500,375,15000
1787311117640,49920,5526,5500,375,15000
1787311117740,49920,5526,5400,375,15000
1787311117840,49920,5526,5400,375,15000
1787311117941,49920,5526,5400,375,15000
1787311118040,49920,5526,5400,375,15000
1787311118140,49920,5526,5400,375,15000
1787311118240,49920,5526,5400,375,15000
1787311118340,49920,5526,5400,375,15000
1787311118440,49920,5526,5400,375,15000
1787311118540,49920,5526,5400,375,15000
1787311118640,49920,5526,5400,375,15000
1787311118740,49920,5526,5400,375,15000
1787311118840,49920,5526,5400,375,15000
1787311118940,49920,5526,5400,375,15000
1787311119040,49920,5526,5400,375,15000
1787311119141,49920,5526,5400,375,15000
1787311119240,49920,5526,5400,375,15000
1787311119340,49920,5526,5400,375,15000
1787311119441,49920,5526,5400,375,15000
1787311119540,49920,5526,5400,375,15000
1787311119640,49920,5526,5400,375,15000
1787311119740,49920,5526,5400,375,15000
1787311119840,49920,5526,5400,375,15000
1787311119940,49920,5526,5400,375,15000
1787311120040,49920,5526,5500,375,15000
1787311120140,49920,5526,5500,375,15000
1787311120240,49920,5526,5500,375,15000
1787311120340,49920,5526,5500,375,15000
1787311120440,49920,5526,5500,375,15000
1787311120540,49920,5526,5500,375,15000
1787311120640,49920,5526,5500,375,15000
1787311120740,49920,5526,5400,375,15000
1787311120840,49920,5526,5400,375,15000
1787311120940,49920,5526,5400,375,15000
1787311121040,49920,5526,5400,375,15000
1787311121140,49920,5526,5400,375,15000
1787311121240,49920,5526,5400,375,15000
1787311121340,49920,5526,5400,375,15000
1787311121440,49920,5526,5400,375,15000
1787311121540,49920,5526,5400,375,15000
1787311121640,49920,5526,5400,375,15000
1787311121740,49920,5526,5400,375,15000
1787311121840,49920,5526,5400,375,15000
1787311121940,49920,5526,5400,375,15000
1787311122041,49920,5526,5400,375,15000
1787311122141,49920,5526,5400,375,15000
1787311122240,49920,5526,5400,375,15000
1787311122340,49920,5526,5400,375,15000
1787311122441,49920,5526,5400,375,15000
1787311122540,49920,5526,5400,375,15000
1787311122640,49920,5526,5400,375,15000
1787311122740,49920,5526,5400,375,15000
1787311122840,49920,5526,5400,375,15000
1787311122940,49920,5526,5400,375,15000
1787311123040,49920,5526,5400,375,15000
1787311123140,49920,5526,5400,375,15000
1787311123240,49920,5526,5400,375,15000
1787311123340,49920,5526,5400,375,15000
1787311123440,49920,5526,5400,375,15000
1787311123540,49920,5526,5400,375,15000
1787311123640,49920,5526,5400,375,15000
1787311123740,49920,5526,5400,375,15000
1787311123840,49920,5526,5400,375,15000
1787311123940,49920,5526,5400,375,15000
1787311124040,49920,5526,5400,375,15000
1787311124141,49920,5526,5400,375,15000
1787311124240,49920,5526,5400,375,15000
1787311124341,49920,5526,5400,375,15000
1787311124441,49920,5526,5400,375,15000
1787311124540,49920,5526,5400,375,15000
1787311124640,49920,5526,5400,375,15000
1787311124740,49920,5526,5400,375,15000
1787311124840,49920,5526,5400,375,15000
1787311124940,49920,5526,5400,375,15000
1787311125041,49920,5526,5400,375,15000
1787311125140,49920,5526,5400,375,15000
1787311125240,49920,5526,5400,375,15000
1787311125340,49920,5526,5400,375,15000
1787311125440,49920,5526,5400,375,15000
1787311125540,49920,5526,5400,375,15000
1787311125640,49920,5526,5400,375,15000
1787311125741,49920,5526,5400,375,15000
1787311125840,49920,5526,5400,375,15000
1787311125940,49920,5526,5400,375,15000
1787311126040,49920,5526,5400,375,15000
1787311126140,49920,5526,5400,375,15000
1787311126240,49920,5526,5400,375,15000
1787311126340,49920,5526,5400,375,15000
1787311126440,49920,5526,5400,375,15000
1787311126540,49920,5526,5400,375,15000
1787311126640,49920,5526,5400,375,15000
1787311126741,49920,5526,5400,375,15000
1787311126840,49920,5526,5400,375,15000
1787311126940,49920,5526,5400,375,15000
1787311127040,49920,5526,5400,375,15000
1787311127140,49920,5526,5400,375,15000
1787311127241,49920,5526,5400,375,15000
1787311127341,49920,5526,5400,375,15000
1787311127440,49920,5526,5400,375,15000
1787311127540,49920,5526,5400,375,15000
1787311127640,49920,5526,5400,375,15000
1787311127741,49920,5526,5400,375,15000
1787311127840,49920,5526,5400,375,15000
1787311127940,49920,5526,5400,375,15000
1787311128040,49920,5526,5400,375,15000
1787311128140,49920,5526,5400,375,15000
1787311128240,49920,5526,5400,375,15000
1787311128340,49920,5526,5400,375,15000
1787311128440,49920,5526,5400,375,15000
1787311128540,49920,5526,5400,375,15000
1787311128641,49920,5526,5400,375,15000
1787311128740,49920,5526,5400,375,15000
1787311128840,49920,5526,5400,375,15000
1787311128940,49920,5526,5400,375,15000
1787311129040,49920,5526,5400,375,15000
1787311129140,49920,5526,5400,375,15000
1787311129241,49920,5526,5400,375,15000
1787311129340,49920,5526,5400,375,15000
1787311129440,49920,5526,5400,375,15000
1787311129540,49920,5526,5400,375,15000
1787311129640,49920,5526,5400,375,15000
1787311129740,49920,5526,5400,375,15000
1787311129840,49920,5526,5400,375,15000
1787311129940,49920,5526,5400,375,15000
1787311130040,49920,5526,5400,375,15000
1787311130140,49920,5526,5400,375,15000
1787311130240,49920,5526,5400,375,15000
1787311130340,49920,5526,5400,375,15000
1787311130441,49920,5526,5400,375,15000
1787311130540,49920,5526,5400,375,15000
1787311130640,49920,5526,5400,375,15000
1787311130740,49920,5526,5400,375,15000
1787311130840,49920,5526,5400,375,15000
1787311130940,49920,5526,5400,375,15000
1787311131040,49920,5526,5400,375,15000
1787311131140,49920,5526,5400,375,15000
1787311131240,49920,5526,5400,375,15000
1787311131341,49920,5526,5400,375,15000
1787311131440,49920,5526,5400,375,15000
1787311131540,49920,5526,5500,375,15000
1787311131641,49920,5526,5500,375,15000
1787311131741,49920,5526,5500,375,15000
1787311131840,49920,5526,5500,375,15000
1787311131940,49920,5526,5500,375,15000
1787311132040,49920,5526,5500,375,15000
1787311132140,49920,5526,5400,375,15000
1787311132240,49920,5526,5400,375,15000
1787311132340,49920,5526,5400,375,15000
1787311132440,49920,5526,5400,375,15000
1787311132540,49920,5526,5400,375,15000
1787311132640,49920,5526,5400,375,15000
1787311132740,49920,5526,5400,375,15000
1787311132840,49920,5526,5400,375,15000
1787311132940,49920,5526,5400,375,15000
1787311133040,49920,5526,5400,375,15000
1787311133140,49920,5526,5400,375,15000
1787311133240,49920,5526,5400,375,15000
1787311133340,49920,5526,5400,375,15000
1787311133440,49920,5526,5400,375,15000
1787311133540,49920,5526,5400,375,15000
1787311133640,49920,5526,5400,375,15000
1787311133740,49920,5526,5400,375,15000
1787311133840,49920,5526,5400,375,15000
1787311133940,49920,5526,5400,375,15000
1787311134040,49920,5526,5400,375,15000
1787311134141,49920,5526,5400,375,15000
1787311134240,49920,5526,5400,375,15000
1787311134340,49920,5526,5400,375,15000
1787311134440,49920,5526,5400,375,15000
1787311134540,49920,5526,5400,375,15000
1787311134640,49920,5526,5400,375,15000
1787311134741,49920,5526,5400,375,15000
1787311134840,49920,5526,5400,375,15000
1787311134941,49920,5526,5400,375,15000
1787311135040,49920,5526,5400,375,15000
1787311135140,49920,5526,5400,375,15000
1787311135241,49920,5526,5400,375,15000
1787311135340,49920,5526,5400,375,15000
1787311135440,49920,5526,5400,375,15000
1787311135540,49920,5526,5400,375,15000
1787311135640,49920,5526,5400,375,15000
1787311135740,49920,5526,5400,375,15000
1787311135840,49920,5526,5400,375,15000
1787311135941,49920,5526,5400,375,15000
1787311136041,49920,5526,5400,375,15000
1787311136140,49920,5526,5400,375,15000
1787311136240,49920,5526,5400,375,15000
1787311136340,49920,5526,5400,375,15000
1787311136440,49920,5526,5400,375,15000
1787311136540,49920,5526,5400,375,15000
1787311136640,49920,5526,5400,375,15000
1787311136740,49920,5526,5400,375,15000
1787311136840,49920,5526,5400,375,15000
1787311136940,49920,5526,5400,375,15000
1787311137041,49920,5526,5400,375,15000
1787311137140,49920,5526,5400,375,15000
1787311137240,49920,5526,5400,375,15000
1787311137340,49920,5526,5400,375,15000
1787311137440,49920,5526,5400,375,15000
1787311137540,49920,5526,5500,375,15000
1787311137640,49920,5526,5500,375,15000
1787311137740,49920,5526,5500,375,15000
1787311137840,49920,5526,5500,375,15000
1787311137940,49920,5526,5500,375,15000
1787311138040,49920,5526,5500,375,15000
1787311138140,49920,5526,5500,375,15000
1787311138240,49920,5526,5500,375,15000
1787311138340,49920,5526,5500,375,15000
1787311138440,49920,5526,5500,375,15000
1787311138540,49920,5526,5500,375,15000
1787311138640,49920,5526,5500,375,15000
1787311138740,49920,5526,5500,375,15000
1787311138840,49920,5526,5500,375,15000
1787311138940,49920,5526,5500,375,15000
1787311139040,49920,5526,5500,375,15000
1787311139140,49920,5526,5500,375,15000
1787311139240,49920,5526,5500,375,15000
1787311139340,49920,5526,5500,375,15000
1787311139440,49920,5526,5500,375,15000
1787311139540,49920,5526,5500,375,15000
1787311139640,49920,5526,5500,375,15000
1787311139740,49920,5526,5500,375,15000
1787311139840,49920,5526,5500,375,15000
1787311139940,49920,5526,5500,375,15000
1787311140040,49920,5526,5400,375,15000
1787311140140,49920,5526,5400,375,15000
1787311140240,49920,5526,5400,375,15000
1787311140340,49920,5526,5400,375,15000
1787311140441,49920,5526,5400,375,15000
1787311140540,49920,5526,5400,375,15000
1787311140640,49920,5526,5400,375,15000
1787311140740,49920,5526,5400,375,15000
1787311140840,49920,5526,5400,375,15000
1787311140940,49920,5526,5400,375,15000
1787311141040,49920,5526,5400,375,15000
1787311141140,49920,5526,5400,375,15000
1787311141240,49920,5526,5400,375,15000
1787311141341,49920,5526,5400,375,15000
1787311141440,49920,5526,5400,375,15000
1787311141541,49920,5526,5400,375,15000
1787311141640,49920,5526,5400,375,15000
1787311141741,49920,5526,5400,375,15000
1787311141840,49920,5526,5400,375,15000
1787311141940,49920,5526,5400,375,15000
1787311142040,49920,5526,5400,375,15000
1787311142140,49920,5526,5400,375,15000
1787311142241,49920,5526,5400,375,15000
1787311142341,49920,5526,5400,375,15000
1787311142440,49920,5526,5400,375,15000
1787311142540,49920,5526,5400,375,15000
1787311142640,49920,5526,5400,375,15000
1787311142741,49920,5526,5400,375,15000
1787311142840,49920,5526,5400,375,15000
1787311142941,49920,5526,5400,375,15000
1787311143040,49920,5526,5400,375,15000
1787311143140,49920,5526,5500,375,15000
1787311143240,49920,5526,5500,375,15000
1787311143340,49920,5526,5500,375,15000
1787311143440,49920,5526,5500,375,15000
1787311143540,49920,5526,5500,375,15000
1787311143640,49920,5526,5500,375,15000
1787311143740,49920,5526,5400,375,15000
1787311143840,49920,5526,5400,375,15000
1787311143940,49920,5526,5400,375,15000
1787311144040,49920,5526,5400,375,15000
1787311144140,49920,5526,5400,375,15000
1787311144240,49920,5526,5400,375,15000
1787311144340,49920,5526,5400,375,15000
1787311144440,49920,5526,5400,375,15000
1787311144540,49920,5526,5400,375,15000
1787311144640,49920,5526,5400,375,15000
1787311144741,49920,5526,5500,375,15000
1787311144840,49920,5526,5500,375,15000
1787311144940,49920,5526,5500,375,15000
1787311145041,49920,5526,5500,375,15000
1787311145140,49920,5526,5500,375,15000
1787311145240,49920,5526,5500,375,15000
1787311145340,49920,5526,5400,375,15000
1787311145440,49920,5526,5400,375,15000
1787311145540,49920,5526,5400,375,15000
1787311145640,49920,5526,5400,375,15000
1787311145741,49920,5526,5400,375,15000
1787311145840,49920,5526,5400,375,15000
1787311145940,49920,5526,5400,375,15000
1787311146040,49920,5526,5500,375,15000
1787311146140,49920,5526,5500,375,15000
1787311146240,49920,5526,5500,375,15000
1787311146340,49920,5526,5500,375,15000
1787311146440,49920,5526,5500,375,15000
1787311146540,49920,5526,5500,375,15000
1787311146640,49920,5526,5500,375,15000
1787311146740,49920,5526,5500,375,15000
1787311146840,49920,5526,5500,375,15000
1787311146940,49920,5526,5500,375,15000
1787311147040,49920,5526,5500,375,15000
1787311147140,49920,5526,5500,375,15000
1787311147240,49920,5526,5400,375,15000
1787311147340,49920,5526,5400,375,15000
1787311147440,49920,5526,5400,375,15000
1787311147540,49920,5526,5400,375,15000
1787311147640,49920,5526,5400,375,15000
1787311147740,49920,5526,5400,375,15000
1787311147840,49920,5526,5400,375,15000
1787311147940,49920,5526,5400,375,15000
1787311148040,49920,5526,5400,375,15000
1787311148140,49920,5526,5400,375,15000
1787311148240,49920,5526,5400,375,15000
1787311148340,49920,5526,5400,375,15000
1787311148440,49920,5526,5400,375,15000
1787311148540,49920,5526,5400,375,15000
1787311148640,49920,5526,5400,375,15000
1787311148741,49920,5526,5400,375,15000
1787311148840,49920,5526,5400,375,15000
1787311148940,49920,5526,5400,375,15000
1787311149041,49920,5526,5400,375,15000
1787311149140,49920,5526,5500,375,15000
1787311149241,49920,5526,5500,375,15000
1787311149340,49920,5526,5500,375,15000
1787311149440,49920,5526,5500,375,15000
1787311149540,49920,5526,5500,375,15000
1787311149640,49920,5526,5500,375,15000
1787311149740,49920,5526,5500,375,15000
1787311149840,49920,5526,5400,375,15000
1787311149941,49920,5526,5400,375,15000
1787311150040,49920,5526,5400,375,15000
1787311150140,49920,5526,5400,375,15000
1787311150240,49920,5526,5400,375,15000
1787311150340,49920,5526,5400,375,15000
1787311150440,49920,5526,5400,375,15000
1787311150540,49920,5526,5400,375,15000
1787311150640,49920,5526,5400,375,15000
1787311150740,49920,5526,5400,375,15000
1787311150841,49920,5526,5400,375,15000
1787311150940,49920,5526,5400,375,15000
1787311151040,49920,5526,5400,375,15000
1787311151140,49920,5526,5400,375,15000
1787311151241,49920,5526,5400,375,15000
1787311151340,49920,5526,5400,375,15000
1787311151441,49920,5526,5400,375,15000
1787311151540,49920,5526,5400,375,15000
1787311151640,49920,5526,5500,375,15000
1787311151741,49920,5526,5500,375,15000
1787311151840,49920,5526,5500,375,15000
1787311151940,49920,5526,5500,375,15000
1787311152040,49920,5526,5400,375,15000
1787311152141,49920,5526,5400,375,15000
1787311152240,49920,5526,5400,375,15000
1787311152340,49920,5526,5400,375,15000
1787311152440,49920,5526,5400,375,15000
1787311152540,49920,5526,5400,375,15000
1787311152641,49920,5526,5500,375,15000
1787311152740,49920,5526,5500,375,15000
1787311152840,49920,5526,5500,375,15000
1787311152940,49920,5526,5500,375,15000
1787311153040,49920,5526,5500,375,15000
1787311153140,49920,5526,5500,375,15000
1787311153240,49920,5526,5500,375,15000
1787311153340,49920,5526,5400,375,15000
1787311153441,49920,5526,5400,375,15000
1787311153540,49920,5526,5400,375,15000
1787311153640,49920,5526,5400,375,15000
1787311153740,49920,5526,5400,375,15000
1787311153840,49920,5526,5400,375,15000
1787311153940,49920,5526,5400,375,15000
1787311154040,49920,5526,5400,375,15000
1787311154140,49920,5526,5400,375,15000
1787311154240,49920,5526,5400,375,15000
1787311154340,49920,5526,5400,375,15000
1787311154441,49920,5526,5400,375,15000
1787311154540,49920,5526,5400,375,15000
1787311154641,49920,5526,5400,375,15000
1787311154740,49920,5526,5400,375,15000
1787311154840,49920,5526,5400,375,15000
1787311154940,49920,5526,5400,375,15000
1787311155040,49920,5526,5400,375,15000
1787311155140,49920,5526,5400,375,15000
1787311155240,49920,5526,5400,375,15000
1787311155341,49920,5526,5400,375,15000
1787311155440,49920,5526,5400,375,15000
1787311155540,49920,5526,5400,375,15000
1787311155640,49920,5526,5400,375,15000
1787311155740,49920,5526,5400,375,15000
1787311155840,49920,5526,5400,375,15000
1787311155940,49920,5526,5400,375,15000
1787311156040,49920,5526,5400,375,15000
1787311156140,49920,5526,5400,375,15000
1787311156240,49920,5526,5400,375,15000
1787311156340,49920,5526,5400,375,15000
1787311156440,49920,5526,5300,375,15000
1787311156540,49920,5526,5300,375,15000
1787311156640,49920,5526,5300,375,15000
1787311156740,49920,5526,5300,375,15000
1787311156840,49920,5526,5300,375,15000
1787311156940,49920,5526,5300,375,15000
1787311157040,49920,5526,5400,375,15000
1787311157141,49920,5526,5400,375,15000
1787311157240,49920,5526,5400,375,15000
1787311157340,49920,5526,5400,375,15000
1787311157441,49920,5526,5400,375,15000
1787311157540,49920,5526,5400,375,15000
1787311157640,49920,5526,5400,375,15000
1787311157740,49920,5526,5400,375,15000
1787311157840,49920,5526,5400,375,15000
1787311157940,49920,5526,5400,375,15000
1787311158040,49920,5526,5400,375,15000
1787311158140,49920,5526,5400,375,15000
1787311158240,49920,5526,5400,375,15000
1787311158340,49920,5526,5400,375,15000
1787311158441,49920,5526,5400,375,15000
1787311158540,49920,5526,5400,375,15000
1787311158640,49920,5526,5400,375,15000
1787311158741,49920,5526,5400,375,15000
1787311158840,49920,5526,5400,375,15000
1787311158941,49920,5526,5400,375,15000
1787311159041,49920,5526,5400,375,15000
1787311159140,49920,5526,5400,375,15000
1787311159241,49920,5526,5400,375,15000
1787311159340,49920,5526,5400,375,15000
1787311159441,49920,5526,5400,375,15000
1787311159540,49920,5526,5400,375,15000
1787311159641,49920,5526,5400,375,15000
1787311159740,49920,5526,5400,375,15000
1787311159840,49920,5526,5400,375,15000
1787311159940,49920,5526,5400,375,15000
1787311160040,49920,5526,5400,375,15000
1787311160140,49920,5526,5400,375,15000
1787311160240,49920,5526,5400,375,15000
1787311160340,49920,5526,5400,375,15000
1787311160441,49920,5526,5400,375,15000
1787311160540,49920,5526,5400,375,15000
1787311160640,49920,5526,5400,375,15000
1787311160740,49920,5526,5400,375,15000
1787311160840,49920,5526,5400,375,15000
1787311160940,49920,5526,5400,375,15000
1787311161040,49920,5526,5400,375,15000
1787311161140,49920,5526,5400,375,15000
1787311161240,49920,5526,5400,375,15000
1787311161341,49920,5526,5400,375,15000
1787311161441,49920,5526,5400,375,15000
1787311161540,49920,5526,5400,375,15000
1787311161640,49920,5526,5400,375,15000
1787311161740,49920,5526,5400,375,15000
1787311161840,49920,5526,5400,375,15000
1787311161940,49920,5526,5400,375,15000
1787311162040,49920,5526,5400,375,15000
1787311162140,49920,5526,5400,375,15000
1787311162241,49920,5526,5400,375,15000
1787311162340,49920,5526,5400,375,15000
1787311162441,49920,5526,5400,375,15000
1787311162540,49920,5526,5400,375,15000
1787311162640,49920,5526,5400,375,15000
1787311162740,49920,5526,5400,375,15000
1787311162840,49920,5526,5400,375,15000
1787311162940,49920,5526,5400,375,15000
1787311163040,49920,5526,5400,375,15000
1787311163140,49920,5526,5400,375,15000
1787311163240,49920,5526,5400,375,15000
1787311163340,49920,5526,5400,375,15000
1787311163440,49920,5526,5400,375,15000
1787311163540,49920,5526,5500,375,15000
1787311163640,49920,5526,5500,375,15000
1787311163741,49920,5526,5500,375,15000
1787311163840,49920,5526,5500,375,15000
1787311163940,49920,5526,5500,375,15000
1787311164041,49920,5526,5500,375,15000
1787311164140,49920,5526,5400,375,15000
1787311164240,49920,5526,5400,375,15000
1787311164340,49920,5526,5400,375,15000
1787311164440,49920,5526,5400,375,15000
1787311164540,49920,5526,5400,375,15000
1787311164640,49920,5526,5400,375,15000
1787311164740,49920,5526,5400,375,15000
1787311164840,49920,5526,5400,375,15000
1787311164941,49920,5526,5400,375,15000
1787311165040,49920,5526,5400,375,15000
1787311165140,49920,5526,5400,375,15000
1787311165240,49920,5526,5400,375,15000
1787311165340,49920,5526,5400,375,15000
1787311165440,49920,5526,5400,375,15000
1787311165540,49920,5526,5400,375,15000
1787311165641,49920,5526,5400,375,15000
1787311165740,49920,5526,5400,375,15000
1787311165840,49920,5526,5400,375,15000
1787311165940,49920,5526,5400,375,15000
1787311166041,49920,5526,5400,375,15000
1787311166140,49920,5526,5400,375,15000
1787311166240,49920,5526,5400,375,15000
1787311166340,49920,5526,5400,375,15000
1787311166441,49920,5526,5400,375,15000
1787311166540,49920,5526,5400,375,15000
1787311166640,49920,5526,5400,375,15000
1787311166740,49920,5526,5400,375,15000
1787311166840,49920,5526,5400,375,15000
1787311166940,50000,0,5400,375,15000
1787311167040,50000,0,5400,375,15000
1787311167141,50000,0,5400,375,15000
1787311167240,50000,0,5400,375,15000
1787311167340,50000,0,4100,375,15000
1787311167441,50000,0,4100,375,15000
1787311167541,50000,0,4100,375,15000
1787311167641,50000,0,4100,375,15000
1787311167740,50000,0,4100,375,15000
1787311167840,50000,0,4100,375,15000
1787311167940,50000,0,0,375,15000
1787311168040,50000,0,0,375,15000
1787311168140,50000,0,0,375,15000
1787311168240,50000,0,0,375,15000
1787311168340,50000,0,0,375,15000
1787311168440,50000,0,0,375,15000
1787311168540,50000,0,0,375,15000
1787311168641,50000,0,0,375,15000
1787311168740,50000,0,0,375,15000
1787311168841,50000,0,0,375,15000
1787311168940,50000,0,0,375,15000
1787311169040,50000,0,0,375,15000
1787311169140,50000,0,0,375,15000
1787311169240,50000,0,0,375,15000
1787311169340,50000,0,0,375,15000
1787311169441,50000,0,0,375,15000
1787311169540,50000,0,0,375,15000
1787311169640,50000,0,0,375,15000
1787311169741,50000,0,0,375,15000
1787311169840,50000,0,0,375,15000
1787311169940,50000,0,0,375,15000
1787311170040,50000,0,0,375,15000
1787311170140,50000,0,0,375,15000
1787311170240,50000,0,0,375,15000
1787311170341,50000,0,0,375,15000
1787311170441,50000,0,0,375,15000
1787311170541,50000,0,0,375,15000
1787311170640,50000,0,0,375,15000
1787311170740,50000,0,0,375,15000
1787311170840,50000,0,0,375,15000
1787311170940,50000,0,0,375,15000
1787311171040,50000,0,0,375,15000
1787311171140,50000,0,0,375,15000
1787311171240,50000,0,0,375,15000
1787311171341,50000,0,0,375,15000
1787311171440,50000,0,0,375,15000
1787311171540,50000,0,0,375,15000
1787311171641,50000,0,0,375,15000
1787311171740,50000,0,0,375,15000
1787311171840,50000,0,0,375,15000
1787311171940,50000,0,0,375,15000
1787311172040,50000,0,0,375,15000
1787311172140,50000,0,0,375,15000
1787311172240,50000,0,0,375,15000
1787311172340,50000,0,0,375,15000
1787311172440,50000,0,0,375,15000
1787311172541,50000,0,0,375,15000
1787311172640,50000,0,0,375,15000
1787311172740,50000,0,0,375,15000
1787311172840,50000,0,0,375,15000
1787311172940,50000,0,0,375,15000
1787311173041,50000,0,0,375,15000
1787311173140,50000,0,0,375,15000
1787311173241,50000,0,0,375,15000
1787311173340,50000,0,0,375,15000
1787311173440,50000,0,0,375,15000
1787311173540,50000,0,0,375,15000
1787311173640,50000,0,0,375,15000
1787311173740,50000,0,0,375,15000
1787311173840,50000,0,0,375,15000
1787311173940,50000,0,0,375,15000
1787311174041,50000,0,0,375,15000
1787311174140,50000,0,0,375,15000
1787311174240,50000,0,0,375,15000
1787311174340,50000,0,0,375,15000
1787311174440,50000,0,0,375,15000
1787311174540,50000,0,0,375,15000
1787311174640,50000,0,0,375,15000
1787311174740,50000,0,0,375,15000
1787311174841,50000,0,0,375,15000
1787311174941,50000,0,0,375,15000
1787311175040,50000,0,0,375,15000
1787311175140,50000,0,0,375,15000
1787311175240,50000,0,0,375,15000
1787311175341,50000,0,0,375,15000
1787311175440,50000,0,0,375,15000
1787311175540,50000,0,0,375,15000
1787311175640,50000,0,0,375,15000
1787311175741,50000,0,0,375,15000
1787311175841,50000,0,0,375,15000
1787311175940,50000,0,0,375,15000
1787311176041,50000,0,0,375,15000
1787311176140,50000,0,0,375,15000
1787311176240,50000,0,0,375,15000
1787311176341,50000,0,0,375,15000
1787311176440,50000,0,0,375,15000
1787311176540,50000,0,0,375,15000
1787311176640,50000,0,0,375,15000
1787311176741,50000,0,0,375,15000
1787311176840,50000,0,0,375,15000
1787311176941,50000,0,0,375,15000
1787311177040,50000,0,0,375,15000
1787311177140,50000,0,0,375,15000
1787311177240,50000,0,0,375,15000
1787311177340,50000,0,0,375,15000
1787311177440,50000,0,0,375,15000
1787311177540,50000,0,0,375,15000
1787311177640,50000,0,0,375,15000
1787311177740,50000,0,0,375,15000
1787311177840,50000,0,0,375,15000
1787311177940,50000,0,0,375,15000
1787311178040,50000,0,0,375,15000
1787311178140,50000,0,0,375,15000
1787311178240,50000,0,0,375,15000
1787311178340,50000,0,0,375,15000
1787311178440,50000,0,0,375,15000
1787311178540,50000,0,0,375,15000
1787311178640,50000,0,0,375,15000
1787311178740,50000,0,0,375,15000
1787311178840,50000,0,0,375,15000
1787311178940,50000,0,0,375,15000
1787311179040,50000,0,0,375,15000
1787311179140,50000,0,0,375,15000
1787311179240,50000,0,0,375,15000
1787311179340,50000,0,0,375,15000
1787311179440,50000,0,0,375,15000
1787311179540,50000,0,0,375,15000
1787311179640,50000,0,0,375,15000
1787311179740,50000,0,0,375,15000
1787311179840,50000,0,0,375,15000
1787311179940,50000,0,0,375,15000
1787311180040,50000,0,0,375,15000
1787311180140,50000,0,0,375,15000
1787311180240,50000,0,0,375,15000
1787311180340,50000,0,0,375,15000
1787311180441,50000,0,0,375,15000
1787311180540,50000,0,0,375,15000
1787311180640,50000,0,0,375,15000
1787311180740,50000,0,0,375,15000
1787311180840,50000,0,0,375,15000
1787311180940,50000,0,0,375,15000
1787311181040,50000,0,0,375,15000
1787311181140,50000,0,0,375,15000
1787311181241,50000,0,0,375,15000
1787311181340,50000,0,0,375,15000
1787311181441,50000,0,0,375,15000
1787311181540,50000,0,0,375,15000
1787311181640,50000,0,0,375,15000
1787311181740,50000,0,0,375,15000
1787311181840,50000,0,0,375,15000
1787311181940,50000,0,0,375,15000
1787311182040,50000,0,0,375,15000
1787311182140,50000,0,0,375,15000
1787311182240,50000,0,0,375,15000
1787311182340,50000,0,0,375,15000
1787311182440,50000,0,0,375,15000
1787311182540,50000,0,0,375,15000
1787311182640,50000,0,0,375,15000
1787311182740,50000,0,0,375,15000
1787311182840,50000,0,0,375,15000
1787311182940,50000,0,0,375,15000
1787311183040,50000,0,0,375,15000
1787311183140,50000,0,0,375,15000
1787311183241,50000,0,0,375,15000
1787311183340,50000,0,0,375,15000
1787311183441,50000,0,0,375,15000
1787311183540,50000,0,0,375,15000
1787311183640,50000,0,0,375,15000
1787311183740,50000,0,0,375,15000
1787311183840,50000,0,0,375,15000
1787311183940,50000,0,0,375,15000
1787311184040,50000,0,0,375,15000
1787311184140,50000,0,0,375,15000
1787311184240,50000,0,0,375,15000
1787311184340,50000,0,0,375,15000
1787311184440,50000,0,0,375,15000
1787311184540,50000,0,0,375,15000
1787311184640,50000,0,0,375,15000
1787311184740,50000,0,0,375,15000
1787311184840,50000,0,0,375,15000
1787311184940,50000,0,0,375,15000
1787311185040,50000,0,0,375,15000
1787311185140,50000,0,0,375,15000
1787311185240,50000,0,0,375,15000
1787311185340,50000,0,0,375,15000
1787311185440,50000,0,0,375,15000
1787311185540,50000,0,0,375,15000
1787311185640,50000,0,0,375,15000
1787311185740,50000,0,0,375,15000
1787311185840,50000,0,0,375,15000
1787311185940,50000,0,0,375,15000
1787311186041,50000,0,0,375,15000
1787311186140,50000,0,0,375,15000
1787311186240,50000,0,0,375,15000
1787311186341,50000,0,0,375,15000
1787311186440,50000,0,0,375,15000
1787311186541,50000,0,0,375,15000
1787311186640,50000,0,0,375,15000
1787311186740,50000,0,0,375,15000
1787311186840,50000,0,0,375,15000
1787311186940,50000,0,0,375,15000
1787311187040,50000,0,0,375,15000
1787311187140,50000,0,0,375,15000
1787311187240,50000,0,0,375,15000
1787311187340,50000,0,0,375,15000
1787311187440,50000,0,0,375,15000
1787311187541,50000,0,0,375,15000
1787311187640,50000,0,0,375,15000
1787311187740,50000,0,0,375,15000
1787311187840,50000,0,0,375,15000
1787311187940,50000,0,0,375,15000
1787311188041,50000,0,0,375,15000
1787311188140,50000,0,0,375,15000
1787311188240,50000,0,0,375,15000
1787311188340,50000,0,0,375,15000
1787311188441,50000,0,0,375,15000
1787311188541,50000,0,0,375,15000
1787311188640,50000,0,0,375,15000
1787311188740,50000,0,0,375,15000
1787311188840,50000,0,0,375,15000
1787311188940,50000,0,0,375,15000
1787311189040,50000,0,0,375,15000
1787311189141,50000,0,0,375,15000
1787311189240,50000,0,0,375,15000
1787311189340,50000,0,0,375,15000
1787311189440,50000,0,0,375,15000
1787311189540,50000,0,0,375,15000
1787311189640,50000,0,0,375,15000
1787311189740,50000,0,0,375,15000
1787311189840,50000,0,0,375,15000
1787311189940,50000,0,0,375,15000
1787311190040,50000,0,0,375,15000
1787311190140,50000,0,0,375,15000
1787311190240,50000,0,0,375,15000
1787311190340,50000,0,0,375,15000
1787311190441,50000,0,0,375,15000
1787311190540,50000,0,0,375,15000
1787311190640,50000,0,0,375,15000
1787311190740,50000,0,0,375,15000
1787311190840,50000,0,0,375,15000
1787311190940,50000,0,0,375,15000
1787311191040,50000,0,0,375,15000
1787311191141,50000,0,0,375,15000
1787311191240,50000,0,0,375,15000
1787311191341,50000,0,0,375,15000
1787311191440,50000,0,0,375,15000
1787311191540,50000,0,0,375,15000
1787311191640,50000,0,0,375,15000
1787311191740,50000,0,0,375,15000
1787311191841,50000,0,0,375,15000
1787311191940,50000,0,0,375,15000
1787311192040,50000,0,0,375,15000
1787311192140,50000,0,0,375,15000
1787311192241,50000,0,0,375,15000
1787311192340,50000,0,0,375,15000
1787311192441,50000,0,0,375,15000
1787311192541,50000,0,0,375,15000
1787311192640,50000,0,0,375,15000
1787311192741,50000,0,0,375,15000
1787311192840,50000,0,0,375,15000
1787311192940,50000,0,0,375,15000
1787311193040,50000,0,0,375,15000
1787311193140,50000,0,0,375,15000
1787311193240,50000,0,0,375,15000
1787311193340,50000,0,0,375,15000
1787311193441,50000,0,0,375,15000
1787311193540,50000,0,0,375,15000
1787311193640,50000,0,0,375,15000
1787311193740,50000,0,0,375,15000
1787311193840,50000,0,0,375,15000
1787311193941,50000,0,0,375,15000
1787311194040,50000,0,0,375,15000
1787311194141,50000,0,0,375,15000
1787311194240,50000,0,0,375,15000
1787311194340,50000,0,0,375,15000
1787311194440,50000,0,0,375,15000
1787311194540,50000,0,0,375,15000
1787311194640,50000,0,0,375,15000
1787311194740,50000,0,0,375,15000
1787311194840,50000,0,0,375,15000
1787311194940,50000,0,0,375,15000
1787311195040,50000,0,0,375,15000
1787311195140,50000,0,0,375,15000
1787311195240,50000,0,0,375,15000
1787311195341,50000,0,0,375,15000
1787311195441,50000,0,0,375,15000
1787311195540,50000,0,0,375,15000
1787311195640,50000,0,0,375,15000
1787311195740,50000,0,0,375,15000
1787311195841,50000,0,0,375,15000
1787311195940,50000,0,0,375,15000
1787311196040,50000,0,0,375,15000
1787311196141,50000,0,0,375,15000
1787311196240,50000,0,0,375,15000
1787311196340,50000,0,0,375,15000
1787311196440,50000,0,0,375,15000
1787311196540,50000,0,0,375,15000
1787311196641,50000,0,0,375,15000
1787311196740,50000,0,0,375,15000
1787311196841,50000,0,0,375,15000
1787311196940,50120,-8684,0,375,15000
1787311197040,50120,-8684,0,375,15000
1787311197140,50120,-8684,0,375,15000
1787311197240,50120,-8684,0,375,15000
1787311197340,50120,-8684,-4100,375,15000
1787311197440,50120,-8684,-4100,375,15000
1787311197540,50120,-8684,-4100,375,15000
1787311197641,50120,-8684,-4100,375,15000
1787311197740,50120,-8684,-4100,375,15000
1787311197840,50120,-8684,-4100,375,15000
1787311197940,50120,-8684,-4100,375,15000
1787311198040,50120,-8684,-8500,375,15000
1787311198140,50120,-8684,-8500,375,15000
1787311198240,50120,-8684,-8500,375,15000
1787311198340,50120,-8684,-8500,375,15000
1787311198440,50120,-8684,-8500,375,15000
1787311198541,50120,-8684,-8500,375,15000
1787311198640,50120,-8684,-8500,375,15000
1787311198740,50120,-8684,-8500,375,15000
1787311198840,50120,-8684,-8500,375,15000
1787311198940,50120,-8684,-8500,375,15000
1787311199040,50120,-8684,-8500,375,15000
1787311199140,50120,-8684,-8500,375,15000
1787311199240,50120,-8684,-8600,375,15000
1787311199340,50120,-8684,-8600,375,15000
1787311199440,50120,-8684,-8600,375,15000
1787311199540,50120,-8684,-8600,375,15000
1787311199640,50120,-8684,-8600,375,15000
1787311199741,50120,-8684,-8600,375,15000
1787311199840,50120,-8684,-8600,375,15000
1787311199941,50120,-8684,-8600,375,15000
1787311200040,50120,-8684,-8600,375,15000
1787311200141,50120,-8684,-8600,375,15000
1787311200240,50120,-8684,-8600,375,15000
1787311200340,50120,-8684,-8600,375,15000
1787311200440,50120,-8684,-8600,375,15000
1787311200540,50120,-8684,-8600,375,15000
1787311200640,50120,-8684,-8600,375,15000
1787311200740,50120,-8684,-8600,375,15000
1787311200840,50120,-8684,-8600,375,15000
1787311200941,50120,-8684,-8600,375,15000
1787311201040,50120,-8684,-8600,375,15000
1787311201141,50120,-8684,-8600,375,15000
1787311201240,50120,-8684,-8600,375,15000
1787311201340,50120,-8684,-8600,375,15000
1787311201440,50120,-8684,-8600,375,15000
1787311201540,50120,-8684,-8600,375,15000
1787311201640,50120,-8684,-8600,375,15000
1787311201740,50120,-8684,-8600,375,15000
1787311201840,50120,-8684,-8600,375,15000
1787311201940,50120,-8684,-8600,375,15000
1787311202040,50120,-8684,-8600,375,15000
1787311202140,50120,-8684,-8600,375,15000
1787311202240,50120,-8684,-8600,375,15000
1787311202341,50120,-8684,-8600,375,15000
1787311202440,50120,-8684,-8600,375,15000
1787311202540,50120,-8684,-8600,375,15000
1787311202640,50120,-8684,-8600,375,15000
1787311202740,50120,-8684,-8600,375,15000
1787311202840,50120,-8684,-8600,375,15000
1787311202940,50120,-8684,-8600,375,15000
1787311203040,50120,-8684,-8600,375,15000
1787311203140,50120,-8684,-8600,375,15000
1787311203240,50120,-8684,-8600,375,15000
1787311203340,50120,-8684,-8600,375,15000
1787311203440,50120,-8684,-8600,375,15000
1787311203541,50120,-8684,-8600,375,15000
1787311203640,50120,-8684,-8600,375,15000
1787311203740,50120,-8684,-8600,375,15000
1787311203841,50120,-8684,-8600,375,15000
1787311203940,50120,-8684,-8600,375,15000
1787311204040,50120,-8684,-8600,375,15000
1787311204141,50120,-8684,-8600,375,15000
1787311204240,50120,-8684,-8600,375,15000
1787311204340,50120,-8684,-8600,375,15000
1787311204440,50120,-8684,-8600,375,15000
1787311204540,50120,-8684,-8600,375,15000
1787311204640,50120,-8684,-8600,375,15000
1787311204740,50120,-8684,-8600,375,15000
1787311204840,50120,-8684,-8600,375,15000
1787311204940,50120,-8684,-8600,375,15000
1787311205040,50120,-8684,-8600,375,15000
1787311205140,50120,-8684,-8600,375,15000
1787311205240,50120,-8684,-8600,375,15000
1787311205340,50120,-8684,-8600,375,15000
1787311205440,50120,-8684,-8600,375,15000
1787311205540,50120,-8684,-8600,375,15000
1787311205640,50120,-8684,-8600,375,15000
1787311205740,50120,-8684,-8600,375,15000
1787311205840,50120,-8684,-8600,375,15000
1787311205940,50120,-8684,-8600,375,15000
1787311206040,50120,-8684,-8600,375,15000
1787311206141,50120,-8684,-8600,375,15000
1787311206240,50120,-8684,-8600,375,15000
1787311206340,50120,-8684,-8600,375,15000
1787311206440,50120,-8684,-8600,375,15000
1787311206540,50120,-8684,-8600,375,15000
1787311206640,50120,-8684,-8600,375,15000
1787311206740,50120,-8684,-8600,375,15000
1787311206840,50120,-8684,-8600,375,15000
1787311206941,50120,-8684,-8500,375,15000
1787311207040,50120,-8684,-8500,375,15000
1787311207141,50120,-8684,-8500,375,15000
1787311207240,50120,-8684,-8500,375,15000
1787311207340,50120,-8684,-8500,375,15000
1787311207441,50120,-8684,-8500,375,15000
1787311207540,50120,-8684,-8600,375,15000
1787311207640,50120,-8684,-8600,375,15000
1787311207740,50120,-8684,-8600,375,15000
1787311207840,50120,-8684,-8600,375,15000
1787311207940,50120,-8684,-8600,375,15000
1787311208040,50120,-8684,-8600,375,15000
1787311208140,50120,-8684,-8600,375,15000
1787311208240,50120,-8684,-8600,375,15000
1787311208340,50120,-8684,-8600,375,15000
1787311208441,50120,-8684,-8600,375,15000
1787311208540,50120,-8684,-8600,375,15000
1787311208640,50120,-8684,-8600,375,15000
1787311208741,50120,-8684,-8600,375,15000
1787311208840,50120,-8684,-8600,375,15000
1787311208940,50120,-8684,-8600,375,15000
1787311209040,50120,-8684,-8600,375,15000
1787311209140,50120,-8684,-8600,375,15000
1787311209241,50120,-8684,-8600,375,15000
1787311209340,50120,-8684,-8600,375,15000
1787311209440,50120,-8684,-8600,375,15000
1787311209540,50120,-8684,-8600,375,15000
1787311209640,50120,-8684,-8600,375,15000
1787311209740,50120,-8684,-8600,375,15000
1787311209840,50120,-8684,-8600,375,15000
1787311209945,50120,-8684,-8600,375,15000
1787311210046,50120,-8684,-8600,375,15000
1787311210146,50120,-8684,-8600,375,15000
1787311210246,50120,-8684,-8600,375,15000
1787311210346,50120,-8684,-8600,375,15000
1787311210447,50120,-8684,-8600,375,15000
1787311210546,50120,-8684,-8600,375,15000
1787311210646,50120,-8684,-8600,375,15000
1787311210747,50120,-8684,-8600,375,15000
1787311210846,50120,-8684,-8600,375,15000
1787311210946,50120,-8684,-8600,375,15000
1787311211047,50120,-8684,-8600,375,15000
1787311211146,50120,-8684,-8600,375,15000
1787311211246,50120,-8684,-8600,375,15000
1787311211346,50120,-8684,-8500,375,15000
1787311211447,50120,-8684,-8500,375,15000
1787311211546,50120,-8684,-8500,375,15000
1787311211646,50120,-8684,-8500,375,15000
1787311211746,50120,-8684,-8500,375,15000
1787311211846,50120,-8684,-8500,375,15000
1787311211946,50120,-8684,-8600,375,15000
1787311212046,50120,-8684,-8600,375,15000
1787311212146,50120,-8684,-8600,375,15000
1787311212246,50120,-8684,-8600,375,15000
1787311212346,50120,-8684,-8600,375,15000
1787311212447,50120,-8684,-8600,375,15000
1787311212546,50120,-8684,-8600,375,15000
1787311212646,50120,-8684,-8600,375,15000
1787311212746,50120,-8684,-8600,375,15000
1787311212846,50120,-8684,-8600,375,15000
1787311212946,50120,-8684,-8600,375,15000
1787311213046,50120,-8684,-8600,375,15000
1787311213146,50120,-8684,-8600,375,15000
1787311213246,50120,-8684,-8600,375,15000
1787311213346,50120,-8684,-8600,375,15000
1787311213447,50120,-8684,-8600,375,15000
1787311213546,50120,-8684,-8600,375,15000
1787311213647,50120,-8684,-8600,375,15000
1787311213747,50120,-8684,-8600,375,15000
1787311213846,50120,-8684,-8600,375,15000
1787311213946,50120,-8684,-8600,375,15000
1787311214046,50120,-8684,-8600,375,15000
1787311214146,50120,-8684,-8600,375,15000
1787311214246,50120,-8684,-8600,375,15000
1787311214346,50120,-8684,-8600,375,15000
1787311214447,50120,-8684,-8600,375,15000
1787311214547,50120,-8684,-8600,375,15000
1787311214646,50120,-8684,-8600,375,15000
1787311214746,50120,-8684,-8600,375,15000
1787311214846,50120,-8684,-8600,375,15000
1787311214946,50120,-8684,-8600,375,15000
1787311215046,50120,-8684,-8600,375,15000
1787311215146,50120,-8684,-8600,375,15000
1787311215246,50120,-8684,-8600,375,15000
1787311215346,50120,-8684,-8600,375,15000
1787311215446,50120,-8684,-8600,375,15000
1787311215546,50120,-8684,-8600,375,15000
1787311215646,50120,-8684,-8600,375,15000
1787311215747,50120,-8684,-8600,375,15000
1787311215846,50120,-8684,-8600,375,15000
1787311215947,50120,-8684,-8600,375,15000
1787311216046,50120,-8684,-8600,375,15000
1787311216147,50120,-8684,-8600,375,15000
1787311216247,50120,-8684,-8600,375,15000
1787311216346,50120,-8684,-8600,375,15000
1787311216446,50120,-8684,-8600,375,15000
1787311216546,50120,-8684,-8600,375,15000
1787311216646,50120,-8684,-8600,375,15000
1787311216747,50120,-8684,-8600,375,15000
1787311216846,50120,-8684,-8600,375,15000
1787311216946,50120,-8684,-8600,375,15000
1787311217047,50120,-8684,-8600,375,15000
1787311217147,50120,-8684,-8600,375,15000
1787311217247,50120,-8684,-8600,375,15000
1787311217347,50120,-8684,-8600,375,15000
1787311217446,50120,-8684,-8600,375,15000
1787311217546,50120,-8684,-8600,375,15000
1787311217646,50120,-8684,-8600,375,15000
1787311217746,50120,-8684,-8600,375,15000
1787311217847,50120,-8684,-8600,375,15000
1787311217946,50120,-8684,-8600,375,15000
1787311218046,50120,-8684,-8600,375,15000
1787311218147,50120,-8684,-8600,375,15000
1787311218246,50120,-8684,-8600,375,15000
1787311218346,50120,-8684,-8600,375,15000
1787311218446,50120,-8684,-8600,375,15000
1787311218546,50120,-8684,-8600,375,15000
1787311218646,50120,-8684,-8600,375,15000
1787311218746,50120,-8684,-8600,375,15000
1787311218847,50120,-8684,-8600,375,15000
1787311218946,50120,-8684,-8600,375,15000
1787311219046,50120,-8684,-8600,375,15000
1787311219146,50120,-8684,-8600,375,15000
1787311219246,50120,-8684,-8600,375,15000
1787311219346,50120,-8684,-8600,375,15000
1787311219446,50120,-8684,-8600,375,15000
1787311219546,50120,-8684,-8600,375,15000
1787311219646,50120,-8684,-8600,375,15000
1787311219746,50120,-8684,-8600,375,15000
1787311219846,50120,-8684,-8600,375,15000
1787311219946,50120,-8684,-8600,375,15000
1787311220046,50120,-8684,-8600,375,15000
1787311220147,50120,-8684,-8600,375,15000
1787311220246,50120,-8684,-8600,375,15000
1787311220346,50120,-8684,-8600,375,15000
1787311220446,50120,-8684,-8600,375,15000
1787311220546,50120,-8684,-8600,375,15000
1787311220646,50120,-8684,-8600,375,15000
1787311220746,50120,-8684,-8600,375,15000
1787311220846,50120,-8684,-8600,375,15000
1787311220946,50120,-8684,-8600,375,15000
1787311221046,50120,-8684,-8600,375,15000
1787311221146,50120,-8684,-8600,375,15000
1787311221246,50120,-8684,-8600,375,15000
1787311221347,50120,-8684,-8600,375,15000
1787311221446,50120,-8684,-8600,375,15000
1787311221546,50120,-8684,-8600,375,15000
1787311221646,50120,-8684,-8600,375,15000
1787311221746,50120,-8684,-8600,375,15000
1787311221846,50120,-8684,-8600,375,15000
1787311221946,50120,-8684,-8600,375,15000
1787311222046,50120,-8684,-8600,375,15000
1787311222146,50120,-8684,-8600,375,15000
1787311222246,50120,-8684,-8600,375,15000
1787311222346,50120,-8684,-8600,375,15000
1787311222446,50120,-8684,-8600,375,15000
1787311222546,50120,-8684,-8600,375,15000
1787311222646,50120,-8684,-8600,375,15000
1787311222746,50120,-8684,-8600,375,15000
1787311222846,50120,-8684,-8600,375,15000
1787311222946,50120,-8684,-8600,375,15000
1787311223046,50120,-8684,-8600,375,15000
1787311223146,50120,-8684,-8600,375,15000
1787311223246,50120,-8684,-8600,375,15000
1787311223346,50120,-8684,-8600,375,15000
1787311223446,50120,-8684,-8600,375,15000
1787311223546,50120,-8684,-8600,375,15000
1787311223646,50120,-8684,-8600,375,15000
1787311223746,50120,-8684,-8600,375,15000
1787311223846,50120,-8684,-8600,375,15000
1787311223946,50120,-8684,-8600,375,15000
1787311224046,50120,-8684,-8600,375,15000
1787311224146,50120,-8684,-8600,375,15000
1787311224246,50120,-8684,-8600,375,15000
1787311224346,50120,-8684,-8600,375,15000
1787311224446,50120,-8684,-8600,375,15000
1787311224546,50120,-8684,-8600,375,15000
1787311224646,50120,-8684,-8600,375,15000
1787311224746,50120,-8684,-8600,375,15000
1787311224846,50120,-8684,-8600,375,15000
1787311224946,50120,-8684,-8600,375,15000
1787311225046,50120,-8684,-8600,375,15000
1787311225146,50120,-8684,-8600,375,15000
1787311225246,50120,-8684,-8600,375,15000
1787311225346,50120,-8684,-8600,375,15000
1787311225446,50120,-8684,-8600,375,15000
1787311225546,50120,-8684,-8600,375,15000
1787311225646,50120,-8684,-8600,375,15000
1787311225746,50120,-8684,-8600,375,15000
1787311225846,50120,-8684,-8600,375,15000
1787311225946,50120,-8684,-8600,375,15000
1787311226047,50120,-8684,-8600,375,15000
1787311226146,50120,-8684,-8600,375,15000
1787311226246,50120,-8684,-8600,375,15000
1787311226346,50120,-8684,-8600,375,15000
1787311226447,50120,-8684,-8600,375,15000
1787311226546,50120,-8684,-8600,375,15000
1787311226646,50120,-8684,-8600,375,15000
1787311226746,50120,-8684,-8600,375,15000
1787311226847,50120,-8684,-8600,375,15000
1787311226946,50120,-8684,-8600,375,15000
1787311227046,50120,-8684,-8600,375,15000
1787311227147,50120,-8684,-8600,375,15000
1787311227246,50120,-8684,-8600,375,15000
1787311227346,50120,-8684,-8600,375,15000
1787311227446,50120,-8684,-8600,375,15000
1787311227546,50120,-8684,-8600,375,15000
1787311227647,50120,-8684,-8600,375,15000
1787311227746,50120,-8684,-8600,375,15000
1787311227846,50120,-8684,-8600,375,15000
1787311227946,50120,-8684,-8600,375,15000
1787311228046,50120,-8684,-8600,375,15000
1787311228146,50120,-8684,-8600,375,15000
1787311228246,50120,-8684,-8600,375,15000
1787311228346,50120,-8684,-8600,375,15000
1787311228447,50120,-8684,-8600,375,15000
1787311228546,50120,-8684,-8600,375,15000
1787311228646,50120,-8684,-8600,375,15000
1787311228747,50120,-8684,-8600,375,15000
1787311228846,50120,-8684,-8500,375,15000
1787311228947,50120,-8684,-8500,375,15000
1787311229046,50120,-8684,-8500,375,15000
1787311229146,50120,-8684,-8500,375,15000
1787311229246,50120,-8684,-8500,375,15000
1787311229346,50120,-8684,-8500,375,15000
1787311229446,50120,-8684,-8600,375,15000
1787311229546,50120,-8684,-8600,375,15000
1787311229646,50120,-8684,-8600,375,15000
1787311229746,50120,-8684,-8600,375,15000
1787311229846,50120,-8684,-8600,375,15000
1787311229946,50120,-8684,-8600,375,15000
1787311230046,50120,-8684,-8600,375,15000
1787311230147,50120,-8684,-8600,375,15000
1787311230246,50120,-8684,-8600,375,15000
1787311230346,50120,-8684,-8600,375,15000
1787311230447,50120,-8684,-8600,375,15000
1787311230546,50120,-8684,-8600,375,15000
1787311230646,50120,-8684,-8600,375,15000
1787311230746,50120,-8684,-8600,375,15000
1787311230846,50120,-8684,-8600,375,15000
1787311230946,50120,-8684,-8600,375,15000
1787311231046,50120,-8684,-8600,375,15000
1787311231146,50120,-8684,-8600,375,15000
1787311231246,50120,-8684,-8600,375,15000
1787311231346,50120,-8684,-8600,375,15000
1787311231446,50120,-8684,-8600,375,15000
1787311231547,50120,-8684,-8600,375,15000
1787311231646,50120,-8684,-8600,375,15000
1787311231746,50120,-8684,-8600,375,15000
1787311231846,50120,-8684,-8600,375,15000
1787311231946,50120,-8684,-8600,375,15000
1787311232046,50120,-8684,-8600,375,15000
1787311232146,50120,-8684,-8600,375,15000
1787311232246,50120,-8684,-8600,375,15000
1787311232346,50120,-8684,-8600,375,15000
1787311232446,50120,-8684,-8600,375,15000
1787311232546,50120,-8684,-8600,375,15000
1787311232646,50120,-8684,-8600,375,15000
1787311232746,50120,-8684,-8600,375,15000
1787311232846,50120,-8684,-8600,375,15000
1787311232946,50120,-8684,-8600,375,15000
1787311233046,50120,-8684,-8600,375,15000
1787311233146,50120,-8684,-8600,375,15000
1787311233247,50120,-8684,-8600,375,15000
1787311233346,50120,-8684,-8600,375,15000
1787311233446,50120,-8684,-8600,375,15000
1787311233546,50120,-8684,-8600,375,15000
1787311233646,50120,-8684,-8600,375,15000
1787311233746,50120,-8684,-8600,375,15000
1787311233846,50120,-8684,-8600,375,15000
1787311233946,50120,-8684,-8600,375,15000
1787311234046,50120,-8684,-8600,375,15000
1787311234146,50120,-8684,-8600,375,15000
1787311234246,50120,-8684,-8600,375,15000
1787311234346,50120,-8684,-8600,375,15000
1787311234447,50120,-8684,-8600,375,15000
1787311234546,50120,-8684,-8600,375,15000
1787311234646,50120,-8684,-8600,375,15000
1787311234746,50120,-8684,-8600,375,15000
1787311234847,50120,-8684,-8600,375,15000
1787311234946,50120,-8684,-8600,375,15000
1787311235046,50120,-8684,-8600,375,15000
1787311235146,50120,-8684,-8600,375,15000
1787311235246,50120,-8684,-8600,375,15000
1787311235346,50120,-8684,-8600,375,15000
1787311235446,50120,-8684,-8600,375,15000
1787311235546,50120,-8684,-8600,375,15000
1787311235647,50120,-8684,-8600,375,15000
1787311235746,50120,-8684,-8600,375,15000
1787311235846,50120,-8684,-8600,375,15000
1787311235946,50120,-8684,-8600,375,15000
1787311236046,50120,-8684,-8600,375,15000
1787311236146,50120,-8684,-8600,375,15000
1787311236246,50120,-8684,-8600,375,15000
1787311236347,50120,-8684,-8600,375,15000
1787311236446,50120,-8684,-8600,375,15000
1787311236546,50120,-8684,-8600,375,15000
1787311236646,50120,-8684,-8600,375,15000
1787311236746,50120,-8684,-8600,375,15000
1787311236846,50120,-8684,-8600,375,15000
1787311236946,50120,-8684,-8600,375,15000
1787311237046,50120,-8684,-8600,375,15000
1787311237146,50120,-8684,-8600,375,15000
1787311237246,50120,-8684,-8600,375,15000
1787311237346,50120,-8684,-8600,375,15000
1787311237446,50120,-8684,-8600,375,15000
1787311237546,50120,-8684,-8600,375,15000
1787311237646,50120,-8684,-8600,375,15000
1787311237747,50120,-8684,-8600,375,15000
1787311237846,50120,-8684,-8600,375,15000
1787311237946,50120,-8684,-8600,375,15000
1787311238046,50120,-8684,-8600,375,15000
1787311238146,50120,-8684,-8600,375,15000
1787311238246,50120,-8684,-8600,375,15000
1787311238346,50120,-8684,-8500,375,15000
1787311238446,50120,-8684,-8500,375,15000
1787311238546,50120,-8684,-8500,375,15000
1787311238647,50120,-8684,-8500,375,15000
1787311238746,50120,-8684,-8500,375,15000
1787311238846,50120,-8684,-8500,375,15000
1787311238947,50120,-8684,-8600,375,15000
1787311239046,50120,-8684,-8600,375,15000
1787311239146,50120,-8684,-8600,375,15000
1787311239246,50120,-8684,-8600,375,15000
1787311239347,50120,-8684,-8600,375,15000
1787311239446,50120,-8684,-8600,375,15000
1787311239546,50120,-8684,-8600,375,15000
1787311239646,50120,-8684,-8600,375,15000
1787311239746,50120,-8684,-8600,375,15000
1787311239846,50120,-8684,-8600,375,15000
1787311239946,50120,-8684,-8600,375,15000
1787311240046,50120,-8684,-8600,375,15000
1787311240146,50120,-8684,-8600,375,15000
1787311240247,50120,-8684,-8600,375,15000
1787311240346,50120,-8684,-8600,375,15000
1787311240446,50120,-8684,-8600,375,15000
1787311240547,50120,-8684,-8600,375,15000
1787311240646,50120,-8684,-8600,375,15000
1787311240746,50120,-8684,-8600,375,15000
1787311240847,50120,-8684,-8600,375,15000
1787311240946,50120,-8684,-8600,375,15000
1787311241046,50120,-8684,-8600,375,15000
1787311241146,50120,-8684,-8600,375,15000
1787311241247,50120,-8684,-8600,375,15000
1787311241346,50120,-8684,-8600,375,15000
1787311241446,50120,-8684,-8600,375,15000
1787311241546,50120,-8684,-8600,375,15000
1787311241647,50120,-8684,-8600,375,15000
1787311241746,50120,-8684,-8600,375,15000
1787311241846,50120,-8684,-8600,375,15000
1787311241946,50120,-8684,-8600,375,15000
1787311242046,50120,-8684,-8600,375,15000
1787311242146,50120,-8684,-8500,375,15000
1787311242246,50120,-8684,-8500,375,15000
1787311242346,50120,-8684,-8500,375,15000
1787311242446,50120,-8684,-8500,375,15000
1787311242546,50120,-8684,-8500,375,15000
1787311242646,50120,-8684,-8500,375,15000
1787311242747,50120,-8684,-8500,375,15000
1787311242846,50120,-8684,-8500,375,15000
1787311242946,50120,-8684,-8500,375,15000
1787311243046,50120,-8684,-8500,375,15000
1787311243146,50120,-8684,-8500,375,15000
1787311243247,50120,-8684,-8500,375,15000
1787311243346,50120,-8684,-8600,375,15000
1787311243447,50120,-8684,-8600,375,15000
1787311243546,50120,-8684,-8600,375,15000
1787311243647,50120,-8684,-8600,375,15000
1787311243746,50120,-8684,-8600,375,15000
1787311243846,50120,-8684,-8600,375,15000
1787311243946,50120,-8684,-8600,375,15000
1787311244046,50120,-8684,-8600,375,15000
1787311244146,50120,-8684,-8600,375,15000
1787311244246,50120,-8684,-8600,375,15000
1787311244346,50120,-8684,-8600,375,15000
1787311244446,50120,-8684,-8600,375,15000
1787311244546,50120,-8684,-8600,375,15000
1787311244646,50120,-8684,-8600,375,15000
1787311244746,50120,-8684,-8600,375,15000
1787311244846,50120,-8684,-8600,375,15000
1787311244946,50120,-8684,-8600,375,15000
1787311245046,50120,-8684,-8600,375,15000
1787311245146,50120,-8684,-8600,375,15000
1787311245247,50120,-8684,-8600,375,15000
1787311245346,50120,-8684,-8600,375,15000
1787311245446,50120,-8684,-8600,375,15000
1787311245546,50120,-8684,-8600,375,15000
1787311245646,50120,-8684,-8600,375,15000
1787311245746,50120,-8684,-8600,375,15000
1787311245846,50120,-8684,-8600,375,15000
1787311245947,50120,-8684,-8600,375,15000
1787311246047,50120,-8684,-8600,375,15000
1787311246146,50120,-8684,-8600,375,15000
1787311246246,50120,-8684,-8600,375,15000
1787311246346,50120,-8684,-8600,375,15000
1787311246446,50120,-8684,-8600,375,15000
1787311246546,50120,-8684,-8600,375,15000
1787311246646,50120,-8684,-8600,375,15000
1787311246747,50120,-8684,-8600,375,15000
1787311246846,50120,-8684,-8600,375,15000
1787311246946,50120,-8684,-8600,375,15000
1787311247046,50120,-8684,-8600,375,15000
1787311247146,50120,-8684,-8600,375,15000
1787311247246,50120,-8684,-8600,375,15000
1787311247346,50120,-8684,-8600,375,15000
1787311247446,50120,-8684,-8600,375,15000
1787311247546,50120,-8684,-8600,375,15000
1787311247646,50120,-8684,-8600,375,15000
1787311247746,50120,-8684,-8600,375,15000
1787311247846,50120,-8684,-8600,375,15000
1787311247946,50120,-8684,-8600,375,15000
1787311248046,50120,-8684,-8600,375,15000
1787311248146,50120,-8684,-8600,375,15000
1787311248247,50120,-8684,-8600,375,15000
1787311248346,50120,-8684,-8600,375,15000
1787311248446,50120,-8684,-8600,375,15000
1787311248546,50120,-8684,-8600,375,15000
1787311248646,50120,-8684,-8600,375,15000
1787311248746,50120,-8684,-8600,375,15000
1787311248846,50120,-8684,-8600,375,15000
1787311248946,50120,-8684,-8600,375,15000
1787311249046,50120,-8684,-8600,375,15000
1787311249146,50120,-8684,-8600,375,15000
1787311249246,50120,-8684,-8600,375,15000
1787311249346,50120,-8684,-8600,375,15000
1787311249446,50120,-8684,-8600,375,15000
1787311249546,50120,-8684,-8600,375,15000
1787311249646,50120,-8684,-8600,375,15000
1787311249746,50120,-8684,-8600,375,15000
1787311249846,50120,-8684,-8600,375,15000
1787311249946,50120,-8684,-8600,375,15000
1787311250047,50120,-8684,-8600,375,15000
1787311250147,50120,-8684,-8600,375,15000
1787311250246,50120,-8684,-8600,375,15000
1787311250346,50120,-8684,-8600,375,15000
1787311250446,50120,-8684,-8600,375,15000
1787311250546,50120,-8684,-8600,375,15000
1787311250646,50120,-8684,-8600,375,15000
1787311250746,50120,-8684,-8600,375,15000
1787311250846,50120,-8684,-8600,375,15000
1787311250946,50120,-8684,-8600,375,15000
1787311251046,50120,-8684,-8600,375,15000
1787311251146,50120,-8684,-8600,375,15000
1787311251246,50120,-8684,-8600,375,15000
1787311251346,50120,-8684,-8600,375,15000
1787311251446,50120,-8684,-8600,375,15000
1787311251546,50120,-8684,-8600,375,15000
1787311251646,50120,-8684,-8600,375,15000
1787311251747,50120,-8684,-8500,375,15000
1787311251846,50120,-8684,-8500,375,15000
1787311251946,50120,-8684,-8500,375,15000
1787311252046,50120,-8684,-8500,375,15000
1787311252146,50120,-8684,-8500,375,15000
1787311252246,50120,-8684,-8500,375,15000
1787311252346,50120,-8684,-8600,375,15000
1787311252446,50120,-8684,-8600,375,15000
1787311252546,50120,-8684,-8600,375,15000
1787311252646,50120,-8684,-8600,375,15000
1787311252746,50120,-8684,-8600,375,15000
1787311252846,50120,-8684,-8600,375,15000
1787311252946,50120,-8684,-8500,375,15000
1787311253047,50120,-8684,-8500,375,15000
1787311253146,50120,-8684,-8500,375,15000
1787311253246,50120,-8684,-8500,375,15000
1787311253346,50120,-8684,-8500,375,15000
1787311253446,50120,-8684,-8500,375,15000
1787311253546,50120,-8684,-8500,375,15000
1787311253646,50120,-8684,-8600,375,15000
1787311253746,50120,-8684,-8600,375,15000
1787311253846,50120,-8684,-8600,375,15000
1787311253946,50120,-8684,-8600,375,15000
1787311254046,50120,-8684,-8600,375,15000
1787311254146,50120,-8684,-8600,375,15000
1787311254246,50120,-8684,-8600,375,15000
1787311254346,50120,-8684,-8600,375,15000
1787311254446,50120,-8684,-8600,375,15000
1787311254546,50120,-8684,-8600,375,15000
1787311254646,50120,-8684,-8600,375,15000
1787311254746,50120,-8684,-8600,375,15000
1787311254846,50120,-8684,-8600,375,15000
1787311254946,50120,-8684,-8600,375,15000
1787311255047,50120,-8684,-8600,375,15000
1787311255146,50120,-8684,-8600,375,15000
1787311255247,50120,-8684,-8600,375,15000
1787311255346,50120,-8684,-8600,375,15000
1787311255446,50120,-8684,-8600,375,15000
1787311255546,50120,-8684,-8600,375,15000
1787311255646,50120,-8684,-8600,375,15000
1787311255746,50120,-8684,-8600,375,15000
1787311255846,50120,-8684,-8600,375,15000
1787311255946,50120,-8684,-8600,375,15000
1787311256046,50120,-8684,-8600,375,15000
1787311256146,50120,-8684,-8600,375,15000
1787311256246,50120,-8684,-8600,375,15000
1787311256347,50120,-8684,-8600,375,15000
1787311256446,50120,-8684,-8600,375,15000
1787311256546,50120,-8684,-8600,375,15000
1787311256646,50120,-8684,-8600,375,15000
1787311256746,50120,-8684,-8600,375,15000
1787311256846,50120,-8684,-8600,375,15000
1787311256946,50120,-8684,-8600,375,15000
1787311257046,50120,-8684,-8600,375,15000
1787311257146,50120,-8684,-8600,375,15000
1787311257247,50120,-8684,-8600,375,15000
1787311257346,50120,-8684,-8600,375,15000
1787311257447,50120,-8684,-8600,375,15000
1787311257546,50120,-8684,-8600,375,15000
1787311257646,50120,-8684,-8600,375,15000
1787311257746,50120,-8684,-8600,375,15000
1787311257846,50120,-8684,-8600,375,15000
1787311257946,50120,-8684,-8600,375,15000
1787311258046,50120,-8684,-8600,375,15000
1787311258147,50120,-8684,-8600,375,15000
1787311258246,50120,-8684,-8600,375,15000
1787311258346,50120,-8684,-8600,375,15000
1787311258446,50120,-8684,-8600,375,15000
1787311258547,50120,-8684,-8600,375,15000
1787311258646,50120,-8684,-8600,375,15000
1787311258746,50120,-8684,-8600,375,15000
1787311258846,50120,-8684,-8500,375,15000
1787311258946,50120,-8684,-8500,375,15000
1787311259046,50120,-8684,-8500,375,15000
1787311259146,50120,-8684,-8500,375,15000
1787311259246,50120,-8684,-8500,375,15000
1787311259346,50120,-8684,-8500,375,15000
1787311259446,50120,-8684,-8500,375,15000
1787311259546,50120,-8684,-8600,375,15000
1787311259647,50120,-8684,-8600,375,15000
1787311259746,50120,-8684,-8600,375,15000
1787311259846,50120,-8684,-8600,375,15000
1787311259946,50120,-8684,-8600,375,15000
1787311260046,50120,-8684,-8600,375,15000
1787311260146,50120,-8684,-8600,375,15000
1787311260247,50120,-8684,-8600,375,15000
1787311260346,50120,-8684,-8600,375,15000
1787311260446,50120,-8684,-8600,375,15000
1787311260546,50120,-8684,-8600,375,15000
1787311260646,50120,-8684,-8600,375,15000
1787311260746,50120,-8684,-8600,375,15000
1787311260847,50120,-8684,-8600,375,15000
1787311260946,50120,-8684,-8600,375,15000
1787311261046,50120,-8684,-8600,375,15000
1787311261146,50120,-8684,-8600,375,15000
1787311261246,50120,-8684,-8600,375,15000
1787311261346,50120,-8684,-8600,375,15000
1787311261446,50120,-8684,-8600,375,15000
1787311261546,50120,-8684,-8600,375,15000
1787311261646,50120,-8684,-8600,375,15000
1787311261746,50120,-8684,-8600,375,15000
1787311261846,50120,-8684,-8600,375,15000
1787311261946,50120,-8684,-8600,375,15000
1787311262046,50120,-8684,-8600,375,15000
1787311262146,50120,-8684,-8600,375,15000
1787311262246,50120,-8684,-8600,375,15000
1787311262346,50120,-8684,-8600,375,15000
1787311262446,50120,-8684,-8600,375,15000
1787311262546,50120,-8684,-8600,375,15000
1787311262646,50120,-8684,-8600,375,15000
1787311262746,50120,-8684,-8600,375,15000
1787311262846,50120,-8684,-8600,375,15000
1787311262947,50120,-8684,-8600,375,15000
1787311263046,50120,-8684,-8600,375,15000
1787311263146,50120,-8684,-8600,375,15000
1787311263246,50120,-8684,-8600,375,15000
1787311263346,50120,-8684,-8600,375,15000
1787311263446,50120,-8684,-8600,375,15000
1787311263546,50120,-8684,-8600,375,15000
1787311263646,50120,-8684,-8600,375,15000
1787311263746,50120,-8684,-8600,375,15000
1787311263846,50120,-8684,-8600,375,15000
1787311263946,50120,-8684,-8600,375,15000
1787311264047,50120,-8684,-8600,375,15000
1787311264146,50120,-8684,-8600,375,15000
1787311264246,50120,-8684,-8600,375,15000
1787311264346,50120,-8684,-8500,375,15000
1787311264447,50120,-8684,-8500,375,15000
1787311264546,50120,-8684,-8500,375,15000
1787311264646,50120,-8684,-8500,375,15000
1787311264746,50120,-8684,-8500,375,15000
1787311264846,50120,-8684,-8500,375,15000
1787311264946,50120,-8684,-8600,375,15000
1787311265046,50120,-8684,-8600,375,15000
1787311265146,50120,-8684,-8600,375,15000
1787311265246,50120,-8684,-8600,375,15000
1787311265346,50120,-8684,-8600,375,15000
1787311265446,50120,-8684,-8600,375,15000
1787311265546,50120,-8684,-8600,375,15000
1787311265646,50120,-8684,-8600,375,15000
1787311265746,50120,-8684,-8600,375,15000
1787311265846,50120,-8684,-8600,375,15000
1787311265946,50120,-8684,-8600,375,15000
1787311266046,50120,-8684,-8600,375,15000
1787311266146,50120,-8684,-8600,375,15000
1787311266246,50120,-8684,-8600,375,15000
1787311266346,50120,-8684,-8600,375,15000
1787311266447,50120,-8684,-8600,375,15000
1787311266546,50120,-8684,-8600,375,15000
1787311266646,50120,-8684,-8600,375,15000
1787311266747,50120,-8684,-8600,375,15000
1787311266846,50120,-8684,-8600,375,15000
1787311266946,50120,-8684,-8600,375,15000
1787311267046,50120,-8684,-8600,375,15000
1787311267146,50120,-8684,-8600,375,15000
1787311267246,50120,-8684,-8600,375,15000
1787311267346,50120,-8684,-8600,375,15000
1787311267446,50120,-8684,-8600,375,15000
1787311267546,50120,-8684,-8600,375,15000
1787311267646,50120,-8684,-8600,375,15000
1787311267746,50120,-8684,-8600,375,15000
1787311267846,50120,-8684,-8600,375,15000
1787311267946,50120,-8684,-8600,375,15000
1787311268046,50120,-8684,-8600,375,15000
1787311268146,50120,-8684,-8600,375,15000
1787311268246,50120,-8684,-8600,375,15000
1787311268347,50120,-8684,-8600,375,15000
1787311268446,50120,-8684,-8600,375,15000
1787311268546,50120,-8684,-8600,375,15000
1787311268646,50120,-8684,-8600,375,15000
1787311268746,50120,-8684,-8600,375,15000
1787311268846,50120,-8684,-8600,375,15000
1787311268946,50120,-8684,-8600,375,15000
1787311269046,50120,-8684,-8600,375,15000
1787311269146,50120,-8684,-8600,375,15000
1787311269246,50120,-8684,-8600,375,15000
1787311269346,50120,-8684,-8600,375,15000
1787311269446,50120,-8684,-8600,375,15000
1787311269546,50120,-8684,-8600,375,15000
1787311269647,50120,-8684,-8600,375,15000
1787311269746,50120,-8684,-8600,375,15000
1787311269846,50120,-8684,-8600,375,15000
1787311269947,50120,-8684,-8600,375,15000
1787311270046,50120,-8684,-8600,375,15000
1787311270146,50120,-8684,-8600,375,15000
1787311270246,50120,-8684,-8600,375,15000
1787311270346,50120,-8684,-8600,375,15000
1787311270446,50120,-8684,-8500,375,15000
1787311270546,50120,-8684,-8500,375,15000
1787311270646,50120,-8684,-8500,375,15000
1787311270746,50120,-8684,-8500,375,15000
1787311270847,50120,-8684,-8500,375,15000
1787311270947,50120,-8684,-8600,375,15000
1787311271046,50120,-8684,-8600,375,15000
1787311271146,50120,-8684,-8600,375,15000
1787311271246,50120,-8684,-8600,375,15000
1787311271347,50120,-8684,-8600,375,15000
1787311271446,50120,-8684,-8600,375,15000
1787311271546,50120,-8684,-8600,375,15000
1787311271646,50120,-8684,-8600,375,15000
1787311271746,50120,-8684,-8600,375,15000
1787311271846,50120,-8684,-8600,375,15000
1787311271947,50120,-8684,-8600,375,15000
1787311272047,50120,-8684,-8600,375,15000
1787311272147,50120,-8684,-8600,375,15000
1787311272246,50120,-8684,-8600,375,15000
1787311272346,50120,-8684,-8600,375,15000
1787311272446,50120,-8684,-8600,375,15000
1787311272546,50120,-8684,-8600,375,15000
1787311272646,50120,-8684,-8600,375,15000
1787311272746,50120,-8684,-8600,375,15000
1787311272846,50120,-8684,-8600,375,15000
1787311272946,50120,-8684,-8600,375,15000
1787311273046,50120,-8684,-8600,375,15000
1787311273147,50120,-8684,-8600,375,15000
1787311273246,50120,-8684,-8600,375,15000
1787311273346,50120,-8684,-8600,375,15000
1787311273447,50120,-8684,-8600,375,15000
1787311273546,50120,-8684,-8600,375,15000
1787311273646,50120,-8684,-8600,375,15000
1787311273746,50120,-8684,-8600,375,15000
1787311273846,50120,-8684,-8600,375,15000
1787311273946,50120,-8684,-8600,375,15000
1787311274046,50120,-8684,-8600,375,15000
1787311274146,50120,-8684,-8600,375,15000
1787311274246,50120,-8684,-8600,375,15000
1787311274346,50120,-8684,-8600,375,15000
1787311274446,50120,-8684,-8600,375,15000
1787311274546,50120,-8684,-8600,375,15000
1787311274646,50120,-8684,-8600,375,15000
1787311274746,50120,-8684,-8600,375,15000
1787311274846,50120,-8684,-8600,375,15000
1787311274946,50120,-8684,-8600,375,15000
1787311275046,50120,-8684,-8600,375,15000
1787311275146,50120,-8684,-8600,375,15000
1787311275246,50120,-8684,-8600,375,15000
1787311275346,50120,-8684,-8600,375,15000
1787311275446,50120,-8684,-8600,375,15000
1787311275546,50120,-8684,-8600,375,15000
1787311275646,50120,-8684,-8600,375,15000
1787311275746,50120,-8684,-8600,375,15000
1787311275846,50120,-8684,-8600,375,15000
1787311275947,50120,-8684,-8600,375,15000
1787311276046,50120,-8684,-8600,375,15000
1787311276146,50120,-8684,-8600,375,15000
1787311276246,50120,-8684,-8600,375,15000
1787311276346,50120,-8684,-8600,375,15000
1787311276446,50120,-8684,-8600,375,15000
1787311276547,50120,-8684,-8600,375,15000
1787311276646,50120,-8684,-8600,375,15000
1787311276746,50120,-8684,-8600,375,15000
1787311276846,50120,-8684,-8600,375,15000
1787311276946,50120,-8684,-8600,375,15000
1787311277046,50120,-8684,-8600,375,15000
1787311277146,50120,-8684,-8600,375,15000
1787311277246,50120,-8684,-8600,375,15000
1787311277346,50120,-8684,-8600,375,15000
1787311277446,50120,-8684,-8600,375,15000
1787311277546,50120,-8684,-8600,375,15000
1787311277646,50120,-8684,-8600,375,15000
1787311277746,50120,-8684,-8600,375,15000
1787311277846,50120,-8684,-8600,375,15000
1787311277947,50120,-8684,-8600,375,15000
1787311278046,50120,-8684,-8600,375,15000
1787311278146,50120,-8684,-8600,375,15000
1787311278246,50120,-8684,-8600,375,15000
1787311278346,50120,-8684,-8600,375,15000
1787311278446,50120,-8684,-8600,375,15000
1787311278546,50120,-8684,-8600,375,15000
1787311278646,50120,-8684,-8600,375,15000
1787311278746,50120,-8684,-8600,375,15000
1787311278846,50120,-8684,-8600,375,15000
1787311278946,50120,-8684,-8600,375,15000
1787311279046,50120,-8684,-8600,375,15000
1787311279146,50120,-8684,-8600,375,15000
1787311279246,50120,-8684,-8600,375,15000
1787311279346,50120,-8684,-8600,375,15000
1787311279446,50120,-8684,-8600,375,15000
1787311279546,50120,-8684,-8600,375,15000
1787311279647,50120,-8684,-8600,375,15000
1787311279746,50120,-8684,-8600,375,15000
1787311279846,50120,-8684,-8600,375,15000
1787311279946,50120,-8684,-8600,375,15000
1787311280046,50120,-8684,-8600,375,15000
1787311280146,50120,-8684,-8600,375,15000
1787311280246,50120,-8684,-8600,375,15000
1787311280346,50120,-8684,-8600,375,15000
1787311280447,50120,-8684,-8600,375,15000
1787311280546,50120,-8684,-8600,375,15000
1787311280646,50120,-8684,-8600,375,15000
1787311280746,50120,-8684,-8600,375,15000
1787311280846,50120,-8684,-8600,375,15000
1787311280946,50120,-8684,-8600,375,15000
1787311281046,50120,-8684,-8600,375,15000
1787311281146,50120,-8684,-8600,375,15000
1787311281247,50120,-8684,-8600,375,15000
1787311281346,50120,-8684,-8600,375,15000
1787311281446,50120,-8684,-8600,375,15000
1787311281547,50120,-8684,-8600,375,15000
1787311281646,50120,-8684,-8600,375,15000
1787311281746,50120,-8684,-8500,375,15000
1787311281846,50120,-8684,-8500,375,15000
1787311281946,50120,-8684,-8500,375,15000
1787311282046,50120,-8684,-8500,375,15000
1787311282146,50120,-8684,-8500,375,15000
1787311282247,50120,-8684,-8500,375,15000
1787311282346,50120,-8684,-8500,375,15000
1787311282446,50120,-8684,-8600,375,15000
1787311282546,50120,-8684,-8600,375,15000
1787311282646,50120,-8684,-8600,375,15000
1787311282747,50120,-8684,-8600,375,15000
1787311282846,50120,-8684,-8600,375,15000
1787311282946,50120,-8684,-8600,375,15000
1787311283046,50120,-8684,-8600,375,15000
1787311283146,50120,-8684,-8600,375,15000
1787311283246,50120,-8684,-8600,375,15000
1787311283346,50120,-8684,-8600,375,15000
1787311283446,50120,-8684,-8600,375,15000
1787311283546,50120,-8684,-8600,375,15000
1787311283647,50120,-8684,-8600,375,15000
1787311283746,50120,-8684,-8600,375,15000
1787311283846,50120,-8684,-8600,375,15000
1787311283946,50120,-8684,-8600,375,15000
1787311284047,50120,-8684,-8600,375,15000
1787311284146,50120,-8684,-8600,375,15000
1787311284246,50120,-8684,-8600,375,15000
1787311284346,50120,-8684,-8600,375,15000
1787311284446,50120,-8684,-8600,375,15000
1787311284546,50120,-8684,-8600,375,15000
1787311284646,50120,-8684,-8600,375,15000
1787311284746,50120,-8684,-8600,375,15000
1787311284846,50120,-8684,-8600,375,15000
1787311284946,50120,-8684,-8600,375,15000
1787311285046,50120,-8684,-8600,375,15000
1787311285146,50120,-8684,-8600,375,15000
1787311285246,50120,-8684,-8600,375,15000
1787311285346,50120,-8684,-8600,375,15000
1787311285446,50120,-8684,-8600,375,15000
1787311285546,50120,-8684,-8600,375,15000
1787311285646,50120,-8684,-8600,375,15000
1787311285747,50120,-8684,-8600,375,15000
1787311285846,50120,-8684,-8600,375,15000
1787311285946,50120,-8684,-8600,375,15000
1787311286047,50120,-8684,-8600,375,15000
1787311286147,50120,-8684,-8600,375,15000
1787311286246,50120,-8684,-8600,375,15000
1787311286346,50120,-8684,-8600,375,15000
1787311286446,50120,-8684,-8600,375,15000
1787311286546,50120,-8684,-8600,375,15000
1787311286646,50120,-8684,-8600,375,15000
1787311286747,50120,-8684,-8600,375,15000
1787311286846,50120,-8684,-8600,375,15000
1787311286946,50120,-8684,-8600,375,15000
1787311287046,50120,-8684,-8600,375,15000
1787311287146,50120,-8684,-8600,375,15000
1787311287246,50120,-8684,-8500,375,15000
1787311287346,50120,-8684,-8500,375,15000
1787311287446,50120,-8684,-8500,375,15000
1787311287546,50120,-8684,-8500,375,15000
1787311287646,50120,-8684,-8500,375,15000
1787311287746,50120,-8684,-8500,375,15000
1787311287846,50120,-8684,-8600,375,15000
1787311287946,50120,-8684,-8600,375,15000
1787311288047,50120,-8684,-8600,375,15000
1787311288146,50120,-8684,-8600,375,15000
1787311288246,50120,-8684,-8600,375,15000
1787311288346,50120,-8684,-8600,375,15000
1787311288446,50120,-8684,-8600,375,15000
1787311288546,50120,-8684,-8600,375,15000
1787311288646,50120,-8684,-8600,375,15000
1787311288746,50120,-8684,-8600,375,15000
1787311288846,50120,-8684,-8600,375,15000
1787311288946,50120,-8684,-8600,375,15000
1787311289046,50120,-8684,-8600,375,15000
1787311289147,50120,-8684,-8600,375,15000
1787311289246,50120,-8684,-8600,375,15000
1787311289346,50120,-8684,-8600,375,15000
1787311289446,50120,-8684,-8600,375,15000
1787311289546,50120,-8684,-8600,375,15000
1787311289646,50120,-8684,-8600,375,15000
1787311289747,50120,-8684,-8600,375,15000
1787311289846,50120,-8684,-8600,375,15000
1787311289946,50120,-8684,-8600,375,15000
1787311290046,50120,-8684,-8600,375,15000
1787311290146,50120,-8684,-8600,375,15000
1787311290246,50120,-8684,-8600,375,15000
1787311290346,50120,-8684,-8600,375,15000
1787311290446,50120,-8684,-8600,375,15000
1787311290546,50120,-8684,-8600,375,15000
1787311290646,50120,-8684,-8600,375,15000
1787311290746,50120,-8684,-8600,375,15000
1787311290846,50120,-8684,-8600,375,15000
1787311290946,50120,-8684,-8600,375,15000
1787311291046,50120,-8684,-8600,375,15000
1787311291146,50120,-8684,-8600,375,15000
1787311291246,50120,-8684,-8600,375,15000
1787311291346,50120,-8684,-8600,375,15000
1787311291446,50120,-8684,-8600,375,15000
1787311291546,50120,-8684,-8600,375,15000
1787311291646,50120,-8684,-8600,375,15000
1787311291746,50120,-8684,-8600,375,15000
1787311291847,50120,-8684,-8600,375,15000
1787311291946,50120,-8684,-8600,375,15000
1787311292046,50120,-8684,-8600,375,15000
1787311292146,50120,-8684,-8600,375,15000
1787311292246,50120,-8684,-8600,375,15000
1787311292346,50120,-8684,-8600,375,15000
1787311292446,50120,-8684,-8600,375,15000
1787311292546,50120,-8684,-8600,375,15000
1787311292646,50120,-8684,-8600,375,15000
1787311292746,50120,-8684,-8600,375,15000
1787311292846,50120,-8684,-8600,375,15000
1787311292947,50120,-8684,-8600,375,15000
1787311293047,50120,-8684,-8600,375,15000
1787311293146,50120,-8684,-8600,375,15000
1787311293246,50120,-8684,-8600,375,15000
1787311293346,50120,-8684,-8600,375,15000
1787311293446,50120,-8684,-8600,375,15000
1787311293546,50120,-8684,-8600,375,15000
1787311293646,50120,-8684,-8600,375,15000
1787311293746,50120,-8684,-8600,375,15000
1787311293846,50120,-8684,-8600,375,15000
1787311293946,50120,-8684,-8600,375,15000
1787311294047,50120,-8684,-8600,375,15000
1787311294146,50120,-8684,-8600,375,15000
1787311294246,50120,-8684,-8600,375,15000
1787311294347,50120,-8684,-8600,375,15000
1787311294446,50120,-8684,-8500,375,15000
1787311294546,50120,-8684,-8500,375,15000
1787311294647,50120,-8684,-8500,375,15000
1787311294746,50120,-8684,-8500,375,15000
1787311294846,50120,-8684,-8500,375,15000
1787311294946,50120,-8684,-8500,375,15000
1787311295046,50120,-8684,-8500,375,15000
1787311295147,50120,-8684,-8600,375,15000
1787311295246,50120,-8684,-8600,375,15000
1787311295346,50120,-8684,-8600,375,15000
1787311295446,50120,-8684,-8600,375,15000
1787311295546,50120,-8684,-8600,375,15000
1787311295646,50120,-8684,-8600,375,15000
1787311295746,50120,-8684,-8600,375,15000
1787311295846,50120,-8684,-8600,375,15000
1787311295946,50120,-8684,-8600,375,15000
1787311296047,50120,-8684,-8600,375,15000
1787311296146,50120,-8684,-8600,375,15000
1787311296246,50120,-8684,-8600,375,15000
1787311296346,50120,-8684,-8600,375,15000
1787311296446,50120,-8684,-8600,375,15000
1787311296546,50120,-8684,-8600,375,15000
1787311296647,50120,-8684,-8600,375,15000
1787311296746,50120,-8684,-8600,375,15000
1787311296846,50120,-8684,-8600,375,15000
1787311296946,50120,-8684,-8600,375,15000
1787311297046,50120,-8684,-8600,375,15000
1787311297146,50120,-8684,-8600,375,15000
1787311297246,50120,-8684,-8600,375,15000
1787311297346,50120,-8684,-8600,375,15000
1787311297446,50120,-8684,-8600,375,15000
1787311297546,50120,-8684,-8600,375,15000
1787311297646,50120,-8684,-8600,375,15000
1787311297746,50120,-8684,-8600,375,15000
1787311297847,50120,-8684,-8600,375,15000
1787311297946,50120,-8684,-8600,375,15000
1787311298046,50120,-8684,-8600,375,15000
1787311298146,50120,-8684,-8600,375,15000
1787311298247,50120,-8684,-8600,375,15000
1787311298347,50120,-8684,-8600,375,15000
1787311298446,50120,-8684,-8600,375,15000
1787311298546,50120,-8684,-8600,375,15000
1787311298646,50120,-8684,-8500,375,15000
1787311298746,50120,-8684,-8500,375,15000
1787311298846,50120,-8684,-8500,375,15000
1787311298946,50120,-8684,-8500,375,15000
1787311299046,50120,-8684,-8500,375,15000
1787311299146,50120,-8684,-8500,375,15000
1787311299246,50120,-8684,-8500,375,15000
1787311299346,50120,-8684,-8500,375,15000
1787311299446,50120,-8684,-8500,375,15000
1787311299546,50120,-8684,-8500,375,15000
1787311299646,50120,-8684,-8500,375,15000
1787311299746,50120,-8684,-8500,375,15000
1787311299846,50120,-8684,-8500,375,15000
1787311299946,50120,-8684,-8600,375,15000
1787311300047,50120,-8684,-8600,375,15000
1787311300146,50120,-8684,-8600,375,15000
1787311300246,50120,-8684,-8600,375,15000
1787311300346,50120,-8684,-8600,375,15000
1787311300446,50120,-8684,-8600,375,15000
1787311300546,50120,-8684,-8600,375,15000
1787311300647,50120,-8684,-8600,375,15000
1787311300747,50120,-8684,-8600,375,15000
1787311300847,50120,-8684,-8600,375,15000
1787311300946,50120,-8684,-8600,375,15000
1787311301046,50120,-8684,-8600,375,15000
1787311301146,50120,-8684,-8600,375,15000
1787311301246,50120,-8684,-8500,375,15000
1787311301346,50120,-8684,-8500,375,15000
1787311301446,50120,-8684,-8500,375,15000
1787311301547,50120,-8684,-8500,375,15000
1787311301647,50120,-8684,-8500,375,15000
1787311301746,50120,-8684,-8500,375,15000
1787311301846,50120,-8684,-8600,375,15000
1787311301947,50120,-8684,-8600,375,15000
1787311302046,50120,-8684,-8600,375,15000
1787311302147,50120,-8684,-8600,375,15000
1787311302246,50120,-8684,-8600,375,15000
1787311302346,50120,-8684,-8600,375,15000
1787311302446,50120,-8684,-8600,375,15000
1787311302546,50120,-8684,-8600,375,15000
1787311302646,50120,-8684,-8600,375,15000
1787311302746,50120,-8684,-8600,375,15000
1787311302846,50120,-8684,-8600,375,15000
1787311302946,50120,-8684,-8600,375,15000
1787311303046,50120,-8684,-8600,375,15000
1787311303146,50120,-8684,-8600,375,15000
1787311303247,50120,-8684,-8600,375,15000
1787311303346,50120,-8684,-8600,375,15000
1787311303446,50120,-8684,-8600,375,15000
1787311303546,50120,-8684,-8600,375,15000
1787311303646,50120,-8684,-8600,375,15000
1787311303746,50120,-8684,-8500,375,15000
1787311303846,50120,-8684,-8500,375,15000
1787311303946,50120,-8684,-8500,375,15000
1787311304046,50120,-8684,-8500,375,15000
1787311304146,50120,-8684,-8600,375,15000
1787311304246,50120,-8684,-8600,375,15000
1787311304346,50120,-8684,-8600,375,15000
1787311304446,50120,-8684,-8600,375,15000
1787311304546,50120,-8684,-8600,375,15000
1787311304646,50120,-8684,-8600,375,15000
1787311304746,50120,-8684,-8600,375,15000
1787311304846,50120,-8684,-8600,375,15000
1787311304946,50120,-8684,-8600,375,15000
1787311305047,50120,-8684,-8600,375,15000
1787311305146,50120,-8684,-8600,375,15000
1787311305246,50120,-8684,-8600,375,15000
1787311305346,50120,-8684,-8600,375,15000
1787311305446,50120,-8684,-8600,375,15000
1787311305546,50120,-8684,-8600,375,15000
1787311305646,50120,-8684,-8600,375,15000
1787311305747,50120,-8684,-8600,375,15000
1787311305847,50120,-8684,-8600,375,15000
1787311305946,50120,-8684,-8600,375,15000
1787311306046,50120,-8684,-8600,375,15000
1787311306146,50120,-8684,-8600,375,15000
1787311306246,50120,-8684,-8600,375,15000
1787311306346,50120,-8684,-8600,375,15000
1787311306447,50120,-8684,-8600,375,15000
1787311306546,50120,-8684,-8600,375,15000
1787311306646,50120,-8684,-8600,375,15000
1787311306746,50120,-8684,-8600,375,15000
1787311306846,50120,-8684,-8600,375,15000
1787311306947,50120,-8684,-8600,375,15000
1787311307046,50120,-8684,-8600,375,15000
1787311307146,50120,-8684,-8600,375,15000
1787311307246,50120,-8684,-8600,375,15000
1787311307347,50120,-8684,-8600,375,15000
1787311307446,50120,-8684,-8600,375,15000
1787311307546,50120,-8684,-8600,375,15000
1787311307646,50120,-8684,-8600,375,15000
1787311307746,50120,-8684,-8600,375,15000
1787311307846,50120,-8684,-8600,375,15000
1787311307946,50120,-8684,-8500,375,15000
1787311308047,50120,-8684,-8500,375,15000
1787311308146,50120,-8684,-8500,375,15000
1787311308246,50120,-8684,-8500,375,15000
1787311308346,50120,-8684,-8500,375,15000
1787311308446,50120,-8684,-8500,375,15000
1787311308546,50120,-8684,-8500,375,15000
1787311308646,50120,-8684,-8500,375,15000
1787311308746,50120,-8684,-8500,375,15000
1787311308846,50120,-8684,-8500,375,15000
1787311308946,50120,-8684,-8600,375,15000
1787311309046,50120,-8684,-8600,375,15000
1787311309146,50120,-8684,-8600,375,15000
1787311309246,50120,-8684,-8600,375,15000
1787311309346,50120,-8684,-8600,375,15000
1787311309446,50120,-8684,-8600,375,15000
1787311309546,50120,-8684,-8600,375,15000
1787311309646,50120,-8684,-8600,375,15000
1787311309746,50120,-8684,-8600,375,15000
1787311309846,50120,-8684,-8600,375,15000
1787311309946,50120,-8684,-8600,375,15000
1787311310047,50120,-8684,-8600,375,15000
1787311310146,50120,-8684,-8600,375,15000
1787311310246,50120,-8684,-8600,375,15000
1787311310346,50120,-8684,-8600,375,15000
1787311310446,50120,-8684,-8600,375,15000
1787311310546,50120,-8684,-8600,375,15000
1787311310646,50120,-8684,-8600,375,15000
1787311310746,50120,-8684,-8600,375,15000
1787311310846,50120,-8684,-8600,375,15000
1787311310946,50120,-8684,-8600,375,15000
1787311311046,50120,-8684,-8600,375,15000
1787311311146,50120,-8684,-8600,375,15000
1787311311246,50120,-8684,-8600,375,15000
1787311311346,50120,-8684,-8600,375,15000
1787311311446,50120,-8684,-8600,375,15000
1787311311546,50120,-8684,-8600,375,15000
1787311311646,50120,-8684,-8600,375,15000
1787311311746,50120,-8684,-8600,375,15000
1787311311846,50120,-8684,-8600,375,15000
1787311311946,50120,-8684,-8600,375,15000
1787311312046,50120,-8684,-8600,375,15000
1787311312146,50120,-8684,-8600,375,15000
1787311312246,50120,-8684,-8600,375,15000
1787311312346,50120,-8684,-8600,375,15000
1787311312446,50120,-8684,-8600,375,15000
1787311312546,50120,-8684,-8600,375,15000
1787311312647,50120,-8684,-8600,375,15000
1787311312747,50120,-8684,-8600,375,15000
1787311312846,50120,-8684,-8600,375,15000
1787311312946,50120,-8684,-8600,375,15000
1787311313046,50120,-8684,-8600,375,15000
1787311313146,50120,-8684,-8600,375,15000
1787311313246,50120,-8684,-8600,375,15000
1787311313346,50120,-8684,-8600,375,15000
1787311313446,50120,-8684,-8600,375,15000
1787311313546,50120,-8684,-8600,375,15000
1787311313647,50120,-8684,-8600,375,15000
1787311313746,50120,-8684,-8600,375,15000
1787311313846,50120,-8684,-8600,375,15000
1787311313946,50120,-8684,-8600,375,15000
1787311314046,50120,-8684,-8600,375,15000
1787311314146,50120,-8684,-8600,375,15000
1787311314246,50120,-8684,-8600,375,15000
1787311314346,50120,-8684,-8600,375,15000
1787311314446,50120,-8684,-8600,375,15000
1787311314546,50120,-8684,-8600,375,15000
1787311314646,50120,-8684,-8600,375,15000
1787311314746,50120,-8684,-8600,375,15000
1787311314846,50120,-8684,-8600,375,15000
1787311314946,50120,-8684,-8600,375,15000
1787311315046,50120,-8684,-8600,375,15000
1787311315146,50120,-8684,-8600,375,15000
1787311315246,50120,-8684,-8600,375,15000
1787311315346,50120,-8684,-8600,375,15000
1787311315446,50120,-8684,-8600,375,15000
1787311315547,50120,-8684,-8600,375,15000
1787311315646,50120,-8684,-8600,375,15000
1787311315746,50120,-8684,-8600,375,15000
1787311315846,50120,-8684,-8600,375,15000
1787311315946,50120,-8684,-8600,375,15000
1787311316046,50120,-8684,-8600,375,15000
1787311316147,50120,-8684,-8600,375,15000
1787311316246,50120,-8684,-8600,375,15000
1787311316346,50120,-8684,-8600,375,15000
1787311316447,50120,-8684,-8600,375,15000
1787311316546,50120,-8684,-8600,375,15000
1787311316647,50120,-8684,-8600,375,15000
1787311316747,50120,-8684,-8600,375,15000
1787311316846,50120,-8684,-8600,375,15000
1787311316947,50000,0,-8600,375,15000
1787311317046,50000,0,-8600,375,15000
1787311317146,50000,0,-8600,375,15000
1787311317246,50000,0,-8600,375,15000
1787311317347,50000,0,-8600,375,15000
1787311317446,50000,0,-1500,375,15000
1787311317546,50000,0,-1500,375,15000
1787311317646,50000,0,-1500,375,15000
1787311317746,50000,0,-1500,375,15000
1787311317846,50000,0,-1500,375,15000
1787311317946,50000,0,-1500,375,15000
1787311318046,50000,0,-1500,375,15000
1787311318146,50000,0,0,375,15000
1787311318246,50000,0,0,375,15000
1787311318346,50000,0,0,375,15000
1787311318446,50000,0,0,375,15000
1787311318546,50000,0,0,375,15000
1787311318646,50000,0,0,375,15000
1787311318747,50000,0,0,375,15000
1787311318846,50000,0,0,375,15000
1787311318946,50000,0,0,375,15000
1787311319046,50000,0,0,375,15000
1787311319146,50000,0,0,375,15000
1787311319246,50000,0,0,375,15000
1787311319347,50000,0,0,375,15000
1787311319446,50000,0,0,375,15000
1787311319546,50000,0,0,375,15000
1787311319646,50000,0,0,375,15000
1787311319747,50000,0,0,375,15000
1787311319847,50000,0,0,375,15000
1787311319947,50000,0,0,375,15000
1787311320046,50000,0,0,375,15000
1787311320147,50000,0,0,375,15000
1787311320246,50000,0,0,375,15000
1787311320346,50000,0,0,375,15000
1787311320446,50000,0,0,375,15000
1787311320547,50000,0,0,375,15000
1787311320646,50000,0,0,375,15000
1787311320746,50000,0,0,375,15000
1787311320846,50000,0,0,375,15000
1787311320946,50000,0,0,375,15000
1787311321046,50000,0,0,375,15000
1787311321146,50000,0,0,375,15000
1787311321246,50000,0,0,375,15000
1787311321346,50000,0,0,375,15000
1787311321447,50000,0,0,375,15000
1787311321546,50000,0,0,375,15000
1787311321646,50000,0,0,375,15000
1787311321746,50000,0,0,375,15000
1787311321846,50000,0,0,375,15000
1787311321946,50000,0,0,375,15000
1787311322046,50000,0,0,375,15000
1787311322146,50000,0,0,375,15000
1787311322246,50000,0,0,375,15000
1787311322346,50000,0,0,375,15000
1787311322446,50000,0,0,375,15000
1787311322546,50000,0,0,375,15000
1787311322647,50000,0,0,375,15000
1787311322746,50000,0,0,375,15000
1787311322846,50000,0,0,375,15000
1787311322946,50000,0,0,375,15000
1787311323046,50000,0,0,375,15000
1787311323146,50000,0,0,375,15000
1787311323246,50000,0,0,375,15000
1787311323346,50000,0,0,375,15000
1787311323446,50000,0,0,375,15000
1787311323546,50000,0,0,375,15000
1787311323646,50000,0,0,375,15000
1787311323746,50000,0,0,375,15000
1787311323846,50000,0,0,375,15000
1787311323946,50000,0,0,375,15000
1787311324046,50000,0,0,375,15000
1787311324146,50000,0,0,375,15000
1787311324246,50000,0,0,375,15000
1787311324346,50000,0,0,375,15000
1787311324446,50000,0,0,375,15000
1787311324546,50000,0,0,375,15000
1787311324646,50000,0,0,375,15000
1787311324746,50000,0,0,375,15000
1787311324846,50000,0,0,375,15000
1787311324946,50000,0,0,375,15000
1787311325046,50000,0,0,375,15000
1787311325147,50000,0,0,375,15000
1787311325246,50000,0,0,375,15000
1787311325346,50000,0,0,375,15000
1787311325446,50000,0,0,375,15000
1787311325546,50000,0,0,375,15000
1787311325646,50000,0,0,375,15000
1787311325746,50000,0,0,375,15000
1787311325847,50000,0,0,375,15000
1787311325947,50000,0,0,375,15000
1787311326046,50000,0,0,375,15000
1787311326146,50000,0,0,375,15000
1787311326246,50000,0,0,375,15000
1787311326346,50000,0,0,375,15000
1787311326446,50000,0,0,375,15000
1787311326546,50000,0,0,375,15000
1787311326646,50000,0,0,375,15000
1787311326746,50000,0,0,375,15000
1787311326846,50000,0,0,375,15000
1787311326946,50000,0,0,375,15000
1787311327046,50000,0,0,375,15000
1787311327146,50000,0,0,375,15000
1787311327246,50000,0,0,375,15000
1787311327346,50000,0,0,375,15000
1787311327446,50000,0,0,375,15000
1787311327546,50000,0,0,375,15000
1787311327646,50000,0,0,375,15000
1787311327746,50000,0,0,375,15000
1787311327846,50000,0,0,375,15000
1787311327946,50000,0,0,375,15000
1787311328046,50000,0,0,375,15000
1787311328146,50000,0,0,375,15000
1787311328246,50000,0,0,375,15000
1787311328346,50000,0,0,375,15000
1787311328446,50000,0,0,375,15000
1787311328546,50000,0,0,375,15000
1787311328647,50000,0,0,375,15000
1787311328747,50000,0,0,375,15000
1787311328846,50000,0,0,375,15000
1787311328946,50000,0,0,375,15000
1787311329046,50000,0,0,375,15000
1787311329146,50000,0,0,375,15000
1787311329246,50000,0,0,375,15000
1787311329346,50000,0,0,375,15000
1787311329446,50000,0,0,375,15000
1787311329546,50000,0,0,375,15000
1787311329646,50000,0,0,375,15000
1787311329746,50000,0,0,375,15000
1787311329846,50000,0,0,375,15000
1787311329946,50000,0,0,375,15000
1787311330047,50000,0,0,375,15000
1787311330146,50000,0,0,375,15000
1787311330246,50000,0,0,375,15000
1787311330346,50000,0,0,375,15000
1787311330447,50000,0,0,375,15000
1787311330546,50000,0,0,375,15000
1787311330646,50000,0,0,375,15000
1787311330746,50000,0,0,375,15000
1787311330846,50000,0,0,375,15000
1787311330947,50000,0,0,375,15000
1787311331046,50000,0,0,375,15000
1787311331146,50000,0,0,375,15000
1787311331246,50000,0,0,375,15000
1787311331347,50000,0,0,375,15000
1787311331446,50000,0,0,375,15000
1787311331546,50000,0,0,375,15000
1787311331647,50000,0,0,375,15000
1787311331746,50000,0,0,375,15000
1787311331846,50000,0,0,375,15000
1787311331946,50000,0,0,375,15000
1787311332047,50000,0,0,375,15000
1787311332146,50000,0,0,375,15000
1787311332246,50000,0,0,375,15000
1787311332346,50000,0,0,375,15000
1787311332446,50000,0,0,375,15000
1787311332546,50000,0,0,375,15000
1787311332646,50000,0,0,375,15000
1787311332746,50000,0,0,375,15000
1787311332846,50000,0,0,375,15000
1787311332946,50000,0,0,375,15000
1787311333046,50000,0,0,375,15000
1787311333146,50000,0,0,375,15000
1787311333246,50000,0,0,375,15000
1787311333346,50000,0,0,375,15000
1787311333446,50000,0,0,375,15000
1787311333546,50000,0,0,375,15000
1787311333646,50000,0,0,375,15000
1787311333746,50000,0,0,375,15000
1787311333846,50000,0,0,375,15000
1787311333946,50000,0,0,375,15000
1787311334047,50000,0,0,375,15000
1787311334146,50000,0,0,375,15000
1787311334246,50000,0,0,375,15000
1787311334346,50000,0,0,375,15000
1787311334446,50000,0,0,375,15000
1787311334547,50000,0,0,375,15000
1787311334646,50000,0,0,375,15000
1787311334746,50000,0,0,375,15000
1787311334846,50000,0,0,375,15000
1787311334947,50000,0,0,375,15000
1787311335046,50000,0,0,375,15000
1787311335146,50000,0,0,375,15000
1787311335246,50000,0,0,375,15000
1787311335346,50000,0,0,375,15000
1787311335446,50000,0,0,375,15000
1787311335546,50000,0,0,375,15000
1787311335646,50000,0,0,375,15000
1787311335747,50000,0,0,375,15000
1787311335846,50000,0,0,375,15000
1787311335946,50000,0,0,375,15000
1787311336046,50000,0,0,375,15000
1787311336146,50000,0,0,375,15000
1787311336246,50000,0,0,375,15000
1787311336346,50000,0,0,375,15000
1787311336446,50000,0,0,375,15000
1787311336547,50000,0,0,375,15000
1787311336646,50000,0,0,375,15000
1787311336746,50000,0,0,375,15000
1787311336846,50000,0,0,375,15000
1787311336946,50000,0,0,375,15000
1787311337046,50000,0,0,375,15000
1787311337147,50000,0,0,375,15000
1787311337247,50000,0,0,375,15000
1787311337346,50000,0,0,375,15000
1787311337446,50000,0,0,375,15000
1787311337546,50000,0,0,375,15000
1787311337646,50000,0,0,375,15000
1787311337746,50000,0,0,375,15000
1787311337846,50000,0,0,375,15000
1787311337946,50000,0,0,375,15000
1787311338046,50000,0,0,375,15000
1787311338146,50000,0,0,375,15000
1787311338246,50000,0,0,375,15000
1787311338347,50000,0,0,375,15000
1787311338446,50000,0,0,375,15000
1787311338546,50000,0,0,375,15000
1787311338646,50000,0,0,376,15000
1787311338747,50000,0,0,376,15000
1787311338846,50000,0,0,376,15000
1787311338946,50000,0,0,376,15000
1787311339046,50000,0,0,376,15000
1787311339147,50000,0,0,376,15000
1787311339246,50000,0,0,376,15000
1787311339347,50000,0,0,376,15000
1787311339446,50000,0,0,376,15000
1787311339546,50000,0,0,376,15000
1787311339646,50000,0,0,376,15000
1787311339746,50000,0,0,376,15000
1787311339847,50000,0,0,376,15000
1787311339946,50000,0,0,376,15000
1787311340046,50000,0,0,376,15000
1787311340146,50000,0,0,376,15000
1787311340246,50000,0,0,376,15000
1787311340346,50000,0,0,376,15000
1787311340446,50000,0,0,376,15000
1787311340546,50000,0,0,376,15000
1787311340646,50000,0,0,376,15000
1787311340746,50000,0,0,376,15000
1787311340846,50000,0,0,376,15000
1787311340946,50000,0,0,376,15000
1787311341046,50000,0,0,376,15000
1787311341146,50000,0,0,376,15000
1787311341246,50000,0,0,376,15000
1787311341346,50000,0,0,376,15000
1787311341447,50000,0,0,376,15000
1787311341546,50000,0,0,376,15000
1787311341647,50000,0,0,376,15000
1787311341746,50000,0,0,376,15000
1787311341846,50000,0,0,376,15000
1787311341946,50000,0,0,376,15000
1787311342046,50000,0,0,376,15000
1787311342146,50000,0,0,376,15000
1787311342246,50000,0,0,376,15000
1787311342346,50000,0,0,376,15000
1787311342446,50000,0,0,376,15000
1787311342546,50000,0,0,376,15000
1787311342646,50000,0,0,376,15000
1787311342746,50000,0,0,376,15000
1787311342847,50000,0,0,376,15000
1787311342946,50000,0,0,376,15000
1787311343047,50000,0,0,376,15000
1787311343146,50000,0,0,376,15000
1787311343246,50000,0,0,376,15000
1787311343346,50000,0,0,376,15000
1787311343446,50000,0,0,376,15000
1787311343546,50000,0,0,376,15000
1787311343646,50000,0,0,376,15000
1787311343746,50000,0,0,376,15000
1787311343846,50000,0,0,376,15000
1787311343946,50000,0,0,376,15000
1787311344046,50000,0,0,376,15000
1787311344146,50000,0,0,376,15000
1787311344246,50000,0,0,376,15000
1787311344346,50000,0,0,376,15000
1787311344447,50000,0,0,376,15000
1787311344546,50000,0,0,376,15000
1787311344646,50000,0,0,376,15000
1787311344746,50000,0,0,376,15000
1787311344846,50000,0,0,376,15000
1787311344946,50000,0,0,376,15000
1787311345046,50000,0,0,376,15000
1787311345146,50000,0,0,376,15000
1787311345246,50000,0,0,376,15000
1787311345347,50000,0,0,376,15000
1787311345447,50000,0,0,376,15000
1787311345546,50000,0,0,376,15000
1787311345646,50000,0,0,376,15000
1787311345746,50000,0,0,376,15000
1787311345846,50000,0,0,376,15000
1787311345946,50000,0,0,376,15000
1787311346047,50000,0,0,376,15000
1787311346146,50000,0,0,376,15000
1787311346246,50000,0,0,376,15000
1787311346346,50000,0,0,376,15000
1787311346446,50000,0,0,376,15000
1787311346547,50000,0,0,376,15000
1787311346647,50000,0,0,376,15000
1787311346746,50000,0,0,376,15000
1787311346847,50000,0,0,376,15000
1787311346947,49880,8684,0,376,15000
1787311347046,49880,8684,0,376,15000
1787311347147,49880,8684,0,376,15000
1787311347247,49880,8684,0,376,15000
1787311347346,49880,8684,0,376,15000
1787311347446,49880,8684,0,376,15000
1787311347547,49880,8684,7600,376,15000
1787311347646,49880,8684,7600,376,15000
1787311347746,49880,8684,7600,376,15000
1787311347846,49880,8684,7600,376,15000
1787311347946,49880,8684,7600,376,15000
1787311348046,49880,8684,7600,376,15000
1787311348146,49880,8684,8500,376,15000
1787311348247,49880,8684,8500,376,15000
1787311348346,49880,8684,8500,376,15000
1787311348446,49880,8684,8500,376,15000
1787311348546,49880,8684,8500,376,15000
1787311348646,49880,8684,8500,376,15000
1787311348746,49880,8684,8500,376,15000
1787311348846,49880,8684,8600,376,15000
1787311348947,49880,8684,8600,376,15000
1787311349046,49880,8684,8600,376,15000
1787311349146,49880,8684,8600,376,15000
1787311349246,49880,8684,8600,376,15000
1787311349346,49880,8684,8600,376,15000
1787311349446,49880,8684,8500,376,15000
1787311349546,49880,8684,8500,376,15000
1787311349646,49880,8684,8500,376,15000
1787311349746,49880,8684,8500,376,15000
1787311349846,49880,8684,8500,376,15000
1787311349947,49880,8684,8500,376,15000
1787311350047,49880,8684,8500,376,15000
1787311350146,49880,8684,8500,376,15000
1787311350246,49880,8684,8500,376,15000
1787311350346,49880,8684,8500,376,15000
1787311350446,49880,8684,8500,376,15000
1787311350546,49880,8684,8500,376,15000
1787311350646,49880,8684,8500,376,15000
1787311350746,49880,8684,8500,376,15000
1787311350846,49880,8684,8500,376,15000
1787311350946,49880,8684,8500,376,15000
1787311351047,49880,8684,8500,376,15000
1787311351146,49880,8684,8500,376,15000
1787311351247,49880,8684,8500,376,15000
1787311351346,49880,8684,8600,376,15000
1787311351446,49880,8684,8600,376,15000
1787311351546,49880,8684,8600,376,15000
1787311351646,49880,8684,8600,376,15000
1787311351746,49880,8684,8500,376,15000
1787311351846,49880,8684,8500,376,15000
1787311351946,49880,8684,8500,376,15000
1787311352046,49880,8684,8500,376,15000
1787311352146,49880,8684,8500,376,15000
1787311352246,49880,8684,8500,376,15000
1787311352346,49880,8684,8600,376,15000
1787311352447,49880,8684,8600,376,15000
1787311352546,49880,8684,8600,376,15000
1787311352647,49880,8684,8600,376,15000
1787311352746,49880,8684,8600,376,15000
1787311352846,49880,8684,8600,376,15000
1787311352946,49880,8684,8600,376,15000
1787311353046,49880,8684,8600,376,15000
1787311353146,49880,8684,8600,376,15000
1787311353246,49880,8684,8600,376,15000
1787311353346,49880,8684,8600,376,15000
1787311353446,49880,8684,8600,376,15000
1787311353546,49880,8684,8600,376,15000
1787311353646,49880,8684,8600,376,15000
1787311353747,49880,8684,8600,376,15000
1787311353846,49880,8684,8600,376,15000
1787311353946,49880,8684,8600,376,15000
1787311354046,49880,8684,8600,376,15000
1787311354147,49880,8684,8600,376,15000
1787311354247,49880,8684,8500,376,15000
1787311354346,49880,8684,8500,376,15000
1787311354446,49880,8684,8500,376,15000
1787311354546,49880,8684,8500,376,15000
1787311354646,49880,8684,8500,376,15000
1787311354746,49880,8684,8500,376,15000
1787311354846,49880,8684,8500,376,15000
1787311354947,49880,8684,8500,376,15000
1787311355046,49880,8684,8500,376,15000
1787311355147,49880,8684,8500,376,15000
1787311355246,49880,8684,8500,376,15000
1787311355346,49880,8684,8500,376,15000
1787311355446,49880,8684,8500,376,15000
1787311355546,49880,8684,8500,376,15000
1787311355646,49880,8684,8500,376,15000
1787311355746,49880,8684,8500,376,15000
1787311355846,49880,8684,8500,376,15000
1787311355946,49880,8684,8500,376,15000
1787311356046,49880,8684,8500,376,15000
1787311356146,49880,8684,8500,376,15000
1787311356246,49880,8684,8500,376,15000
1787311356346,49880,8684,8500,376,15000
1787311356446,49880,8684,8500,376,15000
1787311356546,49880,8684,8500,376,15000
1787311356646,49880,8684,8500,376,15000
1787311356746,49880,8684,8500,376,15000
1787311356846,49880,8684,8500,376,15000
1787311356946,49880,8684,8500,376,15000
1787311357046,49880,8684,8500,376,15000
1787311357146,49880,8684,8500,376,15000
1787311357246,49880,8684,8500,376,15000
1787311357346,49880,8684,8500,376,15000
1787311357446,49880,8684,8500,376,15000
1787311357546,49880,8684,8500,376,15000
1787311357646,49880,8684,8500,376,15000
1787311357746,49880,8684,8500,376,15000
1787311357846,49880,8684,8500,376,15000
1787311357946,49880,8684,8500,376,15000
1787311358047,49880,8684,8500,376,15000
1787311358146,49880,8684,8500,376,15000
1787311358246,49880,8684,8500,376,15000
1787311358346,49880,8684,8500,376,15000
1787311358446,49880,8684,8500,376,15000
1787311358546,49880,8684,8500,376,15000
1787311358646,49880,8684,8500,376,15000
1787311358746,49880,8684,8500,376,15000
1787311358847,49880,8684,8500,376,15000
1787311358946,49880,8684,8500,376,15000
1787311359046,49880,8684,8500,376,15000
1787311359147,49880,8684,8500,376,15000
1787311359246,49880,8684,8500,376,15000
1787311359346,49880,8684,8500,376,15000
1787311359446,49880,8684,8500,376,15000
1787311359546,49880,8684,8500,376,15000
1787311359646,49880,8684,8500,376,15000
1787311359746,49880,8684,8500,376,15000
1787311359846,49880,8684,8500,376,15000
1787311359946,49880,8684,8500,376,15000
1787311360046,49880,8684,8500,376,15000
1787311360146,49880,8684,8500,376,15000
1787311360246,49880,8684,8500,376,15000
1787311360346,49880,8684,8500,376,15000
1787311360446,49880,8684,8500,376,15000
1787311360547,49880,8684,8500,376,15000
1787311360646,49880,8684,8500,376,15000
1787311360746,49880,8684,8500,376,15000
1787311360846,49880,8684,8500,376,15000
1787311360946,49880,8684,8500,376,15000
1787311361046,49880,8684,8500,376,15000
1787311361146,49880,8684,8500,376,15000
1787311361246,49880,8684,8500,376,15000
1787311361346,49880,8684,8500,376,15000
1787311361446,49880,8684,8500,376,15000
1787311361546,49880,8684,8600,376,15000
1787311361646,49880,8684,8600,376,15000
1787311361746,49880,8684,8600,376,15000
1787311361846,49880,8684,8600,376,15000
1787311361946,49880,8684,8500,376,15000
1787311362046,49880,8684,8500,376,15000
1787311362146,49880,8684,8500,376,15000
1787311362246,49880,8684,8500,376,15000
1787311362346,49880,8684,8500,376,15000
1787311362447,49880,8684,8500,376,15000
1787311362547,49880,8684,8500,376,15000
1787311362646,49880,8684,8500,376,15000
1787311362747,49880,8684,8500,376,15000
1787311362846,49880,8684,8500,376,15000
1787311362946,49880,8684,8500,376,15000
1787311363047,49880,8684,8500,376,15000
1787311363146,49880,8684,8500,376,15000
1787311363246,49880,8684,8600,376,15000
1787311363347,49880,8684,8600,376,15000
1787311363447,49880,8684,8600,376,15000
1787311363547,49880,8684,8600,376,15000
1787311363646,49880,8684,8600,376,15000
1787311363746,49880,8684,8600,376,15000
1787311363846,49880,8684,8500,376,15000
1787311363946,49880,8684,8500,376,15000
1787311364046,49880,8684,8500,376,15000
1787311364146,49880,8684,8500,376,15000
1787311364246,49880,8684,8500,376,15000
1787311364347,49880,8684,8500,376,15000
1787311364446,49880,8684,8500,376,15000
1787311364546,49880,8684,8500,376,15000
1787311364646,49880,8684,8500,376,15000
1787311364746,49880,8684,8500,376,15000
1787311364846,49880,8684,8500,376,15000
1787311364946,49880,8684,8500,376,15000
1787311365046,49880,8684,8500,376,15000
1787311365147,49880,8684,8600,376,15000
1787311365246,49880,8684,8600,376,15000
1787311365346,49880,8684,8600,376,15000
1787311365446,49880,8684,8600,376,15000
1787311365546,49880,8684,8600,376,15000
1787311365646,49880,8684,8600,376,15000
1787311365746,49880,8684,8500,376,15000
1787311365846,49880,8684,8500,376,15000
1787311365947,49880,8684,8500,376,15000
1787311366046,49880,8684,8500,376,15000
1787311366146,49880,8684,8500,376,15000
1787311366246,49880,8684,8500,376,15000
1787311366346,49880,8684,8500,376,15000
1787311366446,49880,8684,8500,376,15000
1787311366546,49880,8684,8500,376,15000
1787311366646,49880,8684,8500,376,15000
1787311366746,49880,8684,8500,376,15000
1787311366846,49880,8684,8600,376,15000
1787311366946,49880,8684,8600,376,15000
1787311367046,49880,8684,8600,376,15000
1787311367146,49880,8684,8600,376,15000
1787311367246,49880,8684,8600,376,15000
1787311367346,49880,8684,8600,376,15000
1787311367446,49880,8684,8600,376,15000
1787311367546,49880,8684,8600,376,15000
1787311367646,49880,8684,8600,376,15000
1787311367746,49880,8684,8600,376,15000
1787311367846,49880,8684,8600,376,15000
1787311367946,49880,8684,8600,376,15000
1787311368046,49880,8684,8500,376,15000
1787311368146,49880,8684,8500,376,15000
1787311368246,49880,8684,8500,376,15000
1787311368346,49880,8684,8500,376,15000
1787311368446,49880,8684,8500,376,15000
1787311368546,49880,8684,8500,376,15000
1787311368646,49880,8684,8500,376,15000
1787311368747,49880,8684,8500,376,15000
1787311368846,49880,8684,8500,376,15000
1787311368946,49880,8684,8500,376,15000
1787311369046,49880,8684,8500,376,15000
1787311369149,49880,8684,8500,376,15000
1787311369246,49880,8684,8500,376,15000
1787311369346,49880,8684,8500,376,15000
1787311369446,49880,8684,8500,376,15000
1787311369546,49880,8684,8500,376,15000
1787311369646,49880,8684,8500,376,15000
1787311369746,49880,8684,8500,376,15000
1787311369846,49880,8684,8500,376,15000
1787311369946,49880,8684,8500,376,15000
1787311370046,49880,8684,8500,376,15000
1787311370146,49880,8684,8500,376,15000
1787311370246,49880,8684,8500,376,15000
1787311370346,49880,8684,8500,376,15000
1787311370446,49880,8684,8500,376,15000
1787311370546,49880,8684,8500,376,15000
1787311370646,49880,8684,8500,376,15000
1787311370746,49880,8684,8500,376,15000
1787311370846,49880,8684,8500,376,15000
1787311370946,49880,8684,8500,376,15000
1787311371046,49880,8684,8500,376,15000
1787311371146,49880,8684,8500,376,15000
1787311371247,49880,8684,8500,376,15000
1787311371346,49880,8684,8500,376,15000
1787311371446,49880,8684,8500,376,15000
1787311371546,49880,8684,8500,376,15000
1787311371646,49880,8684,8500,376,15000
1787311371747,49880,8684,8500,376,15000
1787311371846,49880,8684,8500,376,15000
1787311371946,49880,8684,8500,376,15000
1787311372046,49880,8684,8500,376,15000
1787311372146,49880,8684,8500,376,15000
1787311372246,49880,8684,8600,376,15000
1787311372346,49880,8684,8600,376,15000
1787311372446,49880,8684,8600,376,15000
1787311372546,49880,8684,8600,376,15000
1787311372646,49880,8684,8600,376,15000
1787311372747,49880,8684,8600,376,15000
1787311372846,49880,8684,8600,376,15000
1787311372947,49880,8684,8600,376,15000
1787311373046,49880,8684,8600,376,15000
1787311373146,49880,8684,8600,376,15000
1787311373246,49880,8684,8600,376,15000
1787311373347,49880,8684,8600,376,15000
1787311373446,49880,8684,8600,376,15000
1787311373546,49880,8684,8500,376,15000
1787311373646,49880,8684,8500,376,15000
1787311373746,49880,8684,8500,376,15000
1787311373846,49880,8684,8500,376,15000
1787311373947,49880,8684,8500,376,15000
1787311374046,49880,8684,8500,376,15000
1787311374147,49880,8684,8500,376,15000
1787311374246,49880,8684,8500,376,15000
1787311374346,49880,8684,8500,376,15000
1787311374446,49880,8684,8500,376,15000
1787311374546,49880,8684,8500,376,15000
1787311374646,49880,8684,8500,376,15000
1787311374746,49880,8684,8500,376,15000
1787311374846,49880,8684,8500,376,15000
1787311374946,49880,8684,8500,376,15000
1787311375046,49880,8684,8500,376,15000
1787311375146,49880,8684,8500,376,15000
1787311375246,49880,8684,8500,376,15000
1787311375346,49880,8684,8500,376,15000
1787311375446,49880,8684,8500,376,15000
1787311375546,49880,8684,8500,376,15000
1787311375646,49880,8684,8500,376,15000
1787311375747,49880,8684,8500,376,15000
1787311375846,49880,8684,8500,376,15000
1787311375946,49880,8684,8500,376,15000
1787311376046,49880,8684,8600,376,15000
1787311376146,49880,8684,8600,376,15000
1787311376246,49880,8684,8600,376,15000
1787311376346,49880,8684,8600,376,15000
1787311376447,49880,8684,8600,376,15000
1787311376546,49880,8684,8600,376,15000
1787311376646,49880,8684,8500,376,15000
1787311376747,49880,8684,8500,376,15000
1787311376847,49880,8684,8500,376,15000
1787311376947,49880,8684,8500,376,15000
1787311377046,49880,8684,8500,376,15000
1787311377146,49880,8684,8500,376,15000
1787311377247,49880,8684,8500,376,15000
1787311377346,49880,8684,8500,376,15000
1787311377446,49880,8684,8500,376,15000
1787311377546,49880,8684,8500,376,15000
1787311377646,49880,8684,8600,376,15000
1787311377746,49880,8684,8600,376,15000
1787311377846,49880,8684,8600,376,15000
1787311377946,49880,8684,8600,376,15000
1787311378046,49880,8684,8600,376,15000
1787311378146,49880,8684,8600,376,15000
1787311378247,49880,8684,8600,376,15000
1787311378346,49880,8684,8500,376,15000
1787311378447,49880,8684,8500,376,15000
1787311378546,49880,8684,8500,376,15000
1787311378646,49880,8684,8500,376,15000
1787311378746,49880,8684,8500,376,15000
1787311378846,49880,8684,8500,376,15000
1787311378946,49880,8684,8500,376,15000
1787311379046,49880,8684,8500,376,15000
1787311379146,49880,8684,8500,376,15000
1787311379246,49880,8684,8500,376,15000
1787311379346,49880,8684,8500,376,15000
1787311379447,49880,8684,8500,376,15000
1787311379546,49880,8684,8600,376,15000
1787311379647,49880,8684,8600,376,15000
1787311379746,49880,8684,8600,376,15000
1787311379846,49880,8684,8600,376,15000
1787311379946,49880,8684,8600,376,15000
1787311380046,49880,8684,8600,376,15000
1787311380146,49880,8684,8500,376,15000
1787311380246,49880,8684,8500,376,15000
1787311380346,49880,8684,8500,376,15000
1787311380446,49880,8684,8500,376,15000
1787311380546,49880,8684,8500,376,15000
1787311380646,49880,8684,8500,376,15000
1787311380746,49880,8684,8500,376,15000
1787311380847,49880,8684,8500,376,15000
1787311380946,49880,8684,8500,376,15000
1787311381046,49880,8684,8500,376,15000
1787311381146,49880,8684,8500,376,15000
1787311381246,49880,8684,8500,376,15000
1787311381346,49880,8684,8500,376,15000
1787311381446,49880,8684,8500,376,15000
1787311381546,49880,8684,8500,376,15000
1787311381647,49880,8684,8500,376,15000
1787311381746,49880,8684,8500,376,15000
1787311381846,49880,8684,8500,376,15000
1787311381946,49880,8684,8500,376,15000
1787311382046,49880,8684,8500,376,15000
1787311382146,49880,8684,8500,376,15000
1787311382247,49880,8684,8500,376,15000
1787311382346,49880,8684,8500,376,15000
1787311382446,49880,8684,8500,376,15000
1787311382546,49880,8684,8500,376,15000
1787311382646,49880,8684,8500,376,15000
1787311382746,49880,8684,8500,376,15000
1787311382846,49880,8684,8500,376,15000
1787311382946,49880,8684,8500,376,15000
1787311383046,49880,8684,8500,376,15000
1787311383146,49880,8684,8500,376,15000
1787311383246,49880,8684,8500,376,15000
1787311383346,49880,8684,8500,376,15000
1787311383446,49880,8684,8500,376,15000
1787311383546,49880,8684,8500,376,15000
1787311383646,49880,8684,8500,376,15000
1787311383746,49880,8684,8500,376,15000
1787311383846,49880,8684,8500,376,15000
1787311383946,49880,8684,8500,376,15000
1787311384046,49880,8684,8500,376,15000
1787311384147,49880,8684,8500,376,15000
1787311384246,49880,8684,8500,376,15000
1787311384346,49880,8684,8500,376,15000
1787311384446,49880,8684,8500,376,15000
1787311384546,49880,8684,8500,376,15000
1787311384646,49880,8684,8500,376,15000
1787311384746,49880,8684,8500,376,15000
1787311384846,49880,8684,8500,376,15000
1787311384946,49880,8684,8500,376,15000
1787311385046,49880,8684,8500,376,15000
1787311385147,49880,8684,8500,376,15000
1787311385246,49880,8684,8500,376,15000
1787311385346,49880,8684,8500,376,15000
1787311385447,49880,8684,8500,376,15000
1787311385546,49880,8684,8500,376,15000
1787311385646,49880,8684,8500,376,15000
1787311385747,49880,8684,8500,376,15000
1787311385846,49880,8684,8500,376,15000
1787311385946,49880,8684,8500,376,15000
1787311386046,49880,8684,8500,376,15000
1787311386146,49880,8684,8500,376,15000
1787311386246,49880,8684,8500,376,15000
1787311386346,49880,8684,8500,376,15000
1787311386446,49880,8684,8500,376,15000
1787311386546,49880,8684,8500,376,15000
1787311386647,49880,8684,8500,376,15000
1787311386746,49880,8684,8500,376,15000
1787311386846,49880,8684,8500,376,15000
1787311386946,49880,8684,8500,376,15000
1787311387047,49880,8684,8500,376,15000
1787311387147,49880,8684,8500,376,15000
1787311387246,49880,8684,8500,376,15000
1787311387346,49880,8684,8500,376,15000
1787311387446,49880,8684,8500,376,15000
1787311387547,49880,8684,8500,376,15000
1787311387646,49880,8684,8500,376,15000
1787311387746,49880,8684,8500,376,15000
1787311387846,49880,8684,8500,376,15000
1787311387946,49880,8684,8500,376,15000
1787311388046,49880,8684,8500,376,15000
1787311388147,49880,8684,8500,376,15000
1787311388246,49880,8684,8500,376,15000
1787311388346,49880,8684,8500,376,15000
1787311388446,49880,8684,8500,376,15000
1787311388547,49880,8684,8500,376,15000
1787311388646,49880,8684,8500,376,15000
1787311388746,49880,8684,8500,376,15000
1787311388846,49880,8684,8500,376,15000
1787311388947,49880,8684,8500,376,15000
1787311389046,49880,8684,8500,376,15000
1787311389146,49880,8684,8500,376,15000
1787311389246,49880,8684,8500,376,15000
1787311389346,49880,8684,8500,376,15000
1787311389446,49880,8684,8500,376,15000
1787311389546,49880,8684,8500,376,15000
1787311389646,49880,8684,8500,376,15000
1787311389746,49880,8684,8500,376,15000
1787311389846,49880,8684,8500,376,15000
1787311389947,49880,8684,8500,376,15000
1787311390046,49880,8684,8500,376,15000
1787311390146,49880,8684,8500,376,15000
1787311390246,49880,8684,8500,376,15000
1787311390346,49880,8684,8600,376,15000
1787311390446,49880,8684,8600,376,15000
1787311390547,49880,8684,8600,376,15000
1787311390646,49880,8684,8600,376,15000
1787311390746,49880,8684,8600,376,15000
1787311390846,49880,8684,8600,376,15000
1787311390946,49880,8684,8600,376,15000
1787311391047,49880,8684,8600,376,15000
1787311391146,49880,8684,8600,376,15000
1787311391246,49880,8684,8600,376,15000
1787311391346,49880,8684,8600,376,15000
1787311391446,49880,8684,8600,376,15000
1787311391546,49880,8684,8600,376,15000
1787311391646,49880,8684,8500,376,15000
1787311391746,49880,8684,8500,376,15000
1787311391846,49880,8684,8500,376,15000
1787311391946,49880,8684,8500,376,15000
1787311392046,49880,8684,8500,376,15000
1787311392146,49880,8684,8500,376,15000
1787311392246,49880,8684,8500,376,15000
1787311392346,49880,8684,8500,376,15000
1787311392446,49880,8684,8500,376,15000
1787311392547,49880,8684,8500,376,15000
1787311392646,49880,8684,8500,376,15000
1787311392746,49880,8684,8500,376,15000
1787311392847,49880,8684,8500,376,15000
1787311392946,49880,8684,8500,376,15000
1787311393046,49880,8684,8500,376,15000
1787311393146,49880,8684,8500,376,15000
1787311393246,49880,8684,8500,376,15000
1787311393346,49880,8684,8500,376,15000
1787311393446,49880,8684,8500,376,15000
1787311393546,49880,8684,8600,376,15000
1787311393646,49880,8684,8600,376,15000
1787311393746,49880,8684,8600,376,15000
1787311393847,49880,8684,8600,376,15000
1787311393946,49880,8684,8600,376,15000
1787311394046,49880,8684,8600,376,15000
1787311394146,49880,8684,8500,376,15000
1787311394246,49880,8684,8500,376,15000
1787311394346,49880,8684,8500,376,15000
1787311394446,49880,8684,8500,376,15000
1787311394547,49880,8684,8500,376,15000
1787311394646,49880,8684,8500,376,15000
1787311394746,49880,8684,8500,376,15000
1787311394846,49880,8684,8500,376,15000
1787311394946,49880,8684,8500,376,15000
1787311395047,49880,8684,8500,376,15000
1787311395146,49880,8684,8500,376,15000
1787311395246,49880,8684,8500,376,15000
1787311395346,49880,8684,8500,376,15000
1787311395446,49880,8684,8500,376,15000
1787311395547,49880,8684,8500,376,15000
1787311395646,49880,8684,8500,376,15000
1787311395746,49880,8684,8500,376,15000
1787311395847,49880,8684,8600,376,15000
1787311395946,49880,8684,8600,376,15000
1787311396046,49880,8684,8600,376,15000
1787311396146,49880,8684,8600,376,15000
1787311396246,49880,8684,8600,376,15000
1787311396346,49880,8684,8600,376,15000
1787311396446,49880,8684,8500,376,15000
1787311396546,49880,8684,8500,376,15000
1787311396646,49880,8684,8500,376,15000
1787311396746,49880,8684,8500,376,15000
1787311396846,49880,8684,8500,376,15000
1787311396947,49880,8684,8500,376,15000
1787311397046,49880,8684,8500,376,15000
1787311397146,49880,8684,8500,376,15000
1787311397246,49880,8684,8500,376,15000
1787311397346,49880,8684,8500,376,15000
1787311397446,49880,8684,8500,376,15000
1787311397546,49880,8684,8500,376,15000
1787311397647,49880,8684,8500,376,15000
1787311397746,49880,8684,8500,376,15000
1787311397846,49880,8684,8500,376,15000
1787311397946,49880,8684,8500,376,15000
1787311398047,49880,8684,8500,376,15000
1787311398146,49880,8684,8500,376,15000
1787311398246,49880,8684,8500,376,15000
1787311398346,49880,8684,8500,376,15000
1787311398446,49880,8684,8500,376,15000
1787311398546,49880,8684,8500,376,15000
1787311398646,49880,8684,8500,376,15000
1787311398746,49880,8684,8500,376,15000
1787311398846,49880,8684,8500,376,15000
1787311398946,49880,8684,8600,376,15000
1787311399046,49880,8684,8600,376,15000
1787311399146,49880,8684,8600,376,15000
1787311399247,49880,8684,8600,376,15000
1787311399347,49880,8684,8600,376,15000
1787311399446,49880,8684,8600,376,15000
1787311399546,49880,8684,8500,376,15000
1787311399646,49880,8684,8500,376,15000
1787311399746,49880,8684,8500,376,15000
1787311399846,49880,8684,8500,376,15000
1787311399946,49880,8684,8500,376,15000
1787311400046,49880,8684,8500,376,15000
1787311400146,49880,8684,8500,376,15000
1787311400246,49880,8684,8500,376,15000
1787311400347,49880,8684,8500,376,15000
1787311400446,49880,8684,8500,376,15000
1787311400546,49880,8684,8500,376,15000
1787311400646,49880,8684,8500,376,15000
1787311400746,49880,8684,8500,376,15000
1787311400846,49880,8684,8500,376,15000
1787311400946,49880,8684,8500,376,15000
1787311401046,49880,8684,8500,376,15000
1787311401146,49880,8684,8500,376,15000
1787311401246,49880,8684,8500,376,15000
1787311401346,49880,8684,8500,376,15000
1787311401446,49880,8684,8600,376,15000
1787311401546,49880,8684,8600,376,15000
1787311401647,49880,8684,8600,376,15000
1787311401746,49880,8684,8600,376,15000
1787311401846,49880,8684,8600,376,15000
1787311401947,49880,8684,8600,376,15000
1787311402046,49880,8684,8600,376,15000
1787311402147,49880,8684,8600,376,15000
1787311402246,49880,8684,8600,376,15000
1787311402347,49880,8684,8600,376,15000
1787311402446,49880,8684,8600,376,15000
1787311402546,49880,8684,8500,376,15000
1787311402646,49880,8684,8500,376,15000
1787311402746,49880,8684,8500,376,15000
1787311402846,49880,8684,8500,376,15000
1787311402946,49880,8684,8500,376,15000
1787311403046,49880,8684,8500,376,15000
1787311403146,49880,8684,8500,376,15000
1787311403246,49880,8684,8500,376,15000
1787311403346,49880,8684,8500,376,15000
1787311403446,49880,8684,8500,376,15000
1787311403546,49880,8684,8500,376,15000
1787311403646,49880,8684,8500,376,15000
1787311403747,49880,8684,8500,376,15000
1787311403846,49880,8684,8500,376,15000
1787311403946,49880,8684,8500,376,15000
1787311404046,49880,8684,8500,376,15000
1787311404146,49880,8684,8500,376,15000
1787311404246,49880,8684,8500,376,15000
1787311404346,49880,8684,8500,376,15000
1787311404446,49880,8684,8500,376,15000
1787311404546,49880,8684,8500,376,15000
1787311404646,49880,8684,8500,376,15000
1787311404747,49880,8684,8500,376,15000
1787311404846,49880,8684,8500,376,15000
1787311404946,49880,8684,8500,376,15000
1787311405046,49880,8684,8500,376,15000
1787311405146,49880,8684,8500,376,15000
1787311405246,49880,8684,8500,376,15000
1787311405346,49880,8684,8500,376,15000
1787311405446,49880,8684,8500,376,15000
1787311405547,49880,8684,8500,376,15000
1787311405646,49880,8684,8500,376,15000
1787311405746,49880,8684,8500,376,15000
1787311405847,49880,8684,8500,376,15000
1787311405946,49880,8684,8500,376,15000
1787311406046,49880,8684,8500,376,15000
1787311406146,49880,8684,8500,376,15000
1787311406246,49880,8684,8500,376,15000
1787311406347,49880,8684,8500,376,15000
1787311406446,49880,8684,8500,376,15000
1787311406546,49880,8684,8500,376,15000
1787311406646,49880,8684,8500,376,15000
1787311406746,49880,8684,8500,376,15000
1787311406846,49880,8684,8500,376,15000
1787311406946,49880,8684,8500,376,15000
1787311407046,49880,8684,8500,376,15000
1787311407147,49880,8684,8500,376,15000
1787311407246,49880,8684,8500,376,15000
1787311407346,49880,8684,8500,376,15000
1787311407446,49880,8684,8500,376,15000
1787311407546,49880,8684,8500,376,15000
1787311407647,49880,8684,8500,376,15000
1787311407746,49880,8684,8500,376,15000
1787311407846,49880,8684,8500,376,15000
1787311407946,49880,8684,8600,376,15000
1787311408046,49880,8684,8600,376,15000
1787311408146,49880,8684,8600,376,15000
1787311408246,49880,8684,8600,376,15000
1787311408346,49880,8684,8600,376,15000
1787311408446,49880,8684,8600,376,15000
1787311408546,49880,8684,8500,376,15000
1787311408647,49880,8684,8500,376,15000
1787311408747,49880,8684,8500,376,15000
1787311408847,49880,8684,8500,376,15000
1787311408946,49880,8684,8500,376,15000
1787311409046,49880,8684,8500,376,15000
1787311409146,49880,8684,8500,376,15000
1787311409246,49880,8684,8500,376,15000
1787311409346,49880,8684,8500,376,15000
1787311409446,49880,8684,8500,376,15000
1787311409546,49880,8684,8500,376,15000
1787311409646,49880,8684,8500,376,15000
1787311409746,49880,8684,8500,376,15000
1787311409846,49880,8684,8500,376,15000
1787311409946,49880,8684,8500,376,15000
1787311410047,49880,8684,8500,376,15000
1787311410147,49880,8684,8500,376,15000
1787311410246,49880,8684,8500,376,15000
1787311410346,49880,8684,8500,376,15000
1787311410446,49880,8684,8500,376,15000
1787311410546,49880,8684,8500,376,15000
1787311410646,49880,8684,8500,376,15000
1787311410746,49880,8684,8500,376,15000
1787311410847,49880,8684,8500,376,15000
1787311410947,49880,8684,8500,376,15000
1787311411046,49880,8684,8500,376,15000
1787311411146,49880,8684,8500,376,15000
1787311411247,49880,8684,8500,376,15000
1787311411346,49880,8684,8500,376,15000
1787311411446,49880,8684,8500,376,15000
1787311411546,49880,8684,8500,376,15000
1787311411646,49880,8684,8500,376,15000
1787311411746,49880,8684,8500,376,15000
1787311411846,49880,8684,8500,376,15000
1787311411946,49880,8684,8500,376,15000
1787311412046,49880,8684,8500,376,15000
1787311412147,49880,8684,8500,376,15000
1787311412246,49880,8684,8500,376,15000
1787311412346,49880,8684,8500,376,15000
1787311412446,49880,8684,8500,376,15000
1787311412546,49880,8684,8500,376,15000
1787311412647,49880,8684,8500,376,15000
1787311412746,49880,8684,8500,376,15000
1787311412846,49880,8684,8500,376,15000
1787311412946,49880,8684,8500,376,15000
1787311413046,49880,8684,8500,376,15000
1787311413146,49880,8684,8500,376,15000
1787311413246,49880,8684,8500,376,15000
1787311413346,49880,8684,8500,376,15000
1787311413446,49880,8684,8500,376,15000
1787311413546,49880,8684,8500,376,15000
1787311413646,49880,8684,8500,376,15000
1787311413747,49880,8684,8500,376,15000
1787311413847,49880,8684,8500,376,15000
1787311413946,49880,8684,8500,376,15000
1787311414046,49880,8684,8500,376,15000
1787311414146,49880,8684,8500,376,15000
1787311414246,49880,8684,8500,376,15000
1787311414346,49880,8684,8500,376,15000
1787311414446,49880,8684,8500,376,15000
1787311414546,49880,8684,8500,376,15000
1787311414646,49880,8684,8500,376,15000
1787311414746,49880,8684,8500,376,15000
1787311414846,49880,8684,8500,376,15000
1787311414946,49880,8684,8500,376,15000
1787311415046,49880,8684,8500,376,15000
1787311415146,49880,8684,8500,376,15000
1787311415246,49880,8684,8500,376,15000
1787311415346,49880,8684,8500,376,15000
1787311415446,49880,8684,8500,376,15000
1787311415546,49880,8684,8500,376,15000
1787311415646,49880,8684,8500,376,15000
1787311415746,49880,8684,8500,376,15000
1787311415846,49880,8684,8500,376,15000
1787311415947,49880,8684,8500,376,15000
1787311416046,49880,8684,8500,376,15000
1787311416146,49880,8684,8500,376,15000
1787311416246,49880,8684,8500,376,15000
1787311416346,49880,8684,8500,376,15000
1787311416446,49880,8684,8500,376,15000
1787311416546,49880,8684,8600,376,15000
1787311416646,49880,8684,8600,376,15000
1787311416746,49880,8684,8600,376,15000
1787311416846,49880,8684,8600,376,15000
1787311416946,49880,8684,8600,376,15000
1787311417046,49880,8684,8600,376,15000
1787311417147,49880,8684,8500,376,15000
1787311417246,49880,8684,8500,376,15000
1787311417347,49880,8684,8500,376,15000
1787311417446,49880,8684,8500,376,15000
1787311417546,49880,8684,8500,376,15000
1787311417647,49880,8684,8500,376,15000
1787311417746,49880,8684,8500,376,15000
1787311417847,49880,8684,8500,376,15000
1787311417946,49880,8684,8500,376,15000
1787311418047,49880,8684,8500,376,15000
1787311418146,49880,8684,8500,376,15000
1787311418246,49880,8684,8500,376,15000
1787311418346,49880,8684,8500,376,15000
1787311418447,49880,8684,8500,376,15000
1787311418546,49880,8684,8500,376,15000
1787311418646,49880,8684,8500,376,15000
1787311418747,49880,8684,8500,376,15000
1787311418846,49880,8684,8500,376,15000
1787311418946,49880,8684,8500,376,15000
1787311419047,49880,8684,8500,376,15000
1787311419146,49880,8684,8500,376,15000
1787311419247,49880,8684,8500,376,15000
1787311419346,49880,8684,8500,376,15000
1787311419446,49880,8684,8600,376,15000
1787311419546,49880,8684,8600,376,15000
1787311419646,49880,8684,8600,376,15000
1787311419746,49880,8684,8600,376,15000
1787311419846,49880,8684,8600,376,15000
1787311419946,49880,8684,8600,376,15000
1787311420046,49880,8684,8600,376,15000
1787311420146,49880,8684,8600,376,15000
1787311420246,49880,8684,8600,376,15000
1787311420346,49880,8684,8600,376,15000
1787311420446,49880,8684,8600,376,15000
1787311420546,49880,8684,8600,376,15000
1787311420646,49880,8684,8600,376,15000
1787311420746,49880,8684,8500,376,15000
1787311420846,49880,8684,8500,376,15000
1787311420946,49880,8684,8500,376,15000
1787311421046,49880,8684,8500,376,15000
1787311421147,49880,8684,8500,376,15000
1787311421246,49880,8684,8500,376,15000
1787311421346,49880,8684,8500,376,15000
1787311421447,49880,8684,8500,376,15000
1787311421546,49880,8684,8500,376,15000
1787311421646,49880,8684,8500,376,15000
1787311421746,49880,8684,8500,376,15000
1787311421846,49880,8684,8500,376,15000
1787311421946,49880,8684,8500,376,15000
1787311422046,49880,8684,8500,376,15000
1787311422146,49880,8684,8500,376,15000
1787311422247,49880,8684,8500,376,15000
1787311422346,49880,8684,8500,376,15000
1787311422446,49880,8684,8500,376,15000
1787311422546,49880,8684,8500,376,15000
1787311422646,49880,8684,8500,376,15000
1787311422746,49880,8684,8500,376,15000
1787311422846,49880,8684,8500,376,15000
1787311422946,49880,8684,8500,376,15000
1787311423046,49880,8684,8500,376,15000
1787311423146,49880,8684,8500,376,15000
1787311423246,49880,8684,8500,376,15000
1787311423346,49880,8684,8500,376,15000
1787311423446,49880,8684,8500,376,15000
1787311423546,49880,8684,8500,376,15000
1787311423646,49880,8684,8600,376,15000
1787311423746,49880,8684,8600,376,15000
1787311423846,49880,8684,8600,376,15000
1787311423946,49880,8684,8600,376,15000
1787311424046,49880,8684,8600,376,15000
1787311424146,49880,8684,8600,376,15000
1787311424246,49880,8684,8600,376,15000
1787311424346,49880,8684,8500,376,15000
1787311424446,49880,8684,8500,376,15000
1787311424546,49880,8684,8500,376,15000
1787311424646,49880,8684,8500,376,15000
1787311424746,49880,8684,8500,376,15000
1787311424846,49880,8684,8500,376,15000
1787311424946,49880,8684,8500,376,15000
1787311425046,49880,8684,8500,376,15000
1787311425147,49880,8684,8500,376,15000
1787311425246,49880,8684,8500,376,15000
1787311425346,49880,8684,8500,376,15000
1787311425446,49880,8684,8500,376,15000
1787311425546,49880,8684,8500,376,15000
1787311425646,49880,8684,8500,376,15000
1787311425746,49880,8684,8500,376,15000
1787311425846,49880,8684,8500,376,15000
1787311425946,49880,8684,8500,376,15000
1787311426046,49880,8684,8500,376,15000
1787311426146,49880,8684,8600,376,15000
1787311426246,49880,8684,8600,376,15000
1787311426346,49880,8684,8600,376,15000
1787311426446,49880,8684,8600,376,15000
1787311426546,49880,8684,8600,376,15000
1787311426646,49880,8684,8600,376,15000
1787311426747,49880,8684,8500,376,15000
1787311426846,49880,8684,8500,376,15000
1787311426946,49880,8684,8500,376,15000
1787311427047,49880,8684,8500,376,15000
1787311427146,49880,8684,8500,376,15000
1787311427246,49880,8684,8500,376,15000
1787311427346,49880,8684,8500,376,15000
1787311427446,49880,8684,8500,376,15000
1787311427547,49880,8684,8500,376,15000
1787311427646,49880,8684,8500,376,15000
1787311427746,49880,8684,8500,376,15000
1787311427846,49880,8684,8500,376,15000
1787311427946,49880,8684,8500,376,15000
1787311428047,49880,8684,8600,376,15000
1787311428146,49880,8684,8600,376,15000
1787311428246,49880,8684,8600,376,15000
1787311428346,49880,8684,8600,376,15000
1787311428446,49880,8684,8600,376,15000
1787311428546,49880,8684,8600,376,15000
1787311428646,49880,8684,8500,376,15000
1787311428746,49880,8684,8500,376,15000
1787311428846,49880,8684,8500,376,15000
1787311428946,49880,8684,8500,376,15000
1787311429046,49880,8684,8500,376,15000
1787311429146,49880,8684,8500,376,15000
1787311429246,49880,8684,8500,376,15000
1787311429347,49880,8684,8500,376,15000
1787311429446,49880,8684,8500,376,15000
1787311429546,49880,8684,8500,376,15000
1787311429646,49880,8684,8500,376,15000
1787311429747,49880,8684,8500,376,15000
1787311429847,49880,8684,8500,376,15000
1787311429946,49880,8684,8500,376,15000
1787311430046,49880,8684,8500,376,15000
1787311430146,49880,8684,8500,376,15000
1787311430246,49880,8684,8600,376,15000
1787311430346,49880,8684,8600,376,15000
1787311430446,49880,8684,8600,376,15000
1787311430546,49880,8684,8600,376,15000
1787311430646,49880,8684,8600,376,15000
1787311430746,49880,8684,8600,376,15000
1787311430846,49880,8684,8600,376,15000
1787311430946,49880,8684,8500,376,15000
1787311431046,49880,8684,8500,376,15000
1787311431146,49880,8684,8500,376,15000
1787311431246,49880,8684,8500,376,15000
1787311431347,49880,8684,8500,376,15000
1787311431446,49880,8684,8500,376,15000
1787311431546,49880,8684,8600,376,15000
1787311431646,49880,8684,8600,376,15000
1787311431746,49880,8684,8600,376,15000
1787311431846,49880,8684,8600,376,15000
1787311431946,49880,8684,8600,376,15000
1787311432046,49880,8684,8600,376,15000
1787311432146,49880,8684,8600,376,15000
1787311432246,49880,8684,8600,376,15000
1787311432346,49880,8684,8600,376,15000
1787311432446,49880,8684,8600,376,15000
1787311432546,49880,8684,8600,376,15000
1787311432647,49880,8684,8600,376,15000
1787311432746,49880,8684,8500,376,15000
1787311432846,49880,8684,8500,376,15000
1787311432946,49880,8684,8500,376,15000
1787311433046,49880,8684,8500,376,15000
1787311433146,49880,8684,8500,376,15000
1787311433246,49880,8684,8500,376,15000
1787311433346,49880,8684,8500,376,15000
1787311433446,49880,8684,8600,376,15000
1787311433547,49880,8684,8600,376,15000
1787311433646,49880,8684,8600,376,15000
1787311433746,49880,8684,8600,376,15000
1787311433846,49880,8684,8600,376,15000
1787311433946,49880,8684,8600,376,15000
1787311434046,49880,8684,8500,376,15000
1787311434147,49880,8684,8500,376,15000
1787311434246,49880,8684,8500,376,15000
1787311434346,49880,8684,8500,376,15000
1787311434446,49880,8684,8500,376,15000
1787311434546,49880,8684,8500,376,15000
1787311434646,49880,8684,8500,376,15000
1787311434746,49880,8684,8500,376,15000
1787311434846,49880,8684,8500,376,15000
1787311434946,49880,8684,8500,376,15000
1787311435046,49880,8684,8500,376,15000
1787311435146,49880,8684,8500,376,15000
1787311435246,49880,8684,8500,376,15000
1787311435346,49880,8684,8500,376,15000
1787311435446,49880,8684,8500,376,15000
1787311435546,49880,8684,8500,376,15000
1787311435646,49880,8684,8500,376,15000
1787311435747,49880,8684,8500,376,15000
1787311435847,49880,8684,8500,376,15000
1787311435946,49880,8684,8500,376,15000
1787311436046,49880,8684,8500,376,15000
1787311436146,49880,8684,8500,376,15000
1787311436246,49880,8684,8500,376,15000
1787311436346,49880,8684,8500,376,15000
1787311436447,49880,8684,8500,376,15000
1787311436547,49880,8684,8500,376,15000
1787311436646,49880,8684,8500,376,15000
1787311436747,49880,8684,8500,376,15000
1787311436846,49880,8684,8500,376,15000
1787311436946,49880,8684,8500,376,15000
1787311437046,49880,8684,8500,376,15000
1787311437146,49880,8684,8500,376,15000
1787311437247,49880,8684,8500,376,15000
1787311437346,49880,8684,8500,376,15000
1787311437446,49880,8684,8500,376,15000
1787311437546,49880,8684,8500,376,15000
1787311437646,49880,8684,8500,376,15000
1787311437746,49880,8684,8500,376,15000
1787311437846,49880,8684,8500,376,15000
1787311437946,49880,8684,8500,376,15000
1787311438046,49880,8684,8500,376,15000
1787311438146,49880,8684,8500,376,15000
1787311438246,49880,8684,8500,376,15000
1787311438346,49880,8684,8500,376,15000
1787311438446,49880,8684,8500,376,15000
1787311438546,49880,8684,8500,376,15000
1787311438646,49880,8684,8500,376,15000
1787311438746,49880,8684,8500,376,15000
1787311438846,49880,8684,8500,376,15000
1787311438946,49880,8684,8500,376,15000
1787311439046,49880,8684,8500,376,15000
1787311439146,49880,8684,8500,376,15000
1787311439246,49880,8684,8500,376,15000
1787311439346,49880,8684,8500,376,15000
1787311439446,49880,8684,8500,376,15000
1787311439546,49880,8684,8500,376,15000
1787311439646,49880,8684,8500,376,15000
1787311439746,49880,8684,8500,376,15000
1787311439846,49880,8684,8500,376,15000
1787311439946,49880,8684,8500,376,15000
1787311440046,49880,8684,8500,376,15000
1787311440146,49880,8684,8600,376,15000
1787311440246,49880,8684,8600,376,15000
1787311440346,49880,8684,8600,376,15000
1787311440446,49880,8684,8600,376,15000
1787311440546,49880,8684,8600,376,15000
1787311440647,49880,8684,8600,376,15000
1787311440746,49880,8684,8500,376,15000
1787311440846,49880,8684,8500,376,15000
1787311440946,49880,8684,8500,376,15000
1787311441046,49880,8684,8500,376,15000
1787311441146,49880,8684,8500,376,15000
1787311441246,49880,8684,8500,376,15000
1787311441346,49880,8684,8500,376,15000
1787311441446,49880,8684,8500,376,15000
1787311441546,49880,8684,8500,376,15000
1787311441646,49880,8684,8500,376,15000
1787311441746,49880,8684,8500,376,15000
1787311441846,49880,8684,8500,376,15000
1787311441946,49880,8684,8500,376,15000
1787311442046,49880,8684,8500,376,15000
1787311442146,49880,8684,8500,376,15000
1787311442246,49880,8684,8500,376,15000
1787311442346,49880,8684,8600,376,15000
1787311442446,49880,8684,8600,376,15000
1787311442546,49880,8684,8600,376,15000
1787311442646,49880,8684,8600,376,15000
1787311442746,49880,8684,8600,376,15000
1787311442846,49880,8684,8600,376,15000
1787311442946,49880,8684,8500,376,15000
1787311443046,49880,8684,8500,376,15000
1787311443146,49880,8684,8500,376,15000
1787311443246,49880,8684,8500,376,15000
1787311443346,49880,8684,8500,376,15000
1787311443446,49880,8684,8500,376,15000
1787311443546,49880,8684,8500,376,15000
1787311443646,49880,8684,8500,376,15000
1787311443746,49880,8684,8500,376,15000
1787311443846,49880,8684,8500,376,15000
1787311443946,49880,8684,8500,376,15000
1787311444046,49880,8684,8500,376,15000
1787311444146,49880,8684,8500,376,15000
1787311444246,49880,8684,8500,376,15000
1787311444347,49880,8684,8500,376,15000
1787311444446,49880,8684,8500,376,15000
1787311444546,49880,8684,8500,376,15000
1787311444646,49880,8684,8500,376,15000
1787311444746,49880,8684,8500,376,15000
1787311444846,49880,8684,8500,376,15000
1787311444946,49880,8684,8500,376,15000
1787311445046,49880,8684,8500,376,15000
1787311445146,49880,8684,8500,376,15000
1787311445246,49880,8684,8500,376,15000
1787311445346,49880,8684,8500,376,15000
1787311445446,49880,8684,8500,376,15000
1787311445546,49880,8684,8600,376,15000
1787311445646,49880,8684,8600,376,15000
1787311445746,49880,8684,8600,376,15000
1787311445846,49880,8684,8600,376,15000
1787311445946,49880,8684,8600,376,15000
1787311446047,49880,8684,8600,376,15000
1787311446146,49880,8684,8600,376,15000
1787311446246,49880,8684,8600,376,15000
1787311446346,49880,8684,8600,376,15000
1787311446446,49880,8684,8600,376,15000
1787311446546,49880,8684,8500,376,15000
1787311446646,49880,8684,8500,376,15000
1787311446746,49880,8684,8500,376,15000
1787311446846,49880,8684,8500,376,15000
1787311446946,49880,8684,8500,376,15000
1787311447046,49880,8684,8500,376,15000
1787311447146,49880,8684,8500,376,15000
1787311447246,49880,8684,8600,376,15000
1787311447346,49880,8684,8600,376,15000
1787311447446,49880,8684,8600,376,15000
1787311447546,49880,8684,8600,376,15000
1787311447646,49880,8684,8600,376,15000
1787311447746,49880,8684,8600,376,15000
1787311447846,49880,8684,8600,376,15000
1787311447946,49880,8684,8600,376,15000
1787311448046,49880,8684,8600,376,15000
1787311448146,49880,8684,8600,376,15000
1787311448246,49880,8684,8600,376,15000
1787311448346,49880,8684,8600,376,15000
1787311448446,49880,8684,8500,376,15000
1787311448546,49880,8684,8500,376,15000
1787311448646,49880,8684,8500,376,15000
1787311448746,49880,8684,8500,376,15000
1787311448846,49880,8684,8500,376,15000
1787311448946,49880,8684,8500,376,15000
1787311449046,49880,8684,8500,376,15000
1787311449146,49880,8684,8500,376,15000
1787311449246,49880,8684,8500,376,15000
1787311449347,49880,8684,8500,376,15000
1787311449446,49880,8684,8500,376,15000
1787311449546,49880,8684,8500,376,15000
1787311449646,49880,8684,8500,376,15000
1787311449746,49880,8684,8500,376,15000
1787311449846,49880,8684,8500,376,15000
1787311449946,49880,8684,8500,376,15000
1787311450046,49880,8684,8500,376,15000
1787311450146,49880,8684,8500,376,15000
1787311450246,49880,8684,8500,376,15000
1787311450346,49880,8684,8500,376,15000
1787311450447,49880,8684,8500,376,15000
1787311450546,49880,8684,8500,376,15000
1787311450646,49880,8684,8500,376,15000
1787311450746,49880,8684,8500,376,15000
1787311450846,49880,8684,8500,376,15000
1787311450946,49880,8684,8500,376,15000
1787311451046,49880,8684,8500,376,15000
1787311451146,49880,8684,8500,376,15000
1787311451246,49880,8684,8500,376,15000
1787311451347,49880,8684,8500,376,15000
1787311451446,49880,8684,8500,376,15000
1787311451546,49880,8684,8500,376,15000
1787311451646,49880,8684,8500,376,15000
1787311451747,49880,8684,8500,376,15000
1787311451847,49880,8684,8500,376,15000
1787311451946,49880,8684,8500,376,15000
1787311452047,49880,8684,8500,376,15000
1787311452146,49880,8684,8500,376,15000
1787311452246,49880,8684,8600,376,15000
1787311452346,49880,8684,8600,376,15000
1787311452446,49880,8684,8600,376,15000
1787311452546,49880,8684,8600,376,15000
1787311452646,49880,8684,8500,376,15000
1787311452746,49880,8684,8500,376,15000
1787311452846,49880,8684,8500,376,15000
1787311452946,49880,8684,8500,376,15000
1787311453046,49880,8684,8500,376,15000
1787311453146,49880,8684,8500,376,15000
1787311453247,49880,8684,8500,376,15000
1787311453346,49880,8684,8500,376,15000
1787311453446,49880,8684,8500,376,15000
1787311453546,49880,8684,8500,376,15000
1787311453646,49880,8684,8500,376,15000
1787311453746,49880,8684,8500,376,15000
1787311453846,49880,8684,8600,376,15000
1787311453946,49880,8684,8600,376,15000
1787311454046,49880,8684,8600,376,15000
1787311454147,49880,8684,8600,376,15000
1787311454246,49880,8684,8600,376,15000
1787311454346,49880,8684,8600,376,15000
1787311454446,49880,8684,8600,376,15000
1787311454546,49880,8684,8600,376,15000
1787311454646,49880,8684,8600,376,15000
1787311454747,49880,8684,8600,376,15000
1787311454846,49880,8684,8600,376,15000
1787311454946,49880,8684,8600,376,15000
1787311455046,49880,8684,8600,376,15000
1787311455146,49880,8684,8500,376,15000
1787311455246,49880,8684,8500,376,15000
1787311455346,49880,8684,8500,376,15000
1787311455446,49880,8684,8500,376,15000
1787311455546,49880,8684,8500,376,15000
1787311455646,49880,8684,8500,376,15000
1787311455746,49880,8684,8500,376,15000
1787311455846,49880,8684,8500,376,15000
1787311455946,49880,8684,8500,376,15000
1787311456046,49880,8684,8500,376,15000
1787311456146,49880,8684,8500,376,15000
1787311456246,49880,8684,8500,376,15000
1787311456346,49880,8684,8500,376,15000
1787311456446,49880,8684,8600,376,15000
1787311456547,49880,8684,8600,376,15000
1787311456646,49880,8684,8600,376,15000
1787311456746,49880,8684,8600,376,15000
1787311456846,49880,8684,8600,376,15000
1787311456947,49880,8684,8600,376,15000
1787311457046,49880,8684,8600,376,15000
1787311457147,49880,8684,8600,376,15000
1787311457246,49880,8684,8600,376,15000
1787311457346,49880,8684,8600,376,15000
1787311457446,49880,8684,8600,376,15000
1787311457547,49880,8684,8600,376,15000
1787311457646,49880,8684,8600,376,15000
1787311457746,49880,8684,8600,376,15000
1787311457846,49880,8684,8600,376,15000
1787311457947,49880,8684,8600,376,15000
1787311458047,49880,8684,8500,376,15000
1787311458146,49880,8684,8500,376,15000
1787311458247,49880,8684,8500,376,15000
1787311458347,49880,8684,8500,376,15000
1787311458446,49880,8684,8500,376,15000
1787311458546,49880,8684,8500,376,15000
1787311458647,49880,8684,8500,376,15000
1787311458746,49880,8684,8500,376,15000
1787311458846,49880,8684,8500,376,15000
1787311458946,49880,8684,8500,376,15000
1787311459047,49880,8684,8500,376,15000
1787311459146,49880,8684,8500,376,15000
1787311459247,49880,8684,8500,376,15000
1787311459346,49880,8684,8400,376,15000
1787311459446,49880,8684,8400,376,15000
1787311459546,49880,8684,8400,376,15000
1787311459646,49880,8684,8400,376,15000
1787311459746,49880,8684,8400,376,15000
1787311459846,49880,8684,8400,376,15000
1787311459946,49880,8684,8500,376,15000
1787311460046,49880,8684,8500,376,15000
1787311460147,49880,8684,8500,376,15000
1787311460246,49880,8684,8500,376,15000
1787311460346,49880,8684,8500,376,15000
1787311460446,49880,8684,8500,376,15000
1787311460546,49880,8684,8600,376,15000
1787311460646,49880,8684,8600,376,15000
1787311460747,49880,8684,8600,376,15000
1787311460846,49880,8684,8600,376,15000
1787311460947,49880,8684,8600,376,15000
1787311461046,49880,8684,8600,376,15000
1787311461146,49880,8684,8500,376,15000
1787311461246,49880,8684,8500,376,15000
1787311461346,49880,8684,8500,376,15000
1787311461446,49880,8684,8500,376,15000
1787311461546,49880,8684,8500,376,15000
1787311461646,49880,8684,8500,376,15000
1787311461746,49880,8684,8500,376,15000
1787311461846,49880,8684,8500,376,15000
1787311461947,49880,8684,8500,376,15000
1787311462046,49880,8684,8500,376,15000
1787311462146,49880,8684,8500,376,15000
1787311462246,49880,8684,8500,376,15000
1787311462346,49880,8684,8500,376,15000
1787311462446,49880,8684,8600,376,15000
1787311462546,49880,8684,8600,376,15000
1787311462647,49880,8684,8600,376,15000
1787311462746,49880,8684,8600,376,15000
1787311462847,49880,8684,8600,376,15000
1787311462947,49880,8684,8600,376,15000
1787311463046,49880,8684,8500,376,15000
1787311463147,49880,8684,8500,376,15000
1787311463246,49880,8684,8500,376,15000
1787311463346,49880,8684,8500,376,15000
1787311463446,49880,8684,8500,376,15000
1787311463547,49880,8684,8500,376,15000
1787311463646,49880,8684,8500,376,15000
1787311463746,49880,8684,8500,376,15000
1787311463846,49880,8684,8500,376,15000
1787311463946,49880,8684,8500,376,15000
1787311464046,49880,8684,8500,376,15000
1787311464146,49880,8684,8500,376,15000
1787311464246,49880,8684,8500,376,15000
1787311464346,49880,8684,8500,376,15000
1787311464446,49880,8684,8500,376,15000
1787311464547,49880,8684,8500,376,15000
1787311464646,49880,8684,8500,376,15000
1787311464746,49880,8684,8500,376,15000
1787311464846,49880,8684,8500,376,15000
1787311464946,49880,8684,8500,376,15000
1787311465047,49880,8684,8500,376,15000
1787311465146,49880,8684,8500,376,15000
1787311465246,49880,8684,8500,376,15000
1787311465346,49880,8684,8500,376,15000
1787311465447,49880,8684,8500,376,15000
1787311465546,49880,8684,8500,376,15000
1787311465646,49880,8684,8500,376,15000
1787311465746,49880,8684,8500,376,15000
1787311465847,49880,8684,8500,376,15000
1787311465946,49880,8684,8500,376,15000
1787311466047,49880,8684,8500,376,15000
1787311466146,49880,8684,8500,376,15000
1787311466246,49880,8684,8500,376,15000
1787311466346,49880,8684,8500,376,15000
1787311466446,49880,8684,8500,376,15000
1787311466546,49880,8684,8500,376,15000
1787311466646,49880,8684,8500,376,15000
1787311466747,49880,8684,8500,376,15000
1787311466846,49880,8684,8500,376,15000
1787311466947,50000,0,8500,376,15000
1787311467046,50000,0,8500,376,15000
1787311467147,50000,0,8500,376,15000
1787311467246,50000,0,8300,376,15000
1787311467346,50000,0,8300,376,15000
1787311467446,50000,0,8300,376,15000
1787311467546,50000,0,8300,376,15000
1787311467646,50000,0,8300,376,15000
1787311467747,50000,0,8300,376,15000
1787311467846,50000,0,8300,376,15000
1787311467946,50000,0,100,376,15000
1787311468046,50000,0,100,376,15000
1787311468146,50000,0,100,376,15000
1787311468246,50000,0,100,376,15000
1787311468346,50000,0,0,376,15000
1787311468446,50000,0,0,376,15000
1787311468546,50000,0,0,376,15000
1787311468646,50000,0,0,376,15000
1787311468746,50000,0,0,376,15000
1787311468846,50000,0,0,376,15000
1787311468946,50000,0,0,376,15000
1787311469046,50000,0,0,376,15000
1787311469146,50000,0,0,376,15000
1787311469247,50000,0,0,376,15000
1787311469346,50000,0,0,376,15000
1787311469446,50000,0,0,376,15000
1787311469546,50000,0,0,376,15000
1787311469647,50000,0,0,376,15000
1787311469746,50000,0,0,376,15000
1787311469846,50000,0,0,376,15000
1787311469946,50000,0,0,376,15000
1787311470046,50000,0,0,376,15000
1787311470146,50000,0,0,376,15000
1787311470246,50000,0,0,376,15000
1787311470346,50000,0,0,376,15000
1787311470446,50000,0,0,376,15000
1787311470546,50000,0,0,376,15000
1787311470646,50000,0,0,376,15000
1787311470747,50000,0,0,376,15000
1787311470846,50000,0,0,376,15000
1787311470946,50000,0,0,376,15000
1787311471046,50000,0,0,376,15000
1787311471146,50000,0,0,376,15000
1787311471247,50000,0,0,376,15000
1787311471347,50000,0,0,376,15000
1787311471446,50000,0,0,376,15000
1787311471546,50000,0,0,376,15000
1787311471646,50000,0,0,376,15000
1787311471746,50000,0,0,376,15000
1787311471846,50000,0,0,376,15000
1787311471946,50000,0,0,376,15000
1787311472046,50000,0,0,376,15000
1787311472146,50000,0,0,376,15000
1787311472246,50000,0,0,376,15000
1787311472346,50000,0,0,376,15000
1787311472446,50000,0,0,376,15000
1787311472546,50000,0,0,376,15000
1787311472646,50000,0,0,376,15000
1787311472746,50000,0,0,376,15000
1787311472846,50000,0,0,376,15000
1787311472946,50000,0,0,376,15000
1787311473047,50000,0,0,376,15000
1787311473146,50000,0,0,376,15000
1787311473246,50000,0,0,376,15000
1787311473346,50000,0,0,376,15000
1787311473446,50000,0,0,376,15000
1787311473547,50000,0,0,376,15000
1787311473646,50000,0,0,376,15000
1787311473746,50000,0,0,376,15000
1787311473846,50000,0,0,376,15000
1787311473946,50000,0,0,376,15000
1787311474046,50000,0,0,376,15000
1787311474146,50000,0,0,376,15000
1787311474246,50000,0,0,376,15000
1787311474346,50000,0,0,376,15000
1787311474446,50000,0,0,376,15000
1787311474546,50000,0,0,376,15000
1787311474646,50000,0,0,376,15000
1787311474747,50000,0,0,376,15000
1787311474846,50000,0,0,376,15000
1787311474946,50000,0,0,376,15000
1787311475047,50000,0,0,376,15000
1787311475146,50000,0,0,376,15000
1787311475246,50000,0,0,376,15000
1787311475346,50000,0,0,376,15000
1787311475447,50000,0,0,376,15000
1787311475546,50000,0,0,376,15000
1787311475646,50000,0,0,376,15000
1787311475746,50000,0,0,376,15000
1787311475847,50000,0,0,376,15000
1787311475946,50000,0,0,376,15000
1787311476046,50000,0,0,376,15000
1787311476146,50000,0,0,376,15000
1787311476246,50000,0,0,376,15000
1787311476346,50000,0,0,376,15000
1787311476447,50000,0,0,376,15000
1787311476546,50000,0,0,376,15000
1787311476646,50000,0,0,376,15000
1787311476746,50000,0,0,376,15000
1787311476846,50000,0,0,376,15000
1787311476947,50000,0,0,376,15000
1787311477046,50000,0,0,376,15000
1787311477146,50000,0,0,376,15000
1787311477246,50000,0,0,376,15000
1787311477346,50000,0,0,376,15000
1787311477446,50000,0,0,376,15000
1787311477546,50000,0,0,376,15000
1787311477647,50000,0,0,376,15000
1787311477746,50000,0,0,376,15000
1787311477846,50000,0,0,376,15000
1787311477946,50000,0,0,376,15000
1787311478046,50000,0,0,376,15000
1787311478146,50000,0,0,376,15000
1787311478246,50000,0,0,376,15000
1787311478346,50000,0,0,376,15000
1787311478446,50000,0,0,376,15000
1787311478546,50000,0,0,376,15000
1787311478646,50000,0,0,376,15000
1787311478746,50000,0,0,376,15000
1787311478846,50000,0,0,376,15000
1787311478946,50000,0,0,376,15000
1787311479046,50000,0,0,376,15000
1787311479147,50000,0,0,376,15000
1787311479246,50000,0,0,376,15000
1787311479346,50000,0,0,376,15000
1787311479446,50000,0,0,376,15000
1787311479546,50000,0,0,376,15000
1787311479646,50000,0,0,376,15000
1787311479746,50000,0,0,376,15000
1787311479846,50000,0,0,376,15000
1787311479946,50000,0,0,376,15000
1787311480046,50000,0,0,376,15000
1787311480146,50000,0,0,376,15000
1787311480246,50000,0,0,376,15000
1787311480347,50000,0,0,376,15000
1787311480446,50000,0,0,376,15000
1787311480546,50000,0,0,376,15000
1787311480646,50000,0,0,376,15000
1787311480746,50000,0,0,376,15000
1787311480846,50000,0,0,376,15000
1787311480946,50000,0,0,376,15000
1787311481046,50000,0,0,376,15000
1787311481146,50000,0,0,376,15000
1787311481246,50000,0,0,376,15000
1787311481347,50000,0,0,376,15000
1787311481446,50000,0,0,376,15000
1787311481546,50000,0,0,376,15000
1787311481646,50000,0,0,376,15000
1787311481746,50000,0,0,376,15000
1787311481846,50000,0,0,376,15000
1787311481947,50000,0,0,376,15000
1787311482046,50000,0,0,376,15000
1787311482146,50000,0,0,376,15000
1787311482246,50000,0,0,376,15000
1787311482346,50000,0,0,376,15000
1787311482446,50000,0,0,376,15000
1787311482546,50000,0,0,376,15000
1787311482646,50000,0,0,376,15000
1787311482746,50000,0,0,376,15000
1787311482847,50000,0,0,376,15000
1787311482946,50000,0,0,376,15000
1787311483046,50000,0,0,376,15000
1787311483146,50000,0,0,376,15000
1787311483247,50000,0,0,376,15000
1787311483347,50000,0,0,376,15000
1787311483446,50000,0,0,376,15000
1787311483546,50000,0,0,376,15000
1787311483647,50000,0,0,376,15000
1787311483746,50000,0,0,376,15000
1787311483846,50000,0,0,376,15000
1787311483946,50000,0,0,376,15000
1787311484046,50000,0,0,376,15000
1787311484146,50000,0,0,376,15000
1787311484246,50000,0,0,376,15000
1787311484346,50000,0,0,376,15000
1787311484446,50000,0,0,376,15000
1787311484546,50000,0,0,376,15000
1787311484646,50000,0,0,376,15000
1787311484746,50000,0,0,376,15000
1787311484846,50000,0,0,376,15000
1787311484947,50000,0,0,376,15000
1787311485046,50000,0,0,376,15000
1787311485146,50000,0,0,376,15000
1787311485247,50000,0,0,376,15000
1787311485346,50000,0,0,376,15000
1787311485446,50000,0,0,376,15000
1787311485546,50000,0,0,376,15000
1787311485646,50000,0,0,376,15000
1787311485746,50000,0,0,376,15000
1787311485847,50000,0,0,376,15000
1787311485946,50000,0,0,376,15000
1787311486046,50000,0,0,376,15000
1787311486146,50000,0,0,376,15000
1787311486246,50000,0,0,376,15000
1787311486347,50000,0,0,376,15000
1787311486446,50000,0,0,376,15000
1787311486546,50000,0,0,376,15000
1787311486646,50000,0,0,376,15000
1787311486746,50000,0,0,376,15000
1787311486846,50000,0,0,376,15000
1787311486946,50000,0,0,376,15000
1787311487046,50000,0,0,376,15000
1787311487147,50000,0,0,376,15000
1787311487247,50000,0,0,376,15000
1787311487347,50000,0,0,376,15000
1787311487446,50000,0,0,376,15000
1787311487547,50000,0,0,376,15000
1787311487646,50000,0,0,376,15000
1787311487746,50000,0,0,376,15000
1787311487847,50000,0,0,376,15000
1787311487947,50000,0,0,376,15000
1787311488047,50000,0,0,376,15000
1787311488146,50000,0,0,376,15000
1787311488246,50000,0,0,376,15000
1787311488346,50000,0,0,376,15000
1787311488446,50000,0,0,376,15000
1787311488546,50000,0,0,376,15000
1787311488647,50000,0,0,376,15000
1787311488746,50000,0,0,376,15000
1787311488847,50000,0,0,376,15000
1787311488946,50000,0,0,376,15000
1787311489046,50000,0,0,376,15000
1787311489146,50000,0,0,376,15000
1787311489247,50000,0,0,376,15000
1787311489346,50000,0,0,376,15000
1787311489446,50000,0,0,376,15000
1787311489546,50000,0,0,375,15000
1787311489647,50000,0,0,375,15000
1787311489746,50000,0,0,375,15000
1787311489846,50000,0,0,375,15000
1787311489946,50000,0,0,375,15000
1787311490047,50000,0,0,375,15000
1787311490146,50000,0,0,375,15000
1787311490246,50000,0,0,375,15000
1787311490347,50000,0,0,375,15000
1787311490446,50000,0,0,375,15000
1787311490546,50000,0,0,375,15000
1787311490647,50000,0,0,375,15000
1787311490746,50000,0,0,375,15000
1787311490846,50000,0,0,375,15000
1787311490946,50000,0,0,375,15000
1787311491046,50000,0,0,375,15000
1787311491146,50000,0,0,375,15000
1787311491246,50000,0,0,375,15000
1787311491347,50000,0,0,375,15000
1787311491446,50000,0,0,375,15000
1787311491546,50000,0,0,375,15000
1787311491646,50000,0,0,375,15000
1787311491746,50000,0,0,375,15000
1787311491846,50000,0,0,375,15000
1787311491946,50000,0,0,375,15000
1787311492047,50000,0,0,375,15000
1787311492146,50000,0,0,375,15000
1787311492246,50000,0,0,375,15000
1787311492347,50000,0,0,375,15000
1787311492446,50000,0,0,375,15000
1787311492546,50000,0,0,375,15000
1787311492646,50000,0,0,375,15000
1787311492746,50000,0,0,375,15000
1787311492846,50000,0,0,375,15000
1787311492946,50000,0,0,375,15000
1787311493046,50000,0,0,375,15000
1787311493146,50000,0,0,375,15000
1787311493246,50000,0,0,375,15000
1787311493347,50000,0,0,375,15000
1787311493446,50000,0,0,375,15000
1787311493547,50000,0,0,375,15000
1787311493647,50000,0,0,375,15000
1787311493746,50000,0,0,375,15000
1787311493846,50000,0,0,375,15000
1787311493947,50000,0,0,375,15000
1787311494046,50000,0,0,375,15000
1787311494146,50000,0,0,375,15000
1787311494246,50000,0,0,375,15000
1787311494346,50000,0,0,375,15000
1787311494446,50000,0,0,375,15000
1787311494546,50000,0,0,375,15000
1787311494646,50000,0,0,375,15000
1787311494746,50000,0,0,375,15000
1787311494846,50000,0,0,375,15000
1787311494946,50000,0,0,375,15000
1787311495046,50000,0,0,375,15000
1787311495146,50000,0,0,375,15000
1787311495246,50000,0,0,375,15000
1787311495346,50000,0,0,375,15000
1787311495446,50000,0,0,375,15000
1787311495546,50000,0,0,375,15000
1787311495646,50000,0,0,375,15000
1787311495747,50000,0,0,375,15000
1787311495846,50000,0,0,375,15000
1787311495947,50000,0,0,375,15000
1787311496046,50000,0,0,375,15000
1787311496146,50000,0,0,375,15000
1787311496246,50000,0,0,375,15000
1787311496347,50000,0,0,375,15000
1787311496446,50000,0,0,375,15000
1787311496546,50000,0,0,375,15000
1787311496646,50000,0,0,375,15000
1787311496746,50000,0,0,375,15000
1787311496846,50000,0,0,375,15000
1787311496946,50160,-11842,0,375,15000
1787311497046,50160,-11842,0,375,15000
1787311497147,50160,-11842,0,375,15000
1787311497247,50160,-11842,0,375,15000
1787311497347,50160,-11842,-3000,375,15000
1787311497446,50160,-11842,-3000,375,15000
1787311497547,50160,-11842,-3000,375,15000
1787311497646,50160,-11842,-3000,375,15000
1787311497747,50160,-11842,-3000,375,15000
1787311497846,50160,-11842,-3000,375,15000
1787311497947,50160,-11842,-11600,375,15000
1787311498046,50160,-11842,-11600,375,15000
1787311498146,50160,-11842,-11600,375,15000
1787311498246,50160,-11842,-11600,375,15000
1787311498347,50160,-11842,-11600,375,15000
1787311498446,50160,-11842,-11600,375,15000
1787311498546,50160,-11842,-11800,375,15000
1787311498646,50160,-11842,-11800,375,15000
1787311498746,50160,-11842,-11800,375,15000
1787311498846,50160,-11842,-11800,375,15000
1787311498946,50160,-11842,-11800,375,15000
1787311499046,50160,-11842,-11800,375,15000
1787311499146,50160,-11842,-11800,375,15000
1787311499246,50160,-11842,-11800,375,15000
1787311499346,50160,-11842,-11800,375,15000
1787311499446,50160,-11842,-11800,375,15000
1787311499546,50160,-11842,-11800,375,15000
1787311499646,50160,-11842,-11800,375,15000
1787311499746,50160,-11842,-11800,375,15000
1787311499846,50160,-11842,-11800,375,15000
1787311499946,50160,-11842,-11800,375,15000
1787311500046,50160,-11842,-11800,375,15000
1787311500146,50160,-11842,-11800,375,15000
1787311500246,50160,-11842,-11800,375,15000
1787311500346,50160,-11842,-11800,375,15000
1787311500446,50160,-11842,-11800,375,15000
1787311500546,50160,-11842,-11800,375,15000
1787311500646,50160,-11842,-11800,375,15000
1787311500746,50160,-11842,-11800,375,15000
1787311500846,50160,-11842,-11700,375,15000
1787311500946,50160,-11842,-11700,375,15000
1787311501046,50160,-11842,-11700,375,15000
1787311501146,50160,-11842,-11700,375,15000
1787311501247,50160,-11842,-11700,375,15000
1787311501346,50160,-11842,-11700,375,15000
1787311501446,50160,-11842,-11800,375,15000
1787311501547,50160,-11842,-11800,375,15000
1787311501647,50160,-11842,-11800,375,15000
1787311501746,50160,-11842,-11800,375,15000
1787311501846,50160,-11842,-11800,375,15000
1787311501946,50160,-11842,-11800,375,15000
1787311502046,50160,-11842,-11800,375,15000
1787311502147,50160,-11842,-11800,375,15000
1787311502246,50160,-11842,-11800,375,15000
1787311502346,50160,-11842,-11800,375,15000
1787311502446,50160,-11842,-11800,375,15000
1787311502546,50160,-11842,-11800,375,15000
1787311502646,50160,-11842,-11800,375,15000
1787311502747,50160,-11842,-11800,375,15000
1787311502846,50160,-11842,-11800,375,15000
1787311502947,50160,-11842,-11800,375,15000
1787311503046,50160,-11842,-11800,375,15000
1787311503147,50160,-11842,-11800,375,15000
1787311503246,50160,-11842,-11800,375,15000
1787311503346,50160,-11842,-11800,375,15000
1787311503446,50160,-11842,-11800,375,15000
1787311503546,50160,-11842,-11800,375,15000
1787311503646,50160,-11842,-11800,375,15000
1787311503746,50160,-11842,-11800,375,15000
1787311503847,50160,-11842,-11800,375,15000
1787311503946,50160,-11842,-11700,375,15000
1787311504047,50160,-11842,-11700,375,15000
1787311504146,50160,-11842,-11700,375,15000
1787311504246,50160,-11842,-11700,375,15000
1787311504346,50160,-11842,-11700,375,15000
1787311504446,50160,-11842,-11700,375,15000
1787311504546,50160,-11842,-11700,375,15000
1787311504646,50160,-11842,-11800,375,15000
1787311504746,50160,-11842,-11800,375,15000
1787311504846,50160,-11842,-11800,375,15000
1787311504946,50160,-11842,-11800,375,15000
1787311505046,50160,-11842,-11800,375,15000
1787311505146,50160,-11842,-11800,375,15000
1787311505246,50160,-11842,-11800,375,15000
1787311505346,50160,-11842,-11800,375,15000
1787311505447,50160,-11842,-11800,375,15000
1787311505546,50160,-11842,-11800,375,15000
1787311505647,50160,-11842,-11800,375,15000
1787311505746,50160,-11842,-11800,375,15000
1787311505846,50160,-11842,-11800,375,15000
1787311505946,50160,-11842,-11800,375,15000
1787311506046,50160,-11842,-11800,375,15000
1787311506146,50160,-11842,-11800,375,15000
1787311506246,50160,-11842,-11800,375,15000
1787311506346,50160,-11842,-11800,375,15000
1787311506446,50160,-11842,-11800,375,15000
1787311506546,50160,-11842,-11800,375,15000
1787311506647,50160,-11842,-11800,375,15000
1787311506746,50160,-11842,-11800,375,15000
1787311506846,50160,-11842,-11800,375,15000
1787311506946,50160,-11842,-11800,375,15000
1787311507047,50160,-11842,-11800,375,15000
1787311507147,50160,-11842,-11800,375,15000
1787311507246,50160,-11842,-11800,375,15000
1787311507346,50160,-11842,-11800,375,15000
1787311507446,50160,-11842,-11800,375,15000
1787311507546,50160,-11842,-11800,375,15000
1787311507647,50160,-11842,-11800,375,15000
1787311507746,50160,-11842,-11800,375,15000
1787311507846,50160,-11842,-11800,375,15000
1787311507946,50160,-11842,-11800,375,15000
1787311508046,50160,-11842,-11800,375,15000
1787311508146,50160,-11842,-11800,375,15000
1787311508246,50160,-11842,-11800,375,15000
1787311508347,50160,-11842,-11800,375,15000
1787311508446,50160,-11842,-11800,375,15000
1787311508546,50160,-11842,-11800,375,15000
1787311508646,50160,-11842,-11800,375,15000
1787311508746,50160,-11842,-11800,375,15000
1787311508847,50160,-11842,-11800,375,15000
1787311508946,50160,-11842,-11800,375,15000
1787311509046,50160,-11842,-11800,375,15000
1787311509147,50160,-11842,-11800,375,15000
1787311509247,50160,-11842,-11800,375,15000
1787311509346,50160,-11842,-11800,375,15000
1787311509446,50160,-11842,-11700,375,15000
1787311509546,50160,-11842,-11700,375,15000
1787311509646,50160,-11842,-11700,375,15000
1787311509746,50160,-11842,-11700,375,15000
1787311509846,50160,-11842,-11700,375,15000
1787311509946,50160,-11842,-11700,375,15000
1787311510046,50160,-11842,-11700,375,15000
1787311510146,50160,-11842,-11700,375,15000
1787311510246,50160,-11842,-11700,375,15000
1787311510346,50160,-11842,-11700,375,15000
1787311510446,50160,-11842,-11700,375,15000
1787311510546,50160,-11842,-11800,375,15000
1787311510646,50160,-11842,-11800,375,15000
1787311510746,50160,-11842,-11800,375,15000
1787311510846,50160,-11842,-11800,375,15000
1787311510946,50160,-11842,-11800,375,15000
1787311511046,50160,-11842,-11800,375,15000
1787311511146,50160,-11842,-11700,375,15000
1787311511246,50160,-11842,-11700,375,15000
1787311511346,50160,-11842,-11700,375,15000
1787311511446,50160,-11842,-11700,375,15000
1787311511546,50160,-11842,-11700,375,15000
1787311511647,50160,-11842,-11700,375,15000
1787311511746,50160,-11842,-11700,375,15000
1787311511846,50160,-11842,-11700,375,15000
1787311511946,50160,-11842,-11700,375,15000
1787311512046,50160,-11842,-11700,375,15000
1787311512146,50160,-11842,-11700,375,15000
1787311512246,50160,-11842,-11700,375,15000
1787311512346,50160,-11842,-11700,375,15000
1787311512446,50160,-11842,-11700,375,15000
1787311512546,50160,-11842,-11700,375,15000
1787311512646,50160,-11842,-11700,375,15000
1787311512746,50160,-11842,-11700,375,15000
1787311512846,50160,-11842,-11700,375,15000
1787311512946,50160,-11842,-11700,375,15000
1787311513046,50160,-11842,-11800,375,15000
1787311513146,50160,-11842,-11800,375,15000
1787311513246,50160,-11842,-11800,375,15000
1787311513346,50160,-11842,-11800,375,15000
1787311513446,50160,-11842,-11800,375,15000
1787311513546,50160,-11842,-11800,375,15000
1787311513646,50160,-11842,-11800,375,15000
1787311513746,50160,-11842,-11800,375,15000
1787311513846,50160,-11842,-11800,375,15000
1787311513946,50160,-11842,-11800,375,15000
1787311514046,50160,-11842,-11800,375,15000
1787311514147,50160,-11842,-11800,375,15000
1787311514246,50160,-11842,-11700,375,15000
1787311514347,50160,-11842,-11700,375,15000
1787311514446,50160,-11842,-11700,375,15000
1787311514546,50160,-11842,-11700,375,15000
1787311514646,50160,-11842,-11700,375,15000
1787311514747,50160,-11842,-11700,375,15000
1787311514846,50160,-11842,-11700,375,15000
1787311514947,50160,-11842,-11700,375,15000
1787311515046,50160,-11842,-11700,375,15000
1787311515147,50160,-11842,-11700,375,15000
1787311515247,50160,-11842,-11700,375,15000
1787311515346,50160,-11842,-11700,375,15000
1787311515446,50160,-11842,-11700,375,15000
1787311515546,50160,-11842,-11700,375,15000
1787311515646,50160,-11842,-11700,375,15000
1787311515746,50160,-11842,-11700,375,15000
1787311515846,50160,-11842,-11700,375,15000
1787311515946,50160,-11842,-11700,375,15000
1787311516046,50160,-11842,-11700,375,15000
1787311516146,50160,-11842,-11800,375,15000
1787311516246,50160,-11842,-11800,375,15000
1787311516346,50160,-11842,-11800,375,15000
1787311516446,50160,-11842,-11800,375,15000
1787311516546,50160,-11842,-11800,375,15000
1787311516646,50160,-11842,-11800,375,15000
1787311516746,50160,-11842,-11800,375,15000
1787311516846,50160,-11842,-11800,375,15000
1787311516946,50160,-11842,-11800,375,15000
1787311517046,50160,-11842,-11800,375,15000
1787311517146,50160,-11842,-11700,375,15000
1787311517246,50160,-11842,-11700,375,15000
1787311517346,50160,-11842,-11700,375,15000
1787311517446,50160,-11842,-11700,375,15000
1787311517546,50160,-11842,-11700,375,15000
1787311517646,50160,-11842,-11700,375,15000
1787311517746,50160,-11842,-11700,375,15000
1787311517846,50160,-11842,-11700,375,15000
1787311517946,50160,-11842,-11700,375,15000
1787311518046,50160,-11842,-11700,375,15000
1787311518146,50160,-11842,-11700,375,15000
1787311518246,50160,-11842,-11700,375,15000
1787311518346,50160,-11842,-11700,375,15000
1787311518446,50160,-11842,-11700,375,15000
1787311518546,50160,-11842,-11700,375,15000
1787311518647,50160,-11842,-11700,375,15000
1787311518747,50160,-11842,-11700,375,15000
1787311518846,50160,-11842,-11700,375,15000
1787311518946,50160,-11842,-11700,375,15000
1787311519046,50160,-11842,-11700,375,15000
1787311519146,50160,-11842,-11700,375,15000
1787311519246,50160,-11842,-11700,375,15000
1787311519346,50160,-11842,-11700,375,15000
1787311519446,50160,-11842,-11700,375,15000
1787311519546,50160,-11842,-11700,375,15000
1787311519646,50160,-11842,-11700,375,15000
1787311519746,50160,-11842,-11700,375,15000
1787311519846,50160,-11842,-11700,375,15000
1787311519946,50160,-11842,-11700,375,15000
1787311520046,50160,-11842,-11700,375,15000
1787311520146,50160,-11842,-11700,375,15000
1787311520246,50160,-11842,-11800,375,15000
1787311520346,50160,-11842,-11800,375,15000
1787311520446,50160,-11842,-11800,375,15000
1787311520546,50160,-11842,-11800,375,15000
1787311520646,50160,-11842,-11800,375,15000
1787311520746,50160,-11842,-11800,375,15000
1787311520846,50160,-11842,-11800,375,15000
1787311520946,50160,-11842,-11800,375,15000
1787311521046,50160,-11842,-11800,375,15000
1787311521146,50160,-11842,-11800,375,15000
1787311521246,50160,-11842,-11800,375,15000
1787311521347,50160,-11842,-11800,375,15000
1787311521446,50160,-11842,-11800,375,15000
1787311521547,50160,-11842,-11800,375,15000
1787311521646,50160,-11842,-11800,375,15000
1787311521747,50160,-11842,-11800,375,15000
1787311521846,50160,-11842,-11800,375,15000
1787311521946,50160,-11842,-11800,375,15000
1787311522046,50160,-11842,-11800,375,15000
1787311522146,50160,-11842,-11800,375,15000
1787311522246,50160,-11842,-11800,375,15000
1787311522346,50160,-11842,-11800,375,15000
1787311522446,50160,-11842,-11800,375,15000
1787311522546,50160,-11842,-11800,375,15000
1787311522647,50160,-11842,-11800,375,15000
1787311522746,50160,-11842,-11800,375,15000
1787311522846,50160,-11842,-11800,375,15000
1787311522946,50160,-11842,-11800,375,15000
1787311523046,50160,-11842,-11800,375,15000
1787311523146,50160,-11842,-11800,375,15000
1787311523246,50160,-11842,-11800,375,15000
1787311523346,50160,-11842,-11800,375,15000
1787311523446,50160,-11842,-11800,375,15000
1787311523546,50160,-11842,-11800,375,15000
1787311523646,50160,-11842,-11800,375,15000
1787311523746,50160,-11842,-11800,375,15000
1787311523846,50160,-11842,-11700,375,15000
1787311523947,50160,-11842,-11700,375,15000
1787311524046,50160,-11842,-11700,375,15000
1787311524146,50160,-11842,-11700,375,15000
1787311524247,50160,-11842,-11700,375,15000
1787311524346,50160,-11842,-11700,375,15000
1787311524446,50160,-11842,-11800,375,15000
1787311524546,50160,-11842,-11800,375,15000
1787311524646,50160,-11842,-11800,375,15000
1787311524746,50160,-11842,-11800,375,15000
1787311524846,50160,-11842,-11800,375,15000
1787311524947,50160,-11842,-11800,375,15000
1787311525046,50160,-11842,-11800,375,15000
1787311525146,50160,-11842,-11700,375,15000
1787311525247,50160,-11842,-11700,375,15000
1787311525346,50160,-11842,-11700,375,15000
1787311525446,50160,-11842,-11700,375,15000
1787311525546,50160,-11842,-11700,375,15000
1787311525646,50160,-11842,-11700,375,15000
1787311525746,50160,-11842,-11700,375,15000
1787311525846,50160,-11842,-11700,375,15000
1787311525946,50160,-11842,-11700,375,15000
1787311526046,50160,-11842,-11700,375,15000
1787311526146,50160,-11842,-11700,375,15000
1787311526246,50160,-11842,-11700,375,15000
1787311526346,50160,-11842,-11700,375,15000
1787311526446,50160,-11842,-11700,375,15000
1787311526546,50160,-11842,-11700,375,15000
1787311526647,50160,-11842,-11700,375,15000
1787311526746,50160,-11842,-11700,375,15000
1787311526846,50160,-11842,-11700,375,15000
1787311526946,50160,-11842,-11700,375,15000
1787311527046,50160,-11842,-11700,375,15000
1787311527146,50160,-11842,-11700,375,15000
1787311527247,50160,-11842,-11700,375,15000
1787311527347,50160,-11842,-11700,375,15000
1787311527446,50160,-11842,-11700,375,15000
1787311527546,50160,-11842,-11700,375,15000
1787311527646,50160,-11842,-11700,375,15000
1787311527746,50160,-11842,-11700,375,15000
1787311527846,50160,-11842,-11700,375,15000
1787311527946,50160,-11842,-11700,375,15000
1787311528046,50160,-11842,-11700,375,15000
1787311528146,50160,-11842,-11700,375,15000
1787311528246,50160,-11842,-11700,375,15000
1787311528346,50160,-11842,-11700,375,15000
1787311528446,50160,-11842,-11700,375,15000
1787311528546,50160,-11842,-11700,375,15000
1787311528646,50160,-11842,-11800,375,15000
1787311528747,50160,-11842,-11800,375,15000
1787311528846,50160,-11842,-11800,375,15000
1787311528946,50160,-11842,-11800,375,15000
1787311529046,50160,-11842,-11800,375,15000
1787311529146,50160,-11842,-11800,375,15000
1787311529246,50160,-11842,-11700,375,15000
1787311529347,50160,-11842,-11700,375,15000
1787311529446,50160,-11842,-11700,375,15000
1787311529547,50160,-11842,-11700,375,15000
1787311529646,50160,-11842,-11700,375,15000
1787311529746,50160,-11842,-11700,375,15000
1787311529846,50160,-11842,-11700,375,15000
1787311529947,50160,-11842,-11700,375,15000
1787311530046,50160,-11842,-11700,375,15000
1787311530146,50160,-11842,-11700,375,15000
1787311530246,50160,-11842,-11700,375,15000
1787311530346,50160,-11842,-11700,375,15000
1787311530446,50160,-11842,-11700,375,15000
1787311530546,50160,-11842,-11800,375,15000
1787311530646,50160,-11842,-11800,375,15000
1787311530746,50160,-11842,-11800,375,15000
1787311530846,50160,-11842,-11800,375,15000
1787311530946,50160,-11842,-11800,375,15000
1787311531046,50160,-11842,-11800,375,15000
1787311531146,50160,-11842,-11800,375,15000
1787311531246,50160,-11842,-11800,375,15000
1787311531346,50160,-11842,-11800,375,15000
1787311531446,50160,-11842,-11800,375,15000
1787311531546,50160,-11842,-11800,375,15000
1787311531646,50160,-11842,-11800,375,15000
1787311531746,50160,-11842,-11700,375,15000
1787311531846,50160,-11842,-11700,375,15000
1787311531947,50160,-11842,-11700,375,15000
1787311532046,50160,-11842,-11700,375,15000
1787311532147,50160,-11842,-11700,375,15000
1787311532246,50160,-11842,-11700,375,15000
1787311532346,50160,-11842,-11700,375,15000
1787311532446,50160,-11842,-11800,375,15000
1787311532547,50160,-11842,-11800,375,15000
1787311532646,50160,-11842,-11800,375,15000
1787311532746,50160,-11842,-11800,375,15000
1787311532846,50160,-11842,-11800,375,15000
1787311532946,50160,-11842,-11800,375,15000
1787311533046,50160,-11842,-11800,375,15000
1787311533146,50160,-11842,-11800,375,15000
1787311533246,50160,-11842,-11800,375,15000
1787311533347,50160,-11842,-11800,375,15000
1787311533446,50160,-11842,-11700,375,15000
1787311533546,50160,-11842,-11700,375,15000
1787311533646,50160,-11842,-11700,375,15000
1787311533746,50160,-11842,-11700,375,15000
1787311533846,50160,-11842,-11700,375,15000
1787311533946,50160,-11842,-11700,375,15000
1787311534046,50160,-11842,-11700,375,15000
1787311534146,50160,-11842,-11800,375,15000
1787311534246,50160,-11842,-11800,375,15000
1787311534346,50160,-11842,-11800,375,15000
1787311534446,50160,-11842,-11800,375,15000
1787311534546,50160,-11842,-11800,375,15000
1787311534646,50160,-11842,-11800,375,15000
1787311534746,50160,-11842,-11800,375,15000
1787311534847,50160,-11842,-11800,375,15000
1787311534946,50160,-11842,-11800,375,15000
1787311535046,50160,-11842,-11800,375,15000
1787311535146,50160,-11842,-11800,375,15000
1787311535246,50160,-11842,-11800,375,15000
1787311535346,50160,-11842,-11800,375,15000
1787311535447,50160,-11842,-11800,375,15000
1787311535546,50160,-11842,-11800,375,15000
1787311535647,50160,-11842,-11800,375,15000
1787311535747,50160,-11842,-11800,375,15000
1787311535847,50160,-11842,-11800,375,15000
1787311535946,50160,-11842,-11800,375,15000
1787311536046,50160,-11842,-11800,375,15000
1787311536146,50160,-11842,-11800,375,15000
1787311536247,50160,-11842,-11800,375,15000
1787311536346,50160,-11842,-11800,375,15000
1787311536446,50160,-11842,-11800,375,15000
1787311536546,50160,-11842,-11800,375,15000
1787311536646,50160,-11842,-11800,375,15000
1787311536746,50160,-11842,-11800,375,15000
1787311536846,50160,-11842,-11800,375,15000
1787311536946,50160,-11842,-11800,375,15000
1787311537046,50160,-11842,-11800,375,15000
1787311537147,50160,-11842,-11800,375,15000
1787311537246,50160,-11842,-11700,375,15000
1787311537346,50160,-11842,-11700,375,15000
1787311537446,50160,-11842,-11700,375,15000
1787311537546,50160,-11842,-11700,375,15000
1787311537647,50160,-11842,-11700,375,15000
1787311537746,50160,-11842,-11700,375,15000
1787311537846,50160,-11842,-11800,375,15000
1787311537946,50160,-11842,-11800,375,15000
1787311538046,50160,-11842,-11800,375,15000
1787311538146,50160,-11842,-11800,375,15000
1787311538246,50160,-11842,-11800,375,15000
1787311538346,50160,-11842,-11800,375,15000
1787311538446,50160,-11842,-11700,375,15000
1787311538546,50160,-11842,-11700,375,15000
1787311538646,50160,-11842,-11700,375,15000
1787311538747,50160,-11842,-11700,375,15000
1787311538846,50160,-11842,-11700,375,15000
1787311538946,50160,-11842,-11700,375,15000
1787311539046,50160,-11842,-11700,375,15000
1787311539146,50160,-11842,-11700,375,15000
1787311539246,50160,-11842,-11700,375,15000
1787311539347,50160,-11842,-11700,375,15000
1787311539446,50160,-11842,-11700,375,15000
1787311539546,50160,-11842,-11800,375,15000
1787311539647,50160,-11842,-11800,375,15000
1787311539746,50160,-11842,-11800,375,15000
1787311539846,50160,-11842,-11800,375,15000
1787311539946,50160,-11842,-11800,375,15000
1787311540046,50160,-11842,-11800,375,15000
1787311540146,50160,-11842,-11800,375,15000
1787311540246,50160,-11842,-11800,375,15000
1787311540346,50160,-11842,-11800,375,15000
1787311540446,50160,-11842,-11800,375,15000
1787311540546,50160,-11842,-11800,375,15000
1787311540646,50160,-11842,-11800,375,15000
1787311540746,50160,-11842,-11700,375,15000
1787311540846,50160,-11842,-11700,375,15000
1787311540946,50160,-11842,-11700,375,15000
1787311541046,50160,-11842,-11700,375,15000
1787311541147,50160,-11842,-11700,375,15000
1787311541246,50160,-11842,-11700,375,15000
1787311541346,50160,-11842,-11700,375,15000
1787311541446,50160,-11842,-11700,375,15000
1787311541546,50160,-11842,-11700,375,15000
1787311541646,50160,-11842,-11700,375,15000
1787311541746,50160,-11842,-11700,375,15000
1787311541846,50160,-11842,-11700,375,15000
1787311541946,50160,-11842,-11700,375,15000
1787311542046,50160,-11842,-11700,375,15000
1787311542146,50160,-11842,-11700,375,15000
1787311542246,50160,-11842,-11700,375,15000
1787311542346,50160,-11842,-11700,375,15000
1787311542446,50160,-11842,-11700,375,15000
1787311542547,50160,-11842,-11700,375,15000
1787311542646,50160,-11842,-11700,375,15000
1787311542746,50160,-11842,-11700,375,15000
1787311542846,50160,-11842,-11700,375,15000
1787311542946,50160,-11842,-11700,375,15000
1787311543046,50160,-11842,-11700,375,15000
1787311543146,50160,-11842,-11700,375,15000
1787311543246,50160,-11842,-11700,375,15000
1787311543346,50160,-11842,-11700,375,15000
1787311543446,50160,-11842,-11700,375,15000
1787311543547,50160,-11842,-11700,375,15000
1787311543646,50160,-11842,-11700,375,15000
1787311543747,50160,-11842,-11800,375,15000
1787311543847,50160,-11842,-11800,375,15000
1787311543946,50160,-11842,-11800,375,15000
1787311544046,50160,-11842,-11800,375,15000
1787311544146,50160,-11842,-11800,375,15000
1787311544246,50160,-11842,-11800,375,15000
1787311544347,50160,-11842,-11700,375,15000
1787311544447,50160,-11842,-11700,375,15000
1787311544546,50160,-11842,-11700,375,15000
1787311544646,50160,-11842,-11700,375,15000
1787311544746,50160,-11842,-11700,375,15000
1787311544846,50160,-11842,-11700,375,15000
1787311544946,50160,-11842,-11700,375,15000
1787311545046,50160,-11842,-11800,375,15000
1787311545146,50160,-11842,-11800,375,15000
1787311545246,50160,-11842,-11800,375,15000
1787311545346,50160,-11842,-11800,375,15000
1787311545446,50160,-11842,-11800,375,15000
1787311545546,50160,-11842,-11800,375,15000
1787311545647,50160,-11842,-11700,375,15000
1787311545746,50160,-11842,-11700,375,15000
1787311545846,50160,-11842,-11700,375,15000
1787311545946,50160,-11842,-11700,375,15000
1787311546046,50160,-11842,-11700,375,15000
1787311546147,50160,-11842,-11700,375,15000
1787311546246,50160,-11842,-11800,375,15000
1787311546346,50160,-11842,-11800,375,15000
1787311546446,50160,-11842,-11800,375,15000
1787311546546,50160,-11842,-11800,375,15000
1787311546646,50160,-11842,-11800,375,15000
1787311546746,50160,-11842,-11800,375,15000
1787311546846,50160,-11842,-11800,375,15000
1787311546946,50160,-11842,-11700,375,15000
1787311547046,50160,-11842,-11700,375,15000
1787311547146,50160,-11842,-11700,375,15000
1787311547247,50160,-11842,-11700,375,15000
1787311547346,50160,-11842,-11700,375,15000
1787311547446,50160,-11842,-11700,375,15000
1787311547546,50160,-11842,-11800,375,15000
1787311547647,50160,-11842,-11800,375,15000
1787311547746,50160,-11842,-11800,375,15000
1787311547846,50160,-11842,-11800,375,15000
1787311547947,50160,-11842,-11800,375,15000
1787311548046,50160,-11842,-11800,375,15000
1787311548146,50160,-11842,-11800,375,15000
1787311548246,50160,-11842,-11800,375,15000
1787311548346,50160,-11842,-11800,375,15000
1787311548446,50160,-11842,-11800,375,15000
1787311548547,50160,-11842,-11700,375,15000
1787311548646,50160,-11842,-11700,375,15000
1787311548746,50160,-11842,-11700,375,15000
1787311548846,50160,-11842,-11700,375,15000
1787311548947,50160,-11842,-11700,375,15000
1787311549046,50160,-11842,-11700,375,15000
1787311549146,50160,-11842,-11700,375,15000
1787311549246,50160,-11842,-11700,375,15000
1787311549346,50160,-11842,-11700,375,15000
1787311549446,50160,-11842,-11700,375,15000
1787311549547,50160,-11842,-11700,375,15000
1787311549646,50160,-11842,-11700,375,15000
1787311549746,50160,-11842,-11700,375,15000
1787311549846,50160,-11842,-11800,375,15000
1787311549946,50160,-11842,-11800,375,15000
1787311550047,50160,-11842,-11800,375,15000
1787311550146,50160,-11842,-11800,375,15000
1787311550246,50160,-11842,-11800,375,15000
1787311550347,50160,-11842,-11800,375,15000
1787311550446,50160,-11842,-11700,375,15000
1787311550546,50160,-11842,-11700,375,15000
1787311550646,50160,-11842,-11700,375,15000
1787311550747,50160,-11842,-11700,375,15000
1787311550846,50160,-11842,-11700,375,15000
1787311550946,50160,-11842,-11700,375,15000
1787311551046,50160,-11842,-11800,375,15000
1787311551147,50160,-11842,-11800,375,15000
1787311551247,50160,-11842,-11800,375,15000
1787311551347,50160,-11842,-11800,375,15000
1787311551446,50160,-11842,-11800,375,15000
1787311551546,50160,-11842,-11800,375,15000
1787311551646,50160,-11842,-11800,375,15000
1787311551746,50160,-11842,-11800,375,15000
1787311551846,50160,-11842,-11800,375,15000
1787311551946,50160,-11842,-11800,375,15000
1787311552046,50160,-11842,-11800,375,15000
1787311552146,50160,-11842,-11800,375,15000
1787311552246,50160,-11842,-11800,375,15000
1787311552346,50160,-11842,-11700,375,15000
1787311552446,50160,-11842,-11700,375,15000
1787311552546,50160,-11842,-11700,375,15000
1787311552647,50160,-11842,-11700,375,15000
1787311552746,50160,-11842,-11700,375,15000
1787311552846,50160,-11842,-11700,375,15000
1787311552946,50160,-11842,-11800,375,15000
1787311553046,50160,-11842,-11800,375,15000
1787311553146,50160,-11842,-11800,375,15000
1787311553246,50160,-11842,-11800,375,15000
1787311553346,50160,-11842,-11800,375,15000
1787311553446,50160,-11842,-11800,375,15000
1787311553546,50160,-11842,-11800,375,15000
1787311553646,50160,-11842,-11800,375,15000
1787311553746,50160,-11842,-11800,375,15000
1787311553846,50160,-11842,-11800,375,15000
1787311553946,50160,-11842,-11800,375,15000
1787311554046,50160,-11842,-11800,375,15000
1787311554146,50160,-11842,-11800,375,15000
1787311554246,50160,-11842,-11800,375,15000
1787311554346,50160,-11842,-11800,375,15000
1787311554446,50160,-11842,-11800,375,15000
1787311554546,50160,-11842,-11800,375,15000
1787311554646,50160,-11842,-11800,375,15000
1787311554746,50160,-11842,-11800,375,15000
1787311554846,50160,-11842,-11800,375,15000
1787311554946,50160,-11842,-11800,375,15000
1787311555046,50160,-11842,-11800,375,15000
1787311555146,50160,-11842,-11800,375,15000
1787311555246,50160,-11842,-11700,375,15000
1787311555347,50160,-11842,-11700,375,15000
1787311555446,50160,-11842,-11700,375,15000
1787311555546,50160,-11842,-11700,375,15000
1787311555647,50160,-11842,-11700,375,15000
1787311555747,50160,-11842,-11700,375,15000
1787311555846,50160,-11842,-11700,375,15000
1787311555946,50160,-11842,-11700,375,15000
1787311556046,50160,-11842,-11700,375,15000
1787311556146,50160,-11842,-11700,375,15000
1787311556246,50160,-11842,-11700,375,15000
1787311556347,50160,-11842,-11700,375,15000
1787311556446,50160,-11842,-11700,375,15000
1787311556546,50160,-11842,-11800,375,15000
1787311556647,50160,-11842,-11800,375,15000
1787311556746,50160,-11842,-11800,375,15000
1787311556846,50160,-11842,-11800,375,15000
1787311556946,50160,-11842,-11800,375,15000
1787311557046,50160,-11842,-11800,375,15000
1787311557146,50160,-11842,-11700,375,15000
1787311557246,50160,-11842,-11700,375,15000
1787311557346,50160,-11842,-11700,375,15000
1787311557446,50160,-11842,-11700,375,15000
1787311557546,50160,-11842,-11700,375,15000
1787311557646,50160,-11842,-11700,375,15000
1787311557746,50160,-11842,-11800,375,15000
1787311557847,50160,-11842,-11800,375,15000
1787311557946,50160,-11842,-11800,375,15000
1787311558046,50160,-11842,-11800,375,15000
1787311558146,50160,-11842,-11800,375,15000
1787311558246,50160,-11842,-11800,375,15000
1787311558346,50160,-11842,-11800,375,15000
1787311558446,50160,-11842,-11800,375,15000
1787311558546,50160,-11842,-11800,375,15000
1787311558646,50160,-11842,-11800,375,15000
1787311558747,50160,-11842,-11800,375,15000
1787311558846,50160,-11842,-11800,375,15000
1787311558946,50160,-11842,-11700,375,15000
1787311559046,50160,-11842,-11700,375,15000
1787311559146,50160,-11842,-11700,375,15000
1787311559246,50160,-11842,-11700,375,15000
1787311559346,50160,-11842,-11700,375,15000
1787311559446,50160,-11842,-11700,375,15000
1787311559546,50160,-11842,-11700,375,15000
1787311559646,50160,-11842,-11800,375,15000
1787311559747,50160,-11842,-11800,375,15000
1787311559846,50160,-11842,-11800,375,15000
1787311559947,50160,-11842,-11800,375,15000
1787311560046,50160,-11842,-11700,375,15000
1787311560146,50160,-11842,-11700,375,15000
1787311560246,50160,-11842,-11700,375,15000
1787311560346,50160,-11842,-11700,375,15000
1787311560446,50160,-11842,-11700,375,15000
1787311560546,50160,-11842,-11700,375,15000
1787311560647,50160,-11842,-11700,375,15000
1787311560746,50160,-11842,-11700,375,15000
1787311560846,50160,-11842,-11700,375,15000
1787311560946,50160,-11842,-11700,375,15000
1787311561046,50160,-11842,-11700,375,15000
1787311561146,50160,-11842,-11700,375,15000
1787311561246,50160,-11842,-11700,375,15000
1787311561346,50160,-11842,-11800,375,15000
1787311561446,50160,-11842,-11800,375,15000
1787311561547,50160,-11842,-11800,375,15000
1787311561646,50160,-11842,-11800,375,15000
1787311561746,50160,-11842,-11800,375,15000
1787311561847,50160,-11842,-11800,375,15000
1787311561947,50160,-11842,-11700,375,15000
1787311562046,50160,-11842,-11700,375,15000
1787311562147,50160,-11842,-11700,375,15000
1787311562246,50160,-11842,-11700,375,15000
1787311562346,50160,-11842,-11700,375,15000
1787311562446,50160,-11842,-11700,375,15000
1787311562546,50160,-11842,-11800,375,15000
1787311562646,50160,-11842,-11800,375,15000
1787311562746,50160,-11842,-11800,375,15000
1787311562846,50160,-11842,-11800,375,15000
1787311562946,50160,-11842,-11800,375,15000
1787311563046,50160,-11842,-11800,375,15000
1787311563146,50160,-11842,-11800,375,15000
1787311563246,50160,-11842,-11800,375,15000
1787311563346,50160,-11842,-11800,375,15000
1787311563446,50160,-11842,-11800,375,15000
1787311563546,50160,-11842,-11800,375,15000
1787311563646,50160,-11842,-11800,375,15000
1787311563747,50160,-11842,-11800,375,15000
1787311563846,50160,-11842,-11800,375,15000
1787311563946,50160,-11842,-11800,375,15000
1787311564046,50160,-11842,-11800,375,15000
1787311564146,50160,-11842,-11800,375,15000
1787311564246,50160,-11842,-11800,375,15000
1787311564346,50160,-11842,-11800,375,15000
1787311564446,50160,-11842,-11800,375,15000
1787311564546,50160,-11842,-11800,375,15000
1787311564647,50160,-11842,-11800,375,15000
1787311564746,50160,-11842,-11800,375,15000
1787311564846,50160,-11842,-11800,375,15000
1787311564946,50160,-11842,-11800,375,15000
1787311565046,50160,-11842,-11800,375,15000
1787311565146,50160,-11842,-11800,375,15000
1787311565247,50160,-11842,-11800,375,15000
1787311565346,50160,-11842,-11800,375,15000
1787311565446,50160,-11842,-11800,375,15000
1787311565547,50160,-11842,-11800,375,15000
1787311565646,50160,-11842,-11700,375,15000
1787311565746,50160,-11842,-11700,375,15000
1787311565847,50160,-11842,-11700,375,15000
1787311565946,50160,-11842,-11700,375,15000
1787311566046,50160,-11842,-11700,375,15000
1787311566146,50160,-11842,-11700,375,15000
1787311566246,50160,-11842,-11700,375,15000
1787311566346,50160,-11842,-11700,375,15000
1787311566446,50160,-11842,-11700,375,15000
1787311566546,50160,-11842,-11700,375,15000
1787311566646,50160,-11842,-11800,375,15000
1787311566746,50160,-11842,-11800,375,15000
1787311566846,50160,-11842,-11800,375,15000
1787311566946,50160,-11842,-11800,375,15000
1787311567046,50160,-11842,-11800,375,15000
1787311567147,50160,-11842,-11800,375,15000
1787311567246,50160,-11842,-11800,375,15000
1787311567346,50160,-11842,-11800,375,15000
1787311567446,50160,-11842,-11800,375,15000
1787311567547,50160,-11842,-11800,375,15000
1787311567646,50160,-11842,-11800,375,15000
1787311567746,50160,-11842,-11800,375,15000
1787311567847,50160,-11842,-11800,375,15000
1787311567946,50160,-11842,-11800,375,15000
1787311568046,50160,-11842,-11800,375,15000
1787311568146,50160,-11842,-11800,375,15000
1787311568246,50160,-11842,-11800,375,15000
1787311568346,50160,-11842,-11800,375,15000
1787311568446,50160,-11842,-11800,375,15000
1787311568546,50160,-11842,-11800,375,15000
1787311568646,50160,-11842,-11800,375,15000
1787311568746,50160,-11842,-11800,375,15000
1787311568846,50160,-11842,-11800,375,15000
1787311568947,50160,-11842,-11800,375,15000
1787311569046,50160,-11842,-11800,375,15000
1787311569146,50160,-11842,-11800,375,15000
1787311569246,50160,-11842,-11700,375,15000
1787311569346,50160,-11842,-11700,375,15000
1787311569446,50160,-11842,-11700,375,15000
1787311569546,50160,-11842,-11700,375,15000
1787311569646,50160,-11842,-11700,375,15000
1787311569746,50160,-11842,-11700,375,15000
1787311569846,50160,-11842,-11800,375,15000
1787311569946,50160,-11842,-11800,375,15000
1787311570046,50160,-11842,-11800,375,15000
1787311570146,50160,-11842,-11800,375,15000
1787311570246,50160,-11842,-11800,375,15000
1787311570346,50160,-11842,-11800,375,15000
1787311570446,50160,-11842,-11800,375,15000
1787311570546,50160,-11842,-11800,375,15000
1787311570647,50160,-11842,-11800,375,15000
1787311570746,50160,-11842,-11800,375,15000
1787311570846,50160,-11842,-11800,375,15000
1787311570946,50160,-11842,-11800,375,15000
1787311571046,50160,-11842,-11800,375,15000
1787311571146,50160,-11842,-11800,375,15000
1787311571246,50160,-11842,-11800,375,15000
1787311571346,50160,-11842,-11800,375,15000
1787311571446,50160,-11842,-11800,375,15000
1787311571546,50160,-11842,-11800,375,15000
1787311571646,50160,-11842,-11800,375,15000
1787311571746,50160,-11842,-11800,375,15000
1787311571847,50160,-11842,-11800,375,15000
1787311571946,50160,-11842,-11800,375,15000
1787311572047,50160,-11842,-11800,375,15000
1787311572146,50160,-11842,-11800,375,15000
1787311572246,50160,-11842,-11800,375,15000
1787311572346,50160,-11842,-11800,375,15000
1787311572446,50160,-11842,-11800,375,15000
1787311572547,50160,-11842,-11800,375,15000
1787311572646,50160,-11842,-11800,375,15000
1787311572746,50160,-11842,-11800,375,15000
1787311572846,50160,-11842,-11800,375,15000
1787311572946,50160,-11842,-11800,375,15000
1787311573046,50160,-11842,-11800,375,15000
1787311573146,50160,-11842,-11800,375,15000
1787311573247,50160,-11842,-11800,375,15000
1787311573346,50160,-11842,-11800,375,15000
1787311573446,50160,-11842,-11800,375,15000
1787311573547,50160,-11842,-11800,375,15000
1787311573646,50160,-11842,-11800,375,15000
1787311573746,50160,-11842,-11800,375,15000
1787311573846,50160,-11842,-11800,375,15000
1787311573946,50160,-11842,-11800,375,15000
1787311574046,50160,-11842,-11700,375,15000
1787311574146,50160,-11842,-11700,375,15000
1787311574246,50160,-11842,-11700,375,15000
1787311574346,50160,-11842,-11700,375,15000
1787311574447,50160,-11842,-11700,375,15000
1787311574547,50160,-11842,-11700,375,15000
1787311574647,50160,-11842,-11800,375,15000
1787311574746,50160,-11842,-11800,375,15000
1787311574846,50160,-11842,-11800,375,15000
1787311574946,50160,-11842,-11800,375,15000
1787311575046,50160,-11842,-11800,375,15000
1787311575147,50160,-11842,-11800,375,15000
1787311575246,50160,-11842,-11800,375,15000
1787311575347,50160,-11842,-11800,375,15000
1787311575446,50160,-11842,-11800,375,15000
1787311575546,50160,-11842,-11800,375,15000
1787311575646,50160,-11842,-11800,375,15000
1787311575746,50160,-11842,-11800,375,15000
1787311575846,50160,-11842,-11800,375,15000
1787311575946,50160,-11842,-11700,375,15000
1787311576046,50160,-11842,-11700,375,15000
1787311576146,50160,-11842,-11700,375,15000
1787311576246,50160,-11842,-11700,375,15000
1787311576346,50160,-11842,-11800,375,15000
1787311576446,50160,-11842,-11800,375,15000
1787311576547,50160,-11842,-11800,375,15000
1787311576646,50160,-11842,-11800,375,15000
1787311576746,50160,-11842,-11800,375,15000
1787311576846,50160,-11842,-11800,375,15000
1787311576946,50160,-11842,-11800,375,15000
1787311577046,50160,-11842,-11800,375,15000
1787311577146,50160,-11842,-11800,375,15000
1787311577247,50160,-11842,-11800,375,15000
1787311577346,50160,-11842,-11800,375,15000
1787311577446,50160,-11842,-11800,375,15000
1787311577546,50160,-11842,-11800,375,15000
1787311577646,50160,-11842,-11800,375,15000
1787311577746,50160,-11842,-11800,375,15000
1787311577846,50160,-11842,-11800,375,15000
1787311577946,50160,-11842,-11800,375,15000
1787311578047,50160,-11842,-11800,375,15000
1787311578146,50160,-11842,-11800,375,15000
1787311578246,50160,-11842,-11800,375,15000
1787311578346,50160,-11842,-11800,375,15000
1787311578446,50160,-11842,-11800,375,15000
1787311578546,50160,-11842,-11800,375,15000
1787311578646,50160,-11842,-11800,375,15000
1787311578746,50160,-11842,-11800,375,15000
1787311578846,50160,-11842,-11800,375,15000
1787311578947,50160,-11842,-11800,375,15000
1787311579047,50160,-11842,-11800,375,15000
1787311579146,50160,-11842,-11800,375,15000
1787311579246,50160,-11842,-11800,375,15000
1787311579346,50160,-11842,-11800,375,15000
1787311579446,50160,-11842,-11800,375,15000
1787311579547,50160,-11842,-11800,375,15000
1787311579646,50160,-11842,-11800,375,15000
1787311579746,50160,-11842,-11800,375,15000
1787311579846,50160,-11842,-11800,375,15000
1787311579947,50160,-11842,-11800,375,15000
1787311580047,50160,-11842,-11700,375,15000
1787311580146,50160,-11842,-11700,375,15000
1787311580246,50160,-11842,-11700,375,15000
1787311580346,50160,-11842,-11700,375,15000
1787311580446,50160,-11842,-11700,375,15000
1787311580546,50160,-11842,-11700,375,15000
1787311580646,50160,-11842,-11800,375,15000
1787311580746,50160,-11842,-11800,375,15000
1787311580847,50160,-11842,-11800,375,15000
1787311580947,50160,-11842,-11800,375,15000
1787311581046,50160,-11842,-11800,375,15000
1787311581146,50160,-11842,-11800,375,15000
1787311581246,50160,-11842,-11800,375,15000
1787311581346,50160,-11842,-11800,375,15000
1787311581446,50160,-11842,-11800,375,15000
1787311581546,50160,-11842,-11800,375,15000
1787311581646,50160,-11842,-11800,375,15000
1787311581746,50160,-11842,-11800,375,15000
1787311581846,50160,-11842,-11800,375,15000
1787311581946,50160,-11842,-11700,375,15000
1787311582046,50160,-11842,-11700,375,15000
1787311582146,50160,-11842,-11700,375,15000
1787311582246,50160,-11842,-11700,375,15000
1787311582346,50160,-11842,-11800,375,15000
1787311582446,50160,-11842,-11800,375,15000
1787311582546,50160,-11842,-11800,375,15000
1787311582646,50160,-11842,-11800,375,15000
1787311582746,50160,-11842,-11800,375,15000
1787311582846,50160,-11842,-11800,375,15000
1787311582946,50160,-11842,-11800,375,15000
1787311583046,50160,-11842,-11800,375,15000
1787311583146,50160,-11842,-11800,375,15000
1787311583246,50160,-11842,-11800,375,15000
1787311583346,50160,-11842,-11800,375,15000
1787311583446,50160,-11842,-11800,375,15000
1787311583546,50160,-11842,-11800,375,15000
1787311583646,50160,-11842,-11800,375,15000
1787311583746,50160,-11842,-11800,375,15000
1787311583846,50160,-11842,-11800,375,15000
1787311583946,50160,-11842,-11800,375,15000
1787311584046,50160,-11842,-11800,375,15000
1787311584146,50160,-11842,-11800,375,15000
1787311584246,50160,-11842,-11800,375,15000
1787311584346,50160,-11842,-11800,375,15000
1787311584446,50160,-11842,-11800,375,15000
1787311584546,50160,-11842,-11800,375,15000
1787311584646,50160,-11842,-11800,375,15000
1787311584746,50160,-11842,-11800,375,15000
1787311584846,50160,-11842,-11800,375,15000
1787311584946,50160,-11842,-11800,375,15000
1787311585046,50160,-11842,-11800,375,15000
1787311585146,50160,-11842,-11800,375,15000
1787311585246,50160,-11842,-11800,375,15000
1787311585346,50160,-11842,-11800,375,15000
1787311585446,50160,-11842,-11800,375,15000
1787311585546,50160,-11842,-11800,375,15000
1787311585646,50160,-11842,-11800,375,15000
1787311585746,50160,-11842,-11800,375,15000
1787311585847,50160,-11842,-11800,375,15000
1787311585946,50160,-11842,-11800,375,15000
1787311586046,50160,-11842,-11800,375,15000
1787311586146,50160,-11842,-11800,375,15000
1787311586246,50160,-11842,-11800,375,15000
1787311586346,50160,-11842,-11800,375,15000
1787311586446,50160,-11842,-11800,375,15000
1787311586546,50160,-11842,-11800,375,15000
1787311586646,50160,-11842,-11800,375,15000
1787311586746,50160,-11842,-11800,375,15000
1787311586846,50160,-11842,-11800,375,15000
1787311586946,50160,-11842,-11800,375,15000
1787311587046,50160,-11842,-11800,375,15000
1787311587146,50160,-11842,-11800,375,15000
1787311587246,50160,-11842,-11800,375,15000
1787311587346,50160,-11842,-11800,375,15000
1787311587446,50160,-11842,-11800,375,15000
1787311587546,50160,-11842,-11800,375,15000
1787311587646,50160,-11842,-11800,375,15000
1787311587747,50160,-11842,-11800,375,15000
1787311587846,50160,-11842,-11800,375,15000
1787311587946,50160,-11842,-11800,375,15000
1787311588046,50160,-11842,-11800,375,15000
1787311588146,50160,-11842,-11800,375,15000
1787311588246,50160,-11842,-11800,375,15000
1787311588346,50160,-11842,-11800,375,15000
1787311588446,50160,-11842,-11700,375,15000
1787311588546,50160,-11842,-11700,375,15000
1787311588647,50160,-11842,-11700,375,15000
1787311588747,50160,-11842,-11700,375,15000
1787311588846,50160,-11842,-11700,375,15000
1787311588946,50160,-11842,-11700,375,15000
1787311589046,50160,-11842,-11700,375,15000
1787311589146,50160,-11842,-11800,375,15000
1787311589246,50160,-11842,-11800,375,15000
1787311589346,50160,-11842,-11800,375,15000
1787311589446,50160,-11842,-11800,375,15000
1787311589546,50160,-11842,-11800,375,15000
1787311589646,50160,-11842,-11800,375,15000
1787311589746,50160,-11842,-11800,375,15000
1787311589846,50160,-11842,-11800,375,15000
1787311589946,50160,-11842,-11800,375,15000
1787311590046,50160,-11842,-11800,375,15000
1787311590146,50160,-11842,-11800,375,15000
1787311590246,50160,-11842,-11800,375,15000
1787311590346,50160,-11842,-11800,375,15000
1787311590446,50160,-11842,-11800,375,15000
1787311590546,50160,-11842,-11800,375,15000
1787311590646,50160,-11842,-11800,375,15000
1787311590746,50160,-11842,-11800,375,15000
1787311590846,50160,-11842,-11800,375,15000
1787311590946,50160,-11842,-11700,375,15000
1787311591046,50160,-11842,-11700,375,15000
1787311591147,50160,-11842,-11700,375,15000
1787311591246,50160,-11842,-11700,375,15000
1787311591346,50160,-11842,-11700,375,15000
1787311591446,50160,-11842,-11700,375,15000
1787311591547,50160,-11842,-11700,375,15000
1787311591646,50160,-11842,-11700,375,15000
1787311591746,50160,-11842,-11700,375,15000
1787311591846,50160,-11842,-11700,375,15000
1787311591946,50160,-11842,-11700,375,15000
1787311592046,50160,-11842,-11800,375,15000
1787311592146,50160,-11842,-11800,375,15000
1787311592248,50160,-11842,-11800,375,15000
1787311592346,50160,-11842,-11800,375,15000
1787311592446,50160,-11842,-11800,375,15000
1787311592546,50160,-11842,-11800,375,15000
1787311592646,50160,-11842,-11800,375,15000
1787311592746,50160,-11842,-11800,375,15000
1787311592846,50160,-11842,-11800,375,15000
1787311592946,50160,-11842,-11800,375,15000
1787311593046,50160,-11842,-11800,375,15000
1787311593146,50160,-11842,-11800,375,15000
1787311593246,50160,-11842,-11800,375,15000
1787311593346,50160,-11842,-11800,375,15000
1787311593446,50160,-11842,-11800,375,15000
1787311593546,50160,-11842,-11800,375,15000
1787311593646,50160,-11842,-11800,375,15000
1787311593746,50160,-11842,-11800,375,15000
1787311593846,50160,-11842,-11800,375,15000
1787311593946,50160,-11842,-11800,375,15000
1787311594046,50160,-11842,-11800,375,15000
1787311594146,50160,-11842,-11800,375,15000
1787311594246,50160,-11842,-11800,375,15000
1787311594346,50160,-11842,-11800,375,15000
1787311594446,50160,-11842,-11800,375,15000
1787311594546,50160,-11842,-11700,375,15000
1787311594646,50160,-11842,-11700,375,15000
1787311594747,50160,-11842,-11700,375,15000
1787311594846,50160,-11842,-11700,375,15000
1787311594946,50160,-11842,-11700,375,15000
1787311595046,50160,-11842,-11700,375,15000
1787311595146,50160,-11842,-11700,375,15000
1787311595246,50160,-11842,-11700,375,15000
1787311595347,50160,-11842,-11700,375,15000
1787311595446,50160,-11842,-11700,375,15000
1787311595546,50160,-11842,-11700,375,15000
1787311595646,50160,-11842,-11700,375,15000
1787311595746,50160,-11842,-11800,375,15000
1787311595846,50160,-11842,-11800,375,15000
1787311595947,50160,-11842,-11800,375,15000
1787311596046,50160,-11842,-11800,375,15000
1787311596146,50160,-11842,-11800,375,15000
1787311596246,50160,-11842,-11800,375,15000
1787311596346,50160,-11842,-11800,375,15000
1787311596446,50160,-11842,-11800,375,15000
1787311596546,50160,-11842,-11800,375,15000
1787311596646,50160,-11842,-11800,375,15000
1787311596746,50160,-11842,-11800,375,15000
1787311596846,50160,-11842,-11800,375,15000
1787311596946,50160,-11842,-11800,375,15000
1787311597046,50160,-11842,-11700,375,15000
1787311597147,50160,-11842,-11700,375,15000
1787311597247,50160,-11842,-11700,375,15000
1787311597346,50160,-11842,-11700,375,15000
1787311597446,50160,-11842,-11700,375,15000
1787311597546,50160,-11842,-11700,375,15000
1787311597646,50160,-11842,-11800,375,15000
1787311597746,50160,-11842,-11800,375,15000
1787311597846,50160,-11842,-11800,375,15000
1787311597946,50160,-11842,-11800,375,15000
1787311598047,50160,-11842,-11800,375,15000
1787311598146,50160,-11842,-11800,375,15000
1787311598246,50160,-11842,-11800,375,15000
1787311598347,50160,-11842,-11800,375,15000
1787311598446,50160,-11842,-11800,375,15000
1787311598546,50160,-11842,-11800,375,15000
1787311598646,50160,-11842,-11800,375,15000
1787311598746,50160,-11842,-11700,375,15000
1787311598846,50160,-11842,-11700,375,15000
1787311598946,50160,-11842,-11700,375,15000
1787311599046,50160,-11842,-11700,375,15000
1787311599146,50160,-11842,-11700,375,15000
1787311599247,50160,-11842,-11700,375,15000
1787311599346,50160,-11842,-11700,375,15000
1787311599446,50160,-11842,-11700,375,15000
1787311599546,50160,-11842,-11700,375,15000
1787311599647,50160,-11842,-11700,375,15000
1787311599746,50160,-11842,-11700,375,15000
1787311599846,50160,-11842,-11700,375,15000
1787311599946,50160,-11842,-11800,375,15000
1787311600046,50160,-11842,-11800,375,15000
1787311600146,50160,-11842,-11800,375,15000
1787311600246,50160,-11842,-11800,375,15000
1787311600346,50160,-11842,-11800,375,15000
1787311600446,50160,-11842,-11800,375,15000
1787311600547,50160,-11842,-11700,375,15000
1787311600646,50160,-11842,-11700,375,15000
1787311600746,50160,-11842,-11700,375,15000
1787311600846,50160,-11842,-11700,375,15000
1787311600947,50160,-11842,-11700,375,15000
1787311601046,50160,-11842,-11700,375,15000
1787311601146,50160,-11842,-11700,375,15000
1787311601247,50160,-11842,-11700,375,15000
1787311601347,50160,-11842,-11700,375,15000
1787311601446,50160,-11842,-11700,375,15000
1787311601546,50160,-11842,-11700,375,15000
1787311601646,50160,-11842,-11700,375,15000
1787311601746,50160,-11842,-11700,375,15000
1787311601846,50160,-11842,-11700,375,15000
1787311601946,50160,-11842,-11700,375,15000
1787311602047,50160,-11842,-11700,375,15000
1787311602146,50160,-11842,-11700,375,15000
1787311602246,50160,-11842,-11700,375,15000
1787311602346,50160,-11842,-11700,375,15000
1787311602446,50160,-11842,-11700,375,15000
1787311602547,50160,-11842,-11800,375,15000
1787311602646,50160,-11842,-11800,375,15000
1787311602746,50160,-11842,-11800,375,15000
1787311602846,50160,-11842,-11800,375,15000
1787311602947,50160,-11842,-11700,375,15000
1787311603046,50160,-11842,-11700,375,15000
1787311603147,50160,-11842,-11700,375,15000
1787311603246,50160,-11842,-11700,375,15000
1787311603346,50160,-11842,-11700,375,15000
1787311603446,50160,-11842,-11700,375,15000
1787311603547,50160,-11842,-11800,375,15000
1787311603646,50160,-11842,-11800,375,15000
1787311603746,50160,-11842,-11800,375,15000
1787311603846,50160,-11842,-11800,375,15000
1787311603946,50160,-11842,-11800,375,15000
1787311604046,50160,-11842,-11800,375,15000
1787311604146,50160,-11842,-11700,375,15000
1787311604246,50160,-11842,-11700,375,15000
1787311604346,50160,-11842,-11700,375,15000
1787311604446,50160,-11842,-11700,375,15000
1787311604546,50160,-11842,-11700,375,15000
1787311604646,50160,-11842,-11700,375,15000
1787311604746,50160,-11842,-11800,375,15000
1787311604846,50160,-11842,-11800,375,15000
1787311604946,50160,-11842,-11800,375,15000
1787311605046,50160,-11842,-11800,375,15000
1787311605146,50160,-11842,-11800,375,15000
1787311605246,50160,-11842,-11800,375,15000
1787311605346,50160,-11842,-11800,375,15000
1787311605447,50160,-11842,-11700,375,15000
1787311605546,50160,-11842,-11700,375,15000
1787311605646,50160,-11842,-11700,375,15000
1787311605747,50160,-11842,-11700,375,15000
1787311605846,50160,-11842,-11700,375,15000
1787311605946,50160,-11842,-11700,375,15000
1787311606046,50160,-11842,-11700,375,15000
1787311606146,50160,-11842,-11700,375,15000
1787311606246,50160,-11842,-11700,375,15000
1787311606346,50160,-11842,-11700,375,15000
1787311606446,50160,-11842,-11700,375,15000
1787311606546,50160,-11842,-11700,375,15000
1787311606646,50160,-11842,-11700,375,15000
1787311606746,50160,-11842,-11700,375,15000
1787311606846,50160,-11842,-11700,375,15000
1787311606946,50160,-11842,-11700,375,15000
1787311607046,50160,-11842,-11700,375,15000
1787311607146,50160,-11842,-11700,375,15000
1787311607247,50160,-11842,-11800,375,15000
1787311607346,50160,-11842,-11800,375,15000
1787311607446,50160,-11842,-11800,375,15000
1787311607546,50160,-11842,-11800,375,15000
1787311607646,50160,-11842,-11800,375,15000
1787311607746,50160,-11842,-11800,375,15000
1787311607846,50160,-11842,-11800,375,15000
1787311607947,50160,-11842,-11800,375,15000
1787311608046,50160,-11842,-11800,375,15000
1787311608146,50160,-11842,-11800,375,15000
1787311608246,50160,-11842,-11800,375,15000
1787311608346,50160,-11842,-11700,375,15000
1787311608446,50160,-11842,-11700,375,15000
1787311608546,50160,-11842,-11700,375,15000
1787311608646,50160,-11842,-11700,375,15000
1787311608747,50160,-11842,-11700,375,15000
1787311608846,50160,-11842,-11700,375,15000
1787311608947,50160,-11842,-11700,375,15000
1787311609046,50160,-11842,-11700,375,15000
1787311609146,50160,-11842,-11700,375,15000
1787311609246,50160,-11842,-11700,375,15000
1787311609346,50160,-11842,-11700,375,15000
1787311609446,50160,-11842,-11700,375,15000
1787311609546,50160,-11842,-11700,375,15000
1787311609646,50160,-11842,-11800,375,15000
1787311609746,50160,-11842,-11800,375,15000
1787311609847,50160,-11842,-11800,375,15000
1787311609946,50160,-11842,-11800,375,15000
1787311610046,50160,-11842,-11800,375,15000
1787311610147,50160,-11842,-11800,375,15000
1787311610246,50160,-11842,-11800,375,15000
1787311610346,50160,-11842,-11800,375,15000
1787311610446,50160,-11842,-11800,375,15000
1787311610546,50160,-11842,-11800,375,15000
1787311610646,50160,-11842,-11800,375,15000
1787311610746,50160,-11842,-11800,375,15000
1787311610846,50160,-11842,-11800,375,15000
1787311610946,50160,-11842,-11800,375,15000
1787311611046,50160,-11842,-11800,375,15000
1787311611147,50160,-11842,-11800,375,15000
1787311611246,50160,-11842,-11800,375,15000
1787311611346,50160,-11842,-11800,375,15000
1787311611446,50160,-11842,-11800,375,15000
1787311611546,50160,-11842,-11800,375,15000
1787311611646,50160,-11842,-11800,375,15000
1787311611746,50160,-11842,-11800,375,15000
1787311611846,50160,-11842,-11800,375,15000
1787311611947,50160,-11842,-11800,375,15000
1787311612046,50160,-11842,-11800,375,15000
1787311612146,50160,-11842,-11700,375,15000
1787311612247,50160,-11842,-11700,375,15000
1787311612346,50160,-11842,-11700,375,15000
1787311612446,50160,-11842,-11700,375,15000
1787311612546,50160,-11842,-11800,375,15000
1787311612646,50160,-11842,-11800,375,15000
1787311612746,50160,-11842,-11800,375,15000
1787311612846,50160,-11842,-11800,375,15000
1787311612946,50160,-11842,-11800,375,15000
1787311613046,50160,-11842,-11800,375,15000
1787311613146,50160,-11842,-11700,375,15000
1787311613247,50160,-11842,-11700,375,15000
1787311613347,50160,-11842,-11700,375,15000
1787311613446,50160,-11842,-11700,375,15000
1787311613546,50160,-11842,-11700,375,15000
1787311613647,50160,-11842,-11700,375,15000
1787311613746,50160,-11842,-11700,375,15000
1787311613846,50160,-11842,-11700,375,15000
1787311613946,50160,-11842,-11700,375,15000
1787311614046,50160,-11842,-11700,375,15000
1787311614146,50160,-11842,-11700,375,15000
1787311614246,50160,-11842,-11700,375,15000
1787311614346,50160,-11842,-11700,375,15000
1787311614446,50160,-11842,-11800,375,15000
1787311614546,50160,-11842,-11800,375,15000
1787311614646,50160,-11842,-11800,375,15000
1787311614746,50160,-11842,-11800,375,15000
1787311614846,50160,-11842,-11800,375,15000
1787311614946,50160,-11842,-11800,375,15000
1787311615046,50160,-11842,-11800,375,15000
1787311615146,50160,-11842,-11800,375,15000
1787311615246,50160,-11842,-11800,375,15000
1787311615347,50160,-11842,-11800,375,15000
1787311615446,50160,-11842,-11800,375,15000
1787311615547,50160,-11842,-11800,375,15000
1787311615646,50160,-11842,-11800,375,15000
1787311615746,50160,-11842,-11800,375,15000
1787311615847,50160,-11842,-11800,375,15000
1787311615946,50160,-11842,-11800,375,15000
1787311616046,50160,-11842,-11800,375,15000
1787311616146,50160,-11842,-11800,375,15000
1787311616246,50160,-11842,-11800,375,15000
1787311616346,50160,-11842,-11800,375,15000
1787311616446,50160,-11842,-11800,375,15000
1787311616546,50160,-11842,-11800,375,15000
1787311616646,50160,-11842,-11800,375,15000
1787311616747,50160,-11842,-11800,375,15000
1787311616846,50160,-11842,-11800,375,15000
1787311616946,50000,0,-11800,375,15000
1787311617046,50000,0,-11800,375,15000
1787311617146,50000,0,-11800,375,15000
1787311617246,50000,0,-11800,375,15000
1787311617346,50000,0,-11800,375,15000
1787311617446,50000,0,-11800,375,15000
1787311617547,50000,0,-2000,375,15000
1787311617647,50000,0,-2000,375,15000
1787311617746,50000,0,-2000,375,15000
1787311617846,50000,0,-2000,375,15000
1787311617947,50000,0,-2000,375,15000
1787311618047,50000,0,-2000,375,15000
1787311618147,50000,0,0,375,15000
1787311618246,50000,0,0,375,15000
1787311618346,50000,0,0,375,15000
1787311618446,50000,0,0,375,15000
1787311618546,50000,0,0,375,15000
1787311618646,50000,0,0,375,15000
1787311618747,50000,0,0,375,15000
1787311618846,50000,0,0,375,15000
1787311618946,50000,0,0,375,15000
1787311619046,50000,0,0,375,15000
1787311619146,50000,0,0,375,15000
1787311619246,50000,0,0,375,15000
1787311619346,50000,0,0,375,15000
1787311619446,50000,0,0,375,15000
1787311619546,50000,0,0,375,15000
1787311619647,50000,0,0,375,15000
1787311619746,50000,0,0,375,15000
1787311619846,50000,0,0,375,15000
1787311619946,50000,0,0,375,15000
1787311620046,50000,0,0,375,15000
1787311620146,50000,0,0,375,15000
1787311620246,50000,0,0,375,15000
1787311620346,50000,0,0,375,15000
1787311620446,50000,0,0,375,15000
1787311620546,50000,0,0,375,15000
1787311620646,50000,0,0,375,15000
1787311620746,50000,0,0,375,15000
1787311620846,50000,0,0,375,15000
1787311620947,50000,0,0,375,15000
1787311621046,50000,0,0,375,15000
1787311621146,50000,0,0,375,15000
1787311621246,50000,0,0,375,15000
1787311621346,50000,0,0,375,15000
1787311621446,50000,0,0,375,15000
1787311621546,50000,0,0,375,15000
1787311621646,50000,0,0,375,15000
1787311621747,50000,0,0,375,15000
1787311621847,50000,0,0,375,15000
1787311621946,50000,0,0,375,15000
1787311622047,50000,0,0,375,15000
1787311622146,50000,0,0,375,15000
1787311622246,50000,0,0,375,15000
1787311622346,50000,0,0,375,15000
1787311622446,50000,0,0,375,15000
1787311622546,50000,0,0,375,15000
1787311622646,50000,0,0,375,15000
1787311622746,50000,0,0,375,15000
1787311622847,50000,0,0,375,15000
1787311622946,50000,0,0,375,15000
1787311623047,50000,0,0,375,15000
1787311623146,50000,0,0,375,15000
1787311623246,50000,0,0,375,15000
1787311623347,50000,0,0,375,15000
1787311623446,50000,0,0,375,15000
1787311623546,50000,0,0,375,15000
1787311623647,50000,0,0,375,15000
1787311623746,50000,0,0,375,15000
1787311623846,50000,0,0,375,15000
1787311623946,50000,0,0,375,15000
1787311624047,50000,0,0,375,15000
1787311624146,50000,0,0,375,15000
1787311624246,50000,0,0,375,15000
1787311624347,50000,0,0,375,15000
1787311624446,50000,0,0,375,15000
1787311624546,50000,0,0,375,15000
1787311624646,50000,0,0,375,15000
1787311624746,50000,0,0,375,15000
1787311624846,50000,0,0,375,15000
1787311624947,50000,0,0,375,15000
1787311625046,50000,0,0,375,15000
1787311625146,50000,0,0,375,15000
1787311625246,50000,0,0,375,15000
1787311625346,50000,0,0,375,15000
1787311625446,50000,0,0,375,15000
1787311625546,50000,0,0,375,15000
1787311625647,50000,0,0,375,15000
1787311625746,50000,0,0,375,15000
1787311625846,50000,0,0,375,15000
1787311625946,50000,0,0,375,15000
1787311626046,50000,0,0,375,15000
1787311626146,50000,0,0,375,15000
1787311626246,50000,0,0,375,15000
1787311626346,50000,0,0,375,15000
1787311626446,50000,0,0,375,15000
1787311626546,50000,0,0,375,15000
1787311626646,50000,0,0,375,15000
1787311626746,50000,0,0,375,15000
1787311626846,50000,0,0,375,15000
1787311626946,50000,0,0,375,15000
1787311627046,50000,0,0,375,15000
1787311627146,50000,0,0,375,15000
1787311627246,50000,0,0,375,15000
1787311627346,50000,0,0,375,15000
1787311627447,50000,0,0,375,15000
1787311627546,50000,0,0,375,15000
1787311627646,50000,0,0,375,15000
1787311627746,50000,0,0,375,15000
1787311627846,50000,0,0,375,15000
1787311627946,50000,0,0,375,15000
1787311628046,50000,0,0,375,15000
1787311628146,50000,0,0,375,15000
1787311628246,50000,0,0,375,15000
1787311628346,50000,0,0,375,15000
1787311628446,50000,0,0,375,15000
1787311628546,50000,0,0,375,15000
1787311628646,50000,0,0,375,15000
1787311628746,50000,0,0,375,15000
1787311628846,50000,0,0,375,15000
1787311628946,50000,0,0,375,15000
1787311629046,50000,0,0,375,15000
1787311629146,50000,0,0,375,15000
1787311629247,50000,0,0,375,15000
1787311629346,50000,0,0,375,15000
1787311629446,50000,0,0,375,15000
1787311629547,50000,0,0,375,15000
1787311629646,50000,0,0,375,15000
1787311629746,50000,0,0,375,15000
1787311629846,50000,0,0,375,15000
1787311629947,50000,0,0,375,15000
1787311630047,50000,0,0,375,15000
1787311630146,50000,0,0,375,15000
1787311630246,50000,0,0,375,15000
1787311630346,50000,0,0,375,15000
1787311630446,50000,0,0,375,15000
1787311630546,50000,0,0,375,15000
1787311630646,50000,0,0,375,15000
1787311630746,50000,0,0,375,15000
1787311630847,50000,0,0,375,15000
1787311630946,50000,0,0,375,15000
1787311631046,50000,0,0,375,15000
1787311631147,50000,0,0,375,15000
1787311631246,50000,0,0,375,15000
1787311631346,50000,0,0,375,15000
1787311631446,50000,0,0,375,15000
1787311631546,50000,0,0,375,15000
1787311631646,50000,0,0,375,15000
1787311631746,50000,0,0,375,15000
1787311631846,50000,0,0,375,15000
1787311631946,50000,0,0,375,15000
1787311632047,50000,0,0,375,15000
1787311632147,50000,0,0,375,15000
1787311632246,50000,0,0,375,15000
1787311632346,50000,0,0,375,15000
1787311632446,50000,0,0,375,15000
1787311632546,50000,0,0,375,15000
1787311632646,50000,0,0,375,15000
1787311632746,50000,0,0,375,15000
1787311632846,50000,0,0,375,15000
1787311632946,50000,0,0,375,15000
1787311633046,50000,0,0,375,15000
1787311633146,50000,0,0,375,15000
1787311633246,50000,0,0,375,15000
1787311633346,50000,0,0,375,15000
1787311633446,50000,0,0,375,15000
1787311633546,50000,0,0,375,15000
1787311633646,50000,0,0,375,15000
1787311633746,50000,0,0,375,15000
1787311633846,50000,0,0,375,15000
1787311633946,50000,0,0,375,15000
1787311634047,50000,0,0,375,15000
1787311634146,50000,0,0,375,15000
1787311634246,50000,0,0,375,15000
1787311634346,50000,0,0,375,15000
1787311634446,50000,0,0,375,15000
1787311634546,50000,0,0,375,15000
1787311634646,50000,0,0,375,15000
1787311634746,50000,0,0,375,15000
1787311634846,50000,0,0,375,15000
1787311634947,50000,0,0,375,15000
1787311635046,50000,0,0,375,15000
1787311635146,50000,0,0,375,15000
1787311635246,50000,0,0,375,15000
1787311635346,50000,0,0,375,15000
1787311635446,50000,0,0,375,15000
1787311635546,50000,0,0,375,15000
1787311635646,50000,0,0,375,15000
1787311635746,50000,0,0,375,15000
1787311635846,50000,0,0,375,15000
1787311635947,50000,0,0,375,15000
1787311636047,50000,0,0,375,15000
1787311636146,50000,0,0,375,15000
1787311636247,50000,0,0,375,15000
1787311636346,50000,0,0,375,15000
1787311636446,50000,0,0,375,15000
1787311636546,50000,0,0,375,15000
1787311636646,50000,0,0,375,15000
1787311636746,50000,0,0,375,15000
1787311636847,50000,0,0,375,15000
1787311636947,50000,0,0,375,15000
1787311637046,50000,0,0,375,15000
1787311637146,50000,0,0,375,15000
1787311637246,50000,0,0,375,15000
1787311637346,50000,0,0,375,15000
1787311637446,50000,0,0,375,15000
1787311637547,50000,0,0,375,15000
1787311637647,50000,0,0,375,15000
1787311637746,50000,0,0,375,15000
1787311637846,50000,0,0,375,15000
1787311637946,50000,0,0,375,15000
1787311638047,50000,0,0,375,15000
1787311638146,50000,0,0,375,15000
1787311638246,50000,0,0,375,15000
1787311638346,50000,0,0,375,15000
1787311638446,50000,0,0,375,15000
1787311638546,50000,0,0,375,15000
1787311638646,50000,0,0,375,15000
1787311638746,50000,0,0,375,15000
1787311638846,50000,0,0,375,15000
1787311638946,50000,0,0,375,15000
1787311639046,50000,0,0,375,15000
1787311639146,50000,0,0,375,15000
1787311639246,50000,0,0,375,15000
1787311639346,50000,0,0,375,15000
1787311639446,50000,0,0,375,15000
1787311639546,50000,0,0,375,15000
1787311639646,50000,0,0,375,15000
1787311639747,50000,0,0,375,15000
1787311639846,50000,0,0,375,15000
1787311639946,50000,0,0,375,15000
1787311640046,50000,0,0,375,15000
1787311640146,50000,0,0,375,15000
1787311640246,50000,0,0,375,15000
1787311640346,50000,0,0,376,15000
1787311640447,50000,0,0,376,15000
1787311640547,50000,0,0,376,15000
1787311640646,50000,0,0,376,15000
1787311640746,50000,0,0,376,15000
1787311640846,50000,0,0,376,15000
1787311640946,50000,0,0,376,15000
1787311641046,50000,0,0,376,15000
1787311641146,50000,0,0,376,15000
1787311641246,50000,0,0,376,15000
1787311641346,50000,0,0,376,15000
1787311641446,50000,0,0,376,15000
1787311641546,50000,0,0,376,15000
1787311641646,50000,0,0,376,15000
1787311641746,50000,0,0,376,15000
1787311641846,50000,0,0,376,15000
1787311641946,50000,0,0,376,15000
1787311642047,50000,0,0,376,15000
1787311642146,50000,0,0,376,15000
1787311642246,50000,0,0,376,15000
1787311642346,50000,0,0,376,15000
1787311642446,50000,0,0,376,15000
1787311642547,50000,0,0,376,15000
1787311642646,50000,0,0,376,15000
1787311642747,50000,0,0,376,15000
1787311642846,50000,0,0,376,15000
1787311642947,50000,0,0,376,15000
1787311643047,50000,0,0,376,15000
1787311643146,50000,0,0,376,15000
1787311643246,50000,0,0,376,15000
1787311643346,50000,0,0,376,15000
1787311643446,50000,0,0,376,15000
1787311643547,50000,0,0,376,15000
1787311643646,50000,0,0,376,15000
1787311643746,50000,0,0,376,15000
1787311643846,50000,0,0,376,15000
1787311643946,50000,0,0,376,15000
1787311644046,50000,0,0,376,15000
1787311644147,50000,0,0,376,15000
1787311644246,50000,0,0,376,15000
1787311644346,50000,0,0,376,15000
1787311644446,50000,0,0,376,15000
1787311644546,50000,0,0,376,15000
1787311644646,50000,0,0,376,15000
1787311644746,50000,0,0,376,15000
1787311644846,50000,0,0,376,15000
1787311644946,50000,0,0,376,15000
1787311645046,50000,0,0,376,15000
1787311645146,50000,0,0,376,15000
1787311645246,50000,0,0,376,15000
1787311645346,50000,0,0,376,15000
1787311645447,50000,0,0,376,15000
1787311645546,50000,0,0,376,15000
1787311645646,50000,0,0,376,15000
1787311645746,50000,0,0,376,15000
1787311645846,50000,0,0,376,15000
1787311645946,50000,0,0,376,15000
1787311646046,50000,0,0,376,15000
1787311646146,50000,0,0,376,15000
1787311646246,50000,0,0,376,15000
1787311646346,50000,0,0,376,15000
1787311646446,50000,0,0,376,15000
1787311646546,50000,0,0,376,15000
1787311646646,50000,0,0,376,15000
1787311646746,50000,0,0,376,15000
1787311646846,50000,0,0,376,15000
1787311646946,50000,0,0,376,15000
1787311647046,49840,11842,0,376,15000
1787311647146,49840,11842,0,376,15000
1787311647246,49840,11842,0,376,15000
1787311647346,49840,11842,0,376,15000
1787311647446,49840,11842,9700,376,15000
1787311647546,49840,11842,9700,376,15000
1787311647646,49840,11842,9700,376,15000
1787311647746,49840,11842,9700,376,15000
1787311647846,49840,11842,9700,376,15000
1787311647947,49840,11842,9700,376,15000
1787311648046,49840,11842,9700,376,15000
1787311648146,49840,11842,11700,376,15000
1787311648246,49840,11842,11700,376,15000
1787311648347,49840,11842,11700,376,15000
1787311648446,49840,11842,11700,376,15000
1787311648546,49840,11842,11700,376,15000
1787311648646,49840,11842,11700,376,15000
1787311648746,49840,11842,11700,376,15000
1787311648846,49840,11842,11700,376,15000
1787311648947,49840,11842,11700,376,15000
1787311649047,49840,11842,11700,376,15000
1787311649146,49840,11842,11700,376,15000
1787311649246,49840,11842,11700,376,15000
1787311649347,49840,11842,11700,376,15000
1787311649446,49840,11842,11700,376,15000
1787311649547,49840,11842,11700,376,15000
1787311649647,49840,11842,11700,376,15000
1787311649746,49840,11842,11700,376,15000
1787311649846,49840,11842,11700,376,15000
1787311649946,49840,11842,11700,376,15000
1787311650046,49840,11842,11700,376,15000
1787311650147,49840,11842,11700,376,15000
1787311650246,49840,11842,11700,376,15000
1787311650346,49840,11842,11700,376,15000
1787311650446,49840,11842,11700,376,15000
1787311650546,49840,11842,11700,376,15000
1787311650647,49840,11842,11700,376,15000
1787311650746,49840,11842,11700,376,15000
1787311650847,49840,11842,11700,376,15000
1787311650946,49840,11842,11700,376,15000
1787311651047,49840,11842,11700,376,15000
1787311651146,49840,11842,11700,376,15000
1787311651247,49840,11842,11700,376,15000
1787311651346,49840,11842,11700,376,15000
1787311651446,49840,11842,11700,376,15000
1787311651547,49840,11842,11700,376,15000
1787311651647,49840,11842,11700,376,15000
1787311651746,49840,11842,11700,376,15000
1787311651846,49840,11842,11700,376,15000
1787311651946,49840,11842,11700,376,15000
1787311652047,49840,11842,11700,376,15000
1787311652146,49840,11842,11700,376,15000
1787311652246,49840,11842,11700,376,15000
1787311652346,49840,11842,11700,376,15000
1787311652446,49840,11842,11700,376,15000
1787311652546,49840,11842,11700,376,15000
1787311652646,49840,11842,11700,376,15000
1787311652746,49840,11842,11700,376,15000
1787311652846,49840,11842,11700,376,15000
1787311652946,49840,11842,11600,376,15000
1787311653046,49840,11842,11600,376,15000
1787311653147,49840,11842,11600,376,15000
1787311653246,49840,11842,11600,376,15000
1787311653346,49840,11842,11600,376,15000
1787311653446,49840,11842,11600,376,15000
1787311653546,49840,11842,11600,376,15000
1787311653646,49840,11842,11600,376,15000
1787311653746,49840,11842,11600,376,15000
1787311653846,49840,11842,11600,376,15000
1787311653946,49840,11842,11600,376,15000
1787311654046,49840,11842,11600,376,15000
1787311654146,49840,11842,11800,376,15000
1787311654246,49840,11842,11800,376,15000
1787311654346,49840,11842,11800,376,15000
1787311654446,49840,11842,11800,376,15000
1787311654546,49840,11842,11800,376,15000
1787311654646,49840,11842,11800,376,15000
1787311654747,49840,11842,11700,376,15000
1787311654846,49840,11842,11700,376,15000
1787311654946,49840,11842,11700,376,15000
1787311655046,49840,11842,11700,376,15000
1787311655147,49840,11842,11700,376,15000
1787311655246,49840,11842,11700,376,15000
1787311655347,49840,11842,11700,376,15000
1787311655446,49840,11842,11700,376,15000
1787311655546,49840,11842,11700,376,15000
1787311655646,49840,11842,11700,376,15000
1787311655747,49840,11842,11700,376,15000
1787311655846,49840,11842,11700,376,15000
1787311655946,49840,11842,11700,376,15000
1787311656046,49840,11842,11700,376,15000
1787311656146,49840,11842,11700,376,15000
1787311656246,49840,11842,11700,376,15000
1787311656346,49840,11842,11700,376,15000
1787311656446,49840,11842,11700,376,15000
1787311656546,49840,11842,11700,376,15000
1787311656646,49840,11842,11700,376,15000
1787311656746,49840,11842,11700,376,15000
1787311656846,49840,11842,11700,376,15000
1787311656946,49840,11842,11700,376,15000
1787311657046,49840,11842,11700,376,15000
1787311657147,49840,11842,11700,376,15000
1787311657246,49840,11842,11700,376,15000
1787311657346,49840,11842,11700,376,15000
1787311657446,49840,11842,11700,376,15000
1787311657546,49840,11842,11700,376,15000
1787311657646,49840,11842,11700,376,15000
1787311657746,49840,11842,11600,376,15000
1787311657847,49840,11842,11600,376,15000
1787311657946,49840,11842,11600,376,15000
1787311658046,49840,11842,11600,376,15000
1787311658146,49840,11842,11600,376,15000
1787311658246,49840,11842,11600,376,15000
1787311658346,49840,11842,11700,376,15000
1787311658446,49840,11842,11700,376,15000
1787311658546,49840,11842,11700,376,15000
1787311658646,49840,11842,11700,376,15000
1787311658746,49840,11842,11700,376,15000
1787311658846,49840,11842,11700,376,15000
1787311658946,49840,11842,11700,376,15000
1787311659046,49840,11842,11700,376,15000
1787311659147,49840,11842,11700,376,15000
1787311659246,49840,11842,11700,376,15000
1787311659346,49840,11842,11700,376,15000
1787311659446,49840,11842,11700,376,15000
1787311659546,49840,11842,11700,376,15000
1787311659646,49840,11842,11700,376,15000
1787311659747,49840,11842,11700,376,15000
1787311659846,49840,11842,11700,376,15000
1787311659947,49840,11842,11700,376,15000
1787311660046,49840,11842,11700,376,15000
1787311660146,49840,11842,11700,376,15000
1787311660246,49840,11842,11700,376,15000
1787311660347,49840,11842,11700,376,15000
1787311660446,49840,11842,11700,376,15000
1787311660546,49840,11842,11700,376,15000
1787311660646,49840,11842,11700,376,15000
1787311660747,49840,11842,11700,376,15000
1787311660847,49840,11842,11700,376,15000
1787311660946,49840,11842,11700,376,15000
1787311661046,49840,11842,11700,376,15000
1787311661146,49840,11842,11700,376,15000
1787311661246,49840,11842,11700,376,15000
1787311661346,49840,11842,11700,376,15000
1787311661447,49840,11842,11700,376,15000
1787311661546,49840,11842,11700,376,15000
1787311661646,49840,11842,11700,376,15000
1787311661746,49840,11842,11700,376,15000
1787311661846,49840,11842,11700,376,15000
1787311661946,49840,11842,11700,376,15000
1787311662046,49840,11842,11700,376,15000
1787311662146,49840,11842,11700,376,15000
1787311662247,49840,11842,11700,376,15000
1787311662346,49840,11842,11700,376,15000
1787311662446,49840,11842,11700,376,15000
1787311662546,49840,11842,11700,376,15000
1787311662646,49840,11842,11700,376,15000
1787311662746,49840,11842,11700,376,15000
1787311662846,49840,11842,11700,376,15000
1787311662946,49840,11842,11700,376,15000
1787311663046,49840,11842,11700,376,15000
1787311663146,49840,11842,11700,376,15000
1787311663247,49840,11842,11700,376,15000
1787311663346,49840,11842,11700,376,15000
1787311663446,49840,11842,11700,376,15000
1787311663546,49840,11842,11700,376,15000
1787311663646,49840,11842,11700,376,15000
1787311663746,49840,11842,11700,376,15000
1787311663847,49840,11842,11700,376,15000
1787311663946,49840,11842,11700,376,15000
1787311664046,49840,11842,11700,376,15000
1787311664146,49840,11842,11700,376,15000
1787311664246,49840,11842,11700,376,15000
1787311664346,49840,11842,11700,376,15000
1787311664446,49840,11842,11700,376,15000
1787311664547,49840,11842,11700,376,15000
1787311664646,49840,11842,11700,376,15000
1787311664746,49840,11842,11700,376,15000
1787311664846,49840,11842,11700,376,15000
1787311664947,49840,11842,11700,376,15000
1787311665046,49840,11842,11700,376,15000
1787311665146,49840,11842,11700,376,15000
1787311665247,49840,11842,11700,376,15000
1787311665347,49840,11842,11700,376,15000
1787311665447,49840,11842,11700,376,15000
1787311665546,49840,11842,11700,376,15000
1787311665646,49840,11842,11700,376,15000
1787311665746,49840,11842,11700,376,15000
1787311665846,49840,11842,11700,376,15000
1787311665946,49840,11842,11700,376,15000
1787311666046,49840,11842,11700,376,15000
1787311666146,49840,11842,11700,376,15000
1787311666246,49840,11842,11600,376,15000
1787311666346,49840,11842,11600,376,15000
1787311666446,49840,11842,11600,376,15000
1787311666546,49840,11842,11600,376,15000
1787311666647,49840,11842,11600,376,15000
1787311666746,49840,11842,11600,376,15000
1787311666846,49840,11842,11600,376,15000
1787311666946,49840,11842,11700,376,15000
1787311667046,49840,11842,11700,376,15000
1787311667146,49840,11842,11700,376,15000
1787311667246,49840,11842,11700,376,15000
1787311667347,49840,11842,11700,376,15000
1787311667446,49840,11842,11700,376,15000
1787311667546,49840,11842,11700,376,15000
1787311667646,49840,11842,11700,376,15000
1787311667746,49840,11842,11700,376,15000
1787311667846,49840,11842,11700,376,15000
1787311667946,49840,11842,11700,376,15000
1787311668047,49840,11842,11700,376,15000
1787311668146,49840,11842,11700,376,15000
1787311668247,49840,11842,11700,376,15000
1787311668346,49840,11842,11700,376,15000
1787311668446,49840,11842,11700,376,15000
1787311668546,49840,11842,11700,376,15000
1787311668646,49840,11842,11700,376,15000
1787311668746,49840,11842,11700,376,15000
1787311668846,49840,11842,11700,376,15000
1787311668947,49840,11842,11700,376,15000
1787311669046,49840,11842,11700,376,15000
1787311669146,49840,11842,11700,376,15000
1787311669246,49840,11842,11700,376,15000
1787311669346,49840,11842,11700,376,15000
1787311669446,49840,11842,11700,376,15000
1787311669547,49840,11842,11700,376,15000
1787311669646,49840,11842,11700,376,15000
1787311669746,49840,11842,11700,376,15000
1787311669846,49840,11842,11700,376,15000
1787311669946,49840,11842,11700,376,15000
1787311670046,49840,11842,11700,376,15000
1787311670146,49840,11842,11700,376,15000
1787311670246,49840,11842,11700,376,15000
1787311670346,49840,11842,11700,376,15000
1787311670446,49840,11842,11700,376,15000
1787311670546,49840,11842,11700,376,15000
1787311670646,49840,11842,11700,376,15000
1787311670746,49840,11842,11700,376,15000
1787311670846,49840,11842,11700,376,15000
1787311670946,49840,11842,11700,376,15000
1787311671046,49840,11842,11700,376,15000
1787311671146,49840,11842,11700,376,15000
1787311671246,49840,11842,11700,376,15000
1787311671346,49840,11842,11700,376,15000
1787311671446,49840,11842,11700,376,15000
1787311671546,49840,11842,11700,376,15000
1787311671646,49840,11842,11700,376,15000
1787311671746,49840,11842,11700,376,15000
1787311671846,49840,11842,11700,376,15000
1787311671946,49840,11842,11700,376,15000
1787311672046,49840,11842,11700,376,15000
1787311672146,49840,11842,11700,376,15000
1787311672246,49840,11842,11700,376,15000
1787311672346,49840,11842,11700,376,15000
1787311672446,49840,11842,11700,376,15000
1787311672546,49840,11842,11700,376,15000
1787311672646,49840,11842,11700,376,15000
1787311672746,49840,11842,11700,376,15000
1787311672846,49840,11842,11700,376,15000
1787311672947,49840,11842,11700,376,15000
1787311673046,49840,11842,11700,376,15000
1787311673146,49840,11842,11700,376,15000
1787311673246,49840,11842,11700,376,15000
1787311673346,49840,11842,11700,376,15000
1787311673447,49840,11842,11700,376,15000
1787311673546,49840,11842,11700,376,15000
1787311673646,49840,11842,11700,376,15000
1787311673746,49840,11842,11700,376,15000
1787311673846,49840,11842,11700,376,15000
1787311673946,49840,11842,11700,376,15000
1787311674047,49840,11842,11700,376,15000
1787311674147,49840,11842,11700,376,15000
1787311674247,49840,11842,11700,376,15000
1787311674347,49840,11842,11700,376,15000
1787311674446,49840,11842,11700,376,15000
1787311674547,49840,11842,11700,376,15000
1787311674646,49840,11842,11700,376,15000
1787311674746,49840,11842,11700,376,15000
1787311674846,49840,11842,11600,376,15000
1787311674947,49840,11842,11600,376,15000
1787311675046,49840,11842,11600,376,15000
1787311675147,49840,11842,11600,376,15000
1787311675246,49840,11842,11600,376,15000
1787311675346,49840,11842,11600,376,15000
1787311675446,49840,11842,11700,376,15000
1787311675547,49840,11842,11700,376,15000
1787311675647,49840,11842,11700,376,15000
1787311675746,49840,11842,11700,376,15000
1787311675846,49840,11842,11700,376,15000
1787311675946,49840,11842,11700,376,15000
1787311676046,49840,11842,11600,376,15000
1787311676146,49840,11842,11600,376,15000
1787311676246,49840,11842,11600,376,15000
1787311676346,49840,11842,11600,376,15000
1787311676446,49840,11842,11700,376,15000
1787311676546,49840,11842,11700,376,15000
1787311676646,49840,11842,11700,376,15000
1787311676746,49840,11842,11700,376,15000
1787311676846,49840,11842,11700,376,15000
1787311676946,49840,11842,11700,376,15000
1787311677046,49840,11842,11700,376,15000
1787311677146,49840,11842,11700,376,15000
1787311677246,49840,11842,11700,376,15000
1787311677346,49840,11842,11700,376,15000
1787311677446,49840,11842,11700,376,15000
1787311677547,49840,11842,11700,376,15000
1787311677646,49840,11842,11700,376,15000
1787311677746,49840,11842,11700,376,15000
1787311677846,49840,11842,11700,376,15000
1787311677946,49840,11842,11700,376,15000
1787311678046,49840,11842,11700,376,15000
1787311678147,49840,11842,11700,376,15000
1787311678246,49840,11842,11700,376,15000
1787311678346,49840,11842,11700,376,15000
1787311678446,49840,11842,11700,376,15000
1787311678546,49840,11842,11700,376,15000
1787311678646,49840,11842,11700,376,15000
1787311678746,49840,11842,11700,376,15000
1787311678846,49840,11842,11700,376,15000
1787311678946,49840,11842,11700,376,15000
1787311679046,49840,11842,11700,376,15000
1787311679146,49840,11842,11700,376,15000
1787311679247,49840,11842,11700,376,15000
1787311679346,49840,11842,11700,376,15000
1787311679446,49840,11842,11700,376,15000
1787311679546,49840,11842,11700,376,15000
1787311679646,49840,11842,11700,376,15000
1787311679746,49840,11842,11700,376,15000
1787311679846,49840,11842,11700,376,15000
1787311679946,49840,11842,11700,376,15000
1787311680046,49840,11842,11700,376,15000
1787311680146,49840,11842,11700,376,15000
1787311680246,49840,11842,11700,376,15000
1787311680346,49840,11842,11700,376,15000
1787311680446,49840,11842,11700,376,15000
1787311680547,49840,11842,11700,376,15000
1787311680646,49840,11842,11700,376,15000
1787311680747,49840,11842,11700,376,15000
1787311680847,49840,11842,11600,376,15000
1787311680946,49840,11842,11600,376,15000
1787311681046,49840,11842,11600,376,15000
1787311681146,49840,11842,11600,376,15000
1787311681246,49840,11842,11600,376,15000
1787311681346,49840,11842,11600,376,15000
1787311681446,49840,11842,11700,376,15000
1787311681547,49840,11842,11700,376,15000
1787311681646,49840,11842,11700,376,15000
1787311681746,49840,11842,11700,376,15000
1787311681846,49840,11842,11700,376,15000
1787311681946,49840,11842,11700,376,15000
1787311682046,49840,11842,11700,376,15000
1787311682146,49840,11842,11700,376,15000
1787311682247,49840,11842,11700,376,15000
1787311682346,49840,11842,11700,376,15000
1787311682446,49840,11842,11700,376,15000
1787311682546,49840,11842,11700,376,15000
1787311682646,49840,11842,11700,376,15000
1787311682746,49840,11842,11700,376,15000
1787311682846,49840,11842,11700,376,15000
1787311682946,49840,11842,11700,376,15000
1787311683046,49840,11842,11700,376,15000
1787311683146,49840,11842,11600,376,15000
1787311683247,49840,11842,11600,376,15000
1787311683346,49840,11842,11600,376,15000
1787311683446,49840,11842,11600,376,15000
1787311683547,49840,11842,11600,376,15000
1787311683647,49840,11842,11600,376,15000
1787311683747,49840,11842,11700,376,15000
1787311683846,49840,11842,11700,376,15000
1787311683946,49840,11842,11700,376,15000
1787311684046,49840,11842,11700,376,15000
1787311684146,49840,11842,11700,376,15000
1787311684246,49840,11842,11700,376,15000
1787311684346,49840,11842,11700,376,15000
1787311684446,49840,11842,11700,376,15000
1787311684547,49840,11842,11700,376,15000
1787311684646,49840,11842,11700,376,15000
1787311684746,49840,11842,11700,376,15000
1787311684846,49840,11842,11700,376,15000
1787311684946,49840,11842,11700,376,15000
1787311685046,49840,11842,11700,376,15000
1787311685146,49840,11842,11700,376,15000
1787311685246,49840,11842,11700,376,15000
1787311685346,49840,11842,11700,376,15000
1787311685446,49840,11842,11700,376,15000
1787311685546,49840,11842,11700,376,15000
1787311685646,49840,11842,11700,376,15000
1787311685746,49840,11842,11700,376,15000
1787311685847,49840,11842,11700,376,15000
1787311685946,49840,11842,11700,376,15000
1787311686046,49840,11842,11700,376,15000
1787311686147,49840,11842,11700,376,15000
1787311686246,49840,11842,11600,376,15000
1787311686346,49840,11842,11600,376,15000
1787311686446,49840,11842,11600,376,15000
1787311686546,49840,11842,11600,376,15000
1787311686646,49840,11842,11600,376,15000
1787311686747,49840,11842,11600,376,15000
1787311686846,49840,11842,11700,376,15000
1787311686946,49840,11842,11700,376,15000
1787311687046,49840,11842,11700,376,15000
1787311687146,49840,11842,11700,376,15000
1787311687246,49840,11842,11700,376,15000
1787311687346,49840,11842,11700,376,15000
1787311687446,49840,11842,11700,376,15000
1787311687546,49840,11842,11700,376,15000
1787311687646,49840,11842,11700,376,15000
1787311687746,49840,11842,11700,376,15000
1787311687846,49840,11842,11700,376,15000
1787311687946,49840,11842,11700,376,15000
1787311688046,49840,11842,11700,376,15000
1787311688146,49840,11842,11700,376,15000
1787311688246,49840,11842,11700,376,15000
1787311688346,49840,11842,11700,376,15000
1787311688446,49840,11842,11700,376,15000
1787311688546,49840,11842,11700,376,15000
1787311688647,49840,11842,11700,376,15000
1787311688746,49840,11842,11700,376,15000
1787311688846,49840,11842,11700,376,15000
1787311688946,49840,11842,11700,376,15000
1787311689046,49840,11842,11700,376,15000
1787311689146,49840,11842,11700,376,15000
1787311689246,49840,11842,11600,376,15000
1787311689346,49840,11842,11600,376,15000
1787311689446,49840,11842,11600,376,15000
1787311689546,49840,11842,11600,376,15000
1787311689646,49840,11842,11600,376,15000
1787311689746,49840,11842,11600,376,15000
1787311689846,49840,11842,11600,376,15000
1787311689946,49840,11842,11600,376,15000
1787311690046,49840,11842,11600,376,15000
1787311690146,49840,11842,11600,376,15000
1787311690246,49840,11842,11600,376,15000
1787311690346,49840,11842,11600,376,15000
1787311690446,49840,11842,11700,376,15000
1787311690546,49840,11842,11700,376,15000
1787311690646,49840,11842,11700,376,15000
1787311690746,49840,11842,11700,376,15000
1787311690846,49840,11842,11700,376,15000
1787311690946,49840,11842,11700,376,15000
1787311691047,49840,11842,11700,376,15000
1787311691147,49840,11842,11700,376,15000
1787311691247,49840,11842,11700,376,15000
1787311691346,49840,11842,11700,376,15000
1787311691446,49840,11842,11700,376,15000
1787311691546,49840,11842,11700,376,15000
1787311691646,49840,11842,11700,376,15000
1787311691746,49840,11842,11700,376,15000
1787311691846,49840,11842,11700,376,15000
1787311691947,49840,11842,11700,376,15000
1787311692046,49840,11842,11700,376,15000
1787311692146,49840,11842,11700,376,15000
1787311692247,49840,11842,11700,376,15000
1787311692346,49840,11842,11700,376,15000
1787311692446,49840,11842,11700,376,15000
1787311692546,49840,11842,11700,376,15000
1787311692646,49840,11842,11700,376,15000
1787311692746,49840,11842,11700,376,15000
1787311692846,49840,11842,11700,376,15000
1787311692946,49840,11842,11700,376,15000
1787311693047,49840,11842,11700,376,15000
1787311693146,49840,11842,11700,376,15000
1787311693246,49840,11842,11700,376,15000
1787311693346,49840,11842,11700,376,15000
1787311693446,49840,11842,11700,376,15000
1787311693546,49840,11842,11700,376,15000
1787311693647,49840,11842,11700,376,15000
1787311693746,49840,11842,11700,376,15000
1787311693846,49840,11842,11700,376,15000
1787311693946,49840,11842,11700,376,15000
1787311694046,49840,11842,11700,376,15000
1787311694146,49840,11842,11600,376,15000
1787311694246,49840,11842,11600,376,15000
1787311694346,49840,11842,11600,376,15000
1787311694446,49840,11842,11600,376,15000
1787311694546,49840,11842,11600,376,15000
1787311694646,49840,11842,11600,376,15000
1787311694746,49840,11842,11700,376,15000
1787311694846,49840,11842,11700,376,15000
1787311694946,49840,11842,11700,376,15000
1787311695046,49840,11842,11700,376,15000
1787311695146,49840,11842,11700,376,15000
1787311695247,49840,11842,11700,376,15000
1787311695346,49840,11842,11700,376,15000
1787311695446,49840,11842,11700,376,15000
1787311695546,49840,11842,11700,376,15000
1787311695646,49840,11842,11700,376,15000
1787311695746,49840,11842,11700,376,15000
1787311695847,49840,11842,11600,376,15000
1787311695947,49840,11842,11600,376,15000
1787311696047,49840,11842,11600,376,15000
1787311696146,49840,11842,11600,376,15000
1787311696246,49840,11842,11600,376,15000
1787311696346,49840,11842,11600,376,15000
1787311696446,49840,11842,11700,376,15000
1787311696547,49840,11842,11700,376,15000
1787311696646,49840,11842,11700,376,15000
1787311696746,49840,11842,11700,376,15000
1787311696846,49840,11842,11700,376,15000
1787311696946,49840,11842,11700,376,15000
1787311697046,49840,11842,11700,376,15000
1787311697146,49840,11842,11700,376,15000
1787311697246,49840,11842,11700,376,15000
1787311697346,49840,11842,11700,376,15000
1787311697446,49840,11842,11700,376,15000
1787311697546,49840,11842,11700,376,15000
1787311697647,49840,11842,11700,376,15000
1787311697746,49840,11842,11700,376,15000
1787311697846,49840,11842,11700,376,15000
1787311697946,49840,11842,11700,376,15000
1787311698046,49840,11842,11700,376,15000
1787311698146,49840,11842,11700,376,15000
1787311698246,49840,11842,11700,376,15000
1787311698346,49840,11842,11700,376,15000
1787311698446,49840,11842,11700,376,15000
1787311698546,49840,11842,11700,376,15000
1787311698647,49840,11842,11700,376,15000
1787311698746,49840,11842,11700,376,15000
1787311698846,49840,11842,11700,376,15000
1787311698946,49840,11842,11600,376,15000
1787311699046,49840,11842,11600,376,15000
1787311699146,49840,11842,11600,376,15000
1787311699247,49840,11842,11600,376,15000
1787311699346,49840,11842,11600,376,15000
1787311699446,49840,11842,11600,376,15000
1787311699546,49840,11842,11600,376,15000
1787311699646,49840,11842,11700,376,15000
1787311699746,49840,11842,11700,376,15000
1787311699846,49840,11842,11700,376,15000
1787311699946,49840,11842,11700,376,15000
1787311700046,49840,11842,11700,376,15000
1787311700146,49840,11842,11700,376,15000
1787311700247,49840,11842,11600,376,15000
1787311700346,49840,11842,11600,376,15000
1787311700446,49840,11842,11600,376,15000
1787311700546,49840,11842,11600,376,15000
1787311700646,49840,11842,11700,376,15000
1787311700746,49840,11842,11700,376,15000
1787311700846,49840,11842,11700,376,15000
1787311700947,49840,11842,11700,376,15000
1787311701046,49840,11842,11700,376,15000
1787311701146,49840,11842,11700,376,15000
1787311701246,49840,11842,11700,376,15000
1787311701346,49840,11842,11700,376,15000
1787311701446,49840,11842,11700,376,15000
1787311701547,49840,11842,11700,376,15000
1787311701646,49840,11842,11700,376,15000
1787311701746,49840,11842,11700,376,15000
1787311701846,49840,11842,11700,376,15000
1787311701946,49840,11842,11700,376,15000
1787311702046,49840,11842,11700,376,15000
1787311702146,49840,11842,11700,376,15000
1787311702246,49840,11842,11700,376,15000
1787311702346,49840,11842,11700,376,15000
1787311702446,49840,11842,11700,376,15000
1787311702546,49840,11842,11700,376,15000
1787311702646,49840,11842,11700,376,15000
1787311702746,49840,11842,11700,376,15000
1787311702846,49840,11842,11700,376,15000
1787311702946,49840,11842,11700,376,15000
1787311703047,49840,11842,11700,376,15000
1787311703147,49840,11842,11700,376,15000
1787311703246,49840,11842,11700,376,15000
1787311703346,49840,11842,11700,376,15000
1787311703446,49840,11842,11700,376,15000
1787311703546,49840,11842,11700,376,15000
1787311703646,49840,11842,11700,376,15000
1787311703746,49840,11842,11700,376,15000
1787311703846,49840,11842,11700,376,15000
1787311703947,49840,11842,11700,376,15000
1787311704046,49840,11842,11700,376,15000
1787311704146,49840,11842,11700,376,15000
1787311704246,49840,11842,11700,376,15000
1787311704346,49840,11842,11700,376,15000
1787311704446,49840,11842,11700,376,15000
1787311704546,49840,11842,11700,376,15000
1787311704646,49840,11842,11700,376,15000
1787311704746,49840,11842,11700,376,15000
1787311704847,49840,11842,11700,376,15000
1787311704946,49840,11842,11700,376,15000
1787311705047,49840,11842,11700,376,15000
1787311705146,49840,11842,11700,376,15000
1787311705246,49840,11842,11700,376,15000
1787311705346,49840,11842,11700,376,15000
1787311705446,49840,11842,11700,376,15000
1787311705546,49840,11842,11700,376,15000
1787311705646,49840,11842,11700,376,15000
1787311705746,49840,11842,11700,376,15000
1787311705846,49840,11842,11700,376,15000
1787311705947,49840,11842,11700,376,15000
1787311706046,49840,11842,11700,376,15000
1787311706146,49840,11842,11600,376,15000
1787311706246,49840,11842,11600,376,15000
1787311706346,49840,11842,11600,376,15000
1787311706446,49840,11842,11600,376,15000
1787311706546,49840,11842,11600,376,15000
1787311706647,49840,11842,11600,376,15000
1787311706746,49840,11842,11600,376,15000
1787311706846,49840,11842,11600,376,15000
1787311706946,49840,11842,11600,376,15000
1787311707046,49840,11842,11600,376,15000
1787311707146,49840,11842,11600,376,15000
1787311707246,49840,11842,11600,376,15000
1787311707346,49840,11842,11700,376,15000
1787311707446,49840,11842,11700,376,15000
1787311707546,49840,11842,11700,376,15000
1787311707647,49840,11842,11700,376,15000
1787311707746,49840,11842,11700,376,15000
1787311707847,49840,11842,11700,376,15000
1787311707946,49840,11842,11700,376,15000
1787311708046,49840,11842,11700,376,15000
1787311708146,49840,11842,11700,376,15000
1787311708246,49840,11842,11700,376,15000
1787311708347,49840,11842,11700,376,15000
1787311708446,49840,11842,11700,376,15000
1787311708546,49840,11842,11700,376,15000
1787311708647,49840,11842,11600,376,15000
1787311708746,49840,11842,11600,376,15000
1787311708846,49840,11842,11600,376,15000
1787311708947,49840,11842,11600,376,15000
1787311709046,49840,11842,11600,376,15000
1787311709146,49840,11842,11600,376,15000
1787311709246,49840,11842,11700,376,15000
1787311709346,49840,11842,11700,376,15000
1787311709446,49840,11842,11700,376,15000
1787311709546,49840,11842,11700,376,15000
1787311709646,49840,11842,11700,376,15000
1787311709746,49840,11842,11700,376,15000
1787311709846,49840,11842,11700,376,15000
1787311709946,49840,11842,11700,376,15000
1787311710047,49840,11842,11700,376,15000
1787311710146,49840,11842,11700,376,15000
1787311710246,49840,11842,11700,376,15000
1787311710346,49840,11842,11700,376,15000
1787311710446,49840,11842,11700,376,15000
1787311710546,49840,11842,11700,376,15000
1787311710647,49840,11842,11700,376,15000
1787311710746,49840,11842,11700,376,15000
1787311710846,49840,11842,11700,376,15000
1787311710946,49840,11842,11700,376,15000
1787311711046,49840,11842,11700,376,15000
1787311711147,49840,11842,11700,376,15000
1787311711246,49840,11842,11700,376,15000
1787311711346,49840,11842,11700,376,15000
1787311711446,49840,11842,11700,376,15000
1787311711546,49840,11842,11700,376,15000
1787311711646,49840,11842,11700,376,15000
1787311711746,49840,11842,11700,376,15000
1787311711846,49840,11842,11700,376,15000
1787311711946,49840,11842,11700,376,15000
1787311712046,49840,11842,11700,376,15000
1787311712146,49840,11842,11700,376,15000
1787311712246,49840,11842,11700,376,15000
1787311712346,49840,11842,11700,376,15000
1787311712446,49840,11842,11700,376,15000
1787311712546,49840,11842,11700,376,15000
1787311712646,49840,11842,11700,376,15000
1787311712747,49840,11842,11700,376,15000
1787311712846,49840,11842,11700,376,15000
1787311712946,49840,11842,11700,376,15000
1787311713046,49840,11842,11700,376,15000
1787311713146,49840,11842,11700,376,15000
1787311713246,49840,11842,11700,376,15000
1787311713346,49840,11842,11700,376,15000
1787311713446,49840,11842,11700,376,15000
1787311713546,49840,11842,11700,376,15000
1787311713646,49840,11842,11700,376,15000
1787311713746,49840,11842,11700,376,15000
1787311713847,49840,11842,11700,376,15000
1787311713946,49840,11842,11700,376,15000
1787311714047,49840,11842,11700,376,15000
1787311714146,49840,11842,11700,376,15000
1787311714246,49840,11842,11700,376,15000
1787311714347,49840,11842,11700,376,15000
1787311714446,49840,11842,11700,376,15000
1787311714546,49840,11842,11700,376,15000
1787311714646,49840,11842,11700,376,15000
1787311714746,49840,11842,11700,376,15000
1787311714846,49840,11842,11700,376,15000
1787311714946,49840,11842,11700,376,15000
1787311715046,49840,11842,11700,376,15000
1787311715146,49840,11842,11700,376,15000
1787311715246,49840,11842,11700,376,15000
1787311715346,49840,11842,11700,376,15000
1787311715446,49840,11842,11700,376,15000
1787311715546,49840,11842,11700,376,15000
1787311715647,49840,11842,11700,376,15000
1787311715747,49840,11842,11700,376,15000
1787311715847,49840,11842,11700,376,15000
1787311715946,49840,11842,11700,376,15000
1787311716047,49840,11842,11700,376,15000
1787311716146,49840,11842,11700,376,15000
1787311716246,49840,11842,11700,376,15000
1787311716346,49840,11842,11700,376,15000
1787311716446,49840,11842,11700,376,15000
1787311716546,49840,11842,11700,376,15000
1787311716646,49840,11842,11700,376,15000
1787311716747,49840,11842,11700,376,15000
1787311716847,49840,11842,11700,376,15000
1787311716947,49840,11842,11700,376,15000
1787311717046,49840,11842,11700,376,15000
1787311717146,49840,11842,11700,376,15000
1787311717247,49840,11842,11700,376,15000
1787311717346,49840,11842,11700,376,15000
1787311717446,49840,11842,11700,376,15000
1787311717546,49840,11842,11700,376,15000
1787311717646,49840,11842,11700,376,15000
1787311717746,49840,11842,11700,376,15000
1787311717846,49840,11842,11700,376,15000
1787311717946,49840,11842,11700,376,15000
1787311718046,49840,11842,11700,376,15000
1787311718146,49840,11842,11700,376,15000
1787311718246,49840,11842,11700,376,15000
1787311718346,49840,11842,11700,376,15000
1787311718446,49840,11842,11700,376,15000
1787311718546,49840,11842,11700,376,15000
1787311718646,49840,11842,11700,376,15000
1787311718747,49840,11842,11700,376,15000
1787311718846,49840,11842,11700,376,15000
1787311718946,49840,11842,11700,376,15000
1787311719046,49840,11842,11700,376,15000
1787311719146,49840,11842,11700,376,15000
1787311719246,49840,11842,11700,376,15000
1787311719346,49840,11842,11700,376,15000
1787311719446,49840,11842,11700,376,15000
1787311719547,49840,11842,11700,376,15000
1787311719647,49840,11842,11700,376,15000
1787311719746,49840,11842,11700,376,15000
1787311719846,49840,11842,11700,376,15000
1787311719946,49840,11842,11700,376,15000
1787311720046,49840,11842,11700,376,15000
1787311720147,49840,11842,11700,376,15000
1787311720246,49840,11842,11700,376,15000
1787311720346,49840,11842,11700,376,15000
1787311720446,49840,11842,11700,376,15000
1787311720546,49840,11842,11700,376,15000
1787311720646,49840,11842,11700,376,15000
1787311720746,49840,11842,11700,376,15000
1787311720846,49840,11842,11700,376,15000
1787311720947,49840,11842,11700,376,15000
1787311721046,49840,11842,11700,376,15000
1787311721146,49840,11842,11700,376,15000
1787311721246,49840,11842,11700,376,15000
1787311721346,49840,11842,11700,376,15000
1787311721446,49840,11842,11700,376,15000
1787311721546,49840,11842,11700,376,15000
1787311721646,49840,11842,11700,376,15000
1787311721747,49840,11842,11700,376,15000
1787311721847,49840,11842,11700,376,15000
1787311721947,49840,11842,11700,376,15000
1787311722046,49840,11842,11700,376,15000
1787311722146,49840,11842,11700,376,15000
1787311722246,49840,11842,11700,376,15000
1787311722346,49840,11842,11700,376,15000
1787311722446,49840,11842,11700,376,15000
1787311722546,49840,11842,11700,376,15000
1787311722646,49840,11842,11700,376,15000
1787311722746,49840,11842,11700,376,15000
1787311722846,49840,11842,11700,376,15000
1787311722946,49840,11842,11700,376,15000
1787311723046,49840,11842,11700,376,15000
1787311723146,49840,11842,11700,376,15000
1787311723246,49840,11842,11700,376,15000
1787311723346,49840,11842,11700,376,15000
1787311723446,49840,11842,11700,376,15000
1787311723546,49840,11842,11700,376,15000
1787311723646,49840,11842,11700,376,15000
1787311723746,49840,11842,11700,376,15000
1787311723846,49840,11842,11700,376,15000
1787311723946,49840,11842,11700,376,15000
1787311724046,49840,11842,11700,376,15000
1787311724146,49840,11842,11700,376,15000
1787311724246,49840,11842,11700,376,15000
1787311724346,49840,11842,11700,376,15000
1787311724446,49840,11842,11700,376,15000
1787311724546,49840,11842,11700,376,15000
1787311724646,49840,11842,11700,376,15000
1787311724747,49840,11842,11700,376,15000
1787311724846,49840,11842,11700,376,15000
1787311724947,49840,11842,11600,376,15000
1787311725047,49840,11842,11600,376,15000
1787311725146,49840,11842,11600,376,15000
1787311725247,49840,11842,11600,376,15000
1787311725346,49840,11842,11600,376,15000
1787311725447,49840,11842,11600,376,15000
1787311725546,49840,11842,11600,376,15000
1787311725646,49840,11842,11600,376,15000
1787311725746,49840,11842,11600,376,15000
1787311725847,49840,11842,11600,376,15000
1787311725946,49840,11842,11600,376,15000
1787311726046,49840,11842,11600,376,15000
1787311726146,49840,11842,11600,376,15000
1787311726247,49840,11842,11600,376,15000
1787311726346,49840,11842,11600,376,15000
1787311726446,49840,11842,11600,376,15000
1787311726546,49840,11842,11700,376,15000
1787311726646,49840,11842,11700,376,15000
1787311726746,49840,11842,11700,376,15000
1787311726846,49840,11842,11700,376,15000
1787311726946,49840,11842,11700,376,15000
1787311727046,49840,11842,11700,376,15000
1787311727147,49840,11842,11700,376,15000
1787311727246,49840,11842,11700,376,15000
1787311727347,49840,11842,11700,376,15000
1787311727446,49840,11842,11700,376,15000
1787311727546,49840,11842,11700,376,15000
1787311727647,49840,11842,11700,376,15000
1787311727746,49840,11842,11700,376,15000
1787311727847,49840,11842,11700,376,15000
1787311727946,49840,11842,11700,376,15000
1787311728046,49840,11842,11700,376,15000
1787311728146,49840,11842,11700,376,15000
1787311728246,49840,11842,11700,376,15000
1787311728347,49840,11842,11700,376,15000
1787311728446,49840,11842,11600,376,15000
1787311728546,49840,11842,11600,376,15000
1787311728646,49840,11842,11600,376,15000
1787311728746,49840,11842,11600,376,15000
1787311728846,49840,11842,11600,376,15000
1787311728946,49840,11842,11600,376,15000
1787311729047,49840,11842,11700,376,15000
1787311729146,49840,11842,11700,376,15000
1787311729246,49840,11842,11700,376,15000
1787311729346,49840,11842,11700,376,15000
1787311729446,49840,11842,11700,376,15000
1787311729546,49840,11842,11700,376,15000
1787311729646,49840,11842,11700,376,15000
1787311729746,49840,11842,11700,376,15000
1787311729846,49840,11842,11700,376,15000
1787311729946,49840,11842,11700,376,15000
1787311730046,49840,11842,11700,376,15000
1787311730146,49840,11842,11700,376,15000
1787311730246,49840,11842,11700,376,15000
1787311730346,49840,11842,11700,376,15000
1787311730446,49840,11842,11700,376,15000
1787311730546,49840,11842,11700,376,15000
1787311730646,49840,11842,11700,376,15000
1787311730746,49840,11842,11700,376,15000
1787311730846,49840,11842,11700,376,15000
1787311730946,49840,11842,11700,376,15000
1787311731047,49840,11842,11700,376,15000
1787311731146,49840,11842,11700,376,15000
1787311731246,49840,11842,11700,376,15000
1787311731346,49840,11842,11700,376,15000
1787311731446,49840,11842,11700,376,15000
1787311731546,49840,11842,11700,376,15000
1787311731646,49840,11842,11700,376,15000
1787311731746,49840,11842,11700,376,15000
1787311731846,49840,11842,11700,376,15000
1787311731947,49840,11842,11700,376,15000
1787311732046,49840,11842,11700,376,15000
1787311732146,49840,11842,11700,376,15000
1787311732247,49840,11842,11700,376,15000
1787311732346,49840,11842,11700,376,15000
1787311732446,49840,11842,11700,376,15000
1787311732546,49840,11842,11700,376,15000
1787311732647,49840,11842,11700,376,15000
1787311732746,49840,11842,11700,376,15000
1787311732846,49840,11842,11700,376,15000
1787311732946,49840,11842,11700,376,15000
1787311733047,49840,11842,11700,376,15000
1787311733146,49840,11842,11700,376,15000
1787311733246,49840,11842,11700,376,15000
1787311733347,49840,11842,11700,376,15000
1787311733446,49840,11842,11700,376,15000
1787311733546,49840,11842,11700,376,15000
1787311733646,49840,11842,11700,376,15000
1787311733746,49840,11842,11700,376,15000
1787311733846,49840,11842,11700,376,15000
1787311733946,49840,11842,11700,376,15000
1787311734046,49840,11842,11700,376,15000
1787311734146,49840,11842,11700,376,15000
1787311734246,49840,11842,11700,376,15000
1787311734346,49840,11842,11700,376,15000
1787311734446,49840,11842,11700,376,15000
1787311734547,49840,11842,11700,376,15000
1787311734646,49840,11842,11700,376,15000
1787311734747,49840,11842,11700,376,15000
1787311734846,49840,11842,11700,376,15000
1787311734946,49840,11842,11700,376,15000
1787311735047,49840,11842,11700,376,15000
1787311735146,49840,11842,11700,376,15000
1787311735246,49840,11842,11700,376,15000
1787311735346,49840,11842,11700,376,15000
1787311735447,49840,11842,11700,376,15000
1787311735546,49840,11842,11700,376,15000
1787311735646,49840,11842,11700,376,15000
1787311735747,49840,11842,11700,376,15000
1787311735846,49840,11842,11700,376,15000
1787311735946,49840,11842,11700,376,15000
1787311736046,49840,11842,11700,376,15000
1787311736146,49840,11842,11700,376,15000
1787311736246,49840,11842,11700,376,15000
1787311736346,49840,11842,11700,376,15000
1787311736446,49840,11842,11700,376,15000
1787311736546,49840,11842,11700,376,15000
1787311736646,49840,11842,11700,376,15000
1787311736746,49840,11842,11700,376,15000
1787311736846,49840,11842,11700,376,15000
1787311736946,49840,11842,11700,376,15000
1787311737046,49840,11842,11700,376,15000
1787311737147,49840,11842,11700,376,15000
1787311737246,49840,11842,11700,376,15000
1787311737346,49840,11842,11700,376,15000
1787311737446,49840,11842,11700,376,15000
1787311737547,49840,11842,11700,376,15000
1787311737646,49840,11842,11700,376,15000
1787311737746,49840,11842,11700,376,15000
1787311737846,49840,11842,11700,376,15000
1787311737946,49840,11842,11700,376,15000
1787311738046,49840,11842,11700,376,15000
1787311738146,49840,11842,11700,376,15000
1787311738246,49840,11842,11700,376,15000
1787311738346,49840,11842,11700,376,15000
1787311738446,49840,11842,11700,376,15000
1787311738547,49840,11842,11700,376,15000
1787311738646,49840,11842,11700,376,15000
1787311738746,49840,11842,11700,376,15000
1787311738847,49840,11842,11700,376,15000
1787311738946,49840,11842,11700,376,15000
1787311739046,49840,11842,11700,376,15000
1787311739146,49840,11842,11700,376,15000
1787311739246,49840,11842,11700,376,15000
1787311739346,49840,11842,11700,376,15000
1787311739446,49840,11842,11700,376,15000
1787311739546,49840,11842,11700,376,15000
1787311739646,49840,11842,11700,376,15000
1787311739746,49840,11842,11700,376,15000
1787311739846,49840,11842,11700,376,15000
1787311739946,49840,11842,11700,376,15000
1787311740046,49840,11842,11700,376,15000
1787311740146,49840,11842,11700,376,15000
1787311740247,49840,11842,11700,376,15000
1787311740347,49840,11842,11700,376,15000
1787311740446,49840,11842,11700,376,15000
1787311740547,49840,11842,11700,376,15000
1787311740646,49840,11842,11700,376,15000
1787311740746,49840,11842,11700,376,15000
1787311740846,49840,11842,11700,376,15000
1787311740946,49840,11842,11700,376,15000
1787311741046,49840,11842,11700,376,15000
1787311741146,49840,11842,11700,376,15000
1787311741246,49840,11842,11700,376,15000
1787311741346,49840,11842,11700,376,15000
1787311741446,49840,11842,11700,376,15000
1787311741547,49840,11842,11700,376,15000
1787311741646,49840,11842,11700,376,15000
1787311741746,49840,11842,11700,376,15000
1787311741846,49840,11842,11700,376,15000
1787311741946,49840,11842,11700,376,15000
1787311742046,49840,11842,11700,376,15000
1787311742146,49840,11842,11700,376,15000
1787311742246,49840,11842,11700,376,15000
1787311742346,49840,11842,11700,376,15000
1787311742446,49840,11842,11700,376,15000
1787311742546,49840,11842,11700,376,15000
1787311742646,49840,11842,11700,376,15000
1787311742746,49840,11842,11700,376,15000
1787311742846,49840,11842,11700,376,15000
1787311742946,49840,11842,11700,376,15000
1787311743046,49840,11842,11700,376,15000
1787311743147,49840,11842,11700,376,15000
1787311743246,49840,11842,11700,376,15000
1787311743346,49840,11842,11700,376,15000
1787311743446,49840,11842,11700,376,15000
1787311743547,49840,11842,11700,376,15000
1787311743646,49840,11842,11700,376,15000
1787311743746,49840,11842,11700,376,15000
1787311743846,49840,11842,11700,376,15000
1787311743946,49840,11842,11700,376,15000
1787311744046,49840,11842,11700,376,15000
1787311744146,49840,11842,11700,376,15000
1787311744246,49840,11842,11700,376,15000
1787311744347,49840,11842,11700,376,15000
1787311744446,49840,11842,11700,376,15000
1787311744546,49840,11842,11700,376,15000
1787311744646,49840,11842,11700,376,15000
1787311744746,49840,11842,11700,376,15000
1787311744846,49840,11842,11700,376,15000
1787311744946,49840,11842,11700,376,15000
1787311745046,49840,11842,11700,376,15000
1787311745147,49840,11842,11700,376,15000
1787311745247,49840,11842,11700,376,15000
1787311745346,49840,11842,11700,376,15000
1787311745446,49840,11842,11700,376,15000
1787311745546,49840,11842,11700,376,15000
1787311745646,49840,11842,11700,376,15000
1787311745746,49840,11842,11700,376,15000
1787311745846,49840,11842,11700,376,15000
1787311745946,49840,11842,11600,376,15000
1787311746046,49840,11842,11600,376,15000
1787311746147,49840,11842,11600,376,15000
1787311746247,49840,11842,11600,376,15000
1787311746346,49840,11842,11600,376,15000
1787311746446,49840,11842,11600,376,15000
1787311746546,49840,11842,11600,376,15000
1787311746646,49840,11842,11700,376,15000
1787311746746,49840,11842,11700,376,15000
1787311746847,49840,11842,11700,376,15000
1787311746946,49840,11842,11700,376,15000
1787311747046,49840,11842,11700,376,15000
1787311747146,49840,11842,11700,376,15000
1787311747246,49840,11842,11700,376,15000
1787311747346,49840,11842,11700,376,15000
1787311747446,49840,11842,11700,376,15000
1787311747546,49840,11842,11700,376,15000
1787311747646,49840,11842,11700,376,15000
1787311747746,49840,11842,11700,376,15000
1787311747846,49840,11842,11700,376,15000
1787311747947,49840,11842,11700,376,15000
1787311748046,49840,11842,11700,376,15000
1787311748147,49840,11842,11700,376,15000
1787311748246,49840,11842,11700,376,15000
1787311748346,49840,11842,11700,376,15000
1787311748446,49840,11842,11700,376,15000
1787311748547,49840,11842,11700,376,15000
1787311748646,49840,11842,11700,376,15000
1787311748746,49840,11842,11700,376,15000
1787311748846,49840,11842,11700,376,15000
1787311748946,49840,11842,11700,376,15000
1787311749046,49840,11842,11700,376,15000
1787311749146,49840,11842,11700,376,15000
1787311749246,49840,11842,11700,376,15000
1787311749347,49840,11842,11700,376,15000
1787311749446,49840,11842,11700,376,15000
1787311749546,49840,11842,11700,376,15000
1787311749647,49840,11842,11700,376,15000
1787311749747,49840,11842,11700,376,15000
1787311749846,49840,11842,11700,376,15000
1787311749947,49840,11842,11700,376,15000
1787311750046,49840,11842,11700,376,15000
1787311750146,49840,11842,11700,376,15000
1787311750247,49840,11842,11700,376,15000
1787311750346,49840,11842,11700,376,15000
1787311750446,49840,11842,11700,376,15000
1787311750546,49840,11842,11700,376,15000
1787311750646,49840,11842,11700,376,15000
1787311750746,49840,11842,11700,376,15000
1787311750847,49840,11842,11700,376,15000
1787311750946,49840,11842,11700,376,15000
1787311751046,49840,11842,11700,376,15000
1787311751146,49840,11842,11700,376,15000
1787311751246,49840,11842,11700,376,15000
1787311751346,49840,11842,11700,376,15000
1787311751446,49840,11842,11700,376,15000
1787311751547,49840,11842,11700,376,15000
1787311751647,49840,11842,11700,376,15000
1787311751746,49840,11842,11700,376,15000
1787311751846,49840,11842,11700,376,15000
1787311751946,49840,11842,11700,376,15000
1787311752046,49840,11842,11700,376,15000
1787311752146,49840,11842,11700,376,15000
1787311752246,49840,11842,11700,376,15000
1787311752346,49840,11842,11700,376,15000
1787311752446,49840,11842,11700,376,15000
1787311752546,49840,11842,11700,376,15000
1787311752646,49840,11842,11700,376,15000
1787311752746,49840,11842,11700,376,15000
1787311752846,49840,11842,11700,376,15000
1787311752947,49840,11842,11700,376,15000
1787311753046,49840,11842,11700,376,15000
1787311753146,49840,11842,11700,376,15000
1787311753246,49840,11842,11700,376,15000
1787311753346,49840,11842,11700,376,15000
1787311753446,49840,11842,11700,376,15000
1787311753546,49840,11842,11700,376,15000
1787311753646,49840,11842,11700,376,15000
1787311753746,49840,11842,11700,376,15000
1787311753847,49840,11842,11700,376,15000
1787311753946,49840,11842,11700,376,15000
1787311754046,49840,11842,11700,376,15000
1787311754146,49840,11842,11700,376,15000
1787311754246,49840,11842,11700,376,15000
1787311754347,49840,11842,11700,376,15000
1787311754447,49840,11842,11700,376,15000
1787311754547,49840,11842,11700,376,15000
1787311754646,49840,11842,11700,376,15000
1787311754746,49840,11842,11700,376,15000
1787311754847,49840,11842,11700,376,15000
1787311754946,49840,11842,11700,376,15000
1787311755046,49840,11842,11700,376,15000
1787311755147,49840,11842,11700,376,15000
1787311755246,49840,11842,11700,376,15000
1787311755346,49840,11842,11700,376,15000
1787311755446,49840,11842,11700,376,15000
1787311755546,49840,11842,11700,376,15000
1787311755646,49840,11842,11700,376,15000
1787311755746,49840,11842,11700,376,15000
1787311755846,49840,11842,11700,376,15000
1787311755947,49840,11842,11700,376,15000
1787311756046,49840,11842,11700,376,15000
1787311756146,49840,11842,11700,376,15000
1787311756246,49840,11842,11700,376,15000
1787311756346,49840,11842,11700,376,15000
1787311756446,49840,11842,11700,376,15000
1787311756546,49840,11842,11700,376,15000
1787311756647,49840,11842,11700,376,15000
1787311756746,49840,11842,11700,376,15000
1787311756846,49840,11842,11700,376,15000
1787311756946,49840,11842,11700,376,15000
1787311757046,49840,11842,11700,376,15000
1787311757146,49840,11842,11700,376,15000
1787311757246,49840,11842,11700,376,15000
1787311757346,49840,11842,11700,376,15000
1787311757446,49840,11842,11700,376,15000
1787311757546,49840,11842,11700,376,15000
1787311757646,49840,11842,11700,376,15000
1787311757746,49840,11842,11700,376,15000
1787311757846,49840,11842,11700,376,15000
1787311757947,49840,11842,11700,376,15000
1787311758046,49840,11842,11700,376,15000
1787311758146,49840,11842,11600,376,15000
1787311758247,49840,11842,11600,376,15000
1787311758347,49840,11842,11600,376,15000
1787311758446,49840,11842,11600,376,15000
1787311758546,49840,11842,11600,376,15000
1787311758646,49840,11842,11600,376,15000
1787311758746,49840,11842,11700,376,15000
1787311758846,49840,11842,11700,376,15000
1787311758947,49840,11842,11700,376,15000
1787311759046,49840,11842,11700,376,15000
1787311759146,49840,11842,11700,376,15000
1787311759246,49840,11842,11700,376,15000
1787311759346,49840,11842,11700,376,15000
1787311759446,49840,11842,11700,376,15000
1787311759546,49840,11842,11700,376,15000
1787311759646,49840,11842,11700,376,15000
1787311759746,49840,11842,11700,376,15000
1787311759846,49840,11842,11700,376,15000
1787311759947,49840,11842,11700,376,15000
1787311760046,49840,11842,11700,376,15000
1787311760147,49840,11842,11700,376,15000
1787311760246,49840,11842,11700,376,15000
1787311760346,49840,11842,11700,376,15000
1787311760446,49840,11842,11700,376,15000
1787311760546,49840,11842,11700,376,15000
1787311760646,49840,11842,11700,376,15000
1787311760746,49840,11842,11700,376,15000
1787311760847,49840,11842,11700,376,15000
1787311760946,49840,11842,11700,376,15000
1787311761046,49840,11842,11700,376,15000
1787311761146,49840,11842,11700,376,15000
1787311761246,49840,11842,11700,376,15000
1787311761346,49840,11842,11700,376,15000
1787311761446,49840,11842,11700,376,15000
1787311761546,49840,11842,11700,376,15000
1787311761646,49840,11842,11700,376,15000
1787311761746,49840,11842,11700,376,15000
1787311761846,49840,11842,11700,376,15000
1787311761946,49840,11842,11700,376,15000
1787311762046,49840,11842,11700,376,15000
1787311762146,49840,11842,11700,376,15000
1787311762246,49840,11842,11700,376,15000
1787311762347,49840,11842,11700,376,15000
1787311762446,49840,11842,11700,376,15000
1787311762547,49840,11842,11700,376,15000
1787311762646,49840,11842,11700,376,15000
1787311762746,49840,11842,11700,376,15000
1787311762846,49840,11842,11700,376,15000
1787311762946,49840,11842,11700,376,15000
1787311763046,49840,11842,11700,376,15000
1787311763146,49840,11842,11700,376,15000
1787311763246,49840,11842,11700,376,15000
1787311763346,49840,11842,11700,376,15000
1787311763446,49840,11842,11700,376,15000
1787311763546,49840,11842,11600,376,15000
1787311763646,49840,11842,11600,376,15000
1787311763746,49840,11842,11600,376,15000
1787311763846,49840,11842,11600,376,15000
1787311763947,49840,11842,11600,376,15000
1787311764046,49840,11842,11600,376,15000
1787311764146,49840,11842,11600,376,15000
1787311764247,49840,11842,11700,376,15000
1787311764347,49840,11842,11700,376,15000
1787311764446,49840,11842,11700,376,15000
1787311764546,49840,11842,11700,376,15000
1787311764646,49840,11842,11700,376,15000
1787311764746,49840,11842,11700,376,15000
1787311764846,49840,11842,11700,376,15000
1787311764946,49840,11842,11700,376,15000
1787311765046,49840,11842,11700,376,15000
1787311765146,49840,11842,11700,376,15000
1787311765246,49840,11842,11700,376,15000
1787311765346,49840,11842,11700,376,15000
1787311765447,49840,11842,11700,376,15000
1787311765546,49840,11842,11700,376,15000
1787311765646,49840,11842,11700,376,15000
1787311765746,49840,11842,11700,376,15000
1787311765846,49840,11842,11700,376,15000
1787311765946,49840,11842,11600,376,15000
1787311766046,49840,11842,11600,376,15000
1787311766146,49840,11842,11600,376,15000
1787311766246,49840,11842,11600,376,15000
1787311766346,49840,11842,11600,376,15000
1787311766446,49840,11842,11600,376,15000
1787311766546,49840,11842,11800,376,15000
1787311766646,49840,11842,11800,376,15000
1787311766746,49840,11842,11800,376,15000
1787311766846,49840,11842,11800,376,15000
1787311766946,49840,11842,11800,376,15000
1787311767046,50000,0,11800,376,15000
1787311767146,50000,0,11600,376,15000
1787311767246,50000,0,11600,376,15000
1787311767346,50000,0,11600,376,15000
1787311767446,50000,0,11600,376,15000
1787311767546,50000,0,11600,376,15000
1787311767646,50000,0,11600,376,15000
1787311767746,50000,0,800,376,15000
1787311767847,50000,0,800,376,15000
1787311767947,50000,0,800,376,15000
1787311768046,50000,0,800,376,15000
1787311768146,50000,0,800,376,15000
1787311768246,50000,0,800,376,15000
1787311768346,50000,0,0,376,15000
1787311768446,50000,0,0,376,15000
1787311768546,50000,0,0,376,15000
1787311768647,50000,0,0,376,15000
1787311768746,50000,0,0,376,15000
1787311768846,50000,0,0,376,15000
1787311768946,50000,0,0,376,15000
1787311769047,50000,0,0,376,15000
1787311769147,50000,0,0,376,15000
1787311769246,50000,0,0,376,15000
1787311769346,50000,0,0,376,15000
1787311769446,50000,0,0,376,15000
1787311769546,50000,0,0,376,15000
1787311769646,50000,0,0,376,15000
1787311769746,50000,0,0,376,15000
1787311769846,50000,0,0,376,15000
1787311769946,50000,0,0,376,15000
1787311770046,50000,0,0,376,15000
1787311770146,50000,0,0,376,15000
1787311770246,50000,0,0,376,15000
1787311770346,50000,0,0,376,15000
1787311770446,50000,0,0,376,15000
1787311770546,50000,0,0,376,15000
1787311770646,50000,0,0,376,15000
1787311770746,50000,0,0,376,15000
1787311770847,50000,0,0,376,15000
1787311770946,50000,0,0,376,15000
1787311771047,50000,0,0,376,15000
1787311771146,50000,0,0,376,15000
1787311771246,50000,0,0,376,15000
1787311771346,50000,0,0,376,15000
1787311771446,50000,0,0,376,15000
1787311771546,50000,0,0,376,15000
1787311771647,50000,0,0,376,15000
1787311771746,50000,0,0,376,15000
1787311771847,50000,0,0,376,15000
1787311771946,50000,0,0,376,15000
1787311772046,50000,0,0,376,15000
1787311772147,50000,0,0,376,15000
1787311772247,50000,0,0,376,15000
1787311772346,50000,0,0,376,15000
1787311772446,50000,0,0,376,15000
1787311772546,50000,0,0,376,15000
1787311772646,50000,0,0,376,15000
1787311772746,50000,0,0,376,15000
1787311772846,50000,0,0,376,15000
1787311772946,50000,0,0,376,15000
1787311773046,50000,0,0,376,15000
1787311773146,50000,0,0,376,15000
1787311773247,50000,0,0,376,15000
1787311773346,50000,0,0,376,15000
1787311773446,50000,0,0,376,15000
1787311773546,50000,0,0,376,15000
1787311773646,50000,0,0,376,15000
1787311773747,50000,0,0,376,15000
1787311773846,50000,0,0,376,15000
1787311773946,50000,0,0,376,15000
1787311774046,50000,0,0,376,15000
1787311774146,50000,0,0,376,15000
1787311774247,50000,0,0,376,15000
1787311774347,50000,0,0,376,15000
1787311774446,50000,0,0,376,15000
1787311774546,50000,0,0,376,15000
1787311774646,50000,0,0,376,15000
1787311774746,50000,0,0,376,15000
1787311774846,50000,0,0,376,15000
1787311774946,50000,0,0,376,15000
1787311775046,50000,0,0,376,15000
1787311775147,50000,0,0,376,15000
1787311775246,50000,0,0,376,15000
1787311775347,50000,0,0,376,15000
1787311775446,50000,0,0,376,15000
1787311775546,50000,0,0,376,15000
1787311775646,50000,0,0,376,15000
1787311775746,50000,0,0,376,15000
1787311775846,50000,0,0,376,15000
1787311775946,50000,0,0,376,15000
1787311776046,50000,0,0,376,15000
1787311776146,50000,0,0,376,15000
1787311776246,50000,0,0,376,15000
1787311776347,50000,0,0,376,15000
1787311776446,50000,0,0,376,15000
1787311776546,50000,0,0,376,15000
1787311776646,50000,0,0,376,15000
1787311776746,50000,0,0,376,15000
1787311776846,50000,0,0,376,15000
1787311776946,50000,0,0,376,15000
1787311777046,50000,0,0,376,15000
1787311777146,50000,0,0,376,15000
1787311777246,50000,0,0,376,15000
1787311777347,50000,0,0,376,15000
1787311777446,50000,0,0,376,15000
1787311777546,50000,0,0,376,15000
1787311777646,50000,0,0,376,15000
1787311777746,50000,0,0,376,15000
1787311777846,50000,0,0,376,15000
1787311777946,50000,0,0,376,15000
1787311778046,50000,0,0,376,15000
1787311778147,50000,0,0,376,15000
1787311778246,50000,0,0,376,15000
1787311778346,50000,0,0,376,15000
1787311778446,50000,0,0,376,15000
1787311778546,50000,0,0,376,15000
1787311778646,50000,0,0,376,15000
1787311778746,50000,0,0,376,15000
1787311778846,50000,0,0,376,15000
1787311778946,50000,0,0,376,15000
1787311779047,50000,0,0,376,15000
1787311779146,50000,0,0,376,15000
1787311779246,50000,0,0,376,15000
1787311779347,50000,0,0,376,15000
1787311779446,50000,0,0,376,15000
1787311779546,50000,0,0,376,15000
1787311779647,50000,0,0,376,15000
1787311779746,50000,0,0,376,15000
1787311779846,50000,0,0,376,15000
1787311779946,50000,0,0,376,15000
1787311780046,50000,0,0,376,15000
1787311780146,50000,0,0,376,15000
1787311780246,50000,0,0,376,15000
1787311780346,50000,0,0,376,15000
1787311780446,50000,0,0,376,15000
1787311780546,50000,0,0,376,15000
1787311780646,50000,0,0,376,15000
1787311780746,50000,0,0,376,15000
1787311780846,50000,0,0,376,15000
1787311780946,50000,0,0,376,15000
1787311781046,50000,0,0,376,15000
1787311781146,50000,0,0,376,15000
1787311781247,50000,0,0,376,15000
1787311781346,50000,0,0,376,15000
1787311781446,50000,0,0,376,15000
1787311781546,50000,0,0,376,15000
1787311781646,50000,0,0,376,15000
1787311781746,50000,0,0,376,15000
1787311781846,50000,0,0,376,15000
1787311781946,50000,0,0,376,15000
1787311782046,50000,0,0,376,15000
1787311782147,50000,0,0,376,15000
1787311782246,50000,0,0,376,15000
1787311782346,50000,0,0,376,15000
1787311782446,50000,0,0,376,15000
1787311782547,50000,0,0,376,15000
1787311782646,50000,0,0,376,15000
1787311782746,50000,0,0,376,15000
1787311782846,50000,0,0,376,15000
1787311782947,50000,0,0,376,15000
1787311783046,50000,0,0,376,15000
1787311783146,50000,0,0,376,15000
1787311783246,50000,0,0,376,15000
1787311783346,50000,0,0,376,15000
1787311783446,50000,0,0,376,15000
1787311783546,50000,0,0,376,15000
1787311783646,50000,0,0,376,15000
1787311783746,50000,0,0,376,15000
1787311783846,50000,0,0,376,15000
1787311783946,50000,0,0,376,15000
1787311784047,50000,0,0,376,15000
1787311784146,50000,0,0,376,15000
1787311784246,50000,0,0,376,15000
1787311784347,50000,0,0,376,15000
1787311784446,50000,0,0,376,15000
1787311784546,50000,0,0,376,15000
1787311784646,50000,0,0,376,15000
1787311784746,50000,0,0,376,15000
1787311784847,50000,0,0,376,15000
1787311784946,50000,0,0,376,15000
1787311785046,50000,0,0,376,15000
1787311785146,50000,0,0,376,15000
1787311785246,50000,0,0,376,15000
1787311785346,50000,0,0,376,15000
1787311785446,50000,0,0,376,15000
1787311785546,50000,0,0,376,15000
1787311785646,50000,0,0,376,15000
1787311785746,50000,0,0,376,15000
1787311785847,50000,0,0,376,15000
1787311785946,50000,0,0,376,15000
1787311786046,50000,0,0,376,15000
1787311786146,50000,0,0,376,15000
1787311786246,50000,0,0,376,15000
1787311786346,50000,0,0,376,15000
1787311786446,50000,0,0,376,15000
1787311786546,50000,0,0,376,15000
1787311786646,50000,0,0,376,15000
1787311786747,50000,0,0,376,15000
1787311786846,50000,0,0,376,15000
1787311786946,50000,0,0,376,15000
1787311787046,50000,0,0,376,15000
1787311787146,50000,0,0,376,15000
1787311787247,50000,0,0,376,15000
1787311787346,50000,0,0,376,15000
1787311787446,50000,0,0,376,15000
1787311787546,50000,0,0,376,15000
1787311787646,50000,0,0,376,15000
1787311787746,50000,0,0,376,15000
1787311787846,50000,0,0,376,15000
1787311787947,50000,0,0,376,15000
1787311788046,50000,0,0,376,15000
1787311788146,50000,0,0,376,15000
1787311788246,50000,0,0,376,15000
1787311788346,50000,0,0,376,15000
1787311788446,50000,0,0,376,15000
1787311788546,50000,0,0,376,15000
1787311788646,50000,0,0,376,15000
1787311788747,50000,0,0,376,15000
1787311788846,50000,0,0,376,15000
1787311788946,50000,0,0,376,15000
1787311789046,50000,0,0,376,15000
1787311789146,50000,0,0,376,15000
1787311789246,50000,0,0,376,15000
1787311789346,50000,0,0,376,15000
1787311789446,50000,0,0,376,15000
1787311789546,50000,0,0,376,15000
1787311789646,50000,0,0,376,15000
1787311789747,50000,0,0,376,15000
1787311789846,50000,0,0,376,15000
1787311789946,50000,0,0,376,15000
1787311790047,50000,0,0,376,15000
1787311790147,50000,0,0,376,15000
1787311790246,50000,0,0,376,15000
1787311790347,50000,0,0,376,15000
1787311790446,50000,0,0,376,15000
1787311790546,50000,0,0,376,15000
1787311790646,50000,0,0,376,15000
1787311790746,50000,0,0,376,15000
1787311790846,50000,0,0,376,15000
1787311790946,50000,0,0,376,15000
1787311791046,50000,0,0,376,15000
1787311791146,50000,0,0,376,15000
1787311791246,50000,0,0,376,15000
1787311791346,50000,0,0,376,15000
1787311791446,50000,0,0,376,15000
1787311791546,50000,0,0,376,15000
1787311791646,50000,0,0,376,15000
1787311791746,50000,0,0,376,15000
1787311791846,50000,0,0,376,15000
1787311791947,50000,0,0,376,15000
1787311792046,50000,0,0,376,15000
1787311792146,50000,0,0,376,15000
1787311792246,50000,0,0,376,15000
1787311792347,50000,0,0,376,15000
1787311792446,50000,0,0,376,15000
1787311792546,50000,0,0,376,15000
1787311792647,50000,0,0,376,15000
1787311792746,50000,0,0,376,15000
1787311792846,50000,0,0,376,15000
1787311792946,50000,0,0,376,15000
1787311793046,50000,0,0,376,15000
1787311793146,50000,0,0,376,15000
1787311793246,50000,0,0,376,15000
1787311793347,50000,0,0,376,15000
1787311793446,50000,0,0,376,15000
1787311793546,50000,0,0,376,15000
1787311793646,50000,0,0,376,15000
1787311793746,50000,0,0,376,15000
1787311793846,50000,0,0,376,15000
1787311793946,50000,0,0,376,15000
1787311794047,50000,0,0,376,15000
1787311794146,50000,0,0,376,15000
1787311794246,50000,0,0,376,15000
1787311794346,50000,0,0,376,15000
1787311794446,50000,0,0,376,15000
1787311794546,50000,0,0,376,15000
1787311794646,50000,0,0,376,15000
1787311794746,50000,0,0,376,15000
1787311794846,50000,0,0,376,15000
1787311794946,50000,0,0,376,15000
1787311795046,50000,0,0,376,15000
1787311795147,50000,0,0,376,15000
1787311795247,50000,0,0,376,15000
1787311795347,50000,0,0,376,15000
1787311795446,50000,0,0,376,15000
1787311795546,50000,0,0,376,15000
1787311795646,50000,0,0,376,15000
1787311795747,50000,0,0,376,15000
1787311795847,50000,0,0,376,15000
1787311795947,50000,0,0,376,15000
1787311796047,50000,0,0,376,15000
1787311796146,50000,0,0,376,15000
1787311796246,50000,0,0,376,15000
1787311796346,50000,0,0,376,15000
1787311796446,50000,0,0,376,15000
1787311796546,50000,0,0,376,15000
1787311796646,50000,0,0,376,15000
1787311796746,50000,0,0,376,15000
1787311796846,50000,0,0,376,15000
1787311796946,50000,0,0,376,15000
1787311797046,50000,0,0,376,15000
1787311797146,50000,0,0,376,15000
1787311797246,50000,0,0,376,15000
1787311797346,50000,0,0,376,15000
1787311797446,50000,0,0,376,15000
1787311797546,50000,0,0,376,15000
1787311797646,50000,0,0,376,15000
1787311797746,50000,0,0,376,15000
1787311797847,50000,0,0,376,15000
1787311797946,50000,0,0,376,15000
1787311798046,50000,0,0,376,15000
1787311798146,50000,0,0,376,15000
1787311798246,50000,0,0,376,15000
1787311798346,50000,0,0,376,15000
1787311798446,50000,0,0,376,15000
1787311798546,50000,0,0,376,15000
1787311798646,50000,0,0,376,15000
1787311798746,50000,0,0,376,15000
1787311798846,50000,0,0,376,15000
1787311798946,50000,0,0,376,15000
1787311799046,50000,0,0,376,15000
1787311799146,50000,0,0,376,15000
1787311799246,50000,0,0,376,15000
1787311799346,50000,0,0,376,15000
1787311799446,50000,0,0,376,15000
1787311799546,50000,0,0,376,15000
1787311799646,50000,0,0,376,15000
1787311799747,50000,0,0,376,15000
1787311799846,50000,0,0,376,15000
1787311799947,50000,0,0,376,15000
1787311800046,50000,0,0,376,15000
1787311800146,50000,0,0,376,15000
1787311800246,50000,0,0,376,15000
1787311800346,50000,0,0,376,15000
1787311800446,50000,0,0,376,15000
1787311800546,50000,0,0,376,15000
1787311800646,50000,-15000,0,376,15000
1787311800746,50000,-15000,0,376,15000
1787311800846,50000,-15000,0,376,15000
1787311800946,50000,-15000,0,376,15000
1787311801046,50000,-15000,0,376,15000
1787311801146,50000,-15000,0,376,15000
1787311801247,50000,-15000,0,376,15000
1787311801346,50000,-15000,0,376,15000
1787311801446,50000,-15000,0,376,15000
1787311801546,50000,-15000,-14400,376,15000
1787311801646,50000,-15000,-14400,376,15000
1787311801747,50000,-15000,-14400,376,15000
1787311801846,50000,-15000,-14400,376,15000
1787311801946,50000,-15000,-14400,376,15000
1787311802046,50000,-15000,-14400,376,15000
1787311802146,50000,-15000,-15000,376,15000
1787311802246,50000,-15000,-15000,376,15000
1787311802346,50000,-15000,-15000,376,15000
1787311802446,50000,-15000,-15000,376,15000
1787311802546,50000,-15000,-15000,376,15000
1787311802647,50000,-15000,-15000,376,15000
1787311802746,50000,-15000,-15000,376,15000
1787311802846,50000,-15000,-15000,376,15000
1787311802946,50000,-15000,-15000,376,15000
1787311803046,50000,-15000,-15000,376,15000
1787311803146,50000,-15000,-15000,376,15000
1787311803246,50000,-15000,-15000,376,15000
1787311803346,50000,-15000,-15000,376,15000
1787311803446,50000,-15000,-15000,376,15000
1787311803546,50000,-15000,-15000,376,15000
1787311803646,50000,-15000,-15000,376,15000
1787311803746,50000,-15000,-15000,376,15000
1787311803846,50000,-15000,-15000,376,15000
1787311803946,50000,-15000,-15000,376,15000
1787311804046,50000,-15000,-15000,376,15000
1787311804146,50000,-15000,-15000,376,15000
1787311804246,50000,-15000,-15000,376,15000
1787311804346,50000,-15000,-15000,376,15000
1787311804446,50000,-15000,-15000,376,15000
1787311804547,50000,-15000,-15000,376,15000
1787311804646,50000,-15000,-15000,376,15000
1787311804746,50000,-15000,-15000,376,15000
1787311804846,50000,-15000,-15000,376,15000
1787311804946,50000,-15000,-15000,376,15000
1787311805046,50000,-15000,-15000,376,15000
1787311805146,50000,-15000,-15000,376,15000
1787311805247,50000,-15000,-15000,376,15000
1787311805347,50000,-15000,-15000,376,15000
1787311805446,50000,-15000,-15000,376,15000
1787311805546,50000,-15000,-15000,376,15000
1787311805646,50000,-15000,-14900,376,15000
1787311805746,50000,-15000,-14900,376,15000
1787311805846,50000,-15000,-14900,376,15000
1787311805946,50000,-15000,-14900,376,15000
1787311806046,50000,-15000,-14900,376,15000
1787311806146,50000,-15000,-14900,376,15000
1787311806247,50000,-15000,-14900,376,15000
1787311806346,50000,-15000,-14900,376,15000
1787311806446,50000,-15000,-14900,376,15000
1787311806546,50000,-15000,-14900,376,15000
1787311806646,50000,-15000,-14900,376,15000
1787311806746,50000,-15000,-14900,376,15000
1787311806846,50000,-15000,-14900,376,15000
1787311806946,50000,-15000,-15000,376,15000
1787311807046,50000,-15000,-15000,376,15000
1787311807146,50000,-15000,-15000,376,15000
1787311807247,50000,-15000,-15000,376,15000
1787311807346,50000,-15000,-15000,376,15000
1787311807446,50000,-15000,-15000,376,15000
1787311807546,50000,-15000,-15000,376,15000
1787311807646,50000,-15000,-15000,376,15000
1787311807746,50000,-15000,-15000,376,15000
1787311807846,50000,-15000,-15000,376,15000
1787311807946,50000,-15000,-15000,376,15000
1787311808047,50000,-15000,-15000,376,15000
1787311808146,50000,-15000,-15000,376,15000
1787311808246,50000,-15000,-15000,376,15000
1787311808347,50000,-15000,-15000,376,15000
1787311808446,50000,-15000,-15000,376,15000
1787311808546,50000,-15000,-15000,376,15000
1787311808647,50000,-15000,-15000,376,15000
1787311808747,50000,-15000,-15000,376,15000
1787311808846,50000,-15000,-15000,376,15000
1787311808946,50000,-15000,-15000,376,15000
1787311809046,50000,-15000,-15000,376,15000
1787311809146,50000,-15000,-15000,376,15000
1787311809246,50000,-15000,-15000,376,15000
1787311809346,50000,-15000,-15000,376,15000
1787311809446,50000,-15000,-15000,376,15000
1787311809546,50000,-15000,-15000,376,15000
1787311809646,50000,-15000,-15000,376,15000
1787311809747,50000,-15000,-15000,376,15000
1787311809846,50000,-15000,-15000,376,15000
1787311809946,50000,-15000,-15000,376,15000
1787311810047,50000,-15000,-15000,376,15000
1787311810146,50000,-15000,-15000,376,15000
1787311810246,50000,-15000,-15000,376,15000
1787311810346,50000,-15000,-15000,376,15000
1787311810446,50000,-15000,-15000,376,15000
1787311810546,50000,-15000,-15000,376,15000
1787311810646,50000,-15000,-15000,376,15000
1787311810746,50000,-15000,-15000,376,15000
1787311810846,50000,-15000,-15000,376,15000
1787311810946,50000,-15000,-15000,376,15000
1787311811047,50000,-15000,-15000,376,15000
1787311811146,50000,-15000,-15000,376,15000
1787311811247,50000,-15000,-15000,376,15000
1787311811347,50000,-15000,-15000,376,15000
1787311811446,50000,-15000,-15000,376,15000
1787311811546,50000,-15000,-15000,376,15000
1787311811647,50000,-15000,-15000,376,15000
1787311811746,50000,-15000,-15000,376,15000
1787311811846,50000,-15000,-15000,376,15000
1787311811946,50000,-15000,-15000,376,15000
1787311812046,50000,-15000,-15000,376,15000
1787311812146,50000,-15000,-15000,376,15000
1787311812247,50000,-15000,-15000,376,15000
1787311812346,50000,-15000,-15000,376,15000
1787311812446,50000,-15000,-15000,376,15000
1787311812546,50000,-15000,-15000,376,15000
1787311812646,50000,-15000,-15000,376,15000
1787311812746,50000,-15000,-15000,376,15000
1787311812846,50000,-15000,-15000,376,15000
1787311812946,50000,-15000,-15000,376,15000
1787311813046,50000,-15000,-15000,376,15000
1787311813146,50000,-15000,-15000,376,15000
1787311813246,50000,-15000,-15000,376,15000
1787311813346,50000,-15000,-15000,376,15000
1787311813446,50000,-15000,-15000,376,15000
1787311813546,50000,-15000,-15000,376,15000
1787311813647,50000,-15000,-15000,376,15000
1787311813747,50000,-15000,-15000,376,15000
1787311813846,50000,-15000,-15000,376,15000
1787311813946,50000,-15000,-15000,376,15000
1787311814046,50000,-15000,-15000,376,15000
1787311814146,50000,-15000,-15000,376,15000
1787311814246,50000,-15000,-15000,376,15000
1787311814346,50000,-15000,-15000,376,15000
1787311814446,50000,-15000,-15000,376,15000
1787311814546,50000,-15000,-15000,376,15000
1787311814646,50000,-15000,-15000,376,15000
1787311814746,50000,-15000,-15000,376,15000
1787311814846,50000,-15000,-15000,376,15000
1787311814946,50000,-15000,-15000,376,15000
1787311815046,50000,-15000,-15000,376,15000
1787311815146,50000,-15000,-15000,376,15000
1787311815246,50000,-15000,-15000,376,15000
1787311815346,50000,-15000,-15000,376,15000
1787311815446,50000,-15000,-15000,376,15000
1787311815546,50000,-15000,-15000,376,15000
1787311815646,50000,-15000,-15000,376,15000
1787311815746,50000,-15000,-15000,376,15000
1787311815846,50000,-15000,-15000,376,15000
1787311815946,50000,-15000,-15000,376,15000
1787311816046,50000,-15000,-15000,376,15000
1787311816146,50000,-15000,-15000,376,15000
1787311816246,50000,-15000,-15000,376,15000
1787311816346,50000,-15000,-15000,376,15000
1787311816446,50000,-15000,-15000,376,15000
1787311816546,50000,-15000,-15000,376,15000
1787311816646,50000,-15000,-15000,376,15000
1787311816746,50000,-15000,-15000,376,15000
1787311816846,50000,-15000,-15000,376,15000
1787311816946,50000,-15000,-15000,376,15000
1787311817046,50000,-15000,-15000,376,15000
1787311817146,50000,-15000,-15000,376,15000
1787311817246,50000,-15000,-15000,376,15000
1787311817346,50000,-15000,-15000,376,15000
1787311817447,50000,-15000,-15000,376,15000
1787311817546,50000,-15000,-15000,376,15000
1787311817647,50000,-15000,-15000,376,15000
1787311817746,50000,-15000,-15000,376,15000
1787311817846,50000,-15000,-15000,376,15000
1787311817947,50000,-15000,-15000,376,15000
1787311818046,50000,-15000,-15000,376,15000
1787311818146,50000,-15000,-15000,376,15000
1787311818247,50000,-15000,-15000,376,15000
1787311818346,50000,-15000,-15000,376,15000
1787311818446,50000,-15000,-15000,376,15000
1787311818546,50000,-15000,-15000,376,15000
1787311818647,50000,-15000,-15000,376,15000
1787311818746,50000,-15000,-15000,376,15000
1787311818846,50000,-15000,-15000,376,15000
1787311818947,50000,-15000,-15000,376,15000
1787311819046,50000,-15000,-15000,376,15000
1787311819146,50000,-15000,-15000,376,15000
1787311819247,50000,-15000,-15000,376,15000
1787311819346,50000,-15000,-15000,376,15000
1787311819446,50000,-15000,-15000,376,15000
1787311819546,50000,-15000,-15000,376,15000
1787311819647,50000,-15000,-15000,376,15000
1787311819746,50000,-15000,-15000,376,15000
1787311819847,50000,-15000,-15000,376,15000
1787311819946,50000,-15000,-15000,376,15000
1787311820046,50000,-15000,-15000,376,15000
1787311820146,50000,-15000,-15000,376,15000
1787311820246,50000,-15000,-15000,376,15000
1787311820347,50000,-15000,-15000,376,15000
1787311820446,50000,-15000,-15000,376,15000
1787311820546,50000,-15000,-15000,376,15000
1787311820646,50000,-15000,-15000,376,15000
1787311820746,50000,-15000,-15000,376,15000
1787311820846,50000,-15000,-14900,376,15000
1787311820947,50000,-15000,-14900,376,15000
1787311821046,50000,-15000,-14900,376,15000
1787311821146,50000,-15000,-14900,376,15000
1787311821246,50000,-15000,-14900,376,15000
1787311821347,50000,-15000,-14900,376,15000
1787311821446,50000,-15000,-15000,376,15000
1787311821546,50000,-15000,-15000,376,15000
1787311821646,50000,-15000,-15000,376,15000
1787311821746,50000,-15000,-15000,376,15000
1787311821846,50000,-15000,-14900,376,15000
1787311821946,50000,-15000,-14900,376,15000
1787311822046,50000,-15000,-14900,376,15000
1787311822146,50000,-15000,-14900,376,15000
1787311822246,50000,-15000,-14900,376,15000
1787311822346,50000,-15000,-14900,376,15000
1787311822446,50000,-15000,-15000,376,15000
1787311822547,50000,-15000,-15000,376,15000
1787311822647,50000,-15000,-15000,376,15000
1787311822746,50000,-15000,-15000,376,15000
1787311822846,50000,-15000,-15000,376,15000
1787311822946,50000,-15000,-15000,376,15000
1787311823046,50000,-15000,-15000,376,15000
1787311823146,50000,-15000,-15000,376,15000
1787311823246,50000,-15000,-15000,376,15000
1787311823346,50000,-15000,-15000,376,15000
1787311823446,50000,-15000,-15000,376,15000
1787311823546,50000,-15000,-15000,376,15000
1787311823646,50000,-15000,-15000,376,15000
1787311823746,50000,-15000,-15000,376,15000
1787311823846,50000,-15000,-15000,376,15000
1787311823947,50000,-15000,-15000,376,15000
1787311824047,50000,-15000,-15000,376,15000
1787311824146,50000,-15000,-15000,376,15000
1787311824246,50000,-15000,-15000,376,15000
1787311824346,50000,-15000,-14900,376,15000
1787311824446,50000,-15000,-14900,376,15000
1787311824546,50000,-15000,-14900,376,15000
1787311824646,50000,-15000,-14900,376,15000
1787311824746,50000,-15000,-14900,376,15000
1787311824846,50000,-15000,-14900,376,15000
1787311824946,50000,-15000,-15000,376,15000
1787311825046,50000,-15000,-15000,376,15000
1787311825146,50000,-15000,-15000,376,15000
1787311825246,50000,-15000,-15000,376,15000
1787311825346,50000,-15000,-15000,376,15000
1787311825446,50000,-15000,-15000,376,15000
1787311825546,50000,-15000,-15000,376,15000
1787311825646,50000,-15000,-15000,376,15000
1787311825746,50000,-15000,-15000,376,15000
1787311825846,50000,-15000,-15000,376,15000
1787311825946,50000,-15000,-15000,376,15000
1787311826047,50000,-15000,-15000,376,15000
1787311826146,50000,-15000,-15000,376,15000
1787311826247,50000,-15000,-15000,376,15000
1787311826346,50000,-15000,-15000,376,15000
1787311826446,50000,-15000,-15000,376,15000
1787311826546,50000,-15000,-15000,376,15000
1787311826646,50000,-15000,-15000,376,15000
1787311826746,50000,-15000,-15000,376,15000
1787311826846,50000,-15000,-15000,376,15000
1787311826946,50000,-15000,-15000,376,15000
1787311827047,50000,-15000,-15000,376,15000
1787311827146,50000,-15000,-15000,376,15000
1787311827246,50000,-15000,-15000,376,15000
1787311827346,50000,-15000,-15000,376,15000
1787311827446,50000,-15000,-15000,376,15000
1787311827546,50000,-15000,-15000,376,15000
1787311827647,50000,-15000,-15000,376,15000
1787311827746,50000,-15000,-15000,376,15000
1787311827846,50000,-15000,-15000,376,15000
1787311827946,50000,-15000,-15000,376,15000
1787311828046,50000,-15000,-15000,376,15000
1787311828146,50000,-15000,-15000,376,15000
1787311828246,50000,-15000,-15000,376,15000
1787311828346,50000,-15000,-15000,376,15000
1787311828446,50000,-15000,-15000,376,15000
1787311828546,50000,-15000,-15000,376,15000
1787311828646,50000,-15000,-15000,376,15000
1787311828747,50000,-15000,-15000,376,15000
1787311828846,50000,-15000,-15000,376,15000
1787311828946,50000,-15000,-15000,376,15000
1787311829046,50000,-15000,-15000,376,15000
1787311829146,50000,-15000,-15000,376,15000
1787311829246,50000,-15000,-15000,376,15000
1787311829347,50000,-15000,-15000,376,15000
1787311829446,50000,-15000,-15000,376,15000
1787311829547,50000,-15000,-15000,376,15000
1787311829647,50000,-15000,-15000,376,15000
1787311829746,50000,-15000,-15000,376,15000
1787311829846,50000,-15000,-15000,376,15000
1787311829946,50000,-15000,-15000,376,15000
1787311830046,50000,-15000,-15000,376,15000
1787311830146,50000,-15000,-15000,376,15000
1787311830246,50000,-15000,-15000,376,15000
1787311830346,50000,-15000,-15000,376,15000
1787311830446,50000,-15000,-15000,376,15000
1787311830546,50000,-15000,-15000,376,15000
1787311830646,50000,-15000,-15000,376,15000
1787311830747,50000,-15000,-15000,376,15000
1787311830846,50000,-15000,-15000,376,15000
1787311830946,50000,-15000,-15000,376,15000
1787311831046,50000,-15000,-15000,376,15000
1787311831146,50000,-15000,-15000,376,15000
1787311831246,50000,-15000,-15000,376,15000
1787311831346,50000,-15000,-15000,376,15000
1787311831446,50000,-15000,-15000,376,15000
1787311831546,50000,-15000,-15000,376,15000
1787311831646,50000,-15000,-15000,376,15000
1787311831746,50000,-15000,-15000,376,15000
1787311831846,50000,-15000,-15000,376,15000
1787311831946,50000,-15000,-15000,376,15000
1787311832046,50000,-15000,-15000,376,15000
1787311832146,50000,-15000,-15000,376,15000
1787311832247,50000,-15000,-15000,376,15000
1787311832347,50000,-15000,-15000,376,15000
1787311832447,50000,-15000,-15000,376,15000
1787311832546,50000,-15000,-15000,376,15000
1787311832646,50000,-15000,-15000,376,15000
1787311832746,50000,-15000,-15000,376,15000
1787311832846,50000,-15000,-15000,376,15000
1787311832946,50000,-15000,-15000,376,15000
1787311833046,50000,-15000,-15000,376,15000
1787311833147,50000,-15000,-15000,376,15000
1787311833246,50000,-15000,-15000,376,15000
1787311833346,50000,-15000,-15000,376,15000
1787311833446,50000,-15000,-15000,376,15000
1787311833546,50000,-15000,-15000,376,15000
1787311833646,50000,-15000,-15000,376,15000
1787311833747,50000,-15000,-15000,376,15000
1787311833847,50000,-15000,-15000,376,15000
1787311833947,50000,-15000,-15000,376,15000
1787311834047,50000,-15000,-15000,376,15000
1787311834146,50000,-15000,-15000,376,15000
1787311834246,50000,-15000,-15000,376,15000
1787311834346,50000,-15000,-15000,376,15000
1787311834446,50000,-15000,-15000,376,15000
1787311834546,50000,-15000,-15000,376,15000
1787311834646,50000,-15000,-15000,376,15000
1787311834746,50000,-15000,-15000,376,15000
1787311834847,50000,-15000,-15000,376,15000
1787311834946,50000,-15000,-15000,376,15000
1787311835046,50000,-15000,-15000,376,15000
1787311835146,50000,-15000,-15000,376,15000
1787311835246,50000,-15000,-15000,376,15000
1787311835346,50000,-15000,-15000,376,15000
1787311835446,50000,-15000,-15000,376,15000
1787311835546,50000,-15000,-15000,376,15000
1787311835646,50000,-15000,-15000,376,15000
1787311835746,50000,-15000,-15000,376,15000
1787311835846,50000,-15000,-15000,376,15000
1787311835946,50000,-15000,-15000,376,15000
1787311836046,50000,-15000,-15000,376,15000
1787311836146,50000,-15000,-15000,376,15000
1787311836247,50000,-15000,-15000,376,15000
1787311836346,50000,-15000,-15000,376,15000
1787311836446,50000,-15000,-15000,376,15000
1787311836546,50000,-15000,-15000,376,15000
1787311836646,50000,-15000,-15000,376,15000
1787311836747,50000,-15000,-15000,376,15000
1787311836846,50000,-15000,-15000,376,15000
1787311836946,50000,-15000,-15000,376,15000
1787311837046,50000,-15000,-15000,376,15000
1787311837146,50000,-15000,-15000,376,15000
1787311837246,50000,-15000,-15000,376,15000
1787311837346,50000,-15000,-15000,376,15000
1787311837446,50000,-15000,-15000,376,15000
1787311837547,50000,-15000,-15000,376,15000
1787311837646,50000,-15000,-15000,376,15000
1787311837746,50000,-15000,-15000,376,15000
1787311837846,50000,-15000,-15000,376,15000
1787311837946,50000,-15000,-15000,376,15000
1787311838046,50000,-15000,-15000,376,15000
1787311838146,50000,-15000,-15000,376,15000
1787311838246,50000,-15000,-15000,376,15000
1787311838347,50000,-15000,-15000,376,15000
1787311838446,50000,-15000,-15000,376,15000
1787311838546,50000,-15000,-15000,376,15000
1787311838646,50000,-15000,-15000,376,15000
1787311838746,50000,-15000,-15000,376,15000
1787311838846,50000,-15000,-14900,376,15000
1787311838946,50000,-15000,-14900,376,15000
1787311839046,50000,-15000,-14900,376,15000
1787311839146,50000,-15000,-14900,376,15000
1787311839247,50000,-15000,-14900,376,15000
1787311839346,50000,-15000,-14900,376,15000
1787311839446,50000,-15000,-15000,376,15000
1787311839546,50000,-15000,-15000,376,15000
1787311839647,50000,-15000,-15000,376,15000
1787311839746,50000,-15000,-15000,376,15000
1787311839846,50000,-15000,-15000,376,15000
1787311839946,50000,-15000,-15000,376,15000
1787311840046,50000,-15000,-15000,376,15000
1787311840146,50000,-15000,-15000,376,15000
1787311840246,50000,-15000,-15000,376,15000
1787311840346,50000,-15000,-15000,376,15000
1787311840446,50000,-15000,-15000,376,15000
1787311840546,50000,-15000,-15000,376,15000
1787311840647,50000,-15000,-15000,376,15000
1787311840746,50000,-15000,-15000,376,15000
1787311840846,50000,-15000,-15000,376,15000
1787311840947,50000,-15000,-15000,376,15000
1787311841046,50000,-15000,-15000,376,15000
1787311841146,50000,-15000,-15000,376,15000
1787311841246,50000,-15000,-15000,376,15000
1787311841346,50000,-15000,-15000,376,15000
1787311841446,50000,-15000,-15000,376,15000
1787311841546,50000,-15000,-15000,376,15000
1787311841646,50000,-15000,-15000,376,15000
1787311841746,50000,-15000,-15000,376,15000
1787311841846,50000,-15000,-15000,376,15000
1787311841946,50000,-15000,-15000,376,15000
1787311842046,50000,-15000,-15000,376,15000
1787311842146,50000,-15000,-15000,376,15000
1787311842246,50000,-15000,-15000,376,15000
1787311842346,50000,-15000,-15000,376,15000
1787311842446,50000,-15000,-15000,376,15000
1787311842546,50000,-15000,-15000,376,15000
1787311842646,50000,-15000,-15000,376,15000
1787311842746,50000,-15000,-15000,376,15000
1787311842846,50000,-15000,-15000,376,15000
1787311842946,50000,-15000,-15000,376,15000
1787311843046,50000,-15000,-15000,376,15000
1787311843147,50000,-15000,-15000,376,15000
1787311843246,50000,-15000,-15000,376,15000
1787311843346,50000,-15000,-15000,376,15000
1787311843446,50000,-15000,-15000,376,15000
1787311843546,50000,-15000,-15000,376,15000
1787311843646,50000,-15000,-15000,376,15000
1787311843747,50000,-15000,-15000,376,15000
1787311843846,50000,-15000,-15000,376,15000
1787311843946,50000,-15000,-15000,376,15000
1787311844046,50000,-15000,-15000,376,15000
1787311844146,50000,-15000,-15000,376,15000
1787311844246,50000,-15000,-15000,376,15000
1787311844346,50000,-15000,-15000,376,15000
1787311844446,50000,-15000,-15000,376,15000
1787311844546,50000,-15000,-15000,376,15000
1787311844646,50000,-15000,-15000,376,15000
1787311844746,50000,-15000,-15000,376,15000
1787311844846,50000,-15000,-14900,376,15000
1787311844946,50000,-15000,-14900,376,15000
1787311845046,50000,-15000,-14900,376,15000
1787311845147,50000,-15000,-14900,376,15000
1787311845247,50000,-15000,-14900,376,15000
1787311845347,50000,-15000,-14900,376,15000
1787311845446,50000,-15000,-15000,376,15000
1787311845546,50000,-15000,-15000,376,15000
1787311845646,50000,-15000,-15000,376,15000
1787311845746,50000,-15000,-15000,376,15000
1787311845846,50000,-15000,-15000,376,15000
1787311845946,50000,-15000,-15000,376,15000
1787311846046,50000,-15000,-15000,376,15000
1787311846146,50000,-15000,-15000,376,15000
1787311846246,50000,-15000,-15000,376,15000
1787311846346,50000,-15000,-15000,376,15000
1787311846446,50000,-15000,-15000,376,15000
1787311846546,50000,-15000,-15000,376,15000
1787311846646,50000,-15000,-15000,376,15000
1787311846746,50000,-15000,-15000,376,15000
1787311846846,50000,-15000,-15000,376,15000
1787311846946,50000,-15000,-15000,376,15000
1787311847046,50000,-15000,-15000,376,15000
1787311847147,50000,-15000,-15000,376,15000
1787311847246,50000,-15000,-15000,376,15000
1787311847346,50000,-15000,-15000,376,15000
1787311847446,50000,-15000,-15000,376,15000
1787311847547,50000,-15000,-15000,376,15000
1787311847646,50000,-15000,-15000,376,15000
1787311847746,50000,-15000,-15000,376,15000
1787311847846,50000,-15000,-15000,376,15000
1787311847947,50000,-15000,-15000,376,15000
1787311848046,50000,-15000,-15000,376,15000
1787311848146,50000,-15000,-15000,376,15000
1787311848246,50000,-15000,-15000,376,15000
1787311848346,50000,-15000,-15000,376,15000
1787311848446,50000,-15000,-15000,376,15000
1787311848546,50000,-15000,-15000,376,15000
1787311848646,50000,-15000,-15000,376,15000
1787311848746,50000,-15000,-15000,376,15000
1787311848846,50000,-15000,-15000,376,15000
1787311848946,50000,-15000,-15000,376,15000
1787311849046,50000,-15000,-15000,376,15000
1787311849146,50000,-15000,-15000,376,15000
1787311849246,50000,-15000,-15000,376,15000
1787311849346,50000,-15000,-15000,376,15000
1787311849446,50000,-15000,-15000,376,15000
1787311849546,50000,-15000,-15000,376,15000
1787311849646,50000,-15000,-15000,376,15000
1787311849746,50000,-15000,-15000,376,15000
1787311849846,50000,-15000,-15000,376,15000
1787311849946,50000,-15000,-15000,376,15000
1787311850046,50000,-15000,-15000,376,15000
1787311850146,50000,-15000,-15000,376,15000
1787311850246,50000,-15000,-15000,376,15000
1787311850346,50000,-15000,-15000,376,15000
1787311850446,50000,-15000,-15000,376,15000
1787311850547,50000,-15000,-15000,376,15000
1787311850646,50000,-15000,-15000,376,15000
1787311850746,50000,-15000,-15000,376,15000
1787311850846,50000,-15000,-15000,376,15000
1787311850946,50000,-15000,-15000,376,15000
1787311851046,50000,-15000,-15000,376,15000
1787311851147,50000,-15000,-15000,376,15000
1787311851246,50000,-15000,-15000,376,15000
1787311851346,50000,-15000,-15000,376,15000
1787311851446,50000,-15000,-15000,376,15000
1787311851546,50000,-15000,-15000,376,15000
1787311851646,50000,-15000,-15000,376,15000
1787311851746,50000,-15000,-15000,376,15000
1787311851846,50000,-15000,-15000,376,15000
1787311851947,50000,-15000,-15000,376,15000
1787311852046,50000,-15000,-15000,376,15000
1787311852146,50000,-15000,-15000,376,15000
1787311852246,50000,-15000,-15000,376,15000
1787311852346,50000,-15000,-15000,376,15000
1787311852446,50000,-15000,-15000,376,15000
1787311852546,50000,-15000,-15000,376,15000
1787311852646,50000,-15000,-15000,376,15000
1787311852746,50000,-15000,-15000,376,15000
1787311852846,50000,-15000,-15000,376,15000
1787311852946,50000,-15000,-15000,376,15000
1787311853046,50000,-15000,-15000,376,15000
1787311853147,50000,-15000,-15000,376,15000
1787311853246,50000,-15000,-15000,376,15000
1787311853347,50000,-15000,-15000,376,15000
1787311853446,50000,-15000,-15000,376,15000
1787311853547,50000,-15000,-15000,376,15000
1787311853646,50000,-15000,-15000,376,15000
1787311853747,50000,-15000,-15000,376,15000
1787311853846,50000,-15000,-15000,376,15000
1787311853946,50000,-15000,-15000,376,15000
1787311854046,50000,-15000,-15000,376,15000
1787311854146,50000,-15000,-15000,376,15000
1787311854246,50000,-15000,-15000,376,15000
1787311854347,50000,-15000,-15000,376,15000
1787311854446,50000,-15000,-15000,376,15000
1787311854546,50000,-15000,-15000,376,15000
1787311854646,50000,-15000,-15000,376,15000
1787311854746,50000,-15000,-15000,376,15000
1787311854846,50000,-15000,-15000,376,15000
1787311854946,50000,-15000,-15000,376,15000
1787311855046,50000,-15000,-15000,376,15000
1787311855146,50000,-15000,-15000,376,15000
1787311855246,50000,-15000,-15000,376,15000
1787311855347,50000,-15000,-15000,376,15000
1787311855446,50000,-15000,-15000,376,15000
1787311855547,50000,-15000,-15000,376,15000
1787311855646,50000,-15000,-15000,376,15000
1787311855747,50000,-15000,-15000,376,15000
1787311855847,50000,-15000,-15000,376,15000
1787311855946,50000,-15000,-15000,376,15000
