ts_ms,freq_mhz,requested_w,actual_w,soc_pml,p_avail_w
1787309937102,50000,0,0,296,15000
1787309937200,50000,0,0,296,15000
1787309937300,50000,0,0,296,15000
1787309937399,50000,0,0,296,15000
1787309937500,50000,0,0,296,15000
1787309937600,50000,0,0,296,15000
1787309937700,50000,0,0,296,15000
1787309937800,50000,0,0,296,15000
1787309939663,50000,0,0,296,15000
1787309939764,50000,0,0,296,15000
1787309939864,50000,0,0,296,15000
1787309939964,50000,0,0,296,15000
1787309940063,50000,0,0,296,15000
1787309940164,50000,0,0,296,15000
1787309940263,50000,0,0,296,15000
1787309940364,50000,0,0,296,15000
1787309940464,50000,0,0,296,15000
1787309940564,50000,0,0,296,15000
1787309940664,50000,0,0,296,15000
1787309940764,50000,0,0,296,15000
1787309940864,50000,0,0,296,15000
1787309940964,50000,0,0,296,15000
1787309941069,50000,0,0,296,15000
1787309941170,50000,0,0,296,15000
1787309941270,50000,0,0,296,15000
1787309941370,50000,0,0,296,15000
1787309941470,50000,0,0,296,15000
1787309941570,50000,0,0,296,15000
1787309941670,50000,0,0,296,15000
1787309941770,50000,0,0,296,15000
1787309941870,50000,0,0,296,15000
1787309941970,50000,0,0,296,15000
1787309942070,50000,0,0,296,15000
1787309942170,50000,-15000,0,296,15000
1787309942270,50000,-15000,0,296,15000
1787309942370,50000,-15000,0,296,15000
1787309942470,50000,-15000,0,296,15000
1787309942570,50000,-15000,0,296,15000
1787309942670,50000,-15000,0,296,15000
1787309942769,50000,-15000,0,296,15000
1787309942870,50000,-15000,-13100,296,15000
1787309942970,50000,-15000,-13100,296,15000
1787309943069,50000,-15000,-13100,296,15000
1787309943170,50000,-15000,-13100,296,15000
1787309943270,50000,-15000,-13100,296,15000
1787309943370,50000,-15000,-13100,296,15000
1787309943470,50000,-15000,-15000,296,15000
1787309943570,50000,-15000,-15000,296,15000
1787309943670,50000,-15000,-15000,296,15000
1787309943770,50000,-15000,-15000,296,15000
1787309943870,50000,-15000,-15000,296,15000
1787309943970,50000,-15000,-15000,296,15000
1787309944070,50000,-15000,-15000,296,15000
1787309944170,50000,-15000,-15000,296,15000
1787309944270,50000,-15000,-15000,296,15000
1787309944370,50000,-15000,-15000,296,15000
1787309944470,50000,-15000,-15000,296,15000
1787309944570,50000,-15000,-15000,296,15000
1787309944670,50000,-15000,-15000,296,15000
1787309944770,50000,-15000,-15000,296,15000
1787309944870,50000,-15000,-15000,296,15000
1787309944970,50000,-15000,-15000,296,15000
1787309945070,50000,-15000,-15000,296,15000
1787309945170,50000,-15000,-15000,296,15000
1787309945270,50000,-15000,-15000,296,15000
1787309945370,50000,-15000,-15000,296,15000
1787309945470,50000,-15000,-15000,296,15000
1787309945569,50000,-15000,-15000,296,15000
1787309945670,50000,-15000,-15000,296,15000
1787309945770,50000,-15000,-15000,296,15000
1787309945870,50000,-15000,-15000,296,15000
1787309945970,50000,-15000,-15000,296,15000
1787309946070,50000,-15000,-15000,296,15000
1787309946170,50000,-15000,-15000,296,15000
1787309946270,50000,-15000,-15000,296,15000
1787309946370,50000,-15000,-15000,296,15000
1787309946470,50000,-15000,-15000,296,15000
1787309946570,50000,-15000,-15000,296,15000
1787309946670,50000,-15000,-15000,296,15000
1787309946770,50000,-15000,-15000,296,15000
1787309946870,50000,-15000,-15000,296,15000
1787309946970,50000,-15000,-15000,296,15000
1787309947070,50000,-15000,-15000,296,15000
1787309947170,50000,-15000,-15000,296,15000
1787309947270,50000,-15000,-15000,296,15000
1787309947370,50000,-15000,-15000,296,15000
1787309947470,50000,-15000,-15000,296,15000
1787309947570,50000,-15000,-15000,296,15000
1787309947670,50000,-15000,-15000,296,15000
1787309947769,50000,-15000,-15000,296,15000
1787309947870,50000,-15000,-15000,296,15000
1787309947969,50000,-15000,-15000,296,15000
1787309948070,50000,-15000,-15000,296,15000
1787309948170,50000,-15000,-15000,296,15000
1787309948269,50000,-15000,-15000,296,15000
1787309948370,50000,-15000,-15000,296,15000
1787309948469,50000,-15000,-15000,296,15000
1787309948570,50000,-15000,-15000,296,15000
1787309948670,50000,-15000,-15000,296,15000
1787309948770,50000,-15000,-15000,296,15000
1787309948869,50000,-15000,-15000,296,15000
1787309948969,50000,-15000,-15000,296,15000
1787309949070,50000,-15000,-15000,296,15000
1787309949170,50000,-15000,-15000,296,15000
1787309949270,50000,-15000,-15000,296,15000
1787309949370,50000,-15000,-15000,296,15000
1787309949470,50000,-15000,-15000,296,15000
1787309949570,50000,-15000,-15000,296,15000
1787309949670,50000,-15000,-15000,296,15000
1787309949770,50000,-15000,-15000,296,15000
1787309949870,50000,-15000,-15000,296,15000
1787309949970,50000,-15000,-15000,296,15000
1787309950070,50000,-15000,-15000,296,15000
1787309950170,50000,-15000,-15000,296,15000
1787309950270,50000,-15000,-15000,296,15000
1787309950370,50000,-15000,-15000,296,15000
1787309950470,50000,-15000,-15000,296,15000
1787309950570,50000,-15000,-15000,296,15000
1787309950670,50000,-15000,-15000,296,15000
1787309950770,50000,-15000,-15000,296,15000
1787309950869,50000,-15000,-15000,296,15000
1787309950970,50000,-15000,-15000,296,15000
1787309951070,50000,-15000,-15000,296,15000
1787309951170,50000,-15000,-15000,296,15000
1787309951270,50000,-15000,-15000,296,15000
1787309951369,50000,-15000,-15000,296,15000
1787309951470,50000,-15000,-15000,296,15000
1787309951570,50000,-15000,-15000,296,15000
1787309951669,50000,-15000,-15000,296,15000
1787309951770,50000,-15000,-15000,296,15000
1787309951870,50000,-15000,-15000,296,15000
1787309951970,50000,-15000,-15000,296,15000
1787309952069,50000,-15000,-15000,296,15000
1787309952170,50000,-15000,-15000,296,15000
1787309952269,50000,-15000,-15000,296,15000
1787309952370,50000,-15000,-15000,296,15000
1787309952470,50000,-15000,-15000,296,15000
1787309952570,50000,-15000,-15000,296,15000
1787309952670,50000,-15000,-15000,296,15000
1787309952769,50000,-15000,-15000,296,15000
1787309952870,50000,-15000,-15000,296,15000
1787309952970,50000,-15000,-15000,296,15000
1787309953070,50000,-15000,-15000,296,15000
1787309953170,50000,-15000,-15000,296,15000
1787309953269,50000,-15000,-15000,296,15000
1787309953370,50000,-15000,-15000,296,15000
1787309953470,50000,-15000,-15000,296,15000
1787309953569,50000,-15000,-15000,296,15000
1787309953670,50000,-15000,-15000,296,15000
1787309953770,50000,-15000,-15000,296,15000
1787309953870,50000,-15000,-15000,296,15000
1787309953970,50000,-15000,-15000,296,15000
1787309954070,50000,-15000,-15000,296,15000
1787309954170,50000,-15000,-15000,296,15000
1787309954270,50000,-15000,-15000,296,15000
1787309954369,50000,-15000,-15000,296,15000
1787309954470,50000,-15000,-15000,296,15000
1787309954570,50000,-15000,-15000,296,15000
1787309954670,50000,-15000,-15000,296,15000
1787309954770,50000,-15000,-15000,296,15000
1787309954869,50000,-15000,-15000,296,15000
1787309954970,50000,-15000,-15000,296,15000
1787309955070,50000,-15000,-15000,296,15000
1787309955170,50000,-15000,-15000,296,15000
1787309955270,50000,-15000,-15000,296,15000
1787309955370,50000,-15000,-15000,296,15000
1787309955469,50000,-15000,-15000,296,15000
1787309955570,50000,-15000,-15000,296,15000
1787309955670,50000,0,-15000,296,15000
1787309955770,50000,0,-15000,296,15000
1787309955870,50000,0,-15000,296,15000
1787309955970,50000,0,-15000,296,15000
1787309956070,50000,0,-7600,296,15000
1787309956170,50000,0,-7600,296,15000
1787309956270,50000,0,-7600,296,15000
1787309956370,50000,0,-7600,296,15000
1787309956470,50000,0,-7600,296,15000
1787309956570,50000,0,-7600,296,15000
1787309956670,50000,0,-7600,296,15000
1787309956770,50000,0,-100,296,15000
1787309956870,50000,0,-100,296,15000
1787309956970,50000,0,-100,296,15000
1787309957069,50000,0,-100,296,15000
1787309957170,50000,0,-100,296,15000
1787309957270,50000,0,-100,296,15000
1787309957370,50000,0,0,296,15000
1787309957470,50000,0,0,296,15000
1787309957570,50000,0,0,296,15000
1787309957670,50000,0,0,296,15000
1787309957770,50000,0,0,296,15000
1787309957870,50000,0,0,296,15000
1787309957970,50000,0,0,296,15000
1787309958070,50000,0,0,296,15000
1787309958170,50000,0,0,296,15000
1787309958269,50000,0,0,296,15000
1787309958370,50000,0,0,296,15000
1787309958469,50000,0,0,296,15000
1787309958570,50000,0,0,296,15000
1787309958670,50000,0,0,296,15000
1787309958769,50000,0,0,296,15000
1787309958870,50000,0,0,296,15000
1787309958970,50000,0,0,296,15000
1787309959070,50000,0,0,296,15000
1787309959170,50000,0,0,296,15000
1787309959270,50000,0,0,296,15000
1787309959370,50000,0,0,296,15000
1787309959470,50000,0,0,296,15000
1787309959570,50000,0,0,296,15000
1787309959670,50000,0,0,296,15000
1787309959770,50000,0,0,296,15000
1787309959870,50000,0,0,296,15000
1787309959970,50000,0,0,296,15000
1787309960070,50000,0,0,296,15000
1787309960170,50000,0,0,296,15000
1787309960270,50000,0,0,296,15000
1787309960369,50000,0,0,296,15000
1787309960470,50000,0,0,296,15000
1787309960569,50000,0,0,296,15000
1787309960670,50000,0,0,296,15000
1787309960770,50000,0,0,296,15000
1787309960870,50000,0,0,296,15000
1787309960970,50000,0,0,296,15000
1787309961069,50000,0,0,296,15000
1787309961170,50000,0,0,296,15000
1787309961270,50000,0,0,296,15000
1787309961370,50000,0,0,296,15000
1787309961470,50000,0,0,296,15000
1787309961569,50000,0,0,296,15000
1787309961670,50000,0,0,296,15000
1787309961770,50000,0,0,296,15000
1787309961870,50000,0,0,296,15000
1787309961970,50000,0,0,296,15000
1787309962070,50000,0,0,296,15000
1787309962170,50000,0,0,296,15000
1787309962270,50000,0,0,296,15000
1787309962370,50000,0,0,296,15000
1787309962470,50000,0,0,296,15000
1787309962570,50000,0,0,296,15000
1787309962670,50000,0,0,296,15000
1787309962770,50000,0,0,296,15000
1787309962870,50000,0,0,296,15000
1787309962969,50000,0,0,296,15000
1787309963070,50000,0,0,296,15000
1787309963170,50000,0,0,296,15000
1787309963270,50000,0,0,296,15000
1787309963370,50000,0,0,296,15000
1787309963470,50000,0,0,296,15000
1787309963570,50000,0,0,296,15000
1787309963670,50000,0,0,296,15000
1787309963770,50000,0,0,296,15000
1787309963869,50000,0,0,296,15000
1787309963970,50000,0,0,296,15000
1787309964069,50000,0,0,296,15000
1787309964169,50000,0,0,296,15000
1787309964270,50000,0,0,296,15000
1787309964369,50000,0,0,296,15000
1787309964469,50000,0,0,296,15000
1787309964570,50000,0,0,296,15000
1787309964670,50000,0,0,296,15000
1787309964770,50000,0,0,296,15000
1787309964870,50000,0,0,296,15000
1787309964970,50000,0,0,296,15000
1787309965070,50000,0,0,296,15000
1787309965169,50000,0,0,296,15000
1787309965270,50000,0,0,296,15000
1787309965370,50000,0,0,296,15000
1787309965470,50000,0,0,296,15000
1787309965570,50000,0,0,296,15000
1787309965670,50000,0,0,296,15000
1787309965770,50000,0,0,296,15000
1787309965869,50000,0,0,296,15000
1787309965970,50000,0,0,296,15000
1787309966070,50000,0,0,296,15000
1787309966170,50000,0,0,296,15000
1787309966270,50000,0,0,296,15000
1787309966370,50000,0,0,296,15000
1787309966470,50000,0,0,296,15000
1787309966570,50000,0,0,296,15000
1787309966670,50000,0,0,296,15000
1787309966769,50000,0,0,296,15000
1787309966870,50000,0,0,296,15000
1787309966969,50000,0,0,296,15000
1787309967070,50000,0,0,296,15000
1787309967169,50000,0,0,296,15000
1787309967270,50000,0,0,296,15000
1787309967370,50000,0,0,296,15000
1787309967470,50000,0,0,296,15000
1787309967570,50000,0,0,296,15000
1787309967669,50000,0,0,296,15000
1787309967769,50000,0,0,296,15000
1787309967870,50000,0,0,296,15000
1787309967970,50000,0,0,296,15000
1787309968070,50000,0,0,296,15000
1787309968170,50000,0,0,296,15000
1787309968270,50000,0,0,296,15000
1787309968370,50000,0,0,296,15000
1787309968469,50000,0,0,296,15000
1787309968570,50000,0,0,296,15000
1787309968670,50000,0,0,296,15000
1787309968770,50000,0,0,296,15000
1787309968870,50000,0,0,296,15000
1787309968970,50000,0,0,296,15000
1787309969070,50000,0,0,296,15000
1787309969170,50000,0,0,296,15000
1787309969270,50000,0,0,296,15000
1787309969370,50000,0,0,296,15000
1787309969470,50000,0,0,296,15000
1787309969570,50000,0,0,296,15000
1787309969670,50000,0,0,296,15000
1787309969770,50000,0,0,296,15000
1787309969870,50000,0,0,296,15000
1787309969970,50000,0,0,296,15000
1787309970070,50000,0,0,296,15000
1787309970170,50000,0,0,296,15000
1787309970270,50000,0,0,296,15000
1787309970370,50000,0,0,296,15000
1787309970470,50000,0,0,296,15000
1787309970570,50000,0,0,296,15000
1787309970670,50000,0,0,296,15000
1787309970769,50000,0,0,296,15000
1787309970870,50000,0,0,296,15000
1787309970970,50000,0,0,296,15000
1787309971070,50000,0,0,296,15000
1787309971170,50000,0,0,296,15000
1787309971270,50000,0,0,296,15000
1787309971370,50000,0,0,296,15000
1787309971470,50000,0,0,296,15000
1787309971570,50000,0,0,296,15000
1787309971669,50000,0,0,296,15000
1787309971770,50000,0,0,296,15000
1787309971870,50000,0,0,296,15000
1787309971970,50000,0,0,296,15000
1787309972070,50000,0,0,296,15000
1787309972170,50000,0,0,296,15000
1787309972270,50000,0,0,296,15000
1787309972369,50000,0,0,296,15000
1787309972470,50000,0,0,296,15000
1787309972570,50000,0,0,296,15000
1787309972670,50000,0,0,296,15000
1787309972770,50000,0,0,296,15000
1787309972869,50000,0,0,296,15000
1787309972970,50000,0,0,296,15000
1787309973070,50000,0,0,296,15000
1787309973170,50000,0,0,296,15000
1787309973269,50000,0,0,296,15000
1787309973370,50000,0,0,296,15000
1787309973470,50000,0,0,296,15000
1787309973570,50000,0,0,296,15000
1787309973670,50000,0,0,296,15000
1787309973770,50000,0,0,296,15000
1787309973869,50000,0,0,296,15000
1787309973970,50000,0,0,296,15000
1787309974070,50000,0,0,296,15000
1787309974169,50000,0,0,296,15000
1787309974270,50000,0,0,296,15000
1787309974370,50000,0,0,296,15000
1787309974470,50000,0,0,296,15000
1787309974570,50000,0,0,296,15000
1787309974670,50000,0,0,296,15000
1787309974770,50000,0,0,296,15000
1787309974870,50000,0,0,296,15000
1787309974970,50000,0,0,296,15000
1787309975069,50000,0,0,296,15000
1787309975170,50000,0,0,296,15000
1787309975270,50000,0,0,296,15000
1787309975370,50000,0,0,296,15000
1787309975470,50000,0,0,296,15000
1787309975570,50000,0,0,296,15000
1787309975670,50000,0,0,296,15000
1787309975770,50000,0,0,296,15000
1787309975869,50000,0,0,296,15000
1787309975969,50000,0,0,296,15000
1787309976070,50000,0,0,296,15000
1787309976170,50000,0,0,296,15000
1787309976270,50000,0,0,296,15000
1787309976370,50000,0,0,296,15000
1787309976470,50000,0,0,296,15000
1787309976570,50000,0,0,296,15000
1787309976670,50000,0,0,296,15000
1787309976770,50000,0,0,296,15000
1787309976870,50000,0,0,296,15000
1787309976970,50000,0,0,296,15000
1787309977069,50000,0,0,296,15000
1787309977170,50000,0,0,296,15000
1787309977270,50000,0,0,296,15000
1787309977370,50000,0,0,296,15000
1787309977470,50000,0,0,296,15000
1787309977570,50000,0,0,296,15000
1787309977670,50000,0,0,296,15000
1787309977770,50000,0,0,296,15000
1787309977870,50000,0,0,296,15000
1787309977970,50000,0,0,296,15000
1787309978070,50000,0,0,296,15000
1787309978170,50000,0,0,296,15000
1787309978270,50000,0,0,296,15000
1787309978370,50000,0,0,296,15000
1787309978470,50000,0,0,296,15000
1787309978570,50000,0,0,296,15000
1787309978670,50000,0,0,296,15000
1787309978770,50000,0,0,296,15000
1787309978869,50000,0,0,296,15000
1787309978970,50000,0,0,296,15000
1787309979069,50000,0,0,296,15000
1787309979170,50000,0,0,296,15000
1787309979270,50000,0,0,296,15000
1787309979369,50000,0,0,296,15000
1787309979470,50000,0,0,296,15000
1787309979570,50000,0,0,296,15000
1787309979670,50000,0,0,296,15000
1787309979769,50000,0,0,296,15000
1787309979870,50000,0,0,296,15000
1787309979970,50000,0,0,296,15000
1787309980070,50000,0,0,296,15000
1787309980170,50000,0,0,296,15000
1787309980270,50000,0,0,296,15000
1787309980370,50000,0,0,296,15000
1787309980470,50000,0,0,296,15000
1787309980569,50000,0,0,296,15000
1787309980669,50000,0,0,296,15000
1787309980769,50000,0,0,296,15000
1787309980870,50000,0,0,296,15000
1787309980970,50000,0,0,296,15000
1787309981070,50000,0,0,296,15000
1787309981170,50000,0,0,296,15000
1787309981269,50000,0,0,296,15000
1787309981370,50000,0,0,296,15000
1787309981470,50000,0,0,296,15000
1787309981570,50000,0,0,296,15000
1787309981669,50000,0,0,296,15000
1787309981770,50000,0,0,296,15000
1787309981870,50000,0,0,296,15000
1787309981970,50000,0,0,296,15000
1787309982070,50000,0,0,296,15000
1787309982170,50000,0,0,296,15000
1787309982270,50000,0,0,296,15000
1787309982370,50000,0,0,296,15000
1787309982469,50000,0,0,296,15000
1787309982570,50000,0,0,296,15000
1787309982670,50000,0,0,296,15000
1787309982770,50000,0,0,296,15000
1787309982870,50000,0,0,296,15000
1787309982970,50000,0,0,296,15000
1787309983070,50000,0,0,296,15000
1787309983170,50000,0,0,296,15000
1787309983270,50000,0,0,296,15000
1787309983370,50000,0,0,296,15000
1787309983470,50000,0,0,296,15000
1787309983570,50000,0,0,296,15000
1787309983670,50000,0,0,296,15000
1787309983770,50000,0,0,296,15000
1787309983870,50000,0,0,296,15000
1787309983970,50000,0,0,296,15000
1787309984070,50000,0,0,296,15000
1787309984170,50000,0,0,296,15000
1787309984270,50000,0,0,296,15000
1787309984370,50000,0,0,296,15000
1787309984470,50000,0,0,296,15000
1787309984570,50000,0,0,296,15000
1787309984670,50000,0,0,296,15000
1787309984770,50000,0,0,296,15000
1787309984869,50000,0,0,296,15000
1787309984969,50000,0,0,296,15000
1787309985070,50000,0,0,296,15000
1787309985170,50000,0,0,296,15000
1787309985269,50000,0,0,296,15000
1787309985370,50000,0,0,296,15000
1787309985470,50000,0,0,296,15000
1787309985570,50000,0,0,296,15000
1787309985670,50000,0,0,296,15000
1787309985770,50000,0,0,296,15000
1787309985870,50000,0,0,296,15000
1787309985970,50000,0,0,296,15000
1787309986070,50000,0,0,296,15000
1787309986170,50000,0,0,296,15000
1787309986270,50000,0,0,296,15000
1787309986370,50000,0,0,296,15000
1787309986469,50000,0,0,296,15000
1787309986570,50000,0,0,296,15000
1787309986670,50000,0,0,296,15000
1787309986769,50000,0,0,296,15000
1787309986870,50000,0,0,296,15000
1787309986970,50000,0,0,296,15000
1787309987070,50000,0,0,296,15000
1787309987170,50000,0,0,296,15000
1787309987270,50000,0,0,296,15000
1787309987370,50000,0,0,296,15000
1787309987470,50000,0,0,296,15000
1787309987570,50000,0,0,296,15000
1787309987670,50000,0,0,296,15000
1787309987770,50000,0,0,296,15000
1787309987870,50000,0,0,296,15000
1787309987970,50000,0,0,296,15000
1787309988070,50000,0,0,296,15000
1787309988170,50000,0,0,296,15000
1787309988270,50000,0,0,296,15000
1787309988370,50000,0,0,296,15000
1787309988469,50000,0,0,296,15000
1787309988570,50000,0,0,296,15000
1787309988670,50000,0,0,296,15000
1787309988770,50000,0,0,296,15000
1787309988870,50000,0,0,296,15000
1787309988969,50000,0,0,296,15000
1787309989070,50000,0,0,296,15000
1787309989170,50000,0,0,296,15000
1787309989270,50000,0,0,296,15000
1787309989370,50000,0,0,296,15000
1787309989469,50000,0,0,296,15000
1787309989570,50000,0,0,296,15000
1787309989670,50000,0,0,296,15000
1787309989769,50000,0,0,296,15000
1787309989870,50000,0,0,296,15000
1787309989970,50000,0,0,296,15000
1787309990069,50000,0,0,296,15000
1787309990170,50000,0,0,296,15000
1787309990270,50000,0,0,296,15000
1787309990370,50000,0,0,296,15000
1787309990470,50000,0,0,296,15000
1787309990570,50000,0,0,296,15000
1787309990670,50000,0,0,296,15000
1787309990769,50000,0,0,296,15000
1787309990869,50000,0,0,296,15000
1787309990970,50000,0,0,296,15000
1787309991070,50000,0,0,296,15000
1787309991170,50000,0,0,296,15000
1787309991270,50000,0,0,296,15000
1787309991370,50000,0,0,296,15000
1787309991470,50000,0,0,296,15000
1787309991569,50000,0,0,296,15000
1787309991670,50000,0,0,296,15000
1787309991770,50000,0,0,296,15000
1787309991870,50000,0,0,296,15000
1787309991970,50000,0,0,296,15000
1787309992070,50000,0,0,296,15000
1787309992170,50000,0,0,296,15000
1787309992270,50000,0,0,296,15000
1787309992370,50000,0,0,296,15000
1787309992470,50000,0,0,296,15000
1787309992570,50000,0,0,296,15000
1787309992669,50000,0,0,296,15000
1787309992770,50000,0,0,296,15000
1787309992870,50000,0,0,296,15000
1787309992970,50000,0,0,296,15000
1787309993070,50000,0,0,296,15000
1787309993170,50000,0,0,296,15000
1787309993269,50000,0,0,296,15000
1787309993370,50000,0,0,296,15000
1787309993470,50000,0,0,296,15000
1787309993569,50000,0,0,296,15000
1787309993670,50000,0,0,296,15000
1787309993770,50000,0,0,296,15000
1787309993870,50000,0,0,296,15000
1787309993970,50000,0,0,296,15000
1787309994070,50000,0,0,296,15000
1787309994170,50000,0,0,296,15000
1787309994270,50000,0,0,296,15000
1787309994370,50000,0,0,296,15000
1787309994469,50000,0,0,296,15000
1787309994570,50000,0,0,296,15000
1787309994670,50000,0,0,296,15000
1787309994770,50000,0,0,296,15000
1787309994870,50000,0,0,296,15000
1787309994970,50000,0,0,296,15000
1787309995070,50000,0,0,296,15000
1787309995170,50000,0,0,296,15000
1787309995270,50000,0,0,296,15000
1787309995370,50000,0,0,296,15000
1787309995470,50000,0,0,296,15000
1787309995570,50000,0,0,296,15000
1787309995670,50000,0,0,296,15000
1787309995769,50000,0,0,296,15000
1787309995870,50000,0,0,296,15000
1787309995970,50000,0,0,296,15000
1787309996069,50000,0,0,296,15000
1787309996170,50000,0,0,296,15000
1787309996269,50000,0,0,296,15000
1787309996369,50000,0,0,296,15000
1787309996470,50000,0,0,296,15000
1787309996570,50000,0,0,296,15000
1787309996669,50000,0,0,296,15000
1787309996770,50010,0,0,296,15000
1787309996870,50010,0,0,296,15000
1787309996970,50010,0,0,296,15000
1787309997070,50010,0,0,296,15000
1787309997170,50010,0,0,296,15000
1787309997270,50010,0,0,296,15000
1787309997370,50010,0,0,296,15000
1787309997470,50010,0,0,296,15000
1787309997569,50010,0,0,296,15000
1787309997670,50010,0,0,296,15000
1787309997770,50010,0,0,296,15000
1787309997870,50010,0,0,296,15000
1787309997970,50010,0,0,296,15000
1787309998070,50010,0,0,296,15000
1787309998170,50010,0,0,296,15000
1787309998269,50010,0,0,296,15000
1787309998370,50010,0,0,296,15000
1787309998470,50010,0,0,296,15000
1787309998570,50010,0,0,296,15000
1787309998670,50010,0,0,296,15000
1787309998770,50010,0,0,296,15000
1787309998870,50010,0,0,296,15000
1787309998970,50010,0,0,296,15000
1787309999070,50010,0,0,296,15000
1787309999170,50010,0,0,296,15000
1787309999269,50010,0,0,296,15000
1787309999370,50010,0,0,296,15000
1787309999470,50010,0,0,296,15000
1787309999570,50010,0,0,296,15000
1787309999669,50010,0,0,296,15000
1787309999770,50010,0,0,296,15000
1787309999869,50010,0,0,296,15000
1787309999970,50010,0,0,296,15000
1787310000070,50010,0,0,296,15000
1787310000170,50010,0,0,296,15000
1787310000269,50010,0,0,296,15000
1787310000370,50010,0,0,296,15000
1787310000470,50010,0,0,296,15000
1787310000570,50010,0,0,296,15000
1787310000670,50010,0,0,296,15000
1787310000770,50010,0,0,296,15000
1787310000870,50010,0,0,296,15000
1787310000970,50010,0,0,296,15000
1787310001069,50010,0,0,296,15000
1787310001170,50010,0,0,296,15000
1787310001270,50010,0,0,296,15000
1787310001370,50010,0,0,296,15000
1787310001470,50010,0,0,296,15000
1787310001570,50010,0,0,296,15000
1787310001670,50010,0,0,296,15000
1787310001770,50010,0,0,296,15000
1787310001870,50010,0,0,296,15000
1787310001970,50010,0,0,296,15000
1787310002069,50010,0,0,296,15000
1787310002170,50010,0,0,296,15000
1787310002269,50010,0,0,296,15000
1787310002369,50010,0,0,296,15000
1787310002469,50010,0,0,296,15000
1787310002570,50010,0,0,296,15000
1787310002669,50010,0,0,296,15000
1787310002770,50010,0,0,296,15000
1787310002870,50010,0,0,296,15000
1787310002970,50010,0,0,296,15000
1787310003070,50010,0,0,296,15000
1787310003170,50010,0,0,296,15000
1787310003270,50010,0,0,296,15000
1787310003370,50010,0,0,296,15000
1787310003470,50010,0,0,296,15000
1787310003570,50010,0,0,296,15000
1787310003670,50010,0,0,296,15000
1787310003770,50010,0,0,296,15000
1787310003870,50010,0,0,296,15000
1787310003970,50010,0,0,296,15000
1787310004070,50010,0,0,296,15000
1787310004170,50010,0,0,296,15000
1787310004270,50010,0,0,296,15000
1787310004370,50010,0,0,296,15000
1787310004470,50010,0,0,296,15000
1787310004570,50010,0,0,296,15000
1787310004670,50010,0,0,296,15000
1787310004770,50010,0,0,296,15000
1787310004870,50010,0,0,296,15000
1787310004969,50010,0,0,296,15000
1787310005070,50010,0,0,296,15000
1787310005170,50010,0,0,296,15000
1787310005270,50010,0,0,296,15000
1787310005370,50010,0,0,296,15000
1787310005470,50010,0,0,296,15000
1787310005570,50010,0,0,296,15000
1787310005670,50010,0,0,296,15000
1787310005769,50010,0,0,296,15000
1787310005870,50010,0,0,296,15000
1787310005970,50010,0,0,296,15000
1787310006070,50010,0,0,296,15000
1787310006170,50010,0,0,296,15000
1787310006270,50010,0,0,296,15000
1787310006370,50010,0,0,296,15000
1787310006470,50010,0,0,296,15000
1787310006570,50010,0,0,296,15000
1787310006670,50010,0,0,296,15000
1787310006770,50010,0,0,296,15000
1787310006870,50010,0,0,296,15000
1787310006970,50010,0,0,296,15000
1787310007070,50010,0,0,296,15000
1787310007170,50010,0,0,296,15000
1787310007270,50010,0,0,296,15000
1787310007370,50010,0,0,296,15000
1787310007470,50010,0,0,296,15000
1787310007570,50010,0,0,296,15000
1787310007670,50010,0,0,296,15000
1787310007770,50010,0,0,296,15000
1787310007870,50010,0,0,296,15000
1787310007969,50010,0,0,296,15000
1787310008070,50010,0,0,296,15000
1787310008170,50010,0,0,296,15000
1787310008270,50010,0,0,296,15000
1787310008370,50010,0,0,296,15000
1787310008470,50010,0,0,296,15000
1787310008570,50010,0,0,296,15000
1787310008670,50010,0,0,296,15000
1787310008770,50010,0,0,296,15000
1787310008870,50010,0,0,296,15000
1787310008970,50010,0,0,296,15000
1787310009070,50010,0,0,296,15000
1787310009170,50010,0,0,296,15000
1787310009270,50010,0,0,296,15000
1787310009370,50010,0,0,296,15000
1787310009470,50010,0,0,296,15000
1787310009570,50010,0,0,296,15000
1787310009670,50010,0,0,296,15000
1787310009770,50010,0,0,296,15000
1787310009870,50010,0,0,296,15000
1787310009970,50010,0,0,296,15000
1787310010070,50010,0,0,296,15000
1787310010170,50010,0,0,296,15000
1787310010270,50010,0,0,296,15000
1787310010370,50010,0,0,296,15000
1787310010470,50010,0,0,296,15000
1787310010569,50010,0,0,296,15000
1787310010670,50010,0,0,296,15000
1787310010770,50010,0,0,296,15000
1787310010869,50010,0,0,296,15000
1787310010969,50010,0,0,296,15000
1787310011069,50010,0,0,296,15000
1787310011169,50010,0,0,296,15000
1787310011270,50010,0,0,296,15000
1787310011370,50010,0,0,296,15000
1787310011470,50010,0,0,296,15000
1787310011570,50010,0,0,296,15000
1787310011670,50010,0,0,296,15000
1787310011769,50010,0,0,296,15000
1787310011869,50010,0,0,296,15000
1787310011970,50010,0,0,296,15000
1787310012070,50010,0,0,296,15000
1787310012170,50010,0,0,296,15000
1787310012270,50010,0,0,296,15000
1787310012370,50010,0,0,296,15000
1787310012470,50010,0,0,296,15000
1787310012570,50010,0,0,296,15000
1787310012670,50010,0,0,296,15000
1787310012770,50010,0,0,296,15000
1787310012870,50010,0,0,296,15000
1787310012970,50010,0,0,296,15000
1787310013070,50010,0,0,296,15000
1787310013170,50010,0,0,296,15000
1787310013269,50010,0,0,296,15000
1787310013370,50010,0,0,296,15000
1787310013469,50010,0,0,296,15000
1787310013570,50010,0,0,296,15000
1787310013670,50010,0,0,296,15000
1787310013770,50010,0,0,296,15000
1787310013870,50010,0,0,296,15000
1787310013970,50010,0,0,296,15000
1787310014070,50010,0,0,296,15000
1787310014170,50010,0,0,296,15000
1787310014270,50010,0,0,296,15000
1787310014370,50010,0,0,296,15000
1787310014470,50010,0,0,296,15000
1787310014570,50010,0,0,296,15000
1787310014670,50010,0,0,296,15000
1787310014770,50010,0,0,296,15000
1787310014869,50010,0,0,296,15000
1787310014970,50010,0,0,296,15000
1787310015070,50010,0,0,296,15000
1787310015170,50010,0,0,296,15000
1787310015270,50010,0,0,296,15000
1787310015370,50010,0,0,296,15000
1787310015470,50010,0,0,296,15000
1787310015570,50010,0,0,296,15000
1787310015670,50010,0,0,296,15000
1787310015770,50010,0,0,296,15000
1787310015870,50010,0,0,296,15000
1787310015970,50010,0,0,296,15000
1787310016070,50010,0,0,296,15000
1787310016170,50010,0,0,296,15000
1787310016270,50010,0,0,296,15000
1787310016370,50010,0,0,296,15000
1787310016470,50010,0,0,296,15000
1787310016570,50010,0,0,296,15000
1787310016670,50010,0,0,296,15000
1787310016770,50010,0,0,296,15000
1787310016870,50010,0,0,296,15000
1787310016970,50010,0,0,296,15000
1787310017070,50010,0,0,296,15000
1787310017170,50010,0,0,296,15000
1787310017270,50010,0,0,296,15000
1787310017370,50010,0,0,296,15000
1787310017470,50010,0,0,296,15000
1787310017570,50010,0,0,296,15000
1787310017670,50010,0,0,296,15000
1787310017770,50010,0,0,296,15000
1787310017870,50010,0,0,296,15000
1787310017969,50010,0,0,296,15000
1787310018069,50010,0,0,296,15000
1787310018170,50010,0,0,296,15000
1787310018270,50010,0,0,296,15000
1787310018370,50010,0,0,296,15000
1787310018470,50010,0,0,296,15000
1787310018570,50010,0,0,296,15000
1787310018669,50010,0,0,296,15000
1787310018770,50010,0,0,296,15000
1787310018870,50010,0,0,296,15000
1787310018970,50010,0,0,296,15000
1787310019070,50010,0,0,296,15000
1787310019170,50010,0,0,296,15000
1787310019269,50010,0,0,296,15000
1787310019369,50010,0,0,296,15000
1787310019470,50010,0,0,296,15000
1787310019570,50010,0,0,296,15000
1787310019670,50010,0,0,296,15000
1787310019769,50010,0,0,296,15000
1787310019870,50010,0,0,296,15000
1787310019970,50010,0,0,296,15000
1787310020070,50010,0,0,296,15000
1787310020170,50010,0,0,296,15000
1787310020270,50010,0,0,296,15000
1787310020370,50010,0,0,296,15000
1787310020470,50010,0,0,296,15000
1787310020570,50010,0,0,296,15000
1787310020670,50010,0,0,296,15000
1787310020770,50010,0,0,296,15000
1787310020870,50010,0,0,296,15000
1787310020970,50010,0,0,296,15000
1787310021070,50010,0,0,296,15000
1787310021170,50010,0,0,296,15000
1787310021270,50010,0,0,296,15000
1787310021370,50010,0,0,296,15000
1787310021470,50010,0,0,296,15000
1787310021570,50010,0,0,296,15000
1787310021670,50010,0,0,296,15000
1787310021770,50010,0,0,296,15000
1787310021870,50010,0,0,296,15000
1787310021970,50010,0,0,296,15000
1787310022070,50010,0,0,296,15000
1787310022170,50010,0,0,296,15000
1787310022270,50010,0,0,296,15000
1787310022370,50010,0,0,296,15000
1787310022470,50010,0,0,296,15000
1787310022570,50010,0,0,296,15000
1787310022670,50010,0,0,296,15000
1787310022770,50010,0,0,296,15000
1787310022870,50010,0,0,296,15000
1787310022970,50010,0,0,296,15000
1787310023070,50010,0,0,296,15000
1787310023170,50010,0,0,296,15000
1787310023270,50010,0,0,296,15000
1787310023370,50010,0,0,296,15000
1787310023470,50010,0,0,296,15000
1787310023570,50010,0,0,296,15000
1787310023669,50010,0,0,296,15000
1787310023770,50010,0,0,296,15000
1787310023870,50010,0,0,296,15000
1787310023970,50010,0,0,296,15000
1787310024070,50010,0,0,296,15000
1787310024170,50010,0,0,296,15000
1787310024270,50010,0,0,296,15000
1787310024369,50010,0,0,296,15000
1787310024470,50010,0,0,296,15000
1787310024570,50010,0,0,296,15000
1787310024670,50010,0,0,296,15000
1787310024769,50010,0,0,296,15000
1787310024870,50010,0,0,296,15000
1787310024970,50010,0,0,296,15000
1787310025070,50010,0,0,296,15000
1787310025170,50010,0,0,296,15000
1787310025270,50010,0,0,296,15000
1787310025370,50010,0,0,296,15000
1787310025470,50010,0,0,296,15000
1787310025570,50010,0,0,296,15000
1787310025670,50010,0,0,296,15000
1787310025770,50010,0,0,296,15000
1787310025869,50010,0,0,296,15000
1787310025969,50010,0,0,296,15000
1787310026070,50010,0,0,296,15000
1787310026170,50010,0,0,296,15000
1787310026270,50010,0,0,296,15000
1787310026370,50010,0,0,296,15000
1787310026470,50010,0,0,296,15000
1787310026570,50010,0,0,296,15000
1787310026670,50010,0,0,296,15000
1787310026769,50010,0,0,296,15000
1787310026870,50010,0,0,296,15000
1787310026969,50010,0,0,296,15000
1787310027070,50010,0,0,296,15000
1787310027170,50010,0,0,296,15000
1787310027270,50010,0,0,296,15000
1787310027370,50010,0,0,296,15000
1787310027470,50010,0,0,296,15000
1787310027569,50010,0,0,296,15000
1787310027670,50010,0,0,296,15000
1787310027770,50010,0,0,296,15000
1787310027870,50010,0,0,296,15000
1787310027970,50010,0,0,296,15000
1787310028069,50010,0,0,296,15000
1787310028170,50010,0,0,296,15000
1787310028269,50010,0,0,296,15000
1787310028369,50010,0,0,296,15000
1787310028470,50010,0,0,296,15000
1787310028570,50010,0,0,296,15000
1787310028670,50010,0,0,296,15000
1787310028770,50010,0,0,296,15000
1787310028870,50010,0,0,296,15000
1787310028969,50010,0,0,296,15000
1787310029070,50010,0,0,296,15000
1787310029170,50010,0,0,296,15000
1787310029270,50010,0,0,296,15000
1787310029370,50010,0,0,296,15000
1787310029469,50010,0,0,296,15000
1787310029570,50010,0,0,296,15000
1787310029670,50010,0,0,296,15000
1787310029770,50010,0,0,296,15000
1787310029869,50010,0,0,296,15000
1787310029970,50010,0,0,296,15000
1787310030070,50010,0,0,296,15000
1787310030170,50010,0,0,296,15000
1787310030270,50010,0,0,296,15000
1787310030370,50010,0,0,296,15000
1787310030470,50010,0,0,296,15000
1787310030570,50010,0,0,296,15000
1787310030670,50010,0,0,296,15000
1787310030770,50010,0,0,296,15000
1787310030870,50010,0,0,296,15000
1787310030970,50010,0,0,296,15000
1787310031070,50010,0,0,296,15000
1787310031170,50010,0,0,296,15000
1787310031270,50010,0,0,296,15000
1787310031370,50010,0,0,296,15000
1787310031470,50010,0,0,296,15000
1787310031570,50010,0,0,296,15000
1787310031670,50010,0,0,296,15000
1787310031770,50010,0,0,296,15000
1787310031870,50010,0,0,296,15000
1787310031969,50010,0,0,296,15000
1787310032070,50010,0,0,296,15000
1787310032170,50010,0,0,296,15000
1787310032270,50010,0,0,296,15000
1787310032370,50010,0,0,296,15000
1787310032470,50010,0,0,296,15000
1787310032570,50010,0,0,296,15000
1787310032670,50010,0,0,296,15000
1787310032769,50010,0,0,296,15000
1787310032870,50010,0,0,296,15000
1787310032969,50010,0,0,296,15000
1787310033070,50010,0,0,296,15000
1787310033170,50010,0,0,296,15000
1787310033269,50010,0,0,296,15000
1787310033370,50010,0,0,296,15000
1787310033470,50010,0,0,296,15000
1787310033570,50010,0,0,296,15000
1787310033670,50010,0,0,296,15000
1787310033770,50010,0,0,296,15000
1787310033870,50010,0,0,296,15000
1787310033970,50010,0,0,296,15000
1787310034070,50010,0,0,296,15000
1787310034170,50010,0,0,296,15000
1787310034270,50010,0,0,296,15000
1787310034370,50010,0,0,296,15000
1787310034469,50010,0,0,296,15000
1787310034570,50010,0,0,296,15000
1787310034670,50010,0,0,296,15000
1787310034769,50010,0,0,296,15000
1787310034870,50010,0,0,296,15000
1787310034970,50010,0,0,296,15000
1787310035070,50010,0,0,296,15000
1787310035170,50010,0,0,296,15000
1787310035270,50010,0,0,296,15000
1787310035370,50010,0,0,296,15000
1787310035470,50010,0,0,296,15000
1787310035570,50010,0,0,296,15000
1787310035670,50010,0,0,296,15000
1787310035770,50010,0,0,296,15000
1787310035870,50010,0,0,296,15000
1787310035970,50010,0,0,296,15000
1787310036069,50010,0,0,296,15000
1787310036170,50010,0,0,296,15000
1787310036270,50010,0,0,296,15000
1787310036370,50010,0,0,296,15000
1787310036469,50010,0,0,296,15000
1787310036570,50010,0,0,296,15000
1787310036670,50010,0,0,296,15000
1787310036770,50010,0,0,296,15000
1787310036870,50010,0,0,296,15000
1787310036970,50010,0,0,296,15000
1787310037069,50010,0,0,296,15000
1787310037170,50010,0,0,296,15000
1787310037270,50010,0,0,296,15000
1787310037370,50010,0,0,296,15000
1787310037470,50010,0,0,296,15000
1787310037570,50010,0,0,296,15000
1787310037670,50010,0,0,296,15000
1787310037770,50010,0,0,296,15000
1787310037870,50010,0,0,296,15000
1787310037970,50010,0,0,296,15000
1787310038070,50010,0,0,296,15000
1787310038170,50010,0,0,296,15000
1787310038270,50010,0,0,296,15000
1787310038370,50010,0,0,296,15000
1787310038470,50010,0,0,296,15000
1787310038570,50010,0,0,296,15000
1787310038670,50010,0,0,296,15000
1787310038770,50010,0,0,296,15000
1787310038870,50010,0,0,296,15000
1787310038970,50010,0,0,296,15000
1787310039070,50010,0,0,296,15000
1787310039169,50010,0,0,296,15000
1787310039269,50010,0,0,296,15000
1787310039370,50010,0,0,296,15000
1787310039470,50010,0,0,296,15000
1787310039570,50010,0,0,296,15000
1787310039669,50010,0,0,296,15000
1787310039770,50010,0,0,296,15000
1787310039870,50010,0,0,296,15000
1787310039970,50010,0,0,296,15000
1787310040070,50010,0,0,296,15000
1787310040170,50010,0,0,296,15000
1787310040270,50010,0,0,296,15000
1787310040370,50010,0,0,296,15000
1787310040469,50010,0,0,296,15000
1787310040570,50010,0,0,296,15000
1787310040670,50010,0,0,296,15000
1787310040770,50010,0,0,296,15000
1787310040870,50010,0,0,296,15000
1787310040970,50010,0,0,296,15000
1787310041070,50010,0,0,296,15000
1787310041170,50010,0,0,296,15000
1787310041270,50010,0,0,296,15000
1787310041370,50010,0,0,296,15000
1787310041470,50010,0,0,296,15000
1787310041570,50010,0,0,296,15000
1787310041670,50010,0,0,296,15000
1787310041770,50010,0,0,296,15000
1787310041870,50010,0,0,296,15000
1787310041970,50010,0,0,296,15000
1787310042070,50010,0,0,296,15000
1787310042170,50010,0,0,296,15000
1787310042270,50010,0,0,296,15000
1787310042370,50010,0,0,296,15000
1787310042470,50010,0,0,296,15000
1787310042570,50010,0,0,296,15000
1787310042670,50010,0,0,296,15000
1787310042770,50010,0,0,296,15000
1787310042870,50010,0,0,296,15000
1787310042970,50010,0,0,296,15000
1787310043070,50010,0,0,296,15000
1787310043170,50010,0,0,296,15000
1787310043270,50010,0,0,296,15000
1787310043369,50010,0,0,296,15000
1787310043470,50010,0,0,296,15000
1787310043570,50010,0,0,296,15000
1787310043670,50010,0,0,296,15000
1787310043770,50010,0,0,296,15000
1787310043869,50010,0,0,296,15000
1787310043970,50010,0,0,296,15000
1787310044070,50010,0,0,296,15000
1787310044170,50010,0,0,296,15000
1787310044270,50010,0,0,296,15000
1787310044370,50010,0,0,296,15000
1787310044470,50010,0,0,296,15000
1787310044570,50010,0,0,296,15000
1787310044669,50010,0,0,296,15000
1787310044770,50010,0,0,296,15000
1787310044870,50010,0,0,296,15000
1787310044970,50010,0,0,296,15000
1787310045070,50010,0,0,296,15000
1787310045170,50010,0,0,296,15000
1787310045270,50010,0,0,296,15000
1787310045370,50010,0,0,296,15000
1787310045470,50010,0,0,296,15000
1787310045570,50010,0,0,296,15000
1787310045670,50010,0,0,296,15000
1787310045770,50010,0,0,296,15000
1787310045870,50010,0,0,296,15000
1787310045970,50010,0,0,296,15000
1787310046070,50010,0,0,296,15000
1787310046170,50010,0,0,296,15000
1787310046270,50010,0,0,296,15000
1787310046370,50010,0,0,296,15000
1787310046470,50010,0,0,296,15000
1787310046570,50010,0,0,296,15000
1787310046669,50010,0,0,296,15000
1787310046770,50010,0,0,296,15000
1787310046870,50010,0,0,296,15000
1787310046970,50010,0,0,296,15000
1787310047070,50010,0,0,296,15000
1787310047170,50010,0,0,296,15000
1787310047270,50010,0,0,296,15000
1787310047370,50010,0,0,296,15000
1787310047470,50010,0,0,296,15000
1787310047570,50010,0,0,296,15000
1787310047669,50010,0,0,296,15000
1787310047769,50010,0,0,296,15000
1787310047869,50010,0,0,296,15000
1787310047970,50010,0,0,296,15000
1787310048070,50010,0,0,296,15000
1787310048170,50010,0,0,296,15000
1787310048269,50010,0,0,296,15000
1787310048369,50010,0,0,296,15000
1787310048470,50010,0,0,296,15000
1787310048570,50010,0,0,296,15000
1787310048669,50010,0,0,296,15000
1787310048769,50010,0,0,296,15000
1787310048870,50010,0,0,296,15000
1787310048970,50010,0,0,296,15000
1787310049070,50010,0,0,296,15000
1787310049170,50010,0,0,296,15000
1787310049269,50010,0,0,296,15000
1787310049370,50010,0,0,296,15000
1787310049470,50010,0,0,296,15000
1787310049570,50010,0,0,296,15000
1787310049670,50010,0,0,296,15000
1787310049770,50010,0,0,296,15000
1787310049870,50010,0,0,296,15000
1787310049970,50010,0,0,296,15000
1787310050070,50010,0,0,296,15000
1787310050170,50010,0,0,296,15000
1787310050270,50010,0,0,296,15000
1787310050369,50010,0,0,296,15000
1787310050469,50010,0,0,296,15000
1787310050570,50010,0,0,296,15000
1787310050670,50010,0,0,296,15000
1787310050770,50010,0,0,296,15000
1787310050869,50010,0,0,296,15000
1787310050970,50010,0,0,296,15000
1787310051070,50010,0,0,296,15000
1787310051170,50010,0,0,296,15000
1787310051269,50010,0,0,296,15000
1787310051370,50010,0,0,296,15000
1787310051470,50010,0,0,296,15000
1787310051569,50010,0,0,296,15000
1787310051670,50010,0,0,296,15000
1787310051770,50010,0,0,296,15000
1787310051870,50010,0,0,296,15000
1787310051970,50010,0,0,296,15000
1787310052070,50010,0,0,296,15000
1787310052170,50010,0,0,296,15000
1787310052270,50010,0,0,296,15000
1787310052370,50010,0,0,296,15000
1787310052469,50010,0,0,296,15000
1787310052570,50010,0,0,296,15000
1787310052670,50010,0,0,296,15000
1787310052770,50010,0,0,296,15000
1787310052870,50010,0,0,296,15000
1787310052970,50010,0,0,296,15000
1787310053069,50010,0,0,296,15000
1787310053170,50010,0,0,296,15000
1787310053270,50010,0,0,296,15000
1787310053370,50010,0,0,296,15000
1787310053469,50010,0,0,296,15000
1787310053570,50010,0,0,296,15000
1787310053670,50010,0,0,296,15000
1787310053770,50010,0,0,296,15000
1787310053870,50010,0,0,296,15000
1787310053969,50010,0,0,296,15000
1787310054070,50010,0,0,296,15000
1787310054170,50010,0,0,296,15000
1787310054270,50010,0,0,296,15000
1787310054370,50010,0,0,296,15000
1787310054470,50010,0,0,296,15000
1787310054570,50010,0,0,296,15000
1787310054670,50010,0,0,296,15000
1787310054769,50010,0,0,296,15000
1787310054870,50010,0,0,296,15000
1787310054970,50010,0,0,296,15000
1787310055070,50010,0,0,296,15000
1787310055170,50010,0,0,296,15000
1787310055269,50010,0,0,296,15000
1787310055370,50010,0,0,296,15000
1787310055470,50010,0,0,296,15000
1787310055570,50010,0,0,296,15000
1787310055670,50010,0,0,296,15000
1787310055770,50010,0,0,296,15000
1787310055870,50010,0,0,296,15000
1787310055970,50010,0,0,296,15000
1787310056070,50010,0,0,296,15000
1787310056169,50010,0,0,296,15000
1787310056270,50010,0,0,296,15000
1787310056370,50010,0,0,296,15000
1787310056470,50010,0,0,296,15000
1787310056570,50010,0,0,296,15000
1787310056669,50010,0,0,296,15000
1787310056770,50010,0,0,296,15000
1787310056870,50010,0,0,296,15000
1787310056970,50010,0,0,296,15000
1787310057070,50010,0,0,296,15000
1787310057170,50010,0,0,296,15000
1787310057270,50010,0,0,296,15000
1787310057370,50010,0,0,296,15000
1787310057470,50010,0,0,296,15000
1787310057570,50010,0,0,296,15000
1787310057669,50010,0,0,296,15000
1787310057770,50010,0,0,296,15000
1787310057870,50010,0,0,296,15000
1787310057970,50010,0,0,296,15000
1787310058070,50010,0,0,296,15000
1787310058170,50010,0,0,296,15000
1787310058270,50010,0,0,296,15000
1787310058370,50010,0,0,296,15000
1787310058470,50010,0,0,296,15000
1787310058570,50010,0,0,296,15000
1787310058670,50010,0,0,296,15000
1787310058770,50010,0,0,296,15000
1787310058870,50010,0,0,296,15000
1787310058969,50010,0,0,296,15000
1787310059070,50010,0,0,296,15000
1787310059170,50010,0,0,296,15000
1787310059270,50010,0,0,296,15000
1787310059370,50010,0,0,296,15000
1787310059470,50010,0,0,296,15000
1787310059570,50010,0,0,296,15000
1787310059670,50010,0,0,296,15000
1787310059770,50010,0,0,296,15000
1787310059869,50010,0,0,296,15000
1787310059970,50010,0,0,296,15000
1787310060070,50010,0,0,296,15000
1787310060170,50010,0,0,296,15000
1787310060270,50010,0,0,296,15000
1787310060370,50010,0,0,296,15000
1787310060469,50010,0,0,296,15000
1787310060570,50010,0,0,296,15000
1787310060670,50010,0,0,296,15000
1787310060770,50010,0,0,296,15000
1787310060870,50010,0,0,296,15000
1787310060970,50010,0,0,296,15000
1787310061070,50010,0,0,296,15000
1787310061170,50010,0,0,296,15000
1787310061270,50010,0,0,296,15000
1787310061370,50010,0,0,296,15000
1787310061470,50010,0,0,296,15000
1787310061570,50010,0,0,296,15000
1787310061670,50010,0,0,296,15000
1787310061769,50010,0,0,296,15000
1787310061870,50010,0,0,296,15000
1787310061970,50010,0,0,296,15000
1787310062070,50010,0,0,296,15000
1787310062170,50010,0,0,296,15000
1787310062270,50010,0,0,296,15000
1787310062369,50010,0,0,296,15000
1787310062470,50010,0,0,296,15000
1787310062570,50010,0,0,296,15000
1787310062670,50010,0,0,296,15000
1787310062770,50010,0,0,296,15000
1787310062870,50010,0,0,296,15000
1787310062970,50010,0,0,296,15000
1787310063070,50010,0,0,296,15000
1787310063170,50010,0,0,296,15000
1787310063269,50010,0,0,296,15000
1787310063370,50010,0,0,296,15000
1787310063470,50010,0,0,296,15000
1787310063570,50010,0,0,296,15000
1787310063670,50010,0,0,296,15000
1787310063770,50010,0,0,296,15000
1787310063870,50010,0,0,296,15000
1787310063970,50010,0,0,296,15000
1787310064070,50010,0,0,296,15000
1787310064170,50010,0,0,296,15000
1787310064270,50010,0,0,296,15000
1787310064370,50010,0,0,296,15000
1787310064470,50010,0,0,296,15000
1787310064570,50010,0,0,296,15000
1787310064670,50010,0,0,296,15000
1787310064770,50010,0,0,296,15000
1787310064870,50010,0,0,296,15000
1787310064970,50010,0,0,296,15000
1787310065070,50010,0,0,296,15000
1787310065170,50010,0,0,296,15000
1787310065270,50010,0,0,296,15000
1787310065369,50010,0,0,296,15000
1787310065470,50010,0,0,296,15000
1787310065569,50010,0,0,296,15000
1787310065670,50010,0,0,296,15000
1787310065770,50010,0,0,296,15000
1787310065870,50010,0,0,296,15000
1787310065970,50010,0,0,296,15000
1787310066070,50010,0,0,296,15000
1787310066170,50010,0,0,296,15000
1787310066270,50010,0,0,296,15000
1787310066369,50010,0,0,296,15000
1787310066470,50010,0,0,296,15000
1787310066570,50010,0,0,296,15000
1787310066669,50010,0,0,296,15000
1787310066770,50010,0,0,296,15000
1787310066870,50010,0,0,296,15000
1787310066970,50010,0,0,296,15000
1787310067070,50010,0,0,296,15000
1787310067170,50010,0,0,296,15000
1787310067269,50010,0,0,296,15000
1787310067370,50010,0,0,296,15000
1787310067470,50010,0,0,296,15000
1787310067569,50010,0,0,296,15000
1787310067670,50010,0,0,296,15000
1787310067770,50010,0,0,296,15000
1787310067870,50010,0,0,296,15000
1787310067970,50010,0,0,296,15000
1787310068070,50010,0,0,296,15000
1787310068170,50010,0,0,296,15000
1787310068270,50010,0,0,296,15000
1787310068370,50010,0,0,296,15000
1787310068470,50010,0,0,296,15000
1787310068570,50010,0,0,296,15000
1787310068670,50010,0,0,296,15000
1787310068769,50010,0,0,296,15000
1787310068870,50010,0,0,296,15000
1787310068970,50010,0,0,296,15000
1787310069070,50010,0,0,296,15000
1787310069170,50010,0,0,296,15000
1787310069270,50010,0,0,296,15000
1787310069370,50010,0,0,296,15000
1787310069470,50010,0,0,296,15000
1787310069570,50010,0,0,296,15000
1787310069669,50010,0,0,296,15000
1787310069770,50010,0,0,296,15000
1787310069870,50010,0,0,296,15000
1787310069970,50010,0,0,296,15000
1787310070070,50010,0,0,296,15000
1787310070170,50010,0,0,296,15000
1787310070270,50010,0,0,296,15000
1787310070370,50010,0,0,296,15000
1787310070470,50010,0,0,296,15000
1787310070570,50010,0,0,296,15000
1787310070670,50010,0,0,296,15000
1787310070770,50010,0,0,296,15000
1787310070870,50010,0,0,296,15000
1787310070969,50010,0,0,296,15000
1787310071070,50010,0,0,296,15000
1787310071170,50010,0,0,296,15000
1787310071270,50010,0,0,296,15000
1787310071370,50010,0,0,296,15000
1787310071470,50010,0,0,296,15000
1787310071570,50010,0,0,296,15000
1787310071670,50010,0,0,296,15000
1787310071770,50010,0,0,296,15000
1787310071870,50010,0,0,296,15000
1787310071970,50010,0,0,296,15000
1787310072070,50010,0,0,296,15000
1787310072170,50010,0,0,296,15000
1787310072270,50010,0,0,296,15000
1787310072370,50010,0,0,296,15000
1787310072469,50010,0,0,296,15000
1787310072570,50010,0,0,296,15000
1787310072670,50010,0,0,296,15000
1787310072770,50010,0,0,296,15000
1787310072870,50010,0,0,296,15000
1787310072969,50010,0,0,296,15000
1787310073070,50010,0,0,296,15000
1787310073170,50010,0,0,296,15000
1787310073270,50010,0,0,296,15000
1787310073370,50010,0,0,296,15000
1787310073470,50010,0,0,296,15000
1787310073570,50010,0,0,296,15000
1787310073670,50010,0,0,296,15000
1787310073770,50010,0,0,296,15000
1787310073870,50010,0,0,296,15000
1787310073970,50010,0,0,296,15000
1787310074070,50010,0,0,296,15000
1787310074170,50010,0,0,296,15000
1787310074270,50010,0,0,296,15000
1787310074370,50010,0,0,296,15000
1787310074469,50010,0,0,296,15000
1787310074570,50010,0,0,296,15000
1787310074670,50010,0,0,296,15000
1787310074770,50010,0,0,296,15000
1787310074870,50010,0,0,296,15000
1787310074969,50010,0,0,296,15000
1787310075070,50010,0,0,296,15000
1787310075170,50010,0,0,296,15000
1787310075270,50010,0,0,296,15000
1787310075370,50010,0,0,296,15000
1787310075469,50010,0,0,296,15000
1787310075569,50010,0,0,296,15000
1787310075669,50010,0,0,296,15000
1787310075769,50010,0,0,296,15000
1787310075870,50010,0,0,296,15000
1787310075970,50010,0,0,296,15000
1787310076070,50010,0,0,296,15000
1787310076170,50010,0,0,296,15000
1787310076270,50010,0,0,296,15000
1787310076369,50010,0,0,296,15000
1787310076469,50010,0,0,296,15000
1787310076570,50010,0,0,296,15000
1787310076670,50010,0,0,296,15000
1787310076770,50010,0,0,296,15000
1787310076869,50010,0,0,296,15000
1787310076970,50010,0,0,296,15000
1787310077069,50010,0,0,296,15000
1787310077170,50010,0,0,296,15000
1787310077270,50010,0,0,296,15000
1787310077370,50010,0,0,296,15000
1787310077469,50010,0,0,296,15000
1787310077570,50010,0,0,296,15000
1787310077670,50010,0,0,296,15000
1787310077770,50010,0,0,296,15000
1787310077870,50010,0,0,296,15000
1787310077970,50010,0,0,296,15000
1787310078069,50010,0,0,296,15000
1787310078170,50010,0,0,296,15000
1787310078270,50010,0,0,296,15000
1787310078369,50010,0,0,296,15000
1787310078470,50010,0,0,296,15000
1787310078570,50010,0,0,296,15000
1787310078669,50010,0,0,296,15000
1787310078770,50010,0,0,296,15000
1787310078869,50010,0,0,296,15000
1787310078970,50010,0,0,296,15000
1787310079069,50010,0,0,296,15000
1787310079170,50010,0,0,296,15000
1787310079270,50010,0,0,296,15000
1787310079370,50010,0,0,296,15000
1787310079470,50010,0,0,296,15000
1787310079570,50010,0,0,296,15000
1787310079670,50010,0,0,296,15000
1787310079770,50010,0,0,296,15000
1787310079870,50010,0,0,296,15000
1787310079969,50010,0,0,296,15000
1787310080070,50010,0,0,296,15000
1787310080170,50010,0,0,296,15000
1787310080269,50010,0,0,296,15000
1787310080369,50010,0,0,296,15000
1787310080470,50010,0,0,296,15000
1787310080570,50010,0,0,296,15000
1787310080670,50010,0,0,296,15000
1787310080770,50010,0,0,296,15000
1787310080870,50010,0,0,296,15000
1787310080969,50010,0,0,296,15000
1787310081070,50010,0,0,296,15000
1787310081170,50010,0,0,296,15000
1787310081269,50010,0,0,296,15000
1787310081369,50010,0,0,296,15000
1787310081469,50010,0,0,296,15000
1787310081569,50010,0,0,296,15000
1787310081670,50010,0,0,296,15000
1787310081770,50010,0,0,296,15000
1787310081870,50010,0,0,296,15000
1787310081970,50010,0,0,296,15000
1787310082070,50010,0,0,296,15000
1787310082170,50010,0,0,296,15000
1787310082270,50010,0,0,296,15000
1787310082369,50010,0,0,296,15000
1787310082469,50010,0,0,296,15000
1787310082570,50010,0,0,296,15000
1787310082670,50010,0,0,296,15000
1787310082769,50010,0,0,296,15000
1787310082870,50010,0,0,296,15000
1787310082970,50010,0,0,296,15000
1787310083070,50010,0,0,296,15000
1787310083170,50010,0,0,296,15000
1787310083270,50010,0,0,296,15000
1787310083370,50010,0,0,296,15000
1787310083470,50010,0,0,296,15000
1787310083570,50010,0,0,296,15000
1787310083670,50010,0,0,296,15000
1787310083769,50010,0,0,296,15000
1787310083870,50010,0,0,296,15000
1787310083969,50010,0,0,296,15000
1787310084070,50010,0,0,296,15000
1787310084170,50010,0,0,296,15000
1787310084269,50010,0,0,296,15000
1787310084370,50010,0,0,296,15000
1787310084470,50010,0,0,296,15000
1787310084569,50010,0,0,296,15000
1787310084669,50010,0,0,296,15000
1787310084770,50010,0,0,296,15000
1787310084870,50010,0,0,296,15000
1787310084969,50010,0,0,296,15000
1787310085070,50010,0,0,296,15000
1787310085170,50010,0,0,296,15000
1787310085270,50010,0,0,296,15000
1787310085370,50010,0,0,296,15000
1787310085469,50010,0,0,296,15000
1787310085570,50010,0,0,296,15000
1787310085669,50010,0,0,296,15000
1787310085770,50010,0,0,296,15000
1787310085869,50010,0,0,296,15000
1787310085970,50010,0,0,296,15000
1787310086070,50010,0,0,296,15000
1787310086170,50010,0,0,296,15000
1787310086270,50010,0,0,296,15000
1787310086369,50010,0,0,296,15000
1787310086470,50010,0,0,296,15000
1787310086570,50010,0,0,296,15000
1787310086670,50010,0,0,296,15000
1787310086770,50010,0,0,296,15000
1787310086870,50010,0,0,296,15000
1787310086970,50010,0,0,296,15000
1787310087069,50010,0,0,296,15000
1787310087169,50010,0,0,296,15000
1787310087270,50010,0,0,296,15000
1787310087370,50010,0,0,296,15000
1787310087470,50010,0,0,296,15000
1787310087570,50010,0,0,296,15000
1787310087670,50010,0,0,296,15000
1787310087770,50010,0,0,296,15000
1787310087870,50010,0,0,296,15000
1787310087969,50010,0,0,296,15000
1787310088069,50010,0,0,296,15000
1787310088170,50010,0,0,296,15000
1787310088269,50010,0,0,296,15000
1787310088370,50010,0,0,296,15000
1787310088470,50010,0,0,296,15000
1787310088570,50010,0,0,296,15000
1787310088670,50010,0,0,296,15000
1787310088770,50010,0,0,296,15000
1787310088870,50010,0,0,296,15000
1787310088970,50010,0,0,296,15000
1787310089070,50010,0,0,296,15000
1787310089170,50010,0,0,296,15000
1787310089270,50010,0,0,296,15000
1787310089370,50010,0,0,296,15000
1787310089470,50010,0,0,296,15000
1787310089570,50010,0,0,296,15000
1787310089670,50010,0,0,296,15000
1787310089770,50010,0,0,296,15000
1787310089870,50010,0,0,296,15000
1787310089970,50010,0,0,296,15000
1787310090069,50010,0,0,296,15000
1787310090170,50010,0,0,296,15000
1787310090269,50010,0,0,296,15000
1787310090370,50010,0,0,296,15000
1787310090469,50010,0,0,296,15000
1787310090570,50010,0,0,296,15000
1787310090669,50010,0,0,296,15000
1787310090770,50010,0,0,296,15000
1787310090870,50010,0,0,296,15000
1787310090970,50010,0,0,296,15000
1787310091070,50010,0,0,296,15000
1787310091170,50010,0,0,296,15000
1787310091270,50010,0,0,296,15000
1787310091370,50010,0,0,296,15000
1787310091470,50010,0,0,296,15000
1787310091569,50010,0,0,296,15000
1787310091670,50010,0,0,296,15000
1787310091769,50010,0,0,296,15000
1787310091870,50010,0,0,296,15000
1787310091970,50010,0,0,296,15000
1787310092069,50010,0,0,296,15000
1787310092170,50010,0,0,296,15000
1787310092269,50010,0,0,296,15000
1787310092370,50010,0,0,296,15000
1787310092470,50010,0,0,296,15000
1787310092570,50010,0,0,296,15000
1787310092670,50010,0,0,296,15000
1787310092770,50010,0,0,296,15000
1787310092870,50010,0,0,296,15000
1787310092970,50010,0,0,296,15000
1787310093069,50010,0,0,296,15000
1787310093170,50010,0,0,296,15000
1787310093270,50010,0,0,296,15000
1787310093369,50010,0,0,296,15000
1787310093470,50010,0,0,296,15000
1787310093570,50010,0,0,296,15000
1787310093669,50010,0,0,296,15000
1787310093769,50010,0,0,296,15000
1787310093870,50010,0,0,296,15000
1787310093970,50010,0,0,296,15000
1787310094069,50010,0,0,296,15000
1787310094170,50010,0,0,296,15000
1787310094270,50010,0,0,296,15000
1787310094370,50010,0,0,296,15000
1787310094470,50010,0,0,296,15000
1787310094570,50010,0,0,296,15000
1787310094670,50010,0,0,296,15000
1787310094770,50010,0,0,296,15000
1787310094870,50010,0,0,296,15000
1787310094970,50010,0,0,296,15000
1787310095070,50010,0,0,296,15000
1787310095170,50010,0,0,296,15000
1787310095270,50010,0,0,296,15000
1787310095370,50010,0,0,296,15000
1787310095470,50010,0,0,296,15000
1787310095570,50010,0,0,296,15000
1787310095670,50010,0,0,296,15000
1787310095770,50010,0,0,296,15000
1787310095870,50010,0,0,296,15000
1787310095970,50010,0,0,296,15000
1787310096070,50010,0,0,296,15000
1787310096169,50010,0,0,296,15000
1787310096270,50010,0,0,296,15000
1787310096370,50010,0,0,296,15000
1787310096470,50010,0,0,296,15000
1787310096570,50010,0,0,296,15000
1787310096669,50010,0,0,296,15000
1787310096770,50010,0,0,296,15000
1787310096869,50010,0,0,296,15000
1787310096969,50010,0,0,296,15000
1787310097069,50010,0,0,296,15000
1787310097170,50010,0,0,296,15000
1787310097270,50010,0,0,296,15000
1787310097370,50010,0,0,296,15000
1787310097470,50010,0,0,296,15000
1787310097570,50010,0,0,296,15000
1787310097670,50010,0,0,296,15000
1787310097770,50010,0,0,296,15000
1787310097870,50010,0,0,296,15000
1787310097970,50010,0,0,296,15000
1787310098070,50010,0,0,296,15000
1787310098169,50010,0,0,296,15000
1787310098270,50010,0,0,296,15000
1787310098370,50010,0,0,296,15000
1787310098470,50010,0,0,296,15000
1787310098570,50010,0,0,296,15000
1787310098670,50010,0,0,296,15000
1787310098770,50010,0,0,296,15000
1787310098870,50010,0,0,296,15000
1787310098970,50010,0,0,296,15000
1787310099070,50010,0,0,296,15000
1787310099170,50010,0,0,296,15000
1787310099270,50010,0,0,296,15000
1787310099370,50010,0,0,296,15000
1787310099470,50010,0,0,296,15000
1787310099570,50010,0,0,296,15000
1787310099669,50010,0,0,296,15000
1787310099770,50010,0,0,296,15000
1787310099869,50010,0,0,296,15000
1787310099970,50010,0,0,296,15000
1787310100070,50010,0,0,296,15000
1787310100170,50010,0,0,296,15000
1787310100270,50010,0,0,296,15000
1787310100370,50010,0,0,296,15000
1787310100470,50010,0,0,296,15000
1787310100570,50010,0,0,296,15000
1787310100670,50010,0,0,296,15000
1787310100770,50010,0,0,296,15000
1787310100870,50010,0,0,296,15000
1787310100970,50010,0,0,296,15000
1787310101070,50010,0,0,296,15000
1787310101170,50010,0,0,296,15000
1787310101270,50010,0,0,296,15000
1787310101370,50010,0,0,296,15000
1787310101469,50010,0,0,296,15000
1787310101570,50010,0,0,296,15000
1787310101670,50010,0,0,296,15000
1787310101770,50010,0,0,296,15000
1787310101870,50010,0,0,296,15000
1787310101970,50010,0,0,296,15000
1787310102069,50010,0,0,296,15000
1787310102170,50010,0,0,296,15000
1787310102270,50010,0,0,296,15000
1787310102369,50010,0,0,296,15000
1787310102470,50010,0,0,296,15000
1787310102570,50010,0,0,296,15000
1787310102670,50010,0,0,296,15000
1787310102770,50010,0,0,296,15000
1787310102870,50010,0,0,296,15000
1787310102970,50010,0,0,296,15000
1787310103070,50010,0,0,296,15000
1787310103170,50010,0,0,296,15000
1787310103270,50010,0,0,296,15000
1787310103370,50010,0,0,296,15000
1787310103470,50010,0,0,296,15000
1787310103570,50010,0,0,296,15000
1787310103670,50010,0,0,296,15000
1787310103770,50010,0,0,296,15000
1787310103870,50010,0,0,296,15000
1787310103970,50010,0,0,296,15000
1787310104069,50010,0,0,296,15000
1787310104170,50010,0,0,296,15000
1787310104270,50010,0,0,296,15000
1787310104370,50010,0,0,296,15000
1787310104470,50010,0,0,296,15000
1787310104569,50010,0,0,296,15000
1787310104670,50010,0,0,296,15000
1787310104770,50010,0,0,296,15000
1787310104870,50010,0,0,296,15000
1787310104970,50010,0,0,296,15000
1787310105070,50010,0,0,296,15000
1787310105169,50010,0,0,296,15000
1787310105270,50010,0,0,296,15000
1787310105370,50010,0,0,296,15000
1787310105470,50010,0,0,296,15000
1787310105570,50010,0,0,296,15000
1787310105670,50010,0,0,296,15000
1787310105769,50010,0,0,296,15000
1787310105870,50010,0,0,296,15000
1787310105970,50010,0,0,296,15000
1787310106070,50010,0,0,296,15000
1787310106170,50010,0,0,296,15000
1787310106269,50010,0,0,296,15000
1787310106370,50010,0,0,296,15000
1787310106470,50010,0,0,296,15000
1787310106570,50010,0,0,296,15000
1787310106670,50010,0,0,296,15000
1787310106770,50010,0,0,296,15000
1787310106869,50010,0,0,296,15000
1787310106969,50010,0,0,296,15000
1787310107070,50010,0,0,296,15000
1787310107170,50010,0,0,296,15000
1787310107269,50010,0,0,296,15000
1787310107369,50010,0,0,296,15000
1787310107470,50010,0,0,296,15000
1787310107569,50010,0,0,296,15000
1787310107670,50010,0,0,296,15000
1787310107770,50010,0,0,296,15000
1787310107869,50010,0,0,296,15000
1787310107970,50010,0,0,296,15000
1787310108070,50010,0,0,296,15000
1787310108170,50010,0,0,296,15000
1787310108269,50010,0,0,296,15000
1787310108370,50010,0,0,296,15000
1787310108470,50010,0,0,296,15000
1787310108570,50010,0,0,296,15000
1787310108670,50010,0,0,296,15000
1787310108770,50010,0,0,296,15000
1787310108870,50010,0,0,296,15000
1787310108970,50010,0,0,296,15000
1787310109070,50010,0,0,296,15000
1787310109170,50010,0,0,296,15000
1787310109270,50010,0,0,296,15000
1787310109370,50010,0,0,296,15000
1787310109470,50010,0,0,296,15000
1787310109570,50010,0,0,296,15000
1787310109670,50010,0,0,296,15000
1787310109770,50010,0,0,296,15000
1787310109870,50010,0,0,296,15000
1787310109970,50010,0,0,296,15000
1787310110069,50010,0,0,296,15000
1787310110170,50010,0,0,296,15000
1787310110270,50010,0,0,296,15000
1787310110370,50010,0,0,296,15000
1787310110469,50010,0,0,296,15000
1787310110570,50010,0,0,296,15000
1787310110669,50010,0,0,296,15000
1787310110770,50010,0,0,296,15000
1787310110870,50010,0,0,296,15000
1787310110970,50010,0,0,296,15000
1787310111070,50010,0,0,296,15000
1787310111170,50010,0,0,296,15000
1787310111270,50010,0,0,296,15000
1787310111370,50010,0,0,296,15000
1787310111470,50010,0,0,296,15000
1787310111570,50010,0,0,296,15000
1787310111670,50010,0,0,296,15000
1787310111770,50010,0,0,296,15000
1787310111870,50010,0,0,296,15000
1787310111970,50010,0,0,296,15000
1787310112070,50010,0,0,296,15000
1787310112170,50010,0,0,296,15000
1787310112270,50010,0,0,296,15000
1787310112370,50010,0,0,296,15000
1787310112470,50010,0,0,296,15000
1787310112569,50010,0,0,296,15000
1787310112669,50010,0,0,296,15000
1787310112770,50010,0,0,296,15000
1787310112870,50010,0,0,296,15000
1787310112970,50010,0,0,296,15000
1787310113070,50010,0,0,296,15000
1787310113170,50010,0,0,296,15000
1787310113270,50010,0,0,296,15000
1787310113370,50010,0,0,296,15000
1787310113469,50010,0,0,296,15000
1787310113570,50010,0,0,296,15000
1787310113669,50010,0,0,296,15000
1787310113770,50010,0,0,296,15000
1787310113869,50010,0,0,296,15000
1787310113970,50010,0,0,296,15000
1787310114070,50010,0,0,296,15000
1787310114170,50010,0,0,296,15000
1787310114270,50010,0,0,296,15000
1787310114370,50010,0,0,296,15000
1787310114470,50010,0,0,296,15000
1787310114570,50010,0,0,296,15000
1787310114670,50010,0,0,296,15000
1787310114770,50010,0,0,296,15000
1787310114869,50010,0,0,296,15000
1787310114969,50010,0,0,296,15000
1787310115070,50010,0,0,296,15000
1787310115170,50010,0,0,296,15000
1787310115270,50010,0,0,296,15000
1787310115370,50010,0,0,296,15000
1787310115470,50010,0,0,296,15000
1787310115569,50010,0,0,296,15000
1787310115670,50010,0,0,296,15000
1787310115770,50010,0,0,296,15000
1787310115870,50010,0,0,296,15000
1787310115970,50010,0,0,296,15000
1787310116070,50010,0,0,296,15000
1787310116170,50010,0,0,296,15000
1787310116270,50010,0,0,296,15000
1787310116370,50010,0,0,296,15000
1787310116469,50010,0,0,296,15000
1787310116570,50010,0,0,296,15000
1787310116669,50010,0,0,296,15000
1787310116770,50010,0,0,296,15000
1787310116870,50000,0,0,296,15000
1787310116970,50000,0,0,296,15000
1787310117070,50000,0,0,296,15000
1787310117170,50000,0,0,296,15000
1787310117270,50000,0,0,296,15000
1787310117370,50000,0,0,296,15000
1787310117470,50000,0,0,296,15000
1787310117570,50000,0,0,296,15000
1787310117670,50000,0,0,296,15000
1787310117769,50000,0,0,296,15000
1787310117870,50000,0,0,296,15000
1787310117969,50000,0,0,296,15000
1787310118070,50000,0,0,296,15000
1787310118169,50000,0,0,296,15000
1787310118270,50000,0,0,296,15000
1787310118370,50000,0,0,296,15000
1787310118470,50000,0,0,296,15000
1787310118570,50000,0,0,296,15000
1787310118670,50000,0,0,296,15000
1787310118769,50000,0,0,296,15000
1787310118870,50000,0,0,296,15000
1787310118970,50000,0,0,296,15000
1787310119070,50000,0,0,296,15000
1787310119170,50000,0,0,296,15000
1787310119270,50000,0,0,296,15000
1787310119370,50000,0,0,296,15000
1787310119470,50000,0,0,296,15000
1787310119570,50000,0,0,296,15000
1787310119670,50000,0,0,296,15000
1787310119769,50000,0,0,296,15000
1787310119870,50000,0,0,296,15000
1787310119970,50000,0,0,296,15000
1787310120070,50000,0,0,296,15000
1787310120170,50000,0,0,296,15000
1787310120269,50000,0,0,296,15000
1787310120370,50000,0,0,296,15000
1787310120470,50000,0,0,296,15000
1787310120569,50000,0,0,296,15000
1787310120670,50000,0,0,296,15000
1787310120770,50000,0,0,296,15000
1787310120869,50000,0,0,296,15000
1787310120970,50000,0,0,296,15000
1787310121069,50000,0,0,296,15000
1787310121170,50000,0,0,296,15000
1787310121270,50000,0,0,296,15000
1787310121369,50000,0,0,296,15000
1787310121470,50000,0,0,296,15000
1787310121570,50000,0,0,296,15000
1787310121669,50000,0,0,296,15000
1787310121770,50000,0,0,296,15000
1787310121870,50000,0,0,296,15000
1787310121970,50000,0,0,296,15000
1787310122070,50000,0,0,296,15000
1787310122170,50000,0,0,296,15000
1787310122270,50000,0,0,296,15000
1787310122370,50000,0,0,296,15000
1787310122470,50000,0,0,296,15000
1787310122570,50000,0,0,296,15000
1787310122670,50000,0,0,296,15000
1787310122770,50000,0,0,296,15000
1787310122870,50000,0,0,296,15000
1787310122970,50000,0,0,296,15000
1787310123069,50000,0,0,296,15000
1787310123170,50000,0,0,296,15000
1787310123270,50000,0,0,296,15000
1787310123370,50000,0,0,296,15000
1787310123470,50000,0,0,296,15000
1787310123570,50000,0,0,296,15000
1787310123670,50000,0,0,296,15000
1787310123770,50000,0,0,296,15000
1787310123870,50000,0,0,296,15000
1787310123969,50000,0,0,296,15000
1787310124069,50000,0,0,296,15000
1787310124170,50000,0,0,296,15000
1787310124270,50000,0,0,296,15000
1787310124370,50000,0,0,296,15000
1787310124469,50000,0,0,296,15000
1787310124570,50000,0,0,296,15000
1787310124670,50000,0,0,296,15000
1787310124770,50000,0,0,296,15000
1787310124869,50000,0,0,296,15000
1787310124969,50000,0,0,296,15000
1787310125070,50000,0,0,296,15000
1787310125170,50000,0,0,296,15000
1787310125269,50000,0,0,296,15000
1787310125369,50000,0,0,296,15000
1787310125470,50000,0,0,296,15000
1787310125569,50000,0,0,296,15000
1787310125670,50000,0,0,296,15000
1787310125770,50000,0,0,296,15000
1787310125870,50000,0,0,296,15000
1787310125969,50000,0,0,296,15000
1787310126070,50000,0,0,296,15000
1787310126169,50000,0,0,296,15000
1787310126270,50000,0,0,296,15000
1787310126370,50000,0,0,296,15000
1787310126470,50000,0,0,296,15000
1787310126570,50000,0,0,296,15000
1787310126670,50000,0,0,296,15000
1787310126770,50000,0,0,296,15000
1787310126870,50000,0,0,296,15000
1787310126970,50000,0,0,296,15000
1787310127070,50000,0,0,296,15000
1787310127170,50000,0,0,296,15000
1787310127270,50000,0,0,296,15000
1787310127369,50000,0,0,296,15000
1787310127470,50000,0,0,296,15000
1787310127570,50000,0,0,296,15000
1787310127669,50000,0,0,296,15000
1787310127770,50000,0,0,296,15000
1787310127870,50000,0,0,296,15000
1787310127970,50000,0,0,296,15000
1787310128070,50000,0,0,296,15000
1787310128170,50000,0,0,296,15000
1787310128270,50000,0,0,296,15000
1787310128370,50000,0,0,296,15000
1787310128470,50000,0,0,296,15000
1787310128570,50000,0,0,296,15000
1787310128670,50000,0,0,296,15000
1787310128770,50000,0,0,296,15000
1787310128870,50000,0,0,296,15000
1787310128970,50000,0,0,296,15000
1787310129070,50000,0,0,296,15000
1787310129170,50000,0,0,296,15000
1787310129270,50000,0,0,296,15000
1787310129370,50000,0,0,296,15000
1787310129470,50000,0,0,296,15000
1787310129570,50000,0,0,296,15000
1787310129670,50000,0,0,296,15000
1787310129770,50000,0,0,296,15000
1787310129870,50000,0,0,296,15000
1787310129970,50000,0,0,296,15000
1787310130070,50000,0,0,296,15000
1787310130170,50000,0,0,296,15000
1787310130270,50000,0,0,296,15000
1787310130370,50000,0,0,296,15000
1787310130470,50000,0,0,296,15000
1787310130570,50000,0,0,296,15000
1787310130670,50000,0,0,296,15000
1787310130769,50000,0,0,296,15000
1787310130870,50000,0,0,296,15000
1787310130970,50000,0,0,296,15000
1787310131070,50000,0,0,296,15000
1787310131170,50000,0,0,296,15000
1787310131270,50000,0,0,296,15000
1787310131370,50000,0,0,296,15000
1787310131469,50000,0,0,296,15000
1787310131569,50000,0,0,296,15000
1787310131669,50000,0,0,296,15000
1787310131770,50000,0,0,296,15000
1787310131870,50000,0,0,296,15000
1787310131969,50000,0,0,296,15000
1787310132070,50000,0,0,296,15000
1787310132170,50000,0,0,296,15000
1787310132269,50000,0,0,296,15000
1787310132369,50000,0,0,296,15000
1787310132470,50000,0,0,296,15000
1787310132569,50000,0,0,296,15000
1787310132670,50000,0,0,296,15000
1787310132770,50000,0,0,296,15000
1787310132870,50000,0,0,296,15000
1787310132970,50000,0,0,296,15000
1787310133070,50000,0,0,296,15000
1787310133170,50000,0,0,296,15000
1787310133270,50000,0,0,296,15000
1787310133369,50000,0,0,296,15000
1787310133469,50000,0,0,296,15000
1787310133570,50000,0,0,296,15000
1787310133670,50000,0,0,296,15000
1787310133770,50000,0,0,296,15000
1787310133869,50000,0,0,296,15000
1787310133969,50000,0,0,296,15000
1787310134070,50000,0,0,296,15000
1787310134170,50000,0,0,296,15000
1787310134270,50000,0,0,296,15000
1787310134369,50000,0,0,296,15000
1787310134470,50000,0,0,296,15000
1787310134570,50000,0,0,296,15000
1787310134670,50000,0,0,296,15000
1787310134770,50000,0,0,296,15000
1787310134870,50000,0,0,296,15000
1787310134970,50000,0,0,296,15000
1787310135070,50000,0,0,296,15000
1787310135169,50000,0,0,296,15000
1787310135270,50000,0,0,296,15000
1787310135370,50000,0,0,296,15000
1787310135470,50000,0,0,296,15000
1787310135569,50000,0,0,296,15000
1787310135670,50000,0,0,296,15000
1787310135770,50000,0,0,296,15000
1787310135870,50000,0,0,296,15000
1787310135970,50000,0,0,296,15000
1787310136069,50000,0,0,296,15000
1787310136170,50000,0,0,296,15000
1787310136270,50000,0,0,296,15000
1787310136369,50000,0,0,296,15000
1787310136470,50000,0,0,296,15000
1787310136570,50000,0,0,296,15000
1787310136670,50000,0,0,296,15000
1787310136770,50000,0,0,296,15000
1787310136869,50000,0,0,296,15000
1787310136970,50000,0,0,296,15000
1787310137070,50000,0,0,296,15000
1787310137170,50000,0,0,296,15000
1787310137270,50000,0,0,296,15000
1787310137369,50000,0,0,296,15000
1787310137470,50000,0,0,296,15000
1787310137570,50000,0,0,296,15000
1787310137670,50000,0,0,296,15000
1787310137770,50000,0,0,296,15000
1787310137869,50000,0,0,296,15000
1787310137970,50000,0,0,296,15000
1787310138070,50000,0,0,296,15000
1787310138170,50000,0,0,296,15000
1787310138270,50000,0,0,296,15000
1787310138370,50000,0,0,296,15000
1787310138470,50000,0,0,296,15000
1787310138570,50000,0,0,296,15000
1787310138670,50000,0,0,296,15000
1787310138769,50000,0,0,296,15000
1787310138870,50000,0,0,296,15000
1787310138970,50000,0,0,296,15000
1787310139070,50000,0,0,296,15000
1787310139170,50000,0,0,296,15000
1787310139269,50000,0,0,296,15000
1787310139370,50000,0,0,296,15000
1787310139470,50000,0,0,296,15000
1787310139570,50000,0,0,296,15000
1787310139669,50000,0,0,296,15000
1787310139770,50000,0,0,296,15000
1787310139869,50000,0,0,296,15000
1787310139970,50000,0,0,296,15000
1787310140070,50000,0,0,296,15000
1787310140170,50000,0,0,296,15000
1787310140270,50000,0,0,296,15000
1787310140370,50000,0,0,296,15000
1787310140470,50000,0,0,296,15000
1787310140570,50000,0,0,296,15000
1787310140670,50000,0,0,296,15000
1787310140770,50000,0,0,296,15000
1787310140870,50000,0,0,296,15000
1787310140970,50000,0,0,296,15000
1787310141070,50000,0,0,296,15000
1787310141170,50000,0,0,296,15000
1787310141270,50000,0,0,296,15000
1787310141370,50000,0,0,296,15000
1787310141469,50000,0,0,296,15000
1787310141570,50000,0,0,296,15000
1787310141669,50000,0,0,296,15000
1787310141770,50000,0,0,296,15000
1787310141869,50000,0,0,296,15000
1787310141969,50000,0,0,296,15000
1787310142069,50000,0,0,296,15000
1787310142170,50000,0,0,296,15000
1787310142270,50000,0,0,296,15000
1787310142370,50000,0,0,296,15000
1787310142470,50000,0,0,296,15000
1787310142570,50000,0,0,296,15000
1787310142670,50000,0,0,296,15000
1787310142770,50000,0,0,296,15000
1787310142870,50000,0,0,296,15000
1787310142970,50000,0,0,296,15000
1787310143070,50000,0,0,296,15000
1787310143170,50000,0,0,296,15000
1787310143270,50000,0,0,296,15000
1787310143370,50000,0,0,296,15000
1787310143470,50000,0,0,296,15000
1787310143570,50000,0,0,296,15000
1787310143670,50000,0,0,296,15000
1787310143770,50000,0,0,296,15000
1787310143870,50000,0,0,296,15000
1787310143970,50000,0,0,296,15000
1787310144070,50000,0,0,296,15000
1787310144170,50000,0,0,296,15000
1787310144270,50000,0,0,296,15000
1787310144370,50000,0,0,296,15000
1787310144470,50000,0,0,296,15000
1787310144570,50000,0,0,296,15000
1787310144670,50000,0,0,296,15000
1787310144770,50000,0,0,296,15000
1787310144870,50000,0,0,296,15000
1787310144969,50000,0,0,296,15000
1787310145070,50000,0,0,296,15000
1787310145170,50000,0,0,296,15000
1787310145270,50000,0,0,296,15000
1787310145370,50000,0,0,296,15000
1787310145470,50000,0,0,296,15000
1787310145569,50000,0,0,296,15000
1787310145669,50000,0,0,296,15000
1787310145770,50000,0,0,296,15000
1787310145870,50000,0,0,296,15000
1787310145970,50000,0,0,296,15000
1787310146070,50000,0,0,296,15000
1787310146170,50000,0,0,296,15000
1787310146270,50000,0,0,296,15000
1787310146369,50000,0,0,296,15000
1787310146470,50000,0,0,296,15000
1787310146570,50000,0,0,296,15000
1787310146670,50000,0,0,296,15000
1787310146770,50000,0,0,296,15000
1787310146869,49990,0,0,296,15000
1787310146970,49990,0,0,296,15000
1787310147070,49990,0,0,296,15000
1787310147170,49990,0,0,296,15000
1787310147270,49990,0,0,296,15000
1787310147370,49990,0,0,296,15000
1787310147470,49990,0,0,296,15000
1787310147569,49990,0,0,296,15000
1787310147670,49990,0,0,296,15000
1787310147770,49990,0,0,296,15000
1787310147870,49990,0,0,296,15000
1787310147969,49990,0,0,296,15000
1787310148070,49990,0,0,296,15000
1787310148170,49990,0,0,296,15000
1787310148270,49990,0,0,296,15000
1787310148370,49990,0,0,296,15000
1787310148470,49990,0,0,296,15000
1787310148569,49990,0,0,296,15000
1787310148669,49990,0,0,296,15000
1787310148770,49990,0,0,296,15000
1787310148870,49990,0,0,296,15000
1787310148970,49990,0,0,296,15000
1787310149070,49990,0,0,296,15000
1787310149170,49990,0,0,296,15000
1787310149270,49990,0,0,296,15000
1787310149369,49990,0,0,296,15000
1787310149470,49990,0,0,296,15000
1787310149570,49990,0,0,296,15000
1787310149670,49990,0,0,296,15000
1787310149770,49990,0,0,296,15000
1787310149870,49990,0,0,296,15000
1787310149970,49990,0,0,296,15000
1787310150070,49990,0,0,296,15000
1787310150170,49990,0,0,296,15000
1787310150270,49990,0,0,296,15000
1787310150370,49990,0,0,296,15000
1787310150469,49990,0,0,296,15000
1787310150570,49990,0,0,296,15000
1787310150670,49990,0,0,296,15000
1787310150770,49990,0,0,296,15000
1787310150870,49990,0,0,296,15000
1787310150969,49990,0,0,296,15000
1787310151070,49990,0,0,296,15000
1787310151170,49990,0,0,296,15000
1787310151270,49990,0,0,296,15000
1787310151369,49990,0,0,296,15000
1787310151469,49990,0,0,296,15000
1787310151569,49990,0,0,296,15000
1787310151669,49990,0,0,296,15000
1787310151770,49990,0,0,296,15000
1787310151869,49990,0,0,296,15000
1787310151970,49990,0,0,296,15000
1787310152070,49990,0,0,296,15000
1787310152170,49990,0,0,296,15000
1787310152270,49990,0,0,296,15000
1787310152370,49990,0,0,296,15000
1787310152469,49990,0,0,296,15000
1787310152570,49990,0,0,296,15000
1787310152670,49990,0,0,296,15000
1787310152770,49990,0,0,296,15000
1787310152869,49990,0,0,296,15000
1787310152970,49990,0,0,296,15000
1787310153069,49990,0,0,296,15000
1787310153170,49990,0,0,296,15000
1787310153270,49990,0,0,296,15000
1787310153369,49990,0,0,296,15000
1787310153470,49990,0,0,296,15000
1787310153570,49990,0,0,296,15000
1787310153670,49990,0,0,296,15000
1787310153770,49990,0,0,296,15000
1787310153869,49990,0,0,296,15000
1787310153970,49990,0,0,296,15000
1787310154070,49990,0,0,296,15000
1787310154170,49990,0,0,296,15000
1787310154269,49990,0,0,296,15000
1787310154370,49990,0,0,296,15000
1787310154470,49990,0,0,296,15000
1787310154570,49990,0,0,296,15000
1787310154670,49990,0,0,296,15000
1787310154770,49990,0,0,296,15000
1787310154870,49990,0,0,296,15000
1787310154969,49990,0,0,296,15000
1787310155070,49990,0,0,296,15000
1787310155170,49990,0,0,296,15000
1787310155270,49990,0,0,296,15000
1787310155370,49990,0,0,296,15000
1787310155470,49990,0,0,296,15000
1787310155570,49990,0,0,296,15000
1787310155670,49990,0,0,296,15000
1787310155770,49990,0,0,296,15000
1787310155869,49990,0,0,296,15000
1787310155970,49990,0,0,296,15000
1787310156070,49990,0,0,296,15000
1787310156169,49990,0,0,296,15000
1787310156270,49990,0,0,296,15000
1787310156370,49990,0,0,296,15000
1787310156470,49990,0,0,296,15000
1787310156570,49990,0,0,296,15000
1787310156669,49990,0,0,296,15000
1787310156770,49990,0,0,296,15000
1787310156870,49990,0,0,296,15000
1787310156970,49990,0,0,296,15000
1787310157069,49990,0,0,296,15000
1787310157169,49990,0,0,296,15000
1787310157270,49990,0,0,296,15000
1787310157369,49990,0,0,296,15000
1787310157470,49990,0,0,296,15000
1787310157569,49990,0,0,296,15000
1787310157670,49990,0,0,296,15000
1787310157770,49990,0,0,296,15000
1787310157869,49990,0,0,296,15000
1787310157969,49990,0,0,296,15000
1787310158070,49990,0,0,296,15000
1787310158170,49990,0,0,296,15000
1787310158270,49990,0,0,296,15000
1787310158370,49990,0,0,296,15000
1787310158470,49990,0,0,296,15000
1787310158570,49990,0,0,296,15000
1787310158670,49990,0,0,296,15000
1787310158769,49990,0,0,296,15000
1787310158869,49990,0,0,296,15000
1787310158969,49990,0,0,296,15000
1787310159069,49990,0,0,296,15000
1787310159170,49990,0,0,296,15000
1787310159270,49990,0,0,296,15000
1787310159370,49990,0,0,296,15000
1787310159470,49990,0,0,296,15000
1787310159570,49990,0,0,296,15000
1787310159670,49990,0,0,296,15000
1787310159770,49990,0,0,296,15000
1787310159869,49990,0,0,296,15000
1787310159969,49990,0,0,296,15000
1787310160070,49990,0,0,296,15000
1787310160170,49990,0,0,296,15000
1787310160269,49990,0,0,296,15000
1787310160370,49990,0,0,296,15000
1787310160470,49990,0,0,296,15000
1787310160570,49990,0,0,296,15000
1787310160669,49990,0,0,296,15000
1787310160770,49990,0,0,296,15000
1787310160870,49990,0,0,296,15000
1787310160970,49990,0,0,296,15000
1787310161070,49990,0,0,296,15000
1787310161170,49990,0,0,296,15000
1787310161269,49990,0,0,296,15000
1787310161370,49990,0,0,296,15000
1787310161469,49990,0,0,296,15000
1787310161570,49990,0,0,296,15000
1787310161670,49990,0,0,296,15000
1787310161770,49990,0,0,296,15000
1787310161870,49990,0,0,296,15000
1787310161970,49990,0,0,296,15000
1787310162070,49990,0,0,296,15000
1787310162170,49990,0,0,296,15000
1787310162269,49990,0,0,296,15000
1787310162370,49990,0,0,296,15000
1787310162470,49990,0,0,296,15000
1787310162570,49990,0,0,296,15000
1787310162670,49990,0,0,296,15000
1787310162770,49990,0,0,296,15000
1787310162870,49990,0,0,296,15000
1787310162969,49990,0,0,296,15000
1787310163070,49990,0,0,296,15000
1787310163170,49990,0,0,296,15000
1787310163270,49990,0,0,296,15000
1787310163370,49990,0,0,296,15000
1787310163470,49990,0,0,296,15000
1787310163570,49990,0,0,296,15000
1787310163670,49990,0,0,296,15000
1787310163770,49990,0,0,296,15000
1787310163870,49990,0,0,296,15000
1787310163970,49990,0,0,296,15000
1787310164070,49990,0,0,296,15000
1787310164170,49990,0,0,296,15000
1787310164269,49990,0,0,296,15000
1787310164370,49990,0,0,296,15000
1787310164470,49990,0,0,296,15000
1787310164570,49990,0,0,296,15000
1787310164669,49990,0,0,296,15000
1787310164770,49990,0,0,296,15000
1787310164869,49990,0,0,296,15000
1787310164969,49990,0,0,296,15000
1787310165070,49990,0,0,296,15000
1787310165170,49990,0,0,296,15000
1787310165270,49990,0,0,296,15000
1787310165369,49990,0,0,296,15000
1787310165470,49990,0,0,296,15000
1787310165569,49990,0,0,296,15000
1787310165670,49990,0,0,296,15000
1787310165770,49990,0,0,296,15000
1787310165870,49990,0,0,296,15000
1787310165970,49990,0,0,296,15000
1787310166070,49990,0,0,296,15000
1787310166170,49990,0,0,296,15000
1787310166269,49990,0,0,296,15000
1787310166370,49990,0,0,296,15000
1787310166470,49990,0,0,296,15000
1787310166570,49990,0,0,296,15000
1787310166670,49990,0,0,296,15000
1787310166770,49990,0,0,296,15000
1787310166870,49990,0,0,296,15000
1787310166970,49990,0,0,296,15000
1787310167070,49990,0,0,296,15000
1787310167170,49990,0,0,296,15000
1787310167270,49990,0,0,296,15000
1787310167370,49990,0,0,296,15000
1787310167470,49990,0,0,296,15000
1787310167570,49990,0,0,296,15000
1787310167669,49990,0,0,296,15000
1787310167770,49990,0,0,296,15000
1787310167870,49990,0,0,296,15000
1787310167970,49990,0,0,296,15000
1787310168070,49990,0,0,296,15000
1787310168170,49990,0,0,296,15000
1787310168270,49990,0,0,296,15000
1787310168370,49990,0,0,296,15000
1787310168470,49990,0,0,296,15000
1787310168570,49990,0,0,296,15000
1787310168669,49990,0,0,296,15000
1787310168770,49990,0,0,296,15000
1787310168870,49990,0,0,296,15000
1787310168970,49990,0,0,296,15000
1787310169070,49990,0,0,296,15000
1787310169170,49990,0,0,296,15000
1787310169270,49990,0,0,296,15000
1787310169370,49990,0,0,296,15000
1787310169470,49990,0,0,296,15000
1787310169570,49990,0,0,296,15000
1787310169670,49990,0,0,296,15000
1787310169770,49990,0,0,296,15000
1787310169870,49990,0,0,296,15000
1787310169970,49990,0,0,296,15000
1787310170070,49990,0,0,296,15000
1787310170170,49990,0,0,296,15000
1787310170269,49990,0,0,296,15000
1787310170370,49990,0,0,296,15000
1787310170470,49990,0,0,296,15000
1787310170570,49990,0,0,296,15000
1787310170670,49990,0,0,296,15000
1787310170770,49990,0,0,296,15000
1787310170870,49990,0,0,296,15000
1787310170970,49990,0,0,296,15000
1787310171070,49990,0,0,296,15000
1787310171170,49990,0,0,296,15000
1787310171270,49990,0,0,296,15000
1787310171370,49990,0,0,296,15000
1787310171470,49990,0,0,296,15000
1787310171570,49990,0,0,296,15000
1787310171669,49990,0,0,296,15000
1787310171769,49990,0,0,296,15000
1787310171870,49990,0,0,296,15000
1787310171970,49990,0,0,296,15000
1787310172070,49990,0,0,296,15000
1787310172170,49990,0,0,296,15000
1787310172270,49990,0,0,296,15000
1787310172369,49990,0,0,296,15000
1787310172469,49990,0,0,296,15000
1787310172570,49990,0,0,296,15000
1787310172670,49990,0,0,296,15000
1787310172769,49990,0,0,296,15000
1787310172869,49990,0,0,296,15000
1787310172969,49990,0,0,296,15000
1787310173070,49990,0,0,296,15000
1787310173169,49990,0,0,296,15000
1787310173270,49990,0,0,296,15000
1787310173370,49990,0,0,296,15000
1787310173470,49990,0,0,296,15000
1787310173570,49990,0,0,296,15000
1787310173670,49990,0,0,296,15000
1787310173770,49990,0,0,296,15000
1787310173870,49990,0,0,296,15000
1787310173969,49990,0,0,296,15000
1787310174069,49990,0,0,296,15000
1787310174169,49990,0,0,296,15000
1787310174270,49990,0,0,296,15000
1787310174370,49990,0,0,296,15000
1787310174470,49990,0,0,296,15000
1787310174570,49990,0,0,296,15000
1787310174670,49990,0,0,296,15000
1787310174770,49990,0,0,296,15000
1787310174870,49990,0,0,296,15000
1787310174970,49990,0,0,296,15000
1787310175070,49990,0,0,296,15000
1787310175170,49990,0,0,296,15000
1787310175270,49990,0,0,296,15000
1787310175370,49990,0,0,296,15000
1787310175470,49990,0,0,296,15000
1787310175569,49990,0,0,296,15000
1787310175670,49990,0,0,296,15000
1787310175769,49990,0,0,296,15000
1787310175869,49990,0,0,296,15000
1787310175970,49990,0,0,296,15000
1787310176070,49990,0,0,296,15000
1787310176170,49990,0,0,296,15000
1787310176270,49990,0,0,296,15000
1787310176370,49990,0,0,296,15000
1787310176470,49990,0,0,296,15000
1787310176569,49990,0,0,296,15000
1787310176670,49990,0,0,296,15000
1787310176770,49990,0,0,296,15000
1787310176870,49990,0,0,296,15000
1787310176969,49990,0,0,296,15000
1787310177070,49990,0,0,296,15000
1787310177170,49990,0,0,296,15000
1787310177270,49990,0,0,296,15000
1787310177370,49990,0,0,296,15000
1787310177470,49990,0,0,296,15000
1787310177570,49990,0,0,296,15000
1787310177669,49990,0,0,296,15000
1787310177770,49990,0,0,296,15000
1787310177869,49990,0,0,296,15000
1787310177970,49990,0,0,296,15000
1787310178070,49990,0,0,296,15000
1787310178170,49990,0,0,296,15000
1787310178270,49990,0,0,296,15000
1787310178370,49990,0,0,296,15000
1787310178470,49990,0,0,296,15000
1787310178570,49990,0,0,296,15000
1787310178670,49990,0,0,296,15000
1787310178769,49990,0,0,296,15000
1787310178870,49990,0,0,296,15000
1787310178970,49990,0,0,296,15000
1787310179070,49990,0,0,296,15000
1787310179170,49990,0,0,296,15000
1787310179269,49990,0,0,296,15000
1787310179370,49990,0,0,296,15000
1787310179469,49990,0,0,296,15000
1787310179570,49990,0,0,296,15000
1787310179669,49990,0,0,296,15000
1787310179769,49990,0,0,296,15000
1787310179870,49990,0,0,296,15000
1787310179969,49990,0,0,296,15000
1787310180070,49990,0,0,296,15000
1787310180170,49990,0,0,296,15000
1787310180270,49990,0,0,296,15000
1787310180370,49990,0,0,296,15000
1787310180470,49990,0,0,296,15000
1787310180570,49990,0,0,296,15000
1787310180670,49990,0,0,296,15000
1787310180770,49990,0,0,296,15000
1787310180870,49990,0,0,296,15000
1787310180970,49990,0,0,296,15000
1787310181070,49990,0,0,296,15000
1787310181169,49990,0,0,296,15000
1787310181270,49990,0,0,296,15000
1787310181370,49990,0,0,296,15000
1787310181469,49990,0,0,296,15000
1787310181570,49990,0,0,296,15000
1787310181669,49990,0,0,296,15000
1787310181770,49990,0,0,296,15000
1787310181870,49990,0,0,296,15000
1787310181970,49990,0,0,296,15000
1787310182070,49990,0,0,296,15000
1787310182169,49990,0,0,296,15000
1787310182269,49990,0,0,296,15000
1787310182370,49990,0,0,296,15000
1787310182470,49990,0,0,296,15000
1787310182570,49990,0,0,296,15000
1787310182670,49990,0,0,296,15000
1787310182770,49990,0,0,296,15000
1787310182870,49990,0,0,296,15000
1787310182969,49990,0,0,296,15000
1787310183070,49990,0,0,296,15000
1787310183170,49990,0,0,296,15000
1787310183270,49990,0,0,296,15000
1787310183370,49990,0,0,296,15000
1787310183470,49990,0,0,296,15000
1787310183570,49990,0,0,296,15000
1787310183670,49990,0,0,296,15000
1787310183770,49990,0,0,296,15000
1787310183870,49990,0,0,296,15000
1787310183969,49990,0,0,296,15000
1787310184070,49990,0,0,296,15000
1787310184169,49990,0,0,296,15000
1787310184270,49990,0,0,296,15000
1787310184370,49990,0,0,296,15000
1787310184470,49990,0,0,296,15000
1787310184569,49990,0,0,296,15000
1787310184670,49990,0,0,296,15000
1787310184770,49990,0,0,296,15000
1787310184870,49990,0,0,296,15000
1787310184970,49990,0,0,296,15000
1787310185070,49990,0,0,296,15000
1787310185170,49990,0,0,296,15000
1787310185269,49990,0,0,296,15000
1787310185370,49990,0,0,296,15000
1787310185470,49990,0,0,296,15000
1787310185569,49990,0,0,296,15000
1787310185670,49990,0,0,296,15000
1787310185770,49990,0,0,296,15000
1787310185870,49990,0,0,296,15000
1787310185970,49990,0,0,296,15000
1787310186070,49990,0,0,296,15000
1787310186169,49990,0,0,296,15000
1787310186270,49990,0,0,296,15000
1787310186370,49990,0,0,296,15000
1787310186470,49990,0,0,296,15000
1787310186570,49990,0,0,296,15000
1787310186670,49990,0,0,296,15000
1787310186769,49990,0,0,296,15000
1787310186870,49990,0,0,296,15000
1787310186970,49990,0,0,296,15000
1787310187070,49990,0,0,296,15000
1787310187170,49990,0,0,296,15000
1787310187270,49990,0,0,296,15000
1787310187370,49990,0,0,296,15000
1787310187470,49990,0,0,296,15000
1787310187570,49990,0,0,296,15000
1787310187670,49990,0,0,296,15000
1787310187770,49990,0,0,296,15000
1787310187870,49990,0,0,296,15000
1787310187970,49990,0,0,296,15000
1787310188070,49990,0,0,296,15000
1787310188170,49990,0,0,296,15000
1787310188270,49990,0,0,296,15000
1787310188369,49990,0,0,296,15000
1787310188470,49990,0,0,296,15000
1787310188570,49990,0,0,296,15000
1787310188670,49990,0,0,296,15000
1787310188770,49990,0,0,296,15000
1787310188870,49990,0,0,296,15000
1787310188970,49990,0,0,296,15000
1787310189070,49990,0,0,296,15000
1787310189169,49990,0,0,296,15000
1787310189269,49990,0,0,296,15000
1787310189369,49990,0,0,296,15000
1787310189470,49990,0,0,296,15000
1787310189570,49990,0,0,296,15000
1787310189670,49990,0,0,296,15000
1787310189770,49990,0,0,296,15000
1787310189869,49990,0,0,296,15000
1787310189970,49990,0,0,296,15000
1787310190070,49990,0,0,296,15000
1787310190170,49990,0,0,296,15000
1787310190270,49990,0,0,296,15000
1787310190370,49990,0,0,296,15000
1787310190470,49990,0,0,296,15000
1787310190570,49990,0,0,296,15000
1787310190670,49990,0,0,296,15000
1787310190770,49990,0,0,296,15000
1787310190870,49990,0,0,296,15000
1787310190970,49990,0,0,296,15000
1787310191070,49990,0,0,296,15000
1787310191170,49990,0,0,296,15000
1787310191269,49990,0,0,296,15000
1787310191370,49990,0,0,296,15000
1787310191470,49990,0,0,296,15000
1787310191570,49990,0,0,296,15000
1787310191670,49990,0,0,296,15000
1787310191770,49990,0,0,296,15000
1787310191870,49990,0,0,296,15000
1787310191970,49990,0,0,296,15000
1787310192070,49990,0,0,296,15000
1787310192169,49990,0,0,296,15000
1787310192270,49990,0,0,296,15000
1787310192370,49990,0,0,296,15000
1787310192470,49990,0,0,296,15000
1787310192570,49990,0,0,296,15000
1787310192669,49990,0,0,296,15000
1787310192770,49990,0,0,296,15000
1787310192870,49990,0,0,296,15000
1787310192970,49990,0,0,296,15000
1787310193070,49990,0,0,296,15000
1787310193170,49990,0,0,296,15000
1787310193270,49990,0,0,296,15000
1787310193370,49990,0,0,296,15000
1787310193470,49990,0,0,296,15000
1787310193570,49990,0,0,296,15000
1787310193670,49990,0,0,296,15000
1787310193770,49990,0,0,296,15000
1787310193869,49990,0,0,296,15000
1787310193970,49990,0,0,296,15000
1787310194070,49990,0,0,296,15000
1787310194170,49990,0,0,296,15000
1787310194270,49990,0,0,296,15000
1787310194369,49990,0,0,296,15000
1787310194469,49990,0,0,296,15000
1787310194570,49990,0,0,296,15000
1787310194670,49990,0,0,296,15000
1787310194770,49990,0,0,296,15000
1787310194870,49990,0,0,296,15000
1787310194970,49990,0,0,296,15000
1787310195070,49990,0,0,296,15000
1787310195170,49990,0,0,296,15000
1787310195270,49990,0,0,296,15000
1787310195370,49990,0,0,296,15000
1787310195470,49990,0,0,296,15000
1787310195570,49990,0,0,296,15000
1787310195670,49990,0,0,296,15000
1787310195770,49990,0,0,296,15000
1787310195870,49990,0,0,296,15000
1787310195970,49990,0,0,296,15000
1787310196069,49990,0,0,296,15000
1787310196169,49990,0,0,296,15000
1787310196270,49990,0,0,296,15000
1787310196370,49990,0,0,296,15000
1787310196470,49990,0,0,296,15000
1787310196569,49990,0,0,296,15000
1787310196669,49990,0,0,296,15000
1787310196770,49990,0,0,296,15000
1787310196870,49990,0,0,296,15000
1787310196970,49990,0,0,296,15000
1787310197069,49990,0,0,296,15000
1787310197169,49990,0,0,296,15000
1787310197269,49990,0,0,296,15000
1787310197370,49990,0,0,296,15000
1787310197469,49990,0,0,296,15000
1787310197570,49990,0,0,296,15000
1787310197669,49990,0,0,296,15000
1787310197770,49990,0,0,296,15000
1787310197870,49990,0,0,296,15000
1787310197970,49990,0,0,296,15000
1787310198070,49990,0,0,296,15000
1787310198170,49990,0,0,296,15000
1787310198269,49990,0,0,296,15000
1787310198370,49990,0,0,296,15000
1787310198470,49990,0,0,296,15000
1787310198570,49990,0,0,296,15000
1787310198669,49990,0,0,296,15000
1787310198770,49990,0,0,296,15000
1787310198870,49990,0,0,296,15000
1787310198970,49990,0,0,296,15000
1787310199070,49990,0,0,296,15000
1787310199170,49990,0,0,296,15000
1787310199270,49990,0,0,296,15000
1787310199370,49990,0,0,296,15000
1787310199470,49990,0,0,296,15000
1787310199570,49990,0,0,296,15000
1787310199669,49990,0,0,296,15000
1787310199770,49990,0,0,296,15000
1787310199870,49990,0,0,296,15000
1787310199970,49990,0,0,296,15000
1787310200070,49990,0,0,296,15000
1787310200169,49990,0,0,296,15000
1787310200270,49990,0,0,296,15000
1787310200370,49990,0,0,296,15000
1787310200470,49990,0,0,296,15000
1787310200570,49990,0,0,296,15000
1787310200670,49990,0,0,296,15000
1787310200770,49990,0,0,296,15000
1787310200870,49990,0,0,296,15000
1787310200970,49990,0,0,296,15000
1787310201070,49990,0,0,296,15000
1787310201169,49990,0,0,296,15000
1787310201270,49990,0,0,296,15000
1787310201370,49990,0,0,296,15000
1787310201470,49990,0,0,296,15000
1787310201569,49990,0,0,296,15000
1787310201669,49990,0,0,296,15000
1787310201770,49990,0,0,296,15000
1787310201870,49990,0,0,296,15000
1787310201970,49990,0,0,296,15000
1787310202070,49990,0,0,296,15000
1787310202170,49990,0,0,296,15000
1787310202270,49990,0,0,296,15000
1787310202370,49990,0,0,296,15000
1787310202470,49990,0,0,296,15000
1787310202570,49990,0,0,296,15000
1787310202670,49990,0,0,296,15000
1787310202770,49990,0,0,296,15000
1787310202870,49990,0,0,296,15000
1787310202970,49990,0,0,296,15000
1787310203070,49990,0,0,296,15000
1787310203170,49990,0,0,296,15000
1787310203270,49990,0,0,296,15000
1787310203370,49990,0,0,296,15000
1787310203469,49990,0,0,296,15000
1787310203570,49990,0,0,296,15000
1787310203670,49990,0,0,296,15000
1787310203770,49990,0,0,296,15000
1787310203869,49990,0,0,296,15000
1787310203970,49990,0,0,296,15000
1787310204070,49990,0,0,296,15000
1787310204170,49990,0,0,296,15000
1787310204269,49990,0,0,296,15000
1787310204370,49990,0,0,296,15000
1787310204469,49990,0,0,296,15000
1787310204570,49990,0,0,296,15000
1787310204670,49990,0,0,296,15000
1787310204769,49990,0,0,296,15000
1787310204870,49990,0,0,296,15000
1787310204970,49990,0,0,296,15000
1787310205069,49990,0,0,296,15000
1787310205169,49990,0,0,296,15000
1787310205270,49990,0,0,296,15000
1787310205370,49990,0,0,296,15000
1787310205470,49990,0,0,296,15000
1787310205570,49990,0,0,296,15000
1787310205670,49990,0,0,296,15000
1787310205770,49990,0,0,296,15000
1787310205870,49990,0,0,296,15000
1787310205970,49990,0,0,296,15000
1787310206069,49990,0,0,296,15000
1787310206170,49990,0,0,296,15000
1787310206270,49990,0,0,296,15000
1787310206370,49990,0,0,296,15000
1787310206470,49990,0,0,296,15000
1787310206570,49990,0,0,296,15000
1787310206669,49990,0,0,296,15000
1787310206770,49990,0,0,296,15000
1787310206870,49990,0,0,296,15000
1787310206970,49990,0,0,296,15000
1787310207070,49990,0,0,296,15000
1787310207169,49990,0,0,296,15000
1787310207270,49990,0,0,296,15000
1787310207369,49990,0,0,296,15000
1787310207470,49990,0,0,296,15000
1787310207570,49990,0,0,296,15000
1787310207670,49990,0,0,296,15000
1787310207770,49990,0,0,296,15000
1787310207870,49990,0,0,296,15000
1787310207970,49990,0,0,296,15000
1787310208070,49990,0,0,296,15000
1787310208170,49990,0,0,296,15000
1787310208269,49990,0,0,296,15000
1787310208370,49990,0,0,296,15000
1787310208469,49990,0,0,296,15000
1787310208570,49990,0,0,296,15000
1787310208670,49990,0,0,296,15000
1787310208770,49990,0,0,296,15000
1787310208870,49990,0,0,296,15000
1787310208970,49990,0,0,296,15000
1787310209070,49990,0,0,296,15000
1787310209170,49990,0,0,296,15000
1787310209270,49990,0,0,296,15000
1787310209370,49990,0,0,296,15000
1787310209470,49990,0,0,296,15000
1787310209570,49990,0,0,296,15000
1787310209670,49990,0,0,296,15000
1787310209770,49990,0,0,296,15000
1787310209870,49990,0,0,296,15000
1787310209970,49990,0,0,296,15000
1787310210069,49990,0,0,296,15000
1787310210170,49990,0,0,296,15000
1787310210270,49990,0,0,296,15000
1787310210370,49990,0,0,296,15000
1787310210470,49990,0,0,296,15000
1787310210570,49990,0,0,296,15000
1787310210670,49990,0,0,296,15000
1787310210770,49990,0,0,296,15000
1787310210869,49990,0,0,296,15000
1787310210970,49990,0,0,296,15000
1787310211070,49990,0,0,296,15000
1787310211169,49990,0,0,296,15000
1787310211269,49990,0,0,296,15000
1787310211370,49990,0,0,296,15000
1787310211470,49990,0,0,296,15000
1787310211570,49990,0,0,296,15000
1787310211670,49990,0,0,296,15000
1787310211770,49990,0,0,296,15000
1787310211869,49990,0,0,296,15000
1787310211970,49990,0,0,296,15000
1787310212070,49990,0,0,296,15000
1787310212170,49990,0,0,296,15000
1787310212270,49990,0,0,296,15000
1787310212369,49990,0,0,296,15000
1787310212470,49990,0,0,296,15000
1787310212569,49990,0,0,296,15000
1787310212669,49990,0,0,296,15000
1787310212770,49990,0,0,296,15000
1787310212870,49990,0,0,296,15000
1787310212970,49990,0,0,296,15000
1787310213070,49990,0,0,296,15000
1787310213170,49990,0,0,296,15000
1787310213270,49990,0,0,296,15000
1787310213369,49990,0,0,296,15000
1787310213470,49990,0,0,296,15000
1787310213570,49990,0,0,296,15000
1787310213669,49990,0,0,296,15000
1787310213769,49990,0,0,296,15000
1787310213870,49990,0,0,296,15000
1787310213970,49990,0,0,296,15000
1787310214070,49990,0,0,296,15000
1787310214170,49990,0,0,296,15000
1787310214270,49990,0,0,296,15000
1787310214369,49990,0,0,296,15000
1787310214470,49990,0,0,296,15000
1787310214569,49990,0,0,296,15000
1787310214670,49990,0,0,296,15000
1787310214769,49990,0,0,296,15000
1787310214870,49990,0,0,296,15000
1787310214969,49990,0,0,296,15000
1787310215070,49990,0,0,296,15000
1787310215170,49990,0,0,296,15000
1787310215270,49990,0,0,296,15000
1787310215369,49990,0,0,296,15000
1787310215470,49990,0,0,296,15000
1787310215570,49990,0,0,296,15000
1787310215669,49990,0,0,296,15000
1787310215770,49990,0,0,296,15000
1787310215870,49990,0,0,296,15000
1787310215970,49990,0,0,296,15000
1787310216070,49990,0,0,296,15000
1787310216169,49990,0,0,296,15000
1787310216269,49990,0,0,296,15000
1787310216370,49990,0,0,296,15000
1787310216470,49990,0,0,296,15000
1787310216569,49990,0,0,296,15000
1787310216670,49990,0,0,296,15000
1787310216770,49990,0,0,296,15000
1787310216870,49990,0,0,296,15000
1787310216970,49990,0,0,296,15000
1787310217070,49990,0,0,296,15000
1787310217170,49990,0,0,296,15000
1787310217270,49990,0,0,296,15000
1787310217370,49990,0,0,296,15000
1787310217470,49990,0,0,296,15000
1787310217570,49990,0,0,296,15000
1787310217670,49990,0,0,296,15000
1787310217770,49990,0,0,296,15000
1787310217870,49990,0,0,296,15000
1787310217970,49990,0,0,296,15000
1787310218070,49990,0,0,296,15000
1787310218170,49990,0,0,296,15000
1787310218270,49990,0,0,296,15000
1787310218370,49990,0,0,296,15000
1787310218469,49990,0,0,296,15000
1787310218570,49990,0,0,296,15000
1787310218670,49990,0,0,296,15000
1787310218770,49990,0,0,296,15000
1787310218870,49990,0,0,296,15000
1787310218970,49990,0,0,296,15000
1787310219069,49990,0,0,296,15000
1787310219169,49990,0,0,296,15000
1787310219269,49990,0,0,296,15000
1787310219370,49990,0,0,296,15000
1787310219470,49990,0,0,296,15000
1787310219570,49990,0,0,296,15000
1787310219670,49990,0,0,296,15000
1787310219769,49990,0,0,296,15000
1787310219870,49990,0,0,296,15000
1787310219970,49990,0,0,296,15000
1787310220070,49990,0,0,296,15000
1787310220170,49990,0,0,296,15000
1787310220270,49990,0,0,296,15000
1787310220369,49990,0,0,296,15000
1787310220470,49990,0,0,296,15000
1787310220570,49990,0,0,296,15000
1787310220670,49990,0,0,296,15000
1787310220770,49990,0,0,296,15000
1787310220870,49990,0,0,296,15000
1787310220970,49990,0,0,296,15000
1787310221069,49990,0,0,296,15000
1787310221170,49990,0,0,296,15000
1787310221270,49990,0,0,296,15000
1787310221370,49990,0,0,296,15000
1787310221470,49990,0,0,296,15000
1787310221570,49990,0,0,296,15000
1787310221669,49990,0,0,296,15000
1787310221770,49990,0,0,296,15000
1787310221870,49990,0,0,296,15000
1787310221970,49990,0,0,296,15000
1787310222070,49990,0,0,296,15000
1787310222170,49990,0,0,296,15000
1787310222269,49990,0,0,296,15000
1787310222369,49990,0,0,296,15000
1787310222470,49990,0,0,296,15000
1787310222570,49990,0,0,296,15000
1787310222670,49990,0,0,296,15000
1787310222769,49990,0,0,296,15000
1787310222870,49990,0,0,296,15000
1787310222970,49990,0,0,296,15000
1787310223069,49990,0,0,296,15000
1787310223169,49990,0,0,296,15000
1787310223270,49990,0,0,296,15000
1787310223370,49990,0,0,296,15000
1787310223470,49990,0,0,296,15000
1787310223570,49990,0,0,296,15000
1787310223670,49990,0,0,296,15000
1787310223770,49990,0,0,296,15000
1787310223869,49990,0,0,296,15000
1787310223970,49990,0,0,296,15000
1787310224070,49990,0,0,296,15000
1787310224169,49990,0,0,296,15000
1787310224270,49990,0,0,296,15000
1787310224370,49990,0,0,296,15000
1787310224470,49990,0,0,296,15000
1787310224570,49990,0,0,296,15000
1787310224670,49990,0,0,296,15000
1787310224770,49990,0,0,296,15000
1787310224870,49990,0,0,296,15000
1787310224970,49990,0,0,296,15000
1787310225070,49990,0,0,296,15000
1787310225170,49990,0,0,296,15000
1787310225269,49990,0,0,296,15000
1787310225370,49990,0,0,296,15000
1787310225470,49990,0,0,296,15000
1787310225570,49990,0,0,296,15000
1787310225670,49990,0,0,296,15000
1787310225770,49990,0,0,296,15000
1787310225870,49990,0,0,296,15000
1787310225969,49990,0,0,296,15000
1787310226070,49990,0,0,296,15000
1787310226170,49990,0,0,296,15000
1787310226270,49990,0,0,296,15000
1787310226370,49990,0,0,296,15000
1787310226470,49990,0,0,296,15000
1787310226570,49990,0,0,296,15000
1787310226669,49990,0,0,296,15000
1787310226770,49990,0,0,296,15000
1787310226869,49990,0,0,296,15000
1787310226970,49990,0,0,296,15000
1787310227070,49990,0,0,296,15000
1787310227170,49990,0,0,296,15000
1787310227270,49990,0,0,296,15000
1787310227370,49990,0,0,296,15000
1787310227469,49990,0,0,296,15000
1787310227569,49990,0,0,296,15000
1787310227669,49990,0,0,296,15000
1787310227770,49990,0,0,296,15000
1787310227870,49990,0,0,296,15000
1787310227970,49990,0,0,296,15000
1787310228070,49990,0,0,296,15000
1787310228170,49990,0,0,296,15000
1787310228270,49990,0,0,296,15000
1787310228370,49990,0,0,296,15000
1787310228469,49990,0,0,296,15000
1787310228569,49990,0,0,296,15000
1787310228670,49990,0,0,296,15000
1787310228770,49990,0,0,296,15000
1787310228869,49990,0,0,296,15000
1787310228970,49990,0,0,296,15000
1787310229070,49990,0,0,296,15000
1787310229169,49990,0,0,296,15000
1787310229269,49990,0,0,296,15000
1787310229370,49990,0,0,296,15000
1787310229470,49990,0,0,296,15000
1787310229570,49990,0,0,296,15000
1787310229670,49990,0,0,296,15000
1787310229770,49990,0,0,296,15000
1787310229869,49990,0,0,296,15000
1787310229970,49990,0,0,296,15000
1787310230070,49990,0,0,296,15000
1787310230170,49990,0,0,296,15000
1787310230269,49990,0,0,296,15000
1787310230370,49990,0,0,296,15000
1787310230470,49990,0,0,296,15000
1787310230569,49990,0,0,296,15000
1787310230669,49990,0,0,296,15000
1787310230769,49990,0,0,296,15000
1787310230870,49990,0,0,296,15000
1787310230970,49990,0,0,296,15000
1787310231070,49990,0,0,296,15000
1787310231170,49990,0,0,296,15000
1787310231269,49990,0,0,296,15000
1787310231369,49990,0,0,296,15000
1787310231470,49990,0,0,296,15000
1787310231570,49990,0,0,296,15000
1787310231670,49990,0,0,296,15000
1787310231770,49990,0,0,296,15000
1787310231869,49990,0,0,296,15000
1787310231970,49990,0,0,296,15000
1787310232069,49990,0,0,296,15000
1787310232170,49990,0,0,296,15000
1787310232270,49990,0,0,296,15000
1787310232370,49990,0,0,296,15000
1787310232469,49990,0,0,296,15000
1787310232569,49990,0,0,296,15000
1787310232670,49990,0,0,296,15000
1787310232770,49990,0,0,296,15000
1787310232869,49990,0,0,296,15000
1787310232969,49990,0,0,296,15000
1787310233070,49990,0,0,296,15000
1787310233170,49990,0,0,296,15000
1787310233270,49990,0,0,296,15000
1787310233369,49990,0,0,296,15000
1787310233470,49990,0,0,296,15000
1787310233570,49990,0,0,296,15000
1787310233670,49990,0,0,296,15000
1787310233770,49990,0,0,296,15000
1787310233870,49990,0,0,296,15000
1787310233969,49990,0,0,296,15000
1787310234070,49990,0,0,296,15000
1787310234170,49990,0,0,296,15000
1787310234269,49990,0,0,296,15000
1787310234370,49990,0,0,296,15000
1787310234470,49990,0,0,296,15000
1787310234570,49990,0,0,296,15000
1787310234670,49990,0,0,296,15000
1787310234770,49990,0,0,296,15000
1787310234869,49990,0,0,296,15000
1787310234969,49990,0,0,296,15000
1787310235069,49990,0,0,296,15000
1787310235170,49990,0,0,296,15000
1787310235270,49990,0,0,296,15000
1787310235370,49990,0,0,296,15000
1787310235470,49990,0,0,296,15000
1787310235570,49990,0,0,296,15000
1787310235670,49990,0,0,296,15000
1787310235769,49990,0,0,296,15000
1787310235869,49990,0,0,296,15000
1787310235970,49990,0,0,296,15000
1787310236070,49990,0,0,296,15000
1787310236170,49990,0,0,296,15000
1787310236270,49990,0,0,296,15000
1787310236370,49990,0,0,296,15000
1787310236470,49990,0,0,296,15000
1787310236570,49990,0,0,296,15000
1787310236670,49990,0,0,296,15000
1787310236770,49990,0,0,296,15000
1787310236869,49990,0,0,296,15000
1787310236970,49990,0,0,296,15000
1787310237070,49990,0,0,296,15000
1787310237169,49990,0,0,296,15000
1787310237270,49990,0,0,296,15000
1787310237370,49990,0,0,296,15000
1787310237470,49990,0,0,296,15000
1787310237570,49990,0,0,296,15000
1787310237670,49990,0,0,296,15000
1787310237770,49990,0,0,296,15000
1787310237870,49990,0,0,296,15000
1787310237970,49990,0,0,296,15000
1787310238070,49990,0,0,296,15000
1787310238169,49990,0,0,296,15000
1787310238270,49990,0,0,296,15000
1787310238370,49990,0,0,296,15000
1787310238470,49990,0,0,296,15000
1787310238570,49990,0,0,296,15000
1787310238670,49990,0,0,296,15000
1787310238770,49990,0,0,296,15000
1787310238870,49990,0,0,296,15000
1787310238969,49990,0,0,296,15000
1787310239070,49990,0,0,296,15000
1787310239169,49990,0,0,296,15000
1787310239270,49990,0,0,296,15000
1787310239370,49990,0,0,296,15000
1787310239470,49990,0,0,296,15000
1787310239569,49990,0,0,296,15000
1787310239670,49990,0,0,296,15000
1787310239770,49990,0,0,296,15000
1787310239869,49990,0,0,296,15000
1787310239970,49990,0,0,296,15000
1787310240070,49990,0,0,296,15000
1787310240170,49990,0,0,296,15000
1787310240270,49990,0,0,296,15000
1787310240369,49990,0,0,296,15000
1787310240470,49990,0,0,296,15000
1787310240570,49990,0,0,296,15000
1787310240670,49990,0,0,296,15000
1787310240770,49990,0,0,296,15000
1787310240869,49990,0,0,296,15000
1787310240970,49990,0,0,296,15000
1787310241070,49990,0,0,296,15000
1787310241169,49990,0,0,296,15000
1787310241269,49990,0,0,296,15000
1787310241370,49990,0,0,296,15000
1787310241470,49990,0,0,296,15000
1787310241570,49990,0,0,296,15000
1787310241670,49990,0,0,296,15000
1787310241770,49990,0,0,296,15000
1787310241870,49990,0,0,296,15000
1787310241970,49990,0,0,296,15000
1787310242069,49990,0,0,296,15000
1787310242170,49990,0,0,296,15000
1787310242270,49990,0,0,296,15000
1787310242370,49990,0,0,296,15000
1787310242470,49990,0,0,296,15000
1787310242570,49990,0,0,296,15000
1787310242670,49990,0,0,296,15000
1787310242770,49990,0,0,296,15000
1787310242870,49990,0,0,296,15000
1787310242970,49990,0,0,296,15000
1787310243070,49990,0,0,296,15000
1787310243170,49990,0,0,296,15000
1787310243270,49990,0,0,296,15000
1787310243370,49990,0,0,296,15000
1787310243470,49990,0,0,296,15000
1787310243570,49990,0,0,296,15000
1787310243669,49990,0,0,296,15000
1787310243770,49990,0,0,296,15000
1787310243870,49990,0,0,296,15000
1787310243970,49990,0,0,296,15000
1787310244069,49990,0,0,296,15000
1787310244170,49990,0,0,296,15000
1787310244270,49990,0,0,296,15000
1787310244370,49990,0,0,296,15000
1787310244470,49990,0,0,296,15000
1787310244570,49990,0,0,296,15000
1787310244670,49990,0,0,296,15000
1787310244770,49990,0,0,296,15000
1787310244869,49990,0,0,296,15000
1787310244969,49990,0,0,296,15000
1787310245070,49990,0,0,296,15000
1787310245170,49990,0,0,296,15000
1787310245270,49990,0,0,296,15000
1787310245370,49990,0,0,296,15000
1787310245470,49990,0,0,296,15000
1787310245570,49990,0,0,296,15000
1787310245669,49990,0,0,296,15000
1787310245770,49990,0,0,296,15000
1787310245870,49990,0,0,296,15000
1787310245969,49990,0,0,296,15000
1787310246070,49990,0,0,296,15000
1787310246170,49990,0,0,296,15000
1787310246270,49990,0,0,296,15000
1787310246369,49990,0,0,296,15000
1787310246470,49990,0,0,296,15000
1787310246570,49990,0,0,296,15000
1787310246670,49990,0,0,296,15000
1787310246770,49990,0,0,296,15000
1787310246870,49990,0,0,296,15000
1787310246969,49990,0,0,296,15000
1787310247070,49990,0,0,296,15000
1787310247170,49990,0,0,296,15000
1787310247270,49990,0,0,296,15000
1787310247370,49990,0,0,296,15000
1787310247470,49990,0,0,296,15000
1787310247570,49990,0,0,296,15000
1787310247670,49990,0,0,296,15000
1787310247770,49990,0,0,296,15000
1787310247870,49990,0,0,296,15000
1787310247970,49990,0,0,296,15000
1787310248069,49990,0,0,296,15000
1787310248169,49990,0,0,296,15000
1787310248270,49990,0,0,296,15000
1787310248370,49990,0,0,296,15000
1787310248470,49990,0,0,296,15000
1787310248570,49990,0,0,296,15000
1787310248670,49990,0,0,296,15000
1787310248770,49990,0,0,296,15000
1787310248870,49990,0,0,296,15000
1787310248970,49990,0,0,296,15000
1787310249070,49990,0,0,296,15000
1787310249169,49990,0,0,296,15000
1787310249269,49990,0,0,296,15000
1787310249370,49990,0,0,296,15000
1787310249470,49990,0,0,296,15000
1787310249570,49990,0,0,296,15000
1787310249669,49990,0,0,296,15000
1787310249770,49990,0,0,296,15000
1787310249870,49990,0,0,296,15000
1787310249970,49990,0,0,296,15000
1787310250070,49990,0,0,296,15000
1787310250169,49990,0,0,296,15000
1787310250270,49990,0,0,296,15000
1787310250370,49990,0,0,296,15000
1787310250470,49990,0,0,296,15000
1787310250570,49990,0,0,296,15000
1787310250670,49990,0,0,296,15000
1787310250770,49990,0,0,296,15000
1787310250870,49990,0,0,296,15000
1787310250970,49990,0,0,296,15000
1787310251070,49990,0,0,296,15000
1787310251169,49990,0,0,296,15000
1787310251270,49990,0,0,296,15000
1787310251370,49990,0,0,296,15000
1787310251469,49990,0,0,296,15000
1787310251569,49990,0,0,296,15000
1787310251670,49990,0,0,296,15000
1787310251770,49990,0,0,296,15000
1787310251870,49990,0,0,296,15000
1787310251970,49990,0,0,296,15000
1787310252070,49990,0,0,296,15000
1787310252169,49990,0,0,296,15000
1787310252270,49990,0,0,296,15000
1787310252370,49990,0,0,296,15000
1787310252470,49990,0,0,296,15000
1787310252570,49990,0,0,296,15000
1787310252670,49990,0,0,296,15000
1787310252770,49990,0,0,296,15000
1787310252870,49990,0,0,296,15000
1787310252970,49990,0,0,296,15000
1787310253070,49990,0,0,296,15000
1787310253169,49990,0,0,296,15000
1787310253270,49990,0,0,296,15000
1787310253370,49990,0,0,296,15000
1787310253469,49990,0,0,296,15000
1787310253570,49990,0,0,296,15000
1787310253670,49990,0,0,296,15000
1787310253770,49990,0,0,296,15000
1787310253870,49990,0,0,296,15000
1787310253970,49990,0,0,296,15000
1787310254070,49990,0,0,296,15000
1787310254170,49990,0,0,296,15000
1787310254269,49990,0,0,296,15000
1787310254370,49990,0,0,296,15000
1787310254469,49990,0,0,296,15000
1787310254570,49990,0,0,296,15000
1787310254670,49990,0,0,296,15000
1787310254769,49990,0,0,296,15000
1787310254870,49990,0,0,296,15000
1787310254969,49990,0,0,296,15000
1787310255070,49990,0,0,296,15000
1787310255169,49990,0,0,296,15000
1787310255270,49990,0,0,296,15000
1787310255370,49990,0,0,296,15000
1787310255470,49990,0,0,296,15000
1787310255570,49990,0,0,296,15000
1787310255669,49990,0,0,296,15000
1787310255770,49990,0,0,296,15000
1787310255870,49990,0,0,296,15000
1787310255970,49990,0,0,296,15000
1787310256070,49990,0,0,296,15000
1787310256169,49990,0,0,296,15000
1787310256270,49990,0,0,296,15000
1787310256370,49990,0,0,296,15000
1787310256470,49990,0,0,296,15000
1787310256570,49990,0,0,296,15000
1787310256670,49990,0,0,296,15000
1787310256770,49990,0,0,296,15000
1787310256870,49990,0,0,296,15000
1787310256970,49990,0,0,296,15000
1787310257069,49990,0,0,296,15000
1787310257169,49990,0,0,296,15000
1787310257270,49990,0,0,296,15000
1787310257370,49990,0,0,296,15000
1787310257470,49990,0,0,296,15000
1787310257570,49990,0,0,296,15000
1787310257669,49990,0,0,296,15000
1787310257770,49990,0,0,296,15000
1787310257870,49990,0,0,296,15000
1787310257969,49990,0,0,296,15000
1787310258070,49990,0,0,296,15000
1787310258169,49990,0,0,296,15000
1787310258270,49990,0,0,296,15000
1787310258370,49990,0,0,296,15000
1787310258470,49990,0,0,296,15000
1787310258570,49990,0,0,296,15000
1787310258670,49990,0,0,296,15000
1787310258770,49990,0,0,296,15000
1787310258870,49990,0,0,296,15000
1787310258970,49990,0,0,296,15000
1787310259069,49990,0,0,296,15000
1787310259169,49990,0,0,296,15000
1787310259270,49990,0,0,296,15000
1787310259370,49990,0,0,296,15000
1787310259470,49990,0,0,296,15000
1787310259569,49990,0,0,296,15000
1787310259670,49990,0,0,296,15000
1787310259769,49990,0,0,296,15000
1787310259870,49990,0,0,296,15000
1787310259970,49990,0,0,296,15000
1787310260070,49990,0,0,296,15000
1787310260169,49990,0,0,296,15000
1787310260270,49990,0,0,296,15000
1787310260370,49990,0,0,296,15000
1787310260470,49990,0,0,296,15000
1787310260570,49990,0,0,296,15000
1787310260670,49990,0,0,296,15000
1787310260770,49990,0,0,296,15000
1787310260870,49990,0,0,296,15000
1787310260970,49990,0,0,296,15000
1787310261070,49990,0,0,296,15000
1787310261169,49990,0,0,296,15000
1787310261270,49990,0,0,296,15000
1787310261370,49990,0,0,296,15000
1787310261470,49990,0,0,296,15000
1787310261570,49990,0,0,296,15000
1787310261670,49990,0,0,296,15000
1787310261770,49990,0,0,296,15000
1787310261870,49990,0,0,296,15000
1787310261970,49990,0,0,296,15000
1787310262070,49990,0,0,296,15000
1787310262170,49990,0,0,296,15000
1787310262270,49990,0,0,296,15000
1787310262370,49990,0,0,296,15000
1787310262470,49990,0,0,296,15000
1787310262570,49990,0,0,296,15000
1787310262669,49990,0,0,296,15000
1787310262769,49990,0,0,296,15000
1787310262870,49990,0,0,296,15000
1787310262970,49990,0,0,296,15000
1787310263070,49990,0,0,296,15000
1787310263170,49990,0,0,296,15000
1787310263270,49990,0,0,296,15000
1787310263370,49990,0,0,296,15000
1787310263470,49990,0,0,296,15000
1787310263570,49990,0,0,296,15000
1787310263670,49990,0,0,296,15000
1787310263770,49990,0,0,296,15000
1787310263870,49990,0,0,296,15000
1787310263970,49990,0,0,296,15000
1787310264070,49990,0,0,296,15000
1787310264170,49990,0,0,296,15000
1787310264269,49990,0,0,296,15000
1787310264369,49990,0,0,296,15000
1787310264470,49990,0,0,296,15000
1787310264570,49990,0,0,296,15000
1787310264669,49990,0,0,296,15000
1787310264770,49990,0,0,296,15000
1787310264870,49990,0,0,296,15000
1787310264970,49990,0,0,296,15000
1787310265070,49990,0,0,296,15000
1787310265170,49990,0,0,296,15000
1787310265269,49990,0,0,296,15000
1787310265369,49990,0,0,296,15000
1787310265470,49990,0,0,296,15000
1787310265570,49990,0,0,296,15000
1787310265670,49990,0,0,296,15000
1787310265770,49990,0,0,296,15000
1787310265869,49990,0,0,296,15000
1787310265970,49990,0,0,296,15000
1787310266070,49990,0,0,296,15000
1787310266169,49990,0,0,296,15000
1787310266270,49990,0,0,296,15000
1787310266370,49990,0,0,296,15000
1787310266470,49990,0,0,296,15000
1787310266570,49990,0,0,296,15000
1787310266670,49990,0,0,296,15000
1787310266770,49990,0,0,296,15000
1787310266870,50000,0,0,296,15000
1787310266970,50000,0,0,296,15000
1787310267070,50000,0,0,296,15000
1787310267169,50000,0,0,296,15000
1787310267269,50000,0,0,296,15000
1787310267370,50000,0,0,296,15000
1787310267470,50000,0,0,296,15000
1787310267570,50000,0,0,296,15000
1787310267670,50000,0,0,296,15000
1787310267770,50000,0,0,296,15000
1787310267870,50000,0,0,296,15000
1787310267970,50000,0,0,296,15000
1787310268070,50000,0,0,296,15000
1787310268170,50000,0,0,296,15000
1787310268270,50000,0,0,296,15000
1787310268370,50000,0,0,296,15000
1787310268470,50000,0,0,296,15000
1787310268570,50000,0,0,296,15000
1787310268670,50000,0,0,296,15000
1787310268770,50000,0,0,296,15000
1787310268870,50000,0,0,296,15000
1787310268970,50000,0,0,296,15000
1787310269070,50000,0,0,296,15000
1787310269170,50000,0,0,296,15000
1787310269270,50000,0,0,296,15000
1787310269370,50000,0,0,296,15000
1787310269470,50000,0,0,296,15000
1787310269570,50000,0,0,296,15000
1787310269670,50000,0,0,296,15000
1787310269770,50000,0,0,296,15000
1787310269870,50000,0,0,296,15000
1787310269970,50000,0,0,296,15000
1787310270070,50000,0,0,296,15000
1787310270169,50000,0,0,296,15000
1787310270270,50000,0,0,296,15000
1787310270369,50000,0,0,296,15000
1787310270470,50000,0,0,296,15000
1787310270569,50000,0,0,296,15000
1787310270670,50000,0,0,296,15000
1787310270770,50000,0,0,296,15000
1787310270870,50000,0,0,296,15000
1787310270970,50000,0,0,296,15000
1787310271070,50000,0,0,296,15000
1787310271169,50000,0,0,296,15000
1787310271270,50000,0,0,296,15000
1787310271370,50000,0,0,296,15000
1787310271469,50000,0,0,296,15000
1787310271570,50000,0,0,296,15000
1787310271670,50000,0,0,296,15000
1787310271769,50000,0,0,296,15000
1787310271870,50000,0,0,296,15000
1787310271970,50000,0,0,296,15000
1787310272070,50000,0,0,296,15000
1787310272169,50000,0,0,296,15000
1787310272270,50000,0,0,296,15000
1787310272370,50000,0,0,296,15000
1787310272470,50000,0,0,296,15000
1787310272569,50000,0,0,296,15000
1787310272670,50000,0,0,296,15000
1787310272770,50000,0,0,296,15000
1787310272870,50000,0,0,296,15000
1787310272970,50000,0,0,296,15000
1787310273070,50000,0,0,296,15000
1787310273170,50000,0,0,296,15000
1787310273270,50000,0,0,296,15000
1787310273370,50000,0,0,296,15000
1787310273470,50000,0,0,296,15000
1787310273570,50000,0,0,296,15000
1787310273670,50000,0,0,296,15000
1787310273770,50000,0,0,296,15000
1787310273870,50000,0,0,296,15000
1787310273970,50000,0,0,296,15000
1787310274070,50000,0,0,296,15000
1787310274170,50000,0,0,296,15000
1787310274270,50000,0,0,296,15000
1787310274370,50000,0,0,296,15000
1787310274470,50000,0,0,296,15000
1787310274570,50000,0,0,296,15000
1787310274670,50000,0,0,296,15000
1787310274770,50000,0,0,296,15000
1787310274870,50000,0,0,296,15000
1787310274970,50000,0,0,296,15000
1787310275070,50000,0,0,296,15000
1787310275170,50000,0,0,296,15000
1787310275269,50000,0,0,296,15000
1787310275370,50000,0,0,296,15000
1787310275470,50000,0,0,296,15000
1787310275570,50000,0,0,296,15000
1787310275669,50000,0,0,296,15000
1787310275770,50000,0,0,296,15000
1787310275870,50000,0,0,296,15000
1787310275970,50000,0,0,296,15000
1787310276070,50000,0,0,296,15000
1787310276169,50000,0,0,296,15000
1787310276270,50000,0,0,296,15000
1787310276370,50000,0,0,296,15000
1787310276470,50000,0,0,296,15000
1787310276570,50000,0,0,296,15000
1787310276669,50000,0,0,296,15000
1787310276770,50000,0,0,296,15000
1787310276870,50000,0,0,296,15000
1787310276970,50000,0,0,296,15000
1787310277070,50000,0,0,296,15000
1787310277169,50000,0,0,296,15000
1787310277269,50000,0,0,296,15000
1787310277369,50000,0,0,296,15000
1787310277470,50000,0,0,296,15000
1787310277570,50000,0,0,296,15000
1787310277670,50000,0,0,296,15000
1787310277770,50000,0,0,296,15000
1787310277870,50000,0,0,296,15000
1787310277970,50000,0,0,296,15000
1787310278070,50000,0,0,296,15000
1787310278169,50000,0,0,296,15000
1787310278270,50000,0,0,296,15000
1787310278370,50000,0,0,296,15000
1787310278470,50000,0,0,296,15000
1787310278569,50000,0,0,296,15000
1787310278670,50000,0,0,296,15000
1787310278769,50000,0,0,296,15000
1787310278870,50000,0,0,296,15000
1787310278969,50000,0,0,296,15000
1787310279070,50000,0,0,296,15000
1787310279170,50000,0,0,296,15000
1787310279269,50000,0,0,296,15000
1787310279370,50000,0,0,296,15000
1787310279470,50000,0,0,296,15000
1787310279570,50000,0,0,296,15000
1787310279670,50000,0,0,296,15000
1787310279770,50000,0,0,296,15000
1787310279869,50000,0,0,296,15000
1787310279970,50000,0,0,296,15000
1787310280070,50000,0,0,296,15000
1787310280169,50000,0,0,296,15000
1787310280270,50000,0,0,296,15000
1787310280370,50000,0,0,296,15000
1787310280470,50000,0,0,296,15000
1787310280570,50000,0,0,296,15000
1787310280669,50000,0,0,296,15000
1787310280770,50000,0,0,296,15000
1787310280870,50000,0,0,296,15000
1787310280970,50000,0,0,296,15000
1787310281069,50000,0,0,296,15000
1787310281169,50000,0,0,296,15000
1787310281269,50000,0,0,296,15000
1787310281369,50000,0,0,296,15000
1787310281470,50000,0,0,296,15000
1787310281569,50000,0,0,296,15000
1787310281670,50000,0,0,296,15000
1787310281769,50000,0,0,296,15000
1787310281870,50000,0,0,296,15000
1787310281970,50000,0,0,296,15000
1787310282070,50000,0,0,296,15000
1787310282170,50000,0,0,296,15000
1787310282270,50000,0,0,296,15000
1787310282370,50000,0,0,296,15000
1787310282470,50000,0,0,296,15000
1787310282570,50000,0,0,296,15000
1787310282670,50000,0,0,296,15000
1787310282770,50000,0,0,296,15000
1787310282870,50000,0,0,296,15000
1787310282970,50000,0,0,296,15000
1787310283070,50000,0,0,296,15000
1787310283170,50000,0,0,296,15000
1787310283269,50000,0,0,296,15000
1787310283370,50000,0,0,296,15000
1787310283470,50000,0,0,296,15000
1787310283569,50000,0,0,296,15000
1787310283670,50000,0,0,296,15000
1787310283770,50000,0,0,296,15000
1787310283870,50000,0,0,296,15000
1787310283970,50000,0,0,296,15000
1787310284070,50000,0,0,296,15000
1787310284170,50000,0,0,296,15000
1787310284270,50000,0,0,296,15000
1787310284370,50000,0,0,296,15000
1787310284470,50000,0,0,296,15000
1787310284570,50000,0,0,296,15000
1787310284670,50000,0,0,296,15000
1787310284770,50000,0,0,296,15000
1787310284870,50000,0,0,296,15000
1787310284970,50000,0,0,296,15000
1787310285070,50000,0,0,296,15000
1787310285170,50000,0,0,296,15000
1787310285270,50000,0,0,296,15000
1787310285370,50000,0,0,296,15000
1787310285470,50000,0,0,296,15000
1787310285570,50000,0,0,296,15000
1787310285670,50000,0,0,296,15000
1787310285770,50000,0,0,296,15000
1787310285870,50000,0,0,296,15000
1787310285970,50000,0,0,296,15000
1787310286069,50000,0,0,296,15000
1787310286170,50000,0,0,296,15000
1787310286270,50000,0,0,296,15000
1787310286369,50000,0,0,296,15000
1787310286470,50000,0,0,296,15000
1787310286570,50000,0,0,296,15000
1787310286670,50000,0,0,296,15000
1787310286770,50000,0,0,296,15000
1787310286870,50000,0,0,296,15000
1787310286970,50000,0,0,296,15000
1787310287069,50000,0,0,296,15000
1787310287170,50000,0,0,296,15000
1787310287270,50000,0,0,296,15000
1787310287370,50000,0,0,296,15000
1787310287470,50000,0,0,296,15000
1787310287570,50000,0,0,296,15000
1787310287670,50000,0,0,296,15000
1787310287769,50000,0,0,296,15000
1787310287870,50000,0,0,296,15000
1787310287970,50000,0,0,296,15000
1787310288070,50000,0,0,296,15000
1787310288170,50000,0,0,296,15000
1787310288270,50000,0,0,296,15000
1787310288370,50000,0,0,296,15000
1787310288469,50000,0,0,296,15000
1787310288569,50000,0,0,296,15000
1787310288670,50000,0,0,296,15000
1787310288769,50000,0,0,296,15000
1787310288870,50000,0,0,296,15000
1787310288969,50000,0,0,296,15000
1787310289070,50000,0,0,296,15000
1787310289170,50000,0,0,296,15000
1787310289270,50000,0,0,296,15000
1787310289370,50000,0,0,296,15000
1787310289470,50000,0,0,296,15000
1787310289570,50000,0,0,296,15000
1787310289670,50000,0,0,296,15000
1787310289769,50000,0,0,296,15000
1787310289870,50000,0,0,296,15000
1787310289970,50000,0,0,296,15000
1787310290070,50000,0,0,296,15000
1787310290169,50000,0,0,296,15000
1787310290270,50000,0,0,296,15000
1787310290370,50000,0,0,296,15000
1787310290470,50000,0,0,296,15000
1787310290570,50000,0,0,296,15000
1787310290670,50000,0,0,296,15000
1787310290770,50000,0,0,296,15000
1787310290869,50000,0,0,296,15000
1787310290970,50000,0,0,296,15000
1787310291070,50000,0,0,296,15000
1787310291170,50000,0,0,296,15000
1787310291269,50000,0,0,296,15000
1787310291370,50000,0,0,296,15000
1787310291469,50000,0,0,296,15000
1787310291570,50000,0,0,296,15000
1787310291669,50000,0,0,296,15000
1787310291770,50000,0,0,296,15000
1787310291870,50000,0,0,296,15000
1787310291970,50000,0,0,296,15000
1787310292070,50000,0,0,296,15000
1787310292170,50000,0,0,296,15000
1787310292270,50000,0,0,296,15000
1787310292369,50000,0,0,296,15000
1787310292470,50000,0,0,296,15000
1787310292570,50000,0,0,296,15000
1787310292670,50000,0,0,296,15000
1787310292770,50000,0,0,296,15000
1787310292870,50000,0,0,296,15000
1787310292969,50000,0,0,296,15000
1787310293069,50000,0,0,296,15000
1787310293169,50000,0,0,296,15000
1787310293270,50000,0,0,296,15000
1787310293370,50000,0,0,296,15000
1787310293470,50000,0,0,296,15000
1787310293570,50000,0,0,296,15000
1787310293670,50000,0,0,296,15000
1787310293770,50000,0,0,296,15000
1787310293870,50000,0,0,296,15000
1787310293969,50000,0,0,296,15000
1787310294070,50000,0,0,296,15000
1787310294170,50000,0,0,296,15000
1787310294270,50000,0,0,296,15000
1787310294369,50000,0,0,296,15000
1787310294470,50000,0,0,296,15000
1787310294570,50000,0,0,296,15000
1787310294670,50000,0,0,296,15000
1787310294769,50000,0,0,296,15000
1787310294870,50000,0,0,296,15000
1787310294970,50000,0,0,296,15000
1787310295070,50000,0,0,296,15000
1787310295170,50000,0,0,296,15000
1787310295270,50000,0,0,296,15000
1787310295370,50000,0,0,296,15000
1787310295470,50000,0,0,296,15000
1787310295570,50000,0,0,296,15000
1787310295669,50000,0,0,296,15000
1787310295770,50000,0,0,296,15000
1787310295870,50000,0,0,296,15000
1787310295970,50000,0,0,296,15000
1787310296070,50000,0,0,296,15000
1787310296169,50000,0,0,296,15000
1787310296270,50000,0,0,296,15000
1787310296370,50000,0,0,296,15000
1787310296470,50000,0,0,296,15000
1787310296570,50000,0,0,296,15000
1787310296670,50000,0,0,296,15000
1787310296770,50000,0,0,296,15000
1787310296870,50030,-1578,0,296,15000
1787310296970,50030,-1578,0,296,15000
1787310297070,50030,-1578,0,296,15000
1787310297169,50030,-1578,-2900,296,15000
1787310297270,50030,-1578,-2900,296,15000
1787310297370,50030,-1578,-2900,296,15000
1787310297470,50030,-1578,-2900,296,15000
1787310297570,50030,-1578,-2900,296,15000
1787310297670,50030,-1578,-2900,296,15000
1787310297770,50030,-1578,-1500,296,15000
1787310297870,50030,-1578,-1500,296,15000
1787310297970,50030,-1578,-1500,296,15000
1787310298070,50030,-1578,-1500,296,15000
1787310298170,50030,-1578,-1500,296,15000
1787310298270,50030,-1578,-1500,296,15000
1787310298369,50030,-1578,-1500,296,15000
1787310298470,50030,-1578,-1600,296,15000
1787310298570,50030,-1578,-1600,296,15000
1787310298670,50030,-1578,-1600,296,15000
1787310298770,50030,-1578,-1600,296,15000
1787310298870,50030,-1578,-1600,296,15000
1787310298970,50030,-1578,-1600,296,15000
1787310299070,50030,-1578,-1600,296,15000
1787310299170,50030,-1578,-1600,296,15000
1787310299270,50030,-1578,-1600,296,15000
1787310299370,50030,-1578,-1600,296,15000
1787310299470,50030,-1578,-1600,296,15000
1787310299570,50030,-1578,-1600,296,15000
1787310299669,50030,-1578,-1600,296,15000
1787310299770,50030,-1578,-1600,296,15000
1787310299870,50030,-1578,-1600,296,15000
1787310299970,50030,-1578,-1600,296,15000
1787310300070,50030,-1578,-1600,296,15000
1787310300169,50030,-1578,-1600,296,15000
1787310300270,50030,-1578,-1600,296,15000
1787310300370,50030,-1578,-1600,296,15000
1787310300470,50030,-1578,-1600,296,15000
1787310300570,50030,-1578,-1600,296,15000
1787310300670,50030,-1578,-1600,296,15000
1787310300769,50030,-1578,-1600,296,15000
1787310300870,50030,-1578,-1600,296,15000
1787310300970,50030,-1578,-1600,296,15000
1787310301070,50030,-1578,-1600,296,15000
1787310301170,50030,-1578,-1600,296,15000
1787310301270,50030,-1578,-1600,296,15000
1787310301370,50030,-1578,-1600,296,15000
1787310301470,50030,-1578,-1600,296,15000
1787310301570,50030,-1578,-1600,296,15000
1787310301670,50030,-1578,-1600,296,15000
1787310301770,50030,-1578,-1600,296,15000
1787310301870,50030,-1578,-1600,296,15000
1787310301970,50030,-1578,-1600,296,15000
1787310302070,50030,-1578,-1600,296,15000
1787310302170,50030,-1578,-1600,296,15000
1787310302270,50030,-1578,-1600,296,15000
1787310302370,50030,-1578,-1600,296,15000
1787310302470,50030,-1578,-1600,296,15000
1787310302570,50030,-1578,-1600,296,15000
1787310302669,50030,-1578,-1600,296,15000
1787310302770,50030,-1578,-1600,296,15000
1787310302870,50030,-1578,-1600,296,15000
1787310302970,50030,-1578,-1600,296,15000
1787310303070,50030,-1578,-1600,296,15000
1787310303169,50030,-1578,-1600,296,15000
1787310303269,50030,-1578,-1500,296,15000
1787310303370,50030,-1578,-1500,296,15000
1787310303469,50030,-1578,-1500,296,15000
1787310303570,50030,-1578,-1500,296,15000
1787310303670,50030,-1578,-1500,296,15000
1787310303770,50030,-1578,-1500,296,15000
1787310303869,50030,-1578,-1600,296,15000
1787310303970,50030,-1578,-1600,296,15000
1787310304070,50030,-1578,-1600,296,15000
1787310304170,50030,-1578,-1600,296,15000
1787310304270,50030,-1578,-1600,296,15000
1787310304370,50030,-1578,-1600,296,15000
1787310304470,50030,-1578,-1600,296,15000
1787310304570,50030,-1578,-1600,296,15000
1787310304670,50030,-1578,-1600,296,15000
1787310304770,50030,-1578,-1600,296,15000
1787310304870,50030,-1578,-1500,296,15000
1787310304970,50030,-1578,-1500,296,15000
1787310305069,50030,-1578,-1500,296,15000
1787310305170,50030,-1578,-1500,296,15000
1787310305270,50030,-1578,-1500,296,15000
1787310305370,50030,-1578,-1500,296,15000
1787310305470,50030,-1578,-1500,296,15000
1787310305570,50030,-1578,-1600,296,15000
1787310305670,50030,-1578,-1600,296,15000
1787310305770,50030,-1578,-1600,296,15000
1787310305870,50030,-1578,-1600,296,15000
1787310305970,50030,-1578,-1600,296,15000
1787310306070,50030,-1578,-1600,296,15000
1787310306170,50030,-1578,-1600,296,15000
1787310306270,50030,-1578,-1600,296,15000
1787310306370,50030,-1578,-1600,296,15000
1787310306470,50030,-1578,-1600,296,15000
1787310306570,50030,-1578,-1600,296,15000
1787310306670,50030,-1578,-1600,296,15000
1787310306769,50030,-1578,-1600,296,15000
1787310306870,50030,-1578,-1600,296,15000
1787310306970,50030,-1578,-1600,296,15000
1787310307070,50030,-1578,-1600,296,15000
1787310307169,50030,-1578,-1600,296,15000
1787310307269,50030,-1578,-1600,296,15000
1787310307370,50030,-1578,-1600,296,15000
1787310307470,50030,-1578,-1600,296,15000
1787310307570,50030,-1578,-1600,296,15000
1787310307670,50030,-1578,-1600,296,15000
1787310307770,50030,-1578,-1600,296,15000
1787310307870,50030,-1578,-1600,296,15000
1787310307970,50030,-1578,-1600,296,15000
1787310308069,50030,-1578,-1600,296,15000
1787310308170,50030,-1578,-1600,296,15000
1787310308269,50030,-1578,-1600,296,15000
1787310308370,50030,-1578,-1600,296,15000
1787310308469,50030,-1578,-1600,296,15000
1787310308570,50030,-1578,-1600,296,15000
1787310308670,50030,-1578,-1600,296,15000
1787310308770,50030,-1578,-1600,296,15000
1787310308870,50030,-1578,-1600,296,15000
1787310308970,50030,-1578,-1600,296,15000
1787310309070,50030,-1578,-1600,296,15000
1787310309170,50030,-1578,-1600,296,15000
1787310309270,50030,-1578,-1600,296,15000
1787310309370,50030,-1578,-1600,296,15000
1787310309470,50030,-1578,-1600,296,15000
1787310309570,50030,-1578,-1600,296,15000
1787310309670,50030,-1578,-1600,296,15000
1787310309770,50030,-1578,-1600,296,15000
1787310309870,50030,-1578,-1600,296,15000
1787310309970,50030,-1578,-1600,296,15000
1787310310069,50030,-1578,-1600,296,15000
1787310310169,50030,-1578,-1600,296,15000
1787310310270,50030,-1578,-1600,296,15000
1787310310370,50030,-1578,-1600,296,15000
1787310310470,50030,-1578,-1600,296,15000
1787310310569,50030,-1578,-1600,296,15000
1787310310670,50030,-1578,-1600,296,15000
1787310310770,50030,-1578,-1600,296,15000
1787310310870,50030,-1578,-1600,296,15000
1787310310970,50030,-1578,-1600,296,15000
1787310311070,50030,-1578,-1600,296,15000
1787310311169,50030,-1578,-1600,296,15000
1787310311270,50030,-1578,-1600,296,15000
1787310311370,50030,-1578,-1600,296,15000
1787310311470,50030,-1578,-1600,296,15000
1787310311570,50030,-1578,-1600,296,15000
1787310311670,50030,-1578,-1600,296,15000
1787310311770,50030,-1578,-1600,296,15000
1787310311870,50030,-1578,-1600,296,15000
1787310311969,50030,-1578,-1600,296,15000
1787310312070,50030,-1578,-1600,296,15000
1787310312170,50030,-1578,-1600,296,15000
1787310312269,50030,-1578,-1600,296,15000
1787310312370,50030,-1578,-1600,296,15000
1787310312469,50030,-1578,-1600,296,15000
1787310312569,50030,-1578,-1600,296,15000
1787310312670,50030,-1578,-1600,296,15000
1787310312770,50030,-1578,-1600,296,15000
1787310312870,50030,-1578,-1600,296,15000
1787310312970,50030,-1578,-1600,296,15000
1787310313070,50030,-1578,-1600,296,15000
1787310313169,50030,-1578,-1600,296,15000
1787310313270,50030,-1578,-1600,296,15000
1787310313370,50030,-1578,-1600,296,15000
1787310313470,50030,-1578,-1600,296,15000
1787310313570,50030,-1578,-1600,296,15000
1787310313670,50030,-1578,-1600,296,15000
1787310313770,50030,-1578,-1600,296,15000
1787310313870,50030,-1578,-1600,296,15000
1787310313970,50030,-1578,-1600,296,15000
1787310314070,50030,-1578,-1600,296,15000
1787310314169,50030,-1578,-1600,296,15000
1787310314270,50030,-1578,-1600,296,15000
1787310314370,50030,-1578,-1600,296,15000
1787310314470,50030,-1578,-1600,296,15000
1787310314569,50030,-1578,-1600,296,15000
1787310314670,50030,-1578,-1600,296,15000
1787310314770,50030,-1578,-1600,296,15000
1787310314869,50030,-1578,-1600,296,15000
1787310314970,50030,-1578,-1600,296,15000
1787310315069,50030,-1578,-1600,296,15000
1787310315170,50030,-1578,-1600,296,15000
1787310315270,50030,-1578,-1600,296,15000
1787310315370,50030,-1578,-1600,296,15000
1787310315470,50030,-1578,-1600,296,15000
1787310315570,50030,-1578,-1600,296,15000
1787310315670,50030,-1578,-1600,296,15000
1787310315770,50030,-1578,-1600,296,15000
1787310315870,50030,-1578,-1600,296,15000
1787310315970,50030,-1578,-1600,296,15000
1787310316070,50030,-1578,-1600,296,15000
1787310316170,50030,-1578,-1600,296,15000
1787310316269,50030,-1578,-1600,296,15000
1787310316370,50030,-1578,-1600,296,15000
1787310316470,50030,-1578,-1600,296,15000
1787310316569,50030,-1578,-1600,296,15000
1787310316670,50030,-1578,-1600,296,15000
1787310316770,50030,-1578,-1600,296,15000
1787310316870,50030,-1578,-1600,296,15000
1787310316970,50030,-1578,-1600,296,15000
1787310317069,50030,-1578,-1600,296,15000
1787310317170,50030,-1578,-1600,296,15000
1787310317269,50030,-1578,-1600,296,15000
1787310317370,50030,-1578,-1600,296,15000
1787310317470,50030,-1578,-1600,296,15000
1787310317570,50030,-1578,-1600,296,15000
1787310317670,50030,-1578,-1600,296,15000
1787310317770,50030,-1578,-1600,296,15000
1787310317870,50030,-1578,-1600,296,15000
1787310317970,50030,-1578,-1600,296,15000
1787310318070,50030,-1578,-1600,296,15000
1787310318170,50030,-1578,-1600,296,15000
1787310318270,50030,-1578,-1600,296,15000
1787310318370,50030,-1578,-1600,296,15000
1787310318470,50030,-1578,-1600,296,15000
1787310318570,50030,-1578,-1600,296,15000
1787310318670,50030,-1578,-1600,296,15000
1787310318770,50030,-1578,-1600,296,15000
1787310318870,50030,-1578,-1600,296,15000
1787310318970,50030,-1578,-1600,296,15000
1787310319070,50030,-1578,-1600,296,15000
1787310319169,50030,-1578,-1600,296,15000
1787310319270,50030,-1578,-1600,296,15000
1787310319370,50030,-1578,-1600,296,15000
1787310319470,50030,-1578,-1600,296,15000
1787310319570,50030,-1578,-1600,296,15000
1787310319670,50030,-1578,-1600,296,15000
1787310319770,50030,-1578,-1600,296,15000
1787310319870,50030,-1578,-1600,296,15000
1787310319969,50030,-1578,-1600,296,15000
1787310320070,50030,-1578,-1600,296,15000
1787310320170,50030,-1578,-1600,296,15000
1787310320270,50030,-1578,-1600,296,15000
1787310320369,50030,-1578,-1600,296,15000
1787310320470,50030,-1578,-1600,296,15000
1787310320570,50030,-1578,-1600,296,15000
1787310320669,50030,-1578,-1600,296,15000
1787310320770,50030,-1578,-1600,296,15000
1787310320870,50030,-1578,-1600,296,15000
1787310320969,50030,-1578,-1600,296,15000
1787310321070,50030,-1578,-1600,296,15000
1787310321169,50030,-1578,-1600,296,15000
1787310321270,50030,-1578,-1600,296,15000
1787310321370,50030,-1578,-1600,296,15000
1787310321469,50030,-1578,-1600,296,15000
1787310321569,50030,-1578,-1600,296,15000
1787310321670,50030,-1578,-1600,296,15000
1787310321770,50030,-1578,-1600,296,15000
1787310321870,50030,-1578,-1600,296,15000
1787310321970,50030,-1578,-1600,296,15000
1787310322070,50030,-1578,-1600,296,15000
1787310322169,50030,-1578,-1600,296,15000
1787310322270,50030,-1578,-1600,296,15000
1787310322370,50030,-1578,-1600,296,15000
1787310322470,50030,-1578,-1600,296,15000
1787310322569,50030,-1578,-1600,296,15000
1787310322669,50030,-1578,-1600,296,15000
1787310322769,50030,-1578,-1600,296,15000
1787310322870,50030,-1578,-1600,296,15000
1787310322969,50030,-1578,-1600,296,15000
1787310323070,50030,-1578,-1600,296,15000
1787310323170,50030,-1578,-1600,296,15000
1787310323270,50030,-1578,-1600,296,15000
1787310323370,50030,-1578,-1600,296,15000
1787310323470,50030,-1578,-1600,296,15000
1787310323570,50030,-1578,-1600,296,15000
1787310323670,50030,-1578,-1600,296,15000
1787310323770,50030,-1578,-1500,296,15000
1787310323870,50030,-1578,-1500,296,15000
1787310323969,50030,-1578,-1500,296,15000
1787310324069,50030,-1578,-1500,296,15000
1787310324169,50030,-1578,-1500,296,15000
1787310324270,50030,-1578,-1600,296,15000
1787310324370,50030,-1578,-1600,296,15000
1787310324469,50030,-1578,-1600,296,15000
1787310324570,50030,-1578,-1600,296,15000
1787310324670,50030,-1578,-1600,296,15000
1787310324770,50030,-1578,-1600,296,15000
1787310324870,50030,-1578,-1600,296,15000
1787310324970,50030,-1578,-1600,296,15000
1787310325069,50030,-1578,-1600,296,15000
1787310325170,50030,-1578,-1600,296,15000
1787310325270,50030,-1578,-1600,296,15000
1787310325369,50030,-1578,-1600,296,15000
1787310325469,50030,-1578,-1600,296,15000
1787310325570,50030,-1578,-1600,296,15000
1787310325670,50030,-1578,-1600,296,15000
1787310325770,50030,-1578,-1600,296,15000
1787310325870,50030,-1578,-1600,296,15000
1787310325970,50030,-1578,-1600,296,15000
1787310326070,50030,-1578,-1600,296,15000
1787310326170,50030,-1578,-1600,296,15000
1787310326270,50030,-1578,-1600,296,15000
1787310326370,50030,-1578,-1600,296,15000
1787310326470,50030,-1578,-1600,296,15000
1787310326570,50030,-1578,-1600,296,15000
1787310326670,50030,-1578,-1600,296,15000
1787310326770,50030,-1578,-1600,296,15000
1787310326870,50030,-1578,-1600,296,15000
1787310326969,50030,-1578,-1600,296,15000
1787310327070,50030,-1578,-1600,296,15000
1787310327170,50030,-1578,-1600,296,15000
1787310327270,50030,-1578,-1600,296,15000
1787310327369,50030,-1578,-1600,296,15000
1787310327470,50030,-1578,-1600,296,15000
1787310327569,50030,-1578,-1600,296,15000
1787310327670,50030,-1578,-1600,296,15000
1787310327770,50030,-1578,-1600,296,15000
1787310327870,50030,-1578,-1600,296,15000
1787310327970,50030,-1578,-1500,296,15000
1787310328070,50030,-1578,-1500,296,15000
1787310328170,50030,-1578,-1500,296,15000
1787310328269,50030,-1578,-1500,296,15000
1787310328369,50030,-1578,-1500,296,15000
1787310328469,50030,-1578,-1500,296,15000
1787310328570,50030,-1578,-1500,296,15000
1787310328670,50030,-1578,-1500,296,15000
1787310328770,50030,-1578,-1500,296,15000
1787310328870,50030,-1578,-1500,296,15000
1787310328970,50030,-1578,-1500,296,15000
1787310329070,50030,-1578,-1600,296,15000
1787310329170,50030,-1578,-1600,296,15000
1787310329270,50030,-1578,-1600,296,15000
1787310329370,50030,-1578,-1600,296,15000
1787310329470,50030,-1578,-1600,296,15000
1787310329570,50030,-1578,-1600,296,15000
1787310329670,50030,-1578,-1600,296,15000
1787310329770,50030,-1578,-1600,296,15000
1787310329870,50030,-1578,-1600,296,15000
1787310329970,50030,-1578,-1600,296,15000
1787310330070,50030,-1578,-1600,296,15000
1787310330170,50030,-1578,-1600,296,15000
1787310330270,50030,-1578,-1600,296,15000
1787310330370,50030,-1578,-1600,296,15000
1787310330470,50030,-1578,-1600,296,15000
1787310330570,50030,-1578,-1600,296,15000
1787310330669,50030,-1578,-1600,296,15000
1787310330770,50030,-1578,-1600,296,15000
1787310330870,50030,-1578,-1600,296,15000
1787310330970,50030,-1578,-1600,296,15000
1787310331070,50030,-1578,-1600,296,15000
1787310331169,50030,-1578,-1600,296,15000
1787310331270,50030,-1578,-1600,296,15000
1787310331370,50030,-1578,-1600,296,15000
1787310331470,50030,-1578,-1600,296,15000
1787310331570,50030,-1578,-1600,296,15000
1787310331670,50030,-1578,-1600,296,15000
1787310331770,50030,-1578,-1600,296,15000
1787310331870,50030,-1578,-1600,296,15000
1787310331970,50030,-1578,-1600,296,15000
1787310332069,50030,-1578,-1600,296,15000
1787310332170,50030,-1578,-1600,296,15000
1787310332270,50030,-1578,-1500,296,15000
1787310332370,50030,-1578,-1500,296,15000
1787310332470,50030,-1578,-1500,296,15000
1787310332570,50030,-1578,-1500,296,15000
1787310332670,50030,-1578,-1600,296,15000
1787310332770,50030,-1578,-1600,296,15000
1787310332870,50030,-1578,-1600,296,15000
1787310332970,50030,-1578,-1600,296,15000
1787310333070,50030,-1578,-1600,296,15000
1787310333169,50030,-1578,-1600,296,15000
1787310333270,50030,-1578,-1600,296,15000
1787310333370,50030,-1578,-1600,296,15000
1787310333469,50030,-1578,-1600,296,15000
1787310333570,50030,-1578,-1600,296,15000
1787310333669,50030,-1578,-1600,296,15000
1787310333770,50030,-1578,-1600,296,15000
1787310333870,50030,-1578,-1600,296,15000
1787310333970,50030,-1578,-1600,296,15000
1787310334070,50030,-1578,-1600,296,15000
1787310334169,50030,-1578,-1600,296,15000
1787310334270,50030,-1578,-1600,296,15000
1787310334370,50030,-1578,-1600,296,15000
1787310334470,50030,-1578,-1600,296,15000
1787310334570,50030,-1578,-1600,296,15000
1787310334670,50030,-1578,-1600,296,15000
1787310334770,50030,-1578,-1600,296,15000
1787310334870,50030,-1578,-1600,296,15000
1787310334969,50030,-1578,-1600,296,15000
1787310335070,50030,-1578,-1600,296,15000
1787310335170,50030,-1578,-1500,296,15000
1787310335270,50030,-1578,-1500,296,15000
1787310335370,50030,-1578,-1500,296,15000
1787310335470,50030,-1578,-1500,296,15000
1787310335570,50030,-1578,-1500,296,15000
1787310335670,50030,-1578,-1500,296,15000
1787310335770,50030,-1578,-1500,296,15000
1787310335869,50030,-1578,-1600,296,15000
1787310335970,50030,-1578,-1600,296,15000
1787310336070,50030,-1578,-1600,296,15000
1787310336170,50030,-1578,-1600,296,15000
1787310336270,50030,-1578,-1600,296,15000
1787310336370,50030,-1578,-1600,296,15000
1787310336470,50030,-1578,-1600,296,15000
1787310336570,50030,-1578,-1600,296,15000
1787310336669,50030,-1578,-1600,296,15000
1787310336770,50030,-1578,-1600,296,15000
1787310336870,50030,-1578,-1600,296,15000
1787310336970,50030,-1578,-1600,296,15000
1787310337070,50030,-1578,-1500,296,15000
1787310337170,50030,-1578,-1500,296,15000
1787310337269,50030,-1578,-1500,296,15000
1787310337370,50030,-1578,-1500,296,15000
1787310337470,50030,-1578,-1600,296,15000
1787310337570,50030,-1578,-1600,296,15000
1787310337670,50030,-1578,-1600,296,15000
1787310337770,50030,-1578,-1600,296,15000
1787310337870,50030,-1578,-1600,296,15000
1787310337969,50030,-1578,-1600,296,15000
1787310338069,50030,-1578,-1600,296,15000
1787310338170,50030,-1578,-1600,296,15000
1787310338270,50030,-1578,-1600,296,15000
1787310338370,50030,-1578,-1600,296,15000
1787310338470,50030,-1578,-1600,296,15000
1787310338570,50030,-1578,-1600,296,15000
1787310338669,50030,-1578,-1600,296,15000
1787310338769,50030,-1578,-1600,296,15000
1787310338870,50030,-1578,-1600,296,15000
1787310338970,50030,-1578,-1600,296,15000
1787310339070,50030,-1578,-1600,296,15000
1787310339170,50030,-1578,-1600,296,15000
1787310339270,50030,-1578,-1600,296,15000
1787310339370,50030,-1578,-1600,296,15000
1787310339470,50030,-1578,-1600,296,15000
1787310339570,50030,-1578,-1600,296,15000
1787310339670,50030,-1578,-1600,296,15000
1787310339770,50030,-1578,-1600,296,15000
1787310339869,50030,-1578,-1600,296,15000
1787310339970,50030,-1578,-1600,296,15000
1787310340070,50030,-1578,-1600,296,15000
1787310340170,50030,-1578,-1600,296,15000
1787310340269,50030,-1578,-1600,296,15000
1787310340369,50030,-1578,-1600,296,15000
1787310340470,50030,-1578,-1600,296,15000
1787310340569,50030,-1578,-1600,296,15000
1787310340670,50030,-1578,-1600,296,15000
1787310340770,50030,-1578,-1600,296,15000
1787310340870,50030,-1578,-1600,296,15000
1787310340970,50030,-1578,-1600,296,15000
1787310341070,50030,-1578,-1600,296,15000
1787310341169,50030,-1578,-1600,296,15000
1787310341270,50030,-1578,-1600,296,15000
1787310341370,50030,-1578,-1600,296,15000
1787310341470,50030,-1578,-1600,296,15000
1787310341570,50030,-1578,-1600,296,15000
1787310341669,50030,-1578,-1600,296,15000
1787310341770,50030,-1578,-1600,296,15000
1787310341870,50030,-1578,-1600,296,15000
1787310341970,50030,-1578,-1600,296,15000
1787310342070,50030,-1578,-1600,296,15000
1787310342170,50030,-1578,-1600,296,15000
1787310342270,50030,-1578,-1600,296,15000
1787310342370,50030,-1578,-1600,296,15000
1787310342470,50030,-1578,-1600,296,15000
1787310342570,50030,-1578,-1600,296,15000
1787310342670,50030,-1578,-1600,296,15000
1787310342770,50030,-1578,-1600,296,15000
1787310342870,50030,-1578,-1600,296,15000
1787310342970,50030,-1578,-1600,296,15000
1787310343069,50030,-1578,-1600,296,15000
1787310343170,50030,-1578,-1600,296,15000
1787310343270,50030,-1578,-1600,296,15000
1787310343370,50030,-1578,-1600,296,15000
1787310343469,50030,-1578,-1600,296,15000
1787310343570,50030,-1578,-1600,296,15000
1787310343669,50030,-1578,-1600,296,15000
1787310343770,50030,-1578,-1600,296,15000
1787310343870,50030,-1578,-1600,296,15000
1787310343969,50030,-1578,-1600,296,15000
1787310344070,50030,-1578,-1600,296,15000
1787310344170,50030,-1578,-1600,296,15000
1787310344270,50030,-1578,-1600,296,15000
1787310344370,50030,-1578,-1600,296,15000
1787310344469,50030,-1578,-1600,296,15000
1787310344570,50030,-1578,-1600,296,15000
1787310344670,50030,-1578,-1600,296,15000
1787310344770,50030,-1578,-1600,296,15000
1787310344870,50030,-1578,-1600,296,15000
1787310344969,50030,-1578,-1600,296,15000
1787310345070,50030,-1578,-1600,296,15000
1787310345170,50030,-1578,-1600,296,15000
1787310345270,50030,-1578,-1600,296,15000
1787310345370,50030,-1578,-1600,296,15000
1787310345469,50030,-1578,-1600,296,15000
1787310345570,50030,-1578,-1600,296,15000
1787310345670,50030,-1578,-1600,296,15000
1787310345770,50030,-1578,-1600,296,15000
1787310345870,50030,-1578,-1600,296,15000
1787310345970,50030,-1578,-1600,296,15000
1787310346070,50030,-1578,-1600,296,15000
1787310346169,50030,-1578,-1600,296,15000
1787310346270,50030,-1578,-1600,296,15000
1787310346370,50030,-1578,-1600,296,15000
1787310346470,50030,-1578,-1600,296,15000
1787310346570,50030,-1578,-1600,296,15000
1787310346670,50030,-1578,-1600,296,15000
1787310346770,50030,-1578,-1600,296,15000
1787310346870,50030,-1578,-1600,296,15000
1787310346970,50030,-1578,-1600,296,15000
1787310347070,50030,-1578,-1600,296,15000
1787310347170,50030,-1578,-1600,296,15000
1787310347270,50030,-1578,-1600,296,15000
1787310347370,50030,-1578,-1600,296,15000
1787310347469,50030,-1578,-1600,296,15000
1787310347570,50030,-1578,-1600,296,15000
1787310347670,50030,-1578,-1600,296,15000
1787310347769,50030,-1578,-1500,296,15000
1787310347870,50030,-1578,-1500,296,15000
1787310347970,50030,-1578,-1500,296,15000
1787310348070,50030,-1578,-1500,296,15000
1787310348170,50030,-1578,-1500,296,15000
1787310348269,50030,-1578,-1500,296,15000
1787310348369,50030,-1578,-1600,296,15000
1787310348470,50030,-1578,-1600,296,15000
1787310348570,50030,-1578,-1600,296,15000
1787310348669,50030,-1578,-1600,296,15000
1787310348770,50030,-1578,-1600,296,15000
1787310348870,50030,-1578,-1600,296,15000
1787310348969,50030,-1578,-1600,296,15000
1787310349070,50030,-1578,-1600,296,15000
1787310349170,50030,-1578,-1600,296,15000
1787310349270,50030,-1578,-1600,296,15000
1787310349370,50030,-1578,-1600,296,15000
1787310349470,50030,-1578,-1600,296,15000
1787310349569,50030,-1578,-1600,296,15000
1787310349670,50030,-1578,-1600,296,15000
1787310349770,50030,-1578,-1600,296,15000
1787310349870,50030,-1578,-1600,296,15000
1787310349970,50030,-1578,-1600,296,15000
1787310350070,50030,-1578,-1600,296,15000
1787310350170,50030,-1578,-1600,296,15000
1787310350270,50030,-1578,-1600,296,15000
1787310350369,50030,-1578,-1600,296,15000
1787310350470,50030,-1578,-1600,296,15000
1787310350570,50030,-1578,-1600,296,15000
1787310350670,50030,-1578,-1600,296,15000
1787310350770,50030,-1578,-1600,296,15000
1787310350870,50030,-1578,-1600,296,15000
1787310350970,50030,-1578,-1600,296,15000
1787310351070,50030,-1578,-1600,296,15000
1787310351169,50030,-1578,-1600,296,15000
1787310351270,50030,-1578,-1600,296,15000
1787310351369,50030,-1578,-1600,296,15000
1787310351470,50030,-1578,-1600,296,15000
1787310351569,50030,-1578,-1600,296,15000
1787310351670,50030,-1578,-1600,296,15000
1787310351770,50030,-1578,-1600,296,15000
1787310351870,50030,-1578,-1600,296,15000
1787310351970,50030,-1578,-1600,296,15000
1787310352070,50030,-1578,-1600,296,15000
1787310352170,50030,-1578,-1600,296,15000
1787310352270,50030,-1578,-1600,296,15000
1787310352370,50030,-1578,-1600,296,15000
1787310352470,50030,-1578,-1600,296,15000
1787310352570,50030,-1578,-1600,296,15000
1787310352670,50030,-1578,-1600,296,15000
1787310352770,50030,-1578,-1600,296,15000
1787310352870,50030,-1578,-1600,296,15000
1787310352970,50030,-1578,-1600,296,15000
1787310353070,50030,-1578,-1600,296,15000
1787310353169,50030,-1578,-1500,296,15000
1787310353269,50030,-1578,-1500,296,15000
1787310353370,50030,-1578,-1500,296,15000
1787310353470,50030,-1578,-1500,296,15000
1787310353570,50030,-1578,-1500,296,15000
1787310353670,50030,-1578,-1500,296,15000
1787310353769,50030,-1578,-1600,296,15000
1787310353870,50030,-1578,-1600,296,15000
1787310353970,50030,-1578,-1600,296,15000
1787310354069,50030,-1578,-1600,296,15000
1787310354169,50030,-1578,-1600,296,15000
1787310354270,50030,-1578,-1600,296,15000
1787310354370,50030,-1578,-1600,296,15000
1787310354469,50030,-1578,-1600,296,15000
1787310354570,50030,-1578,-1600,296,15000
1787310354670,50030,-1578,-1600,296,15000
1787310354770,50030,-1578,-1600,296,15000
1787310354870,50030,-1578,-1600,296,15000
1787310354970,50030,-1578,-1600,296,15000
1787310355070,50030,-1578,-1600,296,15000
1787310355169,50030,-1578,-1600,296,15000
1787310355270,50030,-1578,-1600,296,15000
1787310355370,50030,-1578,-1600,296,15000
1787310355470,50030,-1578,-1600,296,15000
1787310355570,50030,-1578,-1600,296,15000
1787310355670,50030,-1578,-1600,296,15000
1787310355770,50030,-1578,-1600,296,15000
1787310355870,50030,-1578,-1600,296,15000
1787310355970,50030,-1578,-1600,296,15000
1787310356070,50030,-1578,-1600,296,15000
1787310356170,50030,-1578,-1600,296,15000
1787310356270,50030,-1578,-1600,296,15000
1787310356370,50030,-1578,-1600,296,15000
1787310356470,50030,-1578,-1600,296,15000
1787310356570,50030,-1578,-1600,296,15000
1787310356670,50030,-1578,-1600,296,15000
1787310356770,50030,-1578,-1600,296,15000
1787310356870,50030,-1578,-1600,296,15000
1787310356970,50030,-1578,-1600,296,15000
1787310357070,50030,-1578,-1600,296,15000
1787310357170,50030,-1578,-1600,296,15000
1787310357270,50030,-1578,-1600,296,15000
1787310357370,50030,-1578,-1600,296,15000
1787310357470,50030,-1578,-1600,296,15000
1787310357570,50030,-1578,-1600,296,15000
1787310357670,50030,-1578,-1600,296,15000
1787310357769,50030,-1578,-1600,296,15000
1787310357869,50030,-1578,-1600,296,15000
1787310357969,50030,-1578,-1600,296,15000
1787310358070,50030,-1578,-1600,296,15000
1787310358170,50030,-1578,-1600,296,15000
1787310358269,50030,-1578,-1600,296,15000
1787310358369,50030,-1578,-1600,296,15000
1787310358470,50030,-1578,-1600,296,15000
1787310358570,50030,-1578,-1600,296,15000
1787310358669,50030,-1578,-1600,296,15000
1787310358770,50030,-1578,-1600,296,15000
1787310358870,50030,-1578,-1600,296,15000
1787310358969,50030,-1578,-1600,296,15000
1787310359070,50030,-1578,-1600,296,15000
1787310359169,50030,-1578,-1600,296,15000
1787310359270,50030,-1578,-1600,296,15000
1787310359370,50030,-1578,-1600,296,15000
1787310359470,50030,-1578,-1600,296,15000
1787310359570,50030,-1578,-1600,296,15000
1787310359670,50030,-1578,-1600,296,15000
1787310359770,50030,-1578,-1600,296,15000
1787310359870,50030,-1578,-1600,296,15000
1787310359970,50030,-1578,-1600,296,15000
1787310360070,50030,-1578,-1600,296,15000
1787310360170,50030,-1578,-1600,296,15000
1787310360270,50030,-1578,-1600,296,15000
1787310360369,50030,-1578,-1600,296,15000
1787310360470,50030,-1578,-1500,296,15000
1787310360570,50030,-1578,-1500,296,15000
1787310360670,50030,-1578,-1500,296,15000
1787310360770,50030,-1578,-1500,296,15000
1787310360870,50030,-1578,-1500,296,15000
1787310360970,50030,-1578,-1500,296,15000
1787310361070,50030,-1578,-1500,296,15000
1787310361170,50030,-1578,-1600,296,15000
1787310361270,50030,-1578,-1600,296,15000
1787310361370,50030,-1578,-1600,296,15000
1787310361469,50030,-1578,-1600,296,15000
1787310361570,50030,-1578,-1600,296,15000
1787310361670,50030,-1578,-1600,296,15000
1787310361770,50030,-1578,-1600,296,15000
1787310361870,50030,-1578,-1600,296,15000
1787310361970,50030,-1578,-1600,296,15000
1787310362070,50030,-1578,-1600,296,15000
1787310362169,50030,-1578,-1600,296,15000
1787310362270,50030,-1578,-1600,296,15000
1787310362370,50030,-1578,-1600,296,15000
1787310362470,50030,-1578,-1600,296,15000
1787310362569,50030,-1578,-1600,296,15000
1787310362669,50030,-1578,-1600,296,15000
1787310362770,50030,-1578,-1600,296,15000
1787310362870,50030,-1578,-1600,296,15000
1787310362970,50030,-1578,-1600,296,15000
1787310363070,50030,-1578,-1600,296,15000
1787310363170,50030,-1578,-1600,296,15000
1787310363270,50030,-1578,-1600,296,15000
1787310363370,50030,-1578,-1600,296,15000
1787310363469,50030,-1578,-1600,296,15000
1787310363570,50030,-1578,-1600,296,15000
1787310363670,50030,-1578,-1600,296,15000
1787310363770,50030,-1578,-1600,296,15000
1787310363869,50030,-1578,-1600,296,15000
1787310363970,50030,-1578,-1600,296,15000
1787310364069,50030,-1578,-1600,296,15000
1787310364169,50030,-1578,-1600,296,15000
1787310364269,50030,-1578,-1600,296,15000
1787310364370,50030,-1578,-1600,296,15000
1787310364470,50030,-1578,-1600,296,15000
1787310364569,50030,-1578,-1600,296,15000
1787310364670,50030,-1578,-1600,296,15000
1787310364770,50030,-1578,-1600,296,15000
1787310364870,50030,-1578,-1600,296,15000
1787310364970,50030,-1578,-1600,296,15000
1787310365070,50030,-1578,-1600,296,15000
1787310365169,50030,-1578,-1600,296,15000
1787310365270,50030,-1578,-1600,296,15000
1787310365370,50030,-1578,-1600,296,15000
1787310365469,50030,-1578,-1600,296,15000
1787310365570,50030,-1578,-1600,296,15000
1787310365670,50030,-1578,-1600,296,15000
1787310365770,50030,-1578,-1600,296,15000
1787310365870,50030,-1578,-1600,296,15000
1787310365970,50030,-1578,-1600,296,15000
1787310366070,50030,-1578,-1600,296,15000
1787310366170,50030,-1578,-1600,296,15000
1787310366270,50030,-1578,-1600,296,15000
1787310366370,50030,-1578,-1600,296,15000
1787310366470,50030,-1578,-1600,296,15000
1787310366570,50030,-1578,-1600,296,15000
1787310366670,50030,-1578,-1600,296,15000
1787310366770,50030,-1578,-1600,296,15000
1787310366870,50030,-1578,-1600,296,15000
1787310366970,50030,-1578,-1600,296,15000
1787310367070,50030,-1578,-1600,296,15000
1787310367170,50030,-1578,-1500,296,15000
1787310367270,50030,-1578,-1500,296,15000
1787310367370,50030,-1578,-1500,296,15000
1787310367470,50030,-1578,-1500,296,15000
1787310367570,50030,-1578,-1500,296,15000
1787310367670,50030,-1578,-1500,296,15000
1787310367770,50030,-1578,-1600,296,15000
1787310367870,50030,-1578,-1600,296,15000
1787310367970,50030,-1578,-1600,296,15000
1787310368070,50030,-1578,-1600,296,15000
1787310368170,50030,-1578,-1600,296,15000
1787310368270,50030,-1578,-1600,296,15000
1787310368369,50030,-1578,-1600,296,15000
1787310368470,50030,-1578,-1600,296,15000
1787310368570,50030,-1578,-1600,296,15000
1787310368670,50030,-1578,-1600,296,15000
1787310368770,50030,-1578,-1600,296,15000
1787310368870,50030,-1578,-1600,296,15000
1787310368970,50030,-1578,-1600,296,15000
1787310369070,50030,-1578,-1600,296,15000
1787310369170,50030,-1578,-1600,296,15000
1787310369270,50030,-1578,-1600,296,15000
1787310369370,50030,-1578,-1600,296,15000
1787310369470,50030,-1578,-1600,296,15000
1787310369570,50030,-1578,-1600,296,15000
1787310369670,50030,-1578,-1600,296,15000
1787310369770,50030,-1578,-1600,296,15000
1787310369869,50030,-1578,-1600,296,15000
1787310369970,50030,-1578,-1600,296,15000
1787310370070,50030,-1578,-1600,296,15000
1787310370170,50030,-1578,-1600,296,15000
1787310370270,50030,-1578,-1600,296,15000
1787310370369,50030,-1578,-1600,296,15000
1787310370470,50030,-1578,-1600,296,15000
1787310370570,50030,-1578,-1600,296,15000
1787310370670,50030,-1578,-1600,296,15000
1787310370770,50030,-1578,-1600,296,15000
1787310370870,50030,-1578,-1600,296,15000
1787310370970,50030,-1578,-1600,296,15000
1787310371069,50030,-1578,-1600,296,15000
1787310371170,50030,-1578,-1600,296,15000
1787310371269,50030,-1578,-1600,296,15000
1787310371370,50030,-1578,-1600,296,15000
1787310371470,50030,-1578,-1600,296,15000
1787310371570,50030,-1578,-1600,296,15000
1787310371670,50030,-1578,-1600,296,15000
1787310371770,50030,-1578,-1600,296,15000
1787310371870,50030,-1578,-1600,296,15000
1787310371969,50030,-1578,-1500,296,15000
1787310372070,50030,-1578,-1500,296,15000
1787310372170,50030,-1578,-1500,296,15000
1787310372269,50030,-1578,-1500,296,15000
1787310372369,50030,-1578,-1500,296,15000
1787310372469,50030,-1578,-1500,296,15000
1787310372570,50030,-1578,-1500,296,15000
1787310372670,50030,-1578,-1600,296,15000
1787310372769,50030,-1578,-1600,296,15000
1787310372870,50030,-1578,-1600,296,15000
1787310372970,50030,-1578,-1600,296,15000
1787310373070,50030,-1578,-1600,296,15000
1787310373170,50030,-1578,-1600,296,15000
1787310373270,50030,-1578,-1600,296,15000
1787310373370,50030,-1578,-1600,296,15000
1787310373470,50030,-1578,-1600,296,15000
1787310373570,50030,-1578,-1600,296,15000
1787310373670,50030,-1578,-1600,296,15000
1787310373770,50030,-1578,-1600,296,15000
1787310373870,50030,-1578,-1600,296,15000
1787310373969,50030,-1578,-1600,296,15000
1787310374070,50030,-1578,-1600,296,15000
1787310374169,50030,-1578,-1600,296,15000
1787310374270,50030,-1578,-1600,296,15000
1787310374369,50030,-1578,-1600,296,15000
1787310374470,50030,-1578,-1600,296,15000
1787310374570,50030,-1578,-1600,296,15000
1787310374670,50030,-1578,-1600,296,15000
1787310374770,50030,-1578,-1600,296,15000
1787310374870,50030,-1578,-1600,296,15000
1787310374970,50030,-1578,-1600,296,15000
1787310375070,50030,-1578,-1600,296,15000
1787310375170,50030,-1578,-1600,296,15000
1787310375270,50030,-1578,-1600,296,15000
1787310375370,50030,-1578,-1600,296,15000
1787310375470,50030,-1578,-1600,296,15000
1787310375570,50030,-1578,-1600,296,15000
1787310375670,50030,-1578,-1600,296,15000
1787310375770,50030,-1578,-1600,296,15000
1787310375870,50030,-1578,-1600,296,15000
1787310375970,50030,-1578,-1600,296,15000
1787310376070,50030,-1578,-1600,296,15000
1787310376170,50030,-1578,-1600,296,15000
1787310376270,50030,-1578,-1600,296,15000
1787310376369,50030,-1578,-1600,296,15000
1787310376469,50030,-1578,-1600,296,15000
1787310376569,50030,-1578,-1600,296,15000
1787310376669,50030,-1578,-1600,296,15000
1787310376770,50030,-1578,-1600,296,15000
1787310376870,50030,-1578,-1600,296,15000
1787310376970,50030,-1578,-1600,296,15000
1787310377070,50030,-1578,-1600,296,15000
1787310377169,50030,-1578,-1600,296,15000
1787310377270,50030,-1578,-1600,296,15000
1787310377370,50030,-1578,-1600,296,15000
1787310377470,50030,-1578,-1600,296,15000
1787310377570,50030,-1578,-1600,296,15000
1787310377670,50030,-1578,-1600,296,15000
1787310377770,50030,-1578,-1600,296,15000
1787310377870,50030,-1578,-1600,296,15000
1787310377970,50030,-1578,-1600,296,15000
1787310378069,50030,-1578,-1600,296,15000
1787310378169,50030,-1578,-1600,296,15000
1787310378270,50030,-1578,-1600,296,15000
1787310378370,50030,-1578,-1600,296,15000
1787310378470,50030,-1578,-1600,296,15000
1787310378570,50030,-1578,-1600,296,15000
1787310378670,50030,-1578,-1600,296,15000
1787310378769,50030,-1578,-1600,296,15000
1787310378870,50030,-1578,-1600,296,15000
1787310378970,50030,-1578,-1600,296,15000
1787310379070,50030,-1578,-1600,296,15000
1787310379170,50030,-1578,-1600,296,15000
1787310379269,50030,-1578,-1600,296,15000
1787310379369,50030,-1578,-1600,296,15000
1787310379470,50030,-1578,-1600,296,15000
1787310379570,50030,-1578,-1600,296,15000
1787310379670,50030,-1578,-1600,296,15000
1787310379770,50030,-1578,-1600,296,15000
1787310379870,50030,-1578,-1600,296,15000
1787310379970,50030,-1578,-1600,296,15000
1787310380070,50030,-1578,-1600,296,15000
1787310380170,50030,-1578,-1600,296,15000
1787310380270,50030,-1578,-1600,296,15000
1787310380370,50030,-1578,-1500,296,15000
1787310380470,50030,-1578,-1500,296,15000
1787310380570,50030,-1578,-1500,296,15000
1787310380669,50030,-1578,-1500,296,15000
1787310380770,50030,-1578,-1500,296,15000
1787310380870,50030,-1578,-1500,296,15000
1787310380970,50030,-1578,-1600,296,15000
1787310381070,50030,-1578,-1600,296,15000
1787310381170,50030,-1578,-1600,296,15000
1787310381270,50030,-1578,-1600,296,15000
1787310381370,50030,-1578,-1600,296,15000
1787310381470,50030,-1578,-1600,296,15000
1787310381570,50030,-1578,-1600,296,15000
1787310381669,50030,-1578,-1600,296,15000
1787310381770,50030,-1578,-1600,296,15000
1787310381870,50030,-1578,-1600,296,15000
1787310381970,50030,-1578,-1600,296,15000
1787310382070,50030,-1578,-1600,296,15000
1787310382170,50030,-1578,-1600,296,15000
1787310382270,50030,-1578,-1600,296,15000
1787310382370,50030,-1578,-1600,296,15000
1787310382470,50030,-1578,-1600,296,15000
1787310382570,50030,-1578,-1600,296,15000
1787310382669,50030,-1578,-1600,296,15000
1787310382770,50030,-1578,-1600,296,15000
1787310382869,50030,-1578,-1600,296,15000
1787310382969,50030,-1578,-1600,296,15000
1787310383070,50030,-1578,-1600,296,15000
1787310383170,50030,-1578,-1600,296,15000
1787310383269,50030,-1578,-1600,296,15000
1787310383370,50030,-1578,-1600,296,15000
1787310383470,50030,-1578,-1600,296,15000
1787310383570,50030,-1578,-1600,296,15000
1787310383669,50030,-1578,-1600,296,15000
1787310383770,50030,-1578,-1600,296,15000
1787310383870,50030,-1578,-1600,296,15000
1787310383970,50030,-1578,-1600,296,15000
1787310384070,50030,-1578,-1600,296,15000
1787310384170,50030,-1578,-1600,296,15000
1787310384270,50030,-1578,-1600,296,15000
1787310384370,50030,-1578,-1600,296,15000
1787310384470,50030,-1578,-1600,296,15000
1787310384570,50030,-1578,-1600,296,15000
1787310384669,50030,-1578,-1600,296,15000
1787310384770,50030,-1578,-1600,296,15000
1787310384869,50030,-1578,-1600,296,15000
1787310384969,50030,-1578,-1600,296,15000
1787310385070,50030,-1578,-1600,296,15000
1787310385170,50030,-1578,-1600,296,15000
1787310385270,50030,-1578,-1600,296,15000
1787310385370,50030,-1578,-1600,296,15000
1787310385470,50030,-1578,-1600,296,15000
1787310385570,50030,-1578,-1600,296,15000
1787310385670,50030,-1578,-1600,296,15000
1787310385770,50030,-1578,-1600,296,15000
1787310385870,50030,-1578,-1600,296,15000
1787310385969,50030,-1578,-1600,296,15000
1787310386070,50030,-1578,-1600,296,15000
1787310386170,50030,-1578,-1600,296,15000
1787310386270,50030,-1578,-1600,296,15000
1787310386370,50030,-1578,-1600,296,15000
1787310386470,50030,-1578,-1500,296,15000
1787310386570,50030,-1578,-1500,296,15000
1787310386670,50030,-1578,-1500,296,15000
1787310386770,50030,-1578,-1500,296,15000
1787310386870,50030,-1578,-1500,296,15000
1787310386969,50030,-1578,-1500,296,15000
1787310387070,50030,-1578,-1600,296,15000
1787310387170,50030,-1578,-1600,296,15000
1787310387270,50030,-1578,-1600,296,15000
1787310387370,50030,-1578,-1600,296,15000
1787310387470,50030,-1578,-1600,296,15000
1787310387570,50030,-1578,-1600,296,15000
1787310387670,50030,-1578,-1600,296,15000
1787310387770,50030,-1578,-1600,296,15000
1787310387870,50030,-1578,-1600,296,15000
1787310387970,50030,-1578,-1600,296,15000
1787310388070,50030,-1578,-1600,296,15000
1787310388170,50030,-1578,-1600,296,15000
1787310388270,50030,-1578,-1600,296,15000
1787310388370,50030,-1578,-1600,296,15000
1787310388470,50030,-1578,-1600,296,15000
1787310388570,50030,-1578,-1600,296,15000
1787310388670,50030,-1578,-1600,296,15000
1787310388770,50030,-1578,-1600,296,15000
1787310388870,50030,-1578,-1600,296,15000
1787310388970,50030,-1578,-1600,296,15000
1787310389070,50030,-1578,-1600,296,15000
1787310389170,50030,-1578,-1600,296,15000
1787310389270,50030,-1578,-1600,296,15000
1787310389370,50030,-1578,-1600,296,15000
1787310389470,50030,-1578,-1600,296,15000
1787310389570,50030,-1578,-1600,296,15000
1787310389670,50030,-1578,-1600,296,15000
1787310389770,50030,-1578,-1600,296,15000
1787310389870,50030,-1578,-1600,296,15000
1787310389970,50030,-1578,-1600,296,15000
1787310390069,50030,-1578,-1600,296,15000
1787310390170,50030,-1578,-1600,296,15000
1787310390269,50030,-1578,-1600,296,15000
1787310390370,50030,-1578,-1600,296,15000
1787310390470,50030,-1578,-1600,296,15000
1787310390569,50030,-1578,-1600,296,15000
1787310390670,50030,-1578,-1600,296,15000
1787310390770,50030,-1578,-1600,296,15000
1787310390870,50030,-1578,-1600,296,15000
1787310390970,50030,-1578,-1600,296,15000
1787310391069,50030,-1578,-1600,296,15000
1787310391170,50030,-1578,-1600,296,15000
1787310391270,50030,-1578,-1600,296,15000
1787310391370,50030,-1578,-1600,296,15000
1787310391470,50030,-1578,-1600,296,15000
1787310391570,50030,-1578,-1600,296,15000
1787310391670,50030,-1578,-1600,296,15000
1787310391770,50030,-1578,-1600,296,15000
1787310391870,50030,-1578,-1600,296,15000
1787310391970,50030,-1578,-1600,296,15000
1787310392070,50030,-1578,-1600,296,15000
1787310392169,50030,-1578,-1600,296,15000
1787310392270,50030,-1578,-1600,296,15000
1787310392370,50030,-1578,-1600,296,15000
1787310392469,50030,-1578,-1600,296,15000
1787310392569,50030,-1578,-1600,296,15000
1787310392670,50030,-1578,-1600,296,15000
1787310392770,50030,-1578,-1600,296,15000
1787310392870,50030,-1578,-1600,296,15000
1787310392970,50030,-1578,-1600,296,15000
1787310393070,50030,-1578,-1600,296,15000
1787310393170,50030,-1578,-1600,296,15000
1787310393270,50030,-1578,-1600,296,15000
1787310393370,50030,-1578,-1600,296,15000
1787310393470,50030,-1578,-1600,296,15000
1787310393570,50030,-1578,-1600,296,15000
1787310393670,50030,-1578,-1600,296,15000
1787310393770,50030,-1578,-1600,296,15000
1787310393870,50030,-1578,-1600,296,15000
1787310393970,50030,-1578,-1600,296,15000
1787310394070,50030,-1578,-1600,296,15000
1787310394170,50030,-1578,-1600,296,15000
1787310394270,50030,-1578,-1600,296,15000
1787310394369,50030,-1578,-1600,296,15000
1787310394469,50030,-1578,-1600,296,15000
1787310394570,50030,-1578,-1600,296,15000
1787310394670,50030,-1578,-1600,296,15000
1787310394770,50030,-1578,-1600,296,15000
1787310394870,50030,-1578,-1600,296,15000
1787310394970,50030,-1578,-1600,296,15000
1787310395070,50030,-1578,-1600,296,15000
1787310395170,50030,-1578,-1600,296,15000
1787310395270,50030,-1578,-1600,296,15000
1787310395370,50030,-1578,-1600,296,15000
1787310395470,50030,-1578,-1600,296,15000
1787310395570,50030,-1578,-1600,296,15000
1787310395670,50030,-1578,-1600,296,15000
1787310395770,50030,-1578,-1600,296,15000
1787310395870,50030,-1578,-1600,296,15000
1787310395970,50030,-1578,-1600,296,15000
1787310396070,50030,-1578,-1600,296,15000
1787310396170,50030,-1578,-1600,296,15000
1787310396270,50030,-1578,-1600,296,15000
1787310396370,50030,-1578,-1600,296,15000
1787310396470,50030,-1578,-1600,296,15000
1787310396570,50030,-1578,-1600,296,15000
1787310396669,50030,-1578,-1600,296,15000
1787310396770,50030,-1578,-1600,296,15000
1787310396870,50030,-1578,-1600,296,15000
1787310396970,50030,-1578,-1600,296,15000
1787310397069,50030,-1578,-1600,296,15000
1787310397170,50030,-1578,-1600,296,15000
1787310397269,50030,-1578,-1600,296,15000
1787310397370,50030,-1578,-1600,296,15000
1787310397470,50030,-1578,-1600,296,15000
1787310397570,50030,-1578,-1600,296,15000
1787310397670,50030,-1578,-1600,296,15000
1787310397769,50030,-1578,-1600,296,15000
1787310397870,50030,-1578,-1600,296,15000
1787310397970,50030,-1578,-1600,296,15000
1787310398070,50030,-1578,-1600,296,15000
1787310398170,50030,-1578,-1600,296,15000
1787310398270,50030,-1578,-1600,296,15000
1787310398369,50030,-1578,-1600,296,15000
1787310398470,50030,-1578,-1600,296,15000
1787310398570,50030,-1578,-1600,296,15000
1787310398670,50030,-1578,-1600,296,15000
1787310398770,50030,-1578,-1600,296,15000
1787310398870,50030,-1578,-1600,296,15000
1787310398969,50030,-1578,-1600,296,15000
1787310399070,50030,-1578,-1600,296,15000
1787310399170,50030,-1578,-1600,296,15000
1787310399269,50030,-1578,-1600,296,15000
1787310399370,50030,-1578,-1600,296,15000
1787310399470,50030,-1578,-1600,296,15000
1787310399570,50030,-1578,-1600,296,15000
1787310399670,50030,-1578,-1600,296,15000
1787310399770,50030,-1578,-1600,296,15000
1787310399870,50030,-1578,-1600,296,15000
1787310399970,50030,-1578,-1600,296,15000
1787310400070,50030,-1578,-1600,296,15000
1787310400170,50030,-1578,-1600,296,15000
1787310400270,50030,-1578,-1600,296,15000
1787310400369,50030,-1578,-1600,296,15000
1787310400470,50030,-1578,-1600,296,15000
1787310400570,50030,-1578,-1600,296,15000
1787310400669,50030,-1578,-1600,296,15000
1787310400770,50030,-1578,-1600,296,15000
1787310400870,50030,-1578,-1600,296,15000
1787310400970,50030,-1578,-1600,296,15000
1787310401070,50030,-1578,-1600,296,15000
1787310401170,50030,-1578,-1600,296,15000
1787310401270,50030,-1578,-1600,296,15000
1787310401369,50030,-1578,-1600,296,15000
1787310401470,50030,-1578,-1600,296,15000
1787310401570,50030,-1578,-1600,296,15000
1787310401670,50030,-1578,-1600,296,15000
1787310401770,50030,-1578,-1600,296,15000
1787310401870,50030,-1578,-1600,296,15000
1787310401970,50030,-1578,-1600,296,15000
1787310402070,50030,-1578,-1600,296,15000
1787310402169,50030,-1578,-1600,296,15000
1787310402270,50030,-1578,-1600,296,15000
1787310402370,50030,-1578,-1600,296,15000
1787310402469,50030,-1578,-1600,296,15000
1787310402570,50030,-1578,-1600,296,15000
1787310402670,50030,-1578,-1600,296,15000
1787310402770,50030,-1578,-1600,296,15000
1787310402870,50030,-1578,-1600,296,15000
1787310402969,50030,-1578,-1600,296,15000
1787310403070,50030,-1578,-1600,296,15000
1787310403170,50030,-1578,-1600,296,15000
1787310403270,50030,-1578,-1600,296,15000
1787310403369,50030,-1578,-1600,296,15000
1787310403470,50030,-1578,-1600,296,15000
1787310403570,50030,-1578,-1600,296,15000
1787310403669,50030,-1578,-1600,296,15000
1787310403769,50030,-1578,-1600,296,15000
1787310403870,50030,-1578,-1600,296,15000
1787310403970,50030,-1578,-1600,296,15000
1787310404069,50030,-1578,-1600,296,15000
1787310404170,50030,-1578,-1600,296,15000
1787310404270,50030,-1578,-1600,296,15000
1787310404370,50030,-1578,-1600,296,15000
1787310404470,50030,-1578,-1600,296,15000
1787310404570,50030,-1578,-1600,296,15000
1787310404670,50030,-1578,-1600,296,15000
1787310404770,50030,-1578,-1600,296,15000
1787310404870,50030,-1578,-1600,296,15000
1787310404970,50030,-1578,-1600,296,15000
1787310405070,50030,-1578,-1600,296,15000
1787310405170,50030,-1578,-1600,296,15000
1787310405270,50030,-1578,-1600,296,15000
1787310405369,50030,-1578,-1600,296,15000
1787310405470,50030,-1578,-1600,296,15000
1787310405570,50030,-1578,-1600,296,15000
1787310405670,50030,-1578,-1600,296,15000
1787310405770,50030,-1578,-1600,296,15000
1787310405870,50030,-1578,-1600,296,15000
1787310405969,50030,-1578,-1600,296,15000
1787310406070,50030,-1578,-1600,296,15000
1787310406170,50030,-1578,-1600,296,15000
1787310406270,50030,-1578,-1600,296,15000
1787310406369,50030,-1578,-1600,296,15000
1787310406470,50030,-1578,-1600,296,15000
1787310406570,50030,-1578,-1600,296,15000
1787310406670,50030,-1578,-1600,296,15000
1787310406770,50030,-1578,-1600,296,15000
1787310406870,50030,-1578,-1600,296,15000
1787310406970,50030,-1578,-1600,296,15000
1787310407069,50030,-1578,-1600,296,15000
1787310407169,50030,-1578,-1600,296,15000
1787310407270,50030,-1578,-1600,296,15000
1787310407370,50030,-1578,-1600,296,15000
1787310407470,50030,-1578,-1600,296,15000
1787310407570,50030,-1578,-1600,296,15000
1787310407670,50030,-1578,-1600,296,15000
1787310407770,50030,-1578,-1600,296,15000
1787310407869,50030,-1578,-1600,296,15000
1787310407970,50030,-1578,-1600,296,15000
1787310408069,50030,-1578,-1600,296,15000
1787310408170,50030,-1578,-1600,296,15000
1787310408270,50030,-1578,-1600,296,15000
1787310408370,50030,-1578,-1600,296,15000
1787310408469,50030,-1578,-1600,296,15000
1787310408570,50030,-1578,-1600,296,15000
1787310408669,50030,-1578,-1600,296,15000
1787310408769,50030,-1578,-1600,296,15000
1787310408870,50030,-1578,-1600,296,15000
1787310408970,50030,-1578,-1600,296,15000
1787310409070,50030,-1578,-1600,296,15000
1787310409170,50030,-1578,-1600,296,15000
1787310409270,50030,-1578,-1600,296,15000
1787310409370,50030,-1578,-1600,296,15000
1787310409470,50030,-1578,-1600,296,15000
1787310409570,50030,-1578,-1600,296,15000
1787310409670,50030,-1578,-1600,296,15000
1787310409770,50030,-1578,-1600,296,15000
1787310409870,50030,-1578,-1600,296,15000
1787310409969,50030,-1578,-1600,296,15000
1787310410069,50030,-1578,-1600,296,15000
1787310410170,50030,-1578,-1600,296,15000
1787310410270,50030,-1578,-1600,296,15000
1787310410370,50030,-1578,-1600,296,15000
1787310410470,50030,-1578,-1600,296,15000
1787310410569,50030,-1578,-1600,296,15000
1787310410670,50030,-1578,-1600,296,15000
1787310410770,50030,-1578,-1600,296,15000
1787310410870,50030,-1578,-1600,296,15000
1787310410970,50030,-1578,-1600,296,15000
1787310411070,50030,-1578,-1600,296,15000
1787310411170,50030,-1578,-1600,296,15000
1787310411270,50030,-1578,-1600,296,15000
1787310411370,50030,-1578,-1600,296,15000
1787310411470,50030,-1578,-1600,296,15000
1787310411570,50030,-1578,-1600,296,15000
1787310411670,50030,-1578,-1600,296,15000
1787310411770,50030,-1578,-1600,296,15000
1787310411870,50030,-1578,-1600,296,15000
1787310411970,50030,-1578,-1600,296,15000
1787310412070,50030,-1578,-1600,296,15000
1787310412170,50030,-1578,-1600,296,15000
1787310412270,50030,-1578,-1600,296,15000
1787310412370,50030,-1578,-1600,296,15000
1787310412470,50030,-1578,-1600,296,15000
1787310412570,50030,-1578,-1600,296,15000
1787310412670,50030,-1578,-1600,296,15000
1787310412769,50030,-1578,-1600,296,15000
1787310412870,50030,-1578,-1600,296,15000
1787310412970,50030,-1578,-1600,296,15000
1787310413070,50030,-1578,-1600,296,15000
1787310413170,50030,-1578,-1600,296,15000
1787310413269,50030,-1578,-1600,296,15000
1787310413369,50030,-1578,-1600,296,15000
1787310413470,50030,-1578,-1600,296,15000
1787310413570,50030,-1578,-1600,296,15000
1787310413670,50030,-1578,-1600,296,15000
1787310413769,50030,-1578,-1600,296,15000
1787310413870,50030,-1578,-1600,296,15000
1787310413969,50030,-1578,-1600,296,15000
1787310414070,50030,-1578,-1600,296,15000
1787310414170,50030,-1578,-1600,296,15000
1787310414270,50030,-1578,-1600,296,15000
1787310414370,50030,-1578,-1600,296,15000
1787310414470,50030,-1578,-1600,296,15000
1787310414569,50030,-1578,-1600,296,15000
1787310414670,50030,-1578,-1600,296,15000
1787310414770,50030,-1578,-1600,296,15000
1787310414870,50030,-1578,-1600,296,15000
1787310414970,50030,-1578,-1600,296,15000
1787310415069,50030,-1578,-1600,296,15000
1787310415170,50030,-1578,-1600,296,15000
1787310415270,50030,-1578,-1600,296,15000
1787310415370,50030,-1578,-1600,296,15000
1787310415470,50030,-1578,-1600,296,15000
1787310415570,50030,-1578,-1600,296,15000
1787310415670,50030,-1578,-1600,296,15000
1787310415770,50030,-1578,-1600,296,15000
1787310415870,50030,-1578,-1600,296,15000
1787310415970,50030,-1578,-1600,296,15000
1787310416070,50030,-1578,-1600,296,15000
1787310416170,50030,-1578,-1600,296,15000
1787310416269,50030,-1578,-1600,296,15000
1787310416370,50030,-1578,-1600,296,15000
1787310416470,50030,-1578,-1600,296,15000
1787310416570,50030,-1578,-1600,296,15000
1787310416670,50030,-1578,-1600,296,15000
1787310416770,50030,-1578,-1600,296,15000
1787310416870,50000,0,-1600,296,15000
1787310416970,50000,0,-1600,296,15000
1787310417070,50000,0,-1600,296,15000
1787310417170,50000,0,-1000,296,15000
1787310417270,50000,0,-1000,296,15000
1787310417370,50000,0,-1000,296,15000
1787310417470,50000,0,-1000,296,15000
1787310417570,50000,0,-1000,296,15000
1787310417670,50000,0,-1000,296,15000
1787310417770,50000,0,0,296,15000
1787310417870,50000,0,0,296,15000
1787310417970,50000,0,0,296,15000
1787310418070,50000,0,0,296,15000
1787310418170,50000,0,0,296,15000
1787310418270,50000,0,0,296,15000
1787310418370,50000,0,0,296,15000
1787310418469,50000,0,0,296,15000
1787310418570,50000,0,0,296,15000
1787310418670,50000,0,0,296,15000
1787310418770,50000,0,0,296,15000
1787310418870,50000,0,0,296,15000
1787310418970,50000,0,0,296,15000
1787310419070,50000,0,0,296,15000
1787310419170,50000,0,0,296,15000
1787310419270,50000,0,0,296,15000
1787310419370,50000,0,0,296,15000
1787310419469,50000,0,0,296,15000
1787310419570,50000,0,0,296,15000
1787310419670,50000,0,0,296,15000
1787310419770,50000,0,0,296,15000
1787310419870,50000,0,0,296,15000
1787310419970,50000,0,0,296,15000
1787310420070,50000,0,0,296,15000
1787310420170,50000,0,0,296,15000
1787310420270,50000,0,0,296,15000
1787310420369,50000,0,0,296,15000
1787310420470,50000,0,0,296,15000
1787310420570,50000,0,0,296,15000
1787310420670,50000,0,0,296,15000
1787310420770,50000,0,0,296,15000
1787310420870,50000,0,0,296,15000
1787310420969,50000,0,0,296,15000
1787310421069,50000,0,0,296,15000
1787310421170,50000,0,0,296,15000
1787310421270,50000,0,0,296,15000
1787310421369,50000,0,0,296,15000
1787310421470,50000,0,0,296,15000
1787310421570,50000,0,0,296,15000
1787310421670,50000,0,0,296,15000
1787310421769,50000,0,0,296,15000
1787310421870,50000,0,0,296,15000
1787310421970,50000,0,0,296,15000
1787310422070,50000,0,0,296,15000
1787310422169,50000,0,0,296,15000
1787310422270,50000,0,0,296,15000
1787310422370,50000,0,0,296,15000
1787310422470,50000,0,0,296,15000
1787310422570,50000,0,0,296,15000
1787310422670,50000,0,0,296,15000
1787310422770,50000,0,0,296,15000
1787310422870,50000,0,0,296,15000
1787310422970,50000,0,0,296,15000
1787310423070,50000,0,0,296,15000
1787310423170,50000,0,0,296,15000
1787310423270,50000,0,0,296,15000
1787310423370,50000,0,0,296,15000
1787310423470,50000,0,0,296,15000
1787310423570,50000,0,0,296,15000
1787310423670,50000,0,0,296,15000
1787310423770,50000,0,0,296,15000
1787310423870,50000,0,0,296,15000
1787310423970,50000,0,0,296,15000
1787310424070,50000,0,0,296,15000
1787310424170,50000,0,0,296,15000
1787310424269,50000,0,0,296,15000
1787310424370,50000,0,0,296,15000
1787310424470,50000,0,0,296,15000
1787310424570,50000,0,0,296,15000
1787310424670,50000,0,0,296,15000
1787310424770,50000,0,0,296,15000
1787310424870,50000,0,0,296,15000
1787310424970,50000,0,0,296,15000
1787310425069,50000,0,0,296,15000
1787310425170,50000,0,0,296,15000
1787310425270,50000,0,0,296,15000
1787310425370,50000,0,0,296,15000
1787310425470,50000,0,0,296,15000
1787310425570,50000,0,0,296,15000
1787310425670,50000,0,0,296,15000
1787310425770,50000,0,0,296,15000
1787310425870,50000,0,0,296,15000
1787310425970,50000,0,0,296,15000
1787310426070,50000,0,0,296,15000
1787310426170,50000,0,0,296,15000
1787310426270,50000,0,0,296,15000
1787310426370,50000,0,0,296,15000
1787310426470,50000,0,0,296,15000
1787310426570,50000,0,0,296,15000
1787310426670,50000,0,0,296,15000
1787310426770,50000,0,0,296,15000
1787310426870,50000,0,0,296,15000
1787310426970,50000,0,0,296,15000
1787310427070,50000,0,0,296,15000
1787310427170,50000,0,0,296,15000
1787310427270,50000,0,0,296,15000
1787310427370,50000,0,0,296,15000
1787310427470,50000,0,0,296,15000
1787310427570,50000,0,0,296,15000
1787310427670,50000,0,0,296,15000
1787310427770,50000,0,0,296,15000
1787310427870,50000,0,0,296,15000
1787310427970,50000,0,0,296,15000
1787310428070,50000,0,0,296,15000
1787310428170,50000,0,0,296,15000
1787310428270,50000,0,0,296,15000
1787310428370,50000,0,0,296,15000
1787310428469,50000,0,0,296,15000
1787310428570,50000,0,0,296,15000
1787310428670,50000,0,0,296,15000
1787310428770,50000,0,0,296,15000
1787310428870,50000,0,0,296,15000
1787310428969,50000,0,0,296,15000
1787310429069,50000,0,0,296,15000
1787310429170,50000,0,0,296,15000
1787310429270,50000,0,0,296,15000
1787310429370,50000,0,0,296,15000
1787310429470,50000,0,0,296,15000
1787310429570,50000,0,0,296,15000
1787310429670,50000,0,0,296,15000
1787310429770,50000,0,0,296,15000
1787310429870,50000,0,0,296,15000
1787310429970,50000,0,0,296,15000
1787310430070,50000,0,0,296,15000
1787310430170,50000,0,0,296,15000
1787310430269,50000,0,0,296,15000
1787310430370,50000,0,0,296,15000
1787310430469,50000,0,0,296,15000
1787310430570,50000,0,0,296,15000
1787310430670,50000,0,0,296,15000
1787310430769,50000,0,0,296,15000
1787310430870,50000,0,0,296,15000
1787310430970,50000,0,0,296,15000
1787310431069,50000,0,0,296,15000
1787310431170,50000,0,0,296,15000
1787310431270,50000,0,0,296,15000
1787310431370,50000,0,0,296,15000
1787310431470,50000,0,0,296,15000
1787310431570,50000,0,0,296,15000
1787310431670,50000,0,0,296,15000
1787310431770,50000,0,0,296,15000
1787310431870,50000,0,0,296,15000
1787310431970,50000,0,0,296,15000
1787310432069,50000,0,0,296,15000
1787310432170,50000,0,0,296,15000
1787310432269,50000,0,0,296,15000
1787310432370,50000,0,0,296,15000
1787310432470,50000,0,0,296,15000
1787310432569,50000,0,0,296,15000
1787310432670,50000,0,0,296,15000
1787310432770,50000,0,0,296,15000
1787310432870,50000,0,0,296,15000
1787310432970,50000,0,0,296,15000
1787310433070,50000,0,0,296,15000
1787310433170,50000,0,0,296,15000
1787310433269,50000,0,0,296,15000
1787310433370,50000,0,0,296,15000
1787310433470,50000,0,0,296,15000
1787310433570,50000,0,0,296,15000
1787310433670,50000,0,0,296,15000
1787310433770,50000,0,0,296,15000
1787310433870,50000,0,0,296,15000
1787310433970,50000,0,0,296,15000
1787310434070,50000,0,0,296,15000
1787310434170,50000,0,0,296,15000
1787310434270,50000,0,0,296,15000
1787310434370,50000,0,0,296,15000
1787310434470,50000,0,0,296,15000
1787310434570,50000,0,0,296,15000
1787310434670,50000,0,0,296,15000
1787310434770,50000,0,0,296,15000
1787310434870,50000,0,0,296,15000
1787310434970,50000,0,0,296,15000
1787310435070,50000,0,0,296,15000
1787310435170,50000,0,0,296,15000
1787310435270,50000,0,0,296,15000
1787310435370,50000,0,0,296,15000
1787310435470,50000,0,0,296,15000
1787310435570,50000,0,0,296,15000
1787310435670,50000,0,0,296,15000
1787310435770,50000,0,0,296,15000
1787310435870,50000,0,0,296,15000
1787310435970,50000,0,0,296,15000
1787310436070,50000,0,0,296,15000
1787310436170,50000,0,0,296,15000
1787310436270,50000,0,0,296,15000
1787310436369,50000,0,0,296,15000
1787310436470,50000,0,0,296,15000
1787310436570,50000,0,0,296,15000
1787310436670,50000,0,0,296,15000
1787310436770,50000,0,0,296,15000
1787310436870,50000,0,0,296,15000
1787310436970,50000,0,0,296,15000
1787310437070,50000,0,0,296,15000
1787310437170,50000,0,0,296,15000
1787310437270,50000,0,0,296,15000
1787310437370,50000,0,0,296,15000
1787310437470,50000,0,0,296,15000
1787310437570,50000,0,0,296,15000
1787310437670,50000,0,0,296,15000
1787310437769,50000,0,0,296,15000
1787310437870,50000,0,0,296,15000
1787310437970,50000,0,0,296,15000
1787310438070,50000,0,0,296,15000
1787310438170,50000,0,0,296,15000
1787310438270,50000,0,0,296,15000
1787310438369,50000,0,0,296,15000
1787310438470,50000,0,0,296,15000
1787310438570,50000,0,0,297,15000
1787310438669,50000,0,0,297,15000
1787310438769,50000,0,0,297,15000
1787310438870,50000,0,0,297,15000
1787310438969,50000,0,0,297,15000
1787310439070,50000,0,0,297,15000
1787310439170,50000,0,0,297,15000
1787310439270,50000,0,0,297,15000
1787310439370,50000,0,0,297,15000
1787310439470,50000,0,0,297,15000
1787310439570,50000,0,0,297,15000
1787310439670,50000,0,0,297,15000
1787310439770,50000,0,0,297,15000
1787310439870,50000,0,0,297,15000
1787310439970,50000,0,0,297,15000
1787310440070,50000,0,0,297,15000
1787310440170,50000,0,0,297,15000
1787310440270,50000,0,0,297,15000
1787310440370,50000,0,0,297,15000
1787310440470,50000,0,0,297,15000
1787310440570,50000,0,0,297,15000
1787310440670,50000,0,0,297,15000
1787310440770,50000,0,0,297,15000
1787310440870,50000,0,0,297,15000
1787310440970,50000,0,0,297,15000
1787310441070,50000,0,0,297,15000
1787310441170,50000,0,0,297,15000
1787310441269,50000,0,0,297,15000
1787310441370,50000,0,0,297,15000
1787310441469,50000,0,0,297,15000
1787310441570,50000,0,0,297,15000
1787310441670,50000,0,0,297,15000
1787310441770,50000,0,0,297,15000
1787310441870,50000,0,0,297,15000
1787310441970,50000,0,0,297,15000
1787310442070,50000,0,0,297,15000
1787310442170,50000,0,0,297,15000
1787310442269,50000,0,0,297,15000
1787310442370,50000,0,0,297,15000
1787310442470,50000,0,0,297,15000
1787310442569,50000,0,0,297,15000
1787310442670,50000,0,0,297,15000
1787310442770,50000,0,0,297,15000
1787310442870,50000,0,0,297,15000
1787310442970,50000,0,0,297,15000
1787310443070,50000,0,0,297,15000
1787310443169,50000,0,0,297,15000
1787310443269,50000,0,0,297,15000
1787310443370,50000,0,0,297,15000
1787310443470,50000,0,0,297,15000
1787310443570,50000,0,0,297,15000
1787310443670,50000,0,0,297,15000
1787310443770,50000,0,0,297,15000
1787310443870,50000,0,0,297,15000
1787310443969,50000,0,0,297,15000
1787310444070,50000,0,0,297,15000
1787310444170,50000,0,0,297,15000
1787310444270,50000,0,0,297,15000
1787310444370,50000,0,0,297,15000
1787310444470,50000,0,0,297,15000
1787310444570,50000,0,0,297,15000
1787310444670,50000,0,0,297,15000
1787310444770,50000,0,0,297,15000
1787310444870,50000,0,0,297,15000
1787310444969,50000,0,0,297,15000
1787310445070,50000,0,0,297,15000
1787310445170,50000,0,0,297,15000
1787310445270,50000,0,0,297,15000
1787310445369,50000,0,0,297,15000
1787310445470,50000,0,0,297,15000
1787310445570,50000,0,0,297,15000
1787310445670,50000,0,0,297,15000
1787310445770,50000,0,0,297,15000
1787310445870,50000,0,0,297,15000
1787310445970,50000,0,0,297,15000
1787310446070,50000,0,0,297,15000
1787310446170,50000,0,0,297,15000
1787310446270,50000,0,0,297,15000
1787310446370,50000,0,0,297,15000
1787310446470,50000,0,0,297,15000
1787310446570,50000,0,0,297,15000
1787310446670,50000,0,0,297,15000
1787310446769,50000,0,0,297,15000
1787310446870,49970,1578,0,297,15000
1787310446970,49970,1578,0,297,15000
1787310447070,49970,1578,0,297,15000
1787310447170,49970,1578,900,297,15000
1787310447270,49970,1578,900,297,15000
1787310447370,49970,1578,900,297,15000
1787310447470,49970,1578,900,297,15000
1787310447570,49970,1578,900,297,15000
1787310447670,49970,1578,900,297,15000
1787310447770,49970,1578,900,297,15000
1787310447870,49970,1578,1500,297,15000
1787310447970,49970,1578,1500,297,15000
1787310448070,49970,1578,1500,297,15000
1787310448170,49970,1578,1500,297,15000
1787310448270,49970,1578,1500,297,15000
1787310448370,49970,1578,1500,297,15000
1787310448470,49970,1578,1500,297,15000
1787310448570,49970,1578,1500,297,15000
1787310448670,49970,1578,1500,297,15000
1787310448770,49970,1578,1500,297,15000
1787310448870,49970,1578,1500,297,15000
1787310448970,49970,1578,1500,297,15000
1787310449070,49970,1578,1500,297,15000
1787310449170,49970,1578,1500,297,15000
1787310449270,49970,1578,1500,297,15000
1787310449370,49970,1578,1500,297,15000
1787310449470,49970,1578,1500,297,15000
1787310449570,49970,1578,1500,297,15000
1787310449670,49970,1578,1500,297,15000
1787310449770,49970,1578,1500,297,15000
1787310449870,49970,1578,1500,297,15000
1787310449970,49970,1578,1500,297,15000
1787310450070,49970,1578,1500,297,15000
1787310450170,49970,1578,1500,297,15000
1787310450270,49970,1578,1500,297,15000
1787310450370,49970,1578,1500,297,15000
1787310450470,49970,1578,1500,297,15000
1787310450570,49970,1578,1500,297,15000
1787310450669,49970,1578,1500,297,15000
1787310450770,49970,1578,1500,297,15000
1787310450870,49970,1578,1500,297,15000
1787310450970,49970,1578,1500,297,15000
1787310451070,49970,1578,1500,297,15000
1787310451170,49970,1578,1500,297,15000
1787310451270,49970,1578,1500,297,15000
1787310451370,49970,1578,1500,297,15000
1787310451469,49970,1578,1500,297,15000
1787310451569,49970,1578,1500,297,15000
1787310451670,49970,1578,1500,297,15000
1787310451770,49970,1578,1500,297,15000
1787310451869,49970,1578,1500,297,15000
1787310451970,49970,1578,1500,297,15000
1787310452070,49970,1578,1500,297,15000
1787310452170,49970,1578,1500,297,15000
1787310452270,49970,1578,1500,297,15000
1787310452370,49970,1578,1500,297,15000
1787310452469,49970,1578,1500,297,15000
1787310452570,49970,1578,1500,297,15000
1787310452670,49970,1578,1500,297,15000
1787310452770,49970,1578,1500,297,15000
1787310452870,49970,1578,1500,297,15000
1787310452970,49970,1578,1500,297,15000
1787310453070,49970,1578,1500,297,15000
1787310453170,49970,1578,1500,297,15000
1787310453270,49970,1578,1600,297,15000
1787310453370,49970,1578,1600,297,15000
1787310453469,49970,1578,1600,297,15000
1787310453570,49970,1578,1600,297,15000
1787310453670,49970,1578,1600,297,15000
1787310453770,49970,1578,1600,297,15000
1787310453870,49970,1578,1500,297,15000
1787310453970,49970,1578,1500,297,15000
1787310454070,49970,1578,1500,297,15000
1787310454170,49970,1578,1500,297,15000
1787310454270,49970,1578,1500,297,15000
1787310454370,49970,1578,1500,297,15000
1787310454470,49970,1578,1500,297,15000
1787310454570,49970,1578,1500,297,15000
1787310454669,49970,1578,1500,297,15000
1787310454769,49970,1578,1500,297,15000
1787310454870,49970,1578,1500,297,15000
1787310454970,49970,1578,1500,297,15000
1787310455070,49970,1578,1500,297,15000
1787310455170,49970,1578,1500,297,15000
1787310455270,49970,1578,1500,297,15000
1787310455370,49970,1578,1500,297,15000
1787310455470,49970,1578,1500,297,15000
1787310455570,49970,1578,1500,297,15000
1787310455670,49970,1578,1500,297,15000
1787310455770,49970,1578,1500,297,15000
1787310455869,49970,1578,1500,297,15000
1787310455970,49970,1578,1500,297,15000
1787310456070,49970,1578,1500,297,15000
1787310456170,49970,1578,1500,297,15000
1787310456269,49970,1578,1500,297,15000
1787310456370,49970,1578,1500,297,15000
1787310456469,49970,1578,1500,297,15000
1787310456570,49970,1578,1500,297,15000
1787310456670,49970,1578,1500,297,15000
1787310456770,49970,1578,1500,297,15000
1787310456870,49970,1578,1500,297,15000
1787310456970,49970,1578,1500,297,15000
1787310457070,49970,1578,1500,297,15000
1787310457170,49970,1578,1500,297,15000
1787310457270,49970,1578,1500,297,15000
1787310457370,49970,1578,1500,297,15000
1787310457470,49970,1578,1500,297,15000
1787310457570,49970,1578,1500,297,15000
1787310457670,49970,1578,1500,297,15000
1787310457770,49970,1578,1500,297,15000
1787310457870,49970,1578,1500,297,15000
1787310457970,49970,1578,1500,297,15000
1787310458070,49970,1578,1500,297,15000
1787310458170,49970,1578,1500,297,15000
1787310458270,49970,1578,1500,297,15000
1787310458370,49970,1578,1500,297,15000
1787310458470,49970,1578,1500,297,15000
1787310458570,49970,1578,1500,297,15000
1787310458670,49970,1578,1500,297,15000
1787310458770,49970,1578,1500,297,15000
1787310458870,49970,1578,1500,297,15000
1787310458970,49970,1578,1500,297,15000
1787310459070,49970,1578,1500,297,15000
1787310459170,49970,1578,1500,297,15000
1787310459270,49970,1578,1500,297,15000
1787310459370,49970,1578,1500,297,15000
1787310459470,49970,1578,1500,297,15000
1787310459570,49970,1578,1500,297,15000
1787310459670,49970,1578,1500,297,15000
1787310459770,49970,1578,1500,297,15000
1787310459870,49970,1578,1500,297,15000
1787310459970,49970,1578,1500,297,15000
1787310460070,49970,1578,1500,297,15000
1787310460170,49970,1578,1500,297,15000
1787310460270,49970,1578,1500,297,15000
1787310460369,49970,1578,1500,297,15000
1787310460469,49970,1578,1500,297,15000
1787310460570,49970,1578,1500,297,15000
1787310460670,49970,1578,1500,297,15000
1787310460770,49970,1578,1500,297,15000
1787310460870,49970,1578,1500,297,15000
1787310460970,49970,1578,1500,297,15000
1787310461070,49970,1578,1500,297,15000
1787310461170,49970,1578,1500,297,15000
1787310461270,49970,1578,1500,297,15000
1787310461370,49970,1578,1500,297,15000
1787310461470,49970,1578,1500,297,15000
1787310461570,49970,1578,1500,297,15000
1787310461669,49970,1578,1500,297,15000
1787310461770,49970,1578,1500,297,15000
1787310461869,49970,1578,1500,297,15000
1787310461970,49970,1578,1500,297,15000
1787310462070,49970,1578,1500,297,15000
1787310462170,49970,1578,1500,297,15000
1787310462270,49970,1578,1500,297,15000
1787310462369,49970,1578,1500,297,15000
1787310462470,49970,1578,1500,297,15000
1787310462569,49970,1578,1500,297,15000
1787310462670,49970,1578,1500,297,15000
1787310462770,49970,1578,1500,297,15000
1787310462870,49970,1578,1500,297,15000
1787310462970,49970,1578,1500,297,15000
1787310463070,49970,1578,1500,297,15000
1787310463169,49970,1578,1500,297,15000
1787310463270,49970,1578,1500,297,15000
1787310463370,49970,1578,1500,297,15000
1787310463470,49970,1578,1500,297,15000
1787310463570,49970,1578,1500,297,15000
1787310463669,49970,1578,1500,297,15000
1787310463770,49970,1578,1500,297,15000
1787310463870,49970,1578,1500,297,15000
1787310463970,49970,1578,1500,297,15000
1787310464070,49970,1578,1500,297,15000
1787310464170,49970,1578,1500,297,15000
1787310464270,49970,1578,1500,297,15000
1787310464370,49970,1578,1500,297,15000
1787310464470,49970,1578,1500,297,15000
1787310464570,49970,1578,1500,297,15000
1787310464669,49970,1578,1500,297,15000
1787310464770,49970,1578,1500,297,15000
1787310464870,49970,1578,1500,297,15000
1787310464970,49970,1578,1500,297,15000
1787310465070,49970,1578,1500,297,15000
1787310465170,49970,1578,1500,297,15000
1787310465270,49970,1578,1500,297,15000
1787310465369,49970,1578,1500,297,15000
1787310465470,49970,1578,1500,297,15000
1787310465570,49970,1578,1500,297,15000
1787310465670,49970,1578,1500,297,15000
1787310465769,49970,1578,1500,297,15000
1787310465870,49970,1578,1500,297,15000
1787310465970,49970,1578,1500,297,15000
1787310466070,49970,1578,1500,297,15000
1787310466170,49970,1578,1500,297,15000
1787310466269,49970,1578,1500,297,15000
1787310466369,49970,1578,1500,297,15000
1787310466470,49970,1578,1500,297,15000
1787310466570,49970,1578,1500,297,15000
1787310466670,49970,1578,1500,297,15000
1787310466770,49970,1578,1500,297,15000
1787310466870,49970,1578,1500,297,15000
1787310466969,49970,1578,1500,297,15000
1787310467070,49970,1578,1500,297,15000
1787310467170,49970,1578,1500,297,15000
1787310467269,49970,1578,1500,297,15000
1787310467370,49970,1578,1500,297,15000
1787310467470,49970,1578,1500,297,15000
1787310467570,49970,1578,1500,297,15000
1787310467670,49970,1578,1500,297,15000
1787310467769,49970,1578,1500,297,15000
1787310467869,49970,1578,1500,297,15000
1787310467969,49970,1578,1500,297,15000
1787310468070,49970,1578,1500,297,15000
1787310468169,49970,1578,1500,297,15000
1787310468270,49970,1578,1500,297,15000
1787310468369,49970,1578,1500,297,15000
1787310468469,49970,1578,1500,297,15000
1787310468570,49970,1578,1500,297,15000
1787310468669,49970,1578,1500,297,15000
1787310468770,49970,1578,1500,297,15000
1787310468870,49970,1578,1500,297,15000
1787310468970,49970,1578,1500,297,15000
1787310469070,49970,1578,1500,297,15000
1787310469170,49970,1578,1500,297,15000
1787310469270,49970,1578,1500,297,15000
1787310469370,49970,1578,1500,297,15000
1787310469470,49970,1578,1500,297,15000
1787310469570,49970,1578,1500,297,15000
1787310469670,49970,1578,1500,297,15000
1787310469770,49970,1578,1500,297,15000
1787310469870,49970,1578,1500,297,15000
1787310469970,49970,1578,1500,297,15000
1787310470070,49970,1578,1500,297,15000
1787310470170,49970,1578,1500,297,15000
1787310470270,49970,1578,1500,297,15000
1787310470370,49970,1578,1500,297,15000
1787310470470,49970,1578,1500,297,15000
1787310470570,49970,1578,1500,297,15000
1787310470670,49970,1578,1500,297,15000
1787310470770,49970,1578,1500,297,15000
1787310470870,49970,1578,1500,297,15000
1787310470969,49970,1578,1500,297,15000
1787310471070,49970,1578,1500,297,15000
1787310471170,49970,1578,1500,297,15000
1787310471269,49970,1578,1500,297,15000
1787310471369,49970,1578,1500,297,15000
1787310471470,49970,1578,1600,297,15000
1787310471570,49970,1578,1600,297,15000
1787310471669,49970,1578,1600,297,15000
1787310471770,49970,1578,1600,297,15000
1787310471870,49970,1578,1600,297,15000
1787310471970,49970,1578,1600,297,15000
1787310472069,49970,1578,1500,297,15000
1787310472170,49970,1578,1500,297,15000
1787310472269,49970,1578,1500,297,15000
1787310472370,49970,1578,1500,297,15000
1787310472470,49970,1578,1500,297,15000
1787310472569,49970,1578,1500,297,15000
1787310472670,49970,1578,1500,297,15000
1787310472769,49970,1578,1500,297,15000
1787310472870,49970,1578,1500,297,15000
1787310472970,49970,1578,1500,297,15000
1787310473070,49970,1578,1500,297,15000
1787310473170,49970,1578,1500,297,15000
1787310473270,49970,1578,1500,297,15000
1787310473369,49970,1578,1500,297,15000
1787310473470,49970,1578,1500,297,15000
1787310473570,49970,1578,1500,297,15000
1787310473669,49970,1578,1500,297,15000
1787310473770,49970,1578,1500,297,15000
1787310473870,49970,1578,1500,297,15000
1787310473970,49970,1578,1500,297,15000
1787310474070,49970,1578,1500,297,15000
1787310474170,49970,1578,1500,297,15000
1787310474270,49970,1578,1500,297,15000
1787310474370,49970,1578,1500,297,15000
1787310474470,49970,1578,1500,297,15000
1787310474570,49970,1578,1500,297,15000
1787310474670,49970,1578,1500,297,15000
1787310474769,49970,1578,1500,297,15000
1787310474870,49970,1578,1500,297,15000
1787310474970,49970,1578,1500,297,15000
1787310475070,49970,1578,1500,297,15000
1787310475170,49970,1578,1500,297,15000
1787310475270,49970,1578,1500,297,15000
1787310475370,49970,1578,1500,297,15000
1787310475470,49970,1578,1500,297,15000
1787310475570,49970,1578,1500,297,15000
1787310475670,49970,1578,1500,297,15000
1787310475770,49970,1578,1500,297,15000
1787310475870,49970,1578,1500,297,15000
1787310475970,49970,1578,1500,297,15000
1787310476069,49970,1578,1500,297,15000
1787310476170,49970,1578,1500,297,15000
1787310476270,49970,1578,1500,297,15000
1787310476370,49970,1578,1500,297,15000
1787310476470,49970,1578,1500,297,15000
1787310476570,49970,1578,1500,297,15000
1787310476670,49970,1578,1500,297,15000
1787310476770,49970,1578,1500,297,15000
1787310476870,49970,1578,1500,297,15000
1787310476970,49970,1578,1500,297,15000
1787310477070,49970,1578,1500,297,15000
1787310477170,49970,1578,1500,297,15000
1787310477270,49970,1578,1500,297,15000
1787310477369,49970,1578,1500,297,15000
1787310477470,49970,1578,1500,297,15000
1787310477570,49970,1578,1500,297,15000
1787310477670,49970,1578,1500,297,15000
1787310477770,49970,1578,1500,297,15000
1787310477870,49970,1578,1500,297,15000
1787310477970,49970,1578,1500,297,15000
1787310478070,49970,1578,1500,297,15000
1787310478170,49970,1578,1500,297,15000
1787310478270,49970,1578,1500,297,15000
1787310478370,49970,1578,1500,297,15000
1787310478470,49970,1578,1500,297,15000
1787310478570,49970,1578,1500,297,15000
1787310478670,49970,1578,1500,297,15000
1787310478770,49970,1578,1500,297,15000
1787310478870,49970,1578,1500,297,15000
1787310478970,49970,1578,1500,297,15000
1787310479070,49970,1578,1500,297,15000
1787310479170,49970,1578,1600,297,15000
1787310479269,49970,1578,1600,297,15000
1787310479370,49970,1578,1600,297,15000
1787310479469,49970,1578,1600,297,15000
1787310479570,49970,1578,1600,297,15000
1787310479670,49970,1578,1600,297,15000
1787310479769,49970,1578,1600,297,15000
1787310479870,49970,1578,1500,297,15000
1787310479970,49970,1578,1500,297,15000
1787310480069,49970,1578,1500,297,15000
1787310480170,49970,1578,1500,297,15000
1787310480269,49970,1578,1500,297,15000
1787310480370,49970,1578,1500,297,15000
1787310480470,49970,1578,1500,297,15000
1787310480570,49970,1578,1500,297,15000
1787310480670,49970,1578,1500,297,15000
1787310480770,49970,1578,1500,297,15000
1787310480870,49970,1578,1500,297,15000
1787310480970,49970,1578,1500,297,15000
1787310481070,49970,1578,1500,297,15000
1787310481170,49970,1578,1500,297,15000
1787310481270,49970,1578,1500,297,15000
1787310481370,49970,1578,1500,297,15000
1787310481470,49970,1578,1500,297,15000
1787310481569,49970,1578,1500,297,15000
1787310481669,49970,1578,1500,297,15000
1787310481770,49970,1578,1500,297,15000
1787310481870,49970,1578,1500,297,15000
1787310481970,49970,1578,1500,297,15000
1787310482070,49970,1578,1500,297,15000
1787310482170,49970,1578,1500,297,15000
1787310482270,49970,1578,1500,297,15000
1787310482370,49970,1578,1500,297,15000
1787310482470,49970,1578,1500,297,15000
1787310482570,49970,1578,1500,297,15000
1787310482670,49970,1578,1500,297,15000
1787310482770,49970,1578,1500,297,15000
1787310482870,49970,1578,1500,297,15000
1787310482970,49970,1578,1500,297,15000
1787310483070,49970,1578,1500,297,15000
1787310483170,49970,1578,1500,297,15000
1787310483269,49970,1578,1500,297,15000
1787310483370,49970,1578,1500,297,15000
1787310483470,49970,1578,1500,297,15000
1787310483570,49970,1578,1500,297,15000
1787310483670,49970,1578,1500,297,15000
1787310483770,49970,1578,1500,297,15000
1787310483870,49970,1578,1500,297,15000
1787310483969,49970,1578,1500,297,15000
1787310484069,49970,1578,1500,297,15000
1787310484169,49970,1578,1500,297,15000
1787310484270,49970,1578,1500,297,15000
1787310484370,49970,1578,1500,297,15000
1787310484470,49970,1578,1500,297,15000
1787310484570,49970,1578,1500,297,15000
1787310484670,49970,1578,1500,297,15000
1787310484770,49970,1578,1500,297,15000
1787310484870,49970,1578,1500,297,15000
1787310484970,49970,1578,1500,297,15000
1787310485070,49970,1578,1500,297,15000
1787310485170,49970,1578,1500,297,15000
1787310485270,49970,1578,1500,297,15000
1787310485370,49970,1578,1500,297,15000
1787310485470,49970,1578,1500,297,15000
1787310485570,49970,1578,1500,297,15000
1787310485670,49970,1578,1500,297,15000
1787310485769,49970,1578,1500,297,15000
1787310485870,49970,1578,1500,297,15000
1787310485970,49970,1578,1500,297,15000
1787310486070,49970,1578,1500,297,15000
1787310486170,49970,1578,1500,297,15000
1787310486270,49970,1578,1500,297,15000
1787310486370,49970,1578,1500,297,15000
1787310486470,49970,1578,1500,297,15000
1787310486570,49970,1578,1500,297,15000
1787310486670,49970,1578,1500,297,15000
1787310486770,49970,1578,1500,297,15000
1787310486870,49970,1578,1500,297,15000
1787310486969,49970,1578,1500,297,15000
1787310487070,49970,1578,1500,297,15000
1787310487169,49970,1578,1500,297,15000
1787310487270,49970,1578,1500,297,15000
1787310487370,49970,1578,1500,297,15000
1787310487470,49970,1578,1500,297,15000
1787310487570,49970,1578,1500,297,15000
1787310487670,49970,1578,1500,297,15000
1787310487770,49970,1578,1500,297,15000
1787310487870,49970,1578,1500,297,15000
1787310487970,49970,1578,1500,297,15000
1787310488070,49970,1578,1500,297,15000
1787310488170,49970,1578,1500,297,15000
1787310488269,49970,1578,1500,297,15000
1787310488370,49970,1578,1500,297,15000
1787310488470,49970,1578,1500,297,15000
1787310488570,49970,1578,1500,297,15000
1787310488670,49970,1578,1500,297,15000
1787310488770,49970,1578,1500,297,15000
1787310488870,49970,1578,1500,297,15000
1787310488970,49970,1578,1500,297,15000
1787310489069,49970,1578,1500,297,15000
1787310489170,49970,1578,1500,297,15000
1787310489269,49970,1578,1500,297,15000
1787310489370,49970,1578,1500,297,15000
1787310489470,49970,1578,1500,297,15000
1787310489570,49970,1578,1500,297,15000
1787310489669,49970,1578,1500,297,15000
1787310489769,49970,1578,1500,297,15000
1787310489870,49970,1578,1500,297,15000
1787310489970,49970,1578,1500,297,15000
1787310490070,49970,1578,1500,297,15000
1787310490170,49970,1578,1500,297,15000
1787310490270,49970,1578,1500,297,15000
1787310490370,49970,1578,1500,297,15000
1787310490470,49970,1578,1500,297,15000
1787310490569,49970,1578,1500,297,15000
1787310490670,49970,1578,1500,297,15000
1787310490770,49970,1578,1500,297,15000
1787310490870,49970,1578,1500,297,15000
1787310490970,49970,1578,1500,297,15000
1787310491069,49970,1578,1500,297,15000
1787310491170,49970,1578,1500,297,15000
1787310491269,49970,1578,1500,297,15000
1787310491370,49970,1578,1500,297,15000
1787310491470,49970,1578,1500,297,15000
1787310491570,49970,1578,1500,297,15000
1787310491670,49970,1578,1500,297,15000
1787310491770,49970,1578,1500,297,15000
1787310491870,49970,1578,1500,297,15000
1787310491970,49970,1578,1500,297,15000
1787310492070,49970,1578,1500,297,15000
1787310492170,49970,1578,1500,297,15000
1787310492270,49970,1578,1500,297,15000
1787310492369,49970,1578,1500,297,15000
1787310492470,49970,1578,1500,297,15000
1787310492570,49970,1578,1500,297,15000
1787310492670,49970,1578,1500,297,15000
1787310492770,49970,1578,1500,297,15000
1787310492870,49970,1578,1500,297,15000
1787310492970,49970,1578,1500,297,15000
1787310493070,49970,1578,1500,297,15000
1787310493170,49970,1578,1500,297,15000
1787310493270,49970,1578,1500,297,15000
1787310493370,49970,1578,1500,297,15000
1787310493470,49970,1578,1500,297,15000
1787310493570,49970,1578,1500,297,15000
1787310493670,49970,1578,1500,297,15000
1787310493770,49970,1578,1500,297,15000
1787310493870,49970,1578,1500,297,15000
1787310493969,49970,1578,1500,297,15000
1787310494070,49970,1578,1500,297,15000
1787310494170,49970,1578,1500,297,15000
1787310494270,49970,1578,1500,297,15000
1787310494370,49970,1578,1500,297,15000
1787310494469,49970,1578,1500,297,15000
1787310494570,49970,1578,1500,297,15000
1787310494670,49970,1578,1500,297,15000
1787310494770,49970,1578,1500,297,15000
1787310494869,49970,1578,1500,297,15000
1787310494970,49970,1578,1500,297,15000
1787310495070,49970,1578,1500,297,15000
1787310495170,49970,1578,1500,297,15000
1787310495270,49970,1578,1500,297,15000
1787310495369,49970,1578,1500,297,15000
1787310495470,49970,1578,1500,297,15000
1787310495570,49970,1578,1500,297,15000
1787310495669,49970,1578,1500,297,15000
1787310495770,49970,1578,1500,297,15000
1787310495869,49970,1578,1500,297,15000
1787310495970,49970,1578,1500,297,15000
1787310496070,49970,1578,1500,297,15000
1787310496170,49970,1578,1500,297,15000
1787310496270,49970,1578,1500,297,15000
1787310496369,49970,1578,1500,297,15000
1787310496470,49970,1578,1500,297,15000
1787310496570,49970,1578,1500,297,15000
1787310496670,49970,1578,1500,297,15000
1787310496770,49970,1578,1500,297,15000
1787310496870,49970,1578,1500,297,15000
1787310496970,49970,1578,1500,297,15000
1787310497070,49970,1578,1500,297,15000
1787310497170,49970,1578,1500,297,15000
1787310497270,49970,1578,1500,297,15000
1787310497370,49970,1578,1500,297,15000
1787310497470,49970,1578,1500,297,15000
1787310497569,49970,1578,1500,297,15000
1787310497670,49970,1578,1500,297,15000
1787310497770,49970,1578,1500,297,15000
1787310497869,49970,1578,1500,297,15000
1787310497970,49970,1578,1500,297,15000
1787310498070,49970,1578,1500,297,15000
1787310498170,49970,1578,1500,297,15000
1787310498269,49970,1578,1500,297,15000
1787310498370,49970,1578,1500,297,15000
1787310498470,49970,1578,1500,297,15000
1787310498569,49970,1578,1500,297,15000
1787310498669,49970,1578,1500,297,15000
1787310498769,49970,1578,1500,297,15000
1787310498870,49970,1578,1500,297,15000
1787310498970,49970,1578,1500,297,15000
1787310499070,49970,1578,1500,297,15000
1787310499170,49970,1578,1500,297,15000
1787310499270,49970,1578,1500,297,15000
1787310499370,49970,1578,1500,297,15000
1787310499470,49970,1578,1500,297,15000
1787310499570,49970,1578,1500,297,15000
1787310499670,49970,1578,1500,297,15000
1787310499770,49970,1578,1500,297,15000
1787310499870,49970,1578,1500,297,15000
1787310499970,49970,1578,1500,297,15000
1787310500070,49970,1578,1500,297,15000
1787310500170,49970,1578,1500,297,15000
1787310500270,49970,1578,1500,297,15000
1787310500369,49970,1578,1500,297,15000
1787310500469,49970,1578,1500,297,15000
1787310500570,49970,1578,1500,297,15000
1787310500670,49970,1578,1500,297,15000
1787310500770,49970,1578,1500,297,15000
1787310500870,49970,1578,1500,297,15000
1787310500970,49970,1578,1500,297,15000
1787310501070,49970,1578,1500,297,15000
1787310501170,49970,1578,1500,297,15000
1787310501270,49970,1578,1500,297,15000
1787310501370,49970,1578,1500,297,15000
1787310501470,49970,1578,1500,297,15000
1787310501570,49970,1578,1500,297,15000
1787310501670,49970,1578,1500,297,15000
1787310501770,49970,1578,1500,297,15000
1787310501869,49970,1578,1500,297,15000
1787310501970,49970,1578,1500,297,15000
1787310502069,49970,1578,1500,297,15000
1787310502170,49970,1578,1500,297,15000
1787310502269,49970,1578,1500,297,15000
1787310502370,49970,1578,1500,297,15000
1787310502470,49970,1578,1500,297,15000
1787310502570,49970,1578,1500,297,15000
1787310502670,49970,1578,1500,297,15000
1787310502770,49970,1578,1500,297,15000
1787310502870,49970,1578,1500,297,15000
1787310502970,49970,1578,1500,297,15000
1787310503070,49970,1578,1500,297,15000
1787310503170,49970,1578,1500,297,15000
1787310503269,49970,1578,1500,297,15000
1787310503370,49970,1578,1500,297,15000
1787310503470,49970,1578,1500,297,15000
1787310503570,49970,1578,1500,297,15000
1787310503670,49970,1578,1500,297,15000
1787310503770,49970,1578,1500,297,15000
1787310503869,49970,1578,1500,297,15000
1787310503970,49970,1578,1500,297,15000
1787310504070,49970,1578,1500,297,15000
1787310504170,49970,1578,1500,297,15000
1787310504270,49970,1578,1500,297,15000
1787310504370,49970,1578,1500,297,15000
1787310504470,49970,1578,1500,297,15000
1787310504570,49970,1578,1500,297,15000
1787310504669,49970,1578,1500,297,15000
1787310504769,49970,1578,1500,297,15000
1787310504870,49970,1578,1500,297,15000
1787310504970,49970,1578,1500,297,15000
1787310505070,49970,1578,1500,297,15000
1787310505169,49970,1578,1500,297,15000
1787310505270,49970,1578,1500,297,15000
1787310505369,49970,1578,1500,297,15000
1787310505469,49970,1578,1500,297,15000
1787310505570,49970,1578,1500,297,15000
1787310505669,49970,1578,1500,297,15000
1787310505770,49970,1578,1600,297,15000
1787310505870,49970,1578,1600,297,15000
1787310505970,49970,1578,1600,297,15000
1787310506069,49970,1578,1600,297,15000
1787310506170,49970,1578,1600,297,15000
1787310506270,49970,1578,1600,297,15000
1787310506370,49970,1578,1500,297,15000
1787310506470,49970,1578,1500,297,15000
1787310506570,49970,1578,1500,297,15000
1787310506670,49970,1578,1500,297,15000
1787310506770,49970,1578,1500,297,15000
1787310506870,49970,1578,1500,297,15000
1787310506970,49970,1578,1500,297,15000
1787310507070,49970,1578,1500,297,15000
1787310507170,49970,1578,1500,297,15000
1787310507269,49970,1578,1500,297,15000
1787310507369,49970,1578,1500,297,15000
1787310507470,49970,1578,1500,297,15000
1787310507570,49970,1578,1500,297,15000
1787310507670,49970,1578,1500,297,15000
1787310507770,49970,1578,1500,297,15000
1787310507870,49970,1578,1500,297,15000
1787310507970,49970,1578,1500,297,15000
1787310508070,49970,1578,1500,297,15000
1787310508170,49970,1578,1500,297,15000
1787310508270,49970,1578,1500,297,15000
1787310508370,49970,1578,1500,297,15000
1787310508470,49970,1578,1500,297,15000
1787310508570,49970,1578,1500,297,15000
1787310508669,49970,1578,1500,297,15000
1787310508769,49970,1578,1500,297,15000
1787310508870,49970,1578,1500,297,15000
1787310508970,49970,1578,1500,297,15000
1787310509070,49970,1578,1500,297,15000
1787310509170,49970,1578,1500,297,15000
1787310509270,49970,1578,1500,297,15000
1787310509370,49970,1578,1500,297,15000
1787310509470,49970,1578,1500,297,15000
1787310509570,49970,1578,1500,297,15000
1787310509669,49970,1578,1500,297,15000
1787310509770,49970,1578,1500,297,15000
1787310509870,49970,1578,1500,297,15000
1787310509969,49970,1578,1500,297,15000
1787310510070,49970,1578,1500,297,15000
1787310510170,49970,1578,1600,297,15000
1787310510270,49970,1578,1600,297,15000
1787310510370,49970,1578,1600,297,15000
1787310510470,49970,1578,1600,297,15000
1787310510570,49970,1578,1500,297,15000
1787310510670,49970,1578,1500,297,15000
1787310510770,49970,1578,1500,297,15000
1787310510870,49970,1578,1500,297,15000
1787310510970,49970,1578,1500,297,15000
1787310511069,49970,1578,1500,297,15000
1787310511170,49970,1578,1500,297,15000
1787310511270,49970,1578,1500,297,15000
1787310511370,49970,1578,1500,297,15000
1787310511470,49970,1578,1500,297,15000
1787310511569,49970,1578,1500,297,15000
1787310511669,49970,1578,1500,297,15000
1787310511770,49970,1578,1500,297,15000
1787310511870,49970,1578,1500,297,15000
1787310511970,49970,1578,1500,297,15000
1787310512070,49970,1578,1500,297,15000
1787310512170,49970,1578,1500,297,15000
1787310512270,49970,1578,1500,297,15000
1787310512370,49970,1578,1500,297,15000
1787310512470,49970,1578,1500,297,15000
1787310512569,49970,1578,1500,297,15000
1787310512670,49970,1578,1500,297,15000
1787310512770,49970,1578,1500,297,15000
1787310512870,49970,1578,1500,297,15000
1787310512970,49970,1578,1500,297,15000
1787310513069,49970,1578,1500,297,15000
1787310513169,49970,1578,1500,297,15000
1787310513269,49970,1578,1500,297,15000
1787310513370,49970,1578,1500,297,15000
1787310513469,49970,1578,1500,297,15000
1787310513570,49970,1578,1500,297,15000
1787310513670,49970,1578,1500,297,15000
1787310513770,49970,1578,1500,297,15000
1787310513870,49970,1578,1500,297,15000
1787310513970,49970,1578,1500,297,15000
1787310514070,49970,1578,1500,297,15000
1787310514170,49970,1578,1500,297,15000
1787310514270,49970,1578,1500,297,15000
1787310514370,49970,1578,1500,297,15000
1787310514470,49970,1578,1500,297,15000
1787310514570,49970,1578,1500,297,15000
1787310514670,49970,1578,1500,297,15000
1787310514770,49970,1578,1500,297,15000
1787310514869,49970,1578,1500,297,15000
1787310514970,49970,1578,1500,297,15000
1787310515070,49970,1578,1500,297,15000
1787310515170,49970,1578,1500,297,15000
1787310515270,49970,1578,1500,297,15000
1787310515370,49970,1578,1500,297,15000
1787310515470,49970,1578,1500,297,15000
1787310515570,49970,1578,1500,297,15000
1787310515669,49970,1578,1500,297,15000
1787310515770,49970,1578,1500,297,15000
1787310515870,49970,1578,1500,297,15000
1787310515970,49970,1578,1500,297,15000
1787310516070,49970,1578,1500,297,15000
1787310516170,49970,1578,1500,297,15000
1787310516270,49970,1578,1500,297,15000
1787310516370,49970,1578,1500,297,15000
1787310516470,49970,1578,1500,297,15000
1787310516570,49970,1578,1500,297,15000
1787310516670,49970,1578,1500,297,15000
1787310516770,49970,1578,1500,297,15000
1787310516870,49970,1578,1500,297,15000
1787310516970,49970,1578,1500,297,15000
1787310517070,49970,1578,1500,297,15000
1787310517170,49970,1578,1500,297,15000
1787310517270,49970,1578,1500,297,15000
1787310517370,49970,1578,1500,297,15000
1787310517470,49970,1578,1500,297,15000
1787310517570,49970,1578,1500,297,15000
1787310517670,49970,1578,1500,297,15000
1787310517770,49970,1578,1500,297,15000
1787310517870,49970,1578,1500,297,15000
1787310517970,49970,1578,1600,297,15000
1787310518070,49970,1578,1600,297,15000
1787310518170,49970,1578,1600,297,15000
1787310518269,49970,1578,1600,297,15000
1787310518370,49970,1578,1600,297,15000
1787310518470,49970,1578,1600,297,15000
1787310518570,49970,1578,1500,297,15000
1787310518670,49970,1578,1500,297,15000
1787310518770,49970,1578,1500,297,15000
1787310518870,49970,1578,1500,297,15000
1787310518970,49970,1578,1500,297,15000
1787310519070,49970,1578,1500,297,15000
1787310519170,49970,1578,1500,297,15000
1787310519270,49970,1578,1500,297,15000
1787310519370,49970,1578,1500,297,15000
1787310519470,49970,1578,1500,297,15000
1787310519570,49970,1578,1500,297,15000
1787310519669,49970,1578,1500,297,15000
1787310519770,49970,1578,1500,297,15000
1787310519869,49970,1578,1500,297,15000
1787310519970,49970,1578,1500,297,15000
1787310520070,49970,1578,1500,297,15000
1787310520170,49970,1578,1500,297,15000
1787310520269,49970,1578,1500,297,15000
1787310520369,49970,1578,1500,297,15000
1787310520470,49970,1578,1500,297,15000
1787310520570,49970,1578,1500,297,15000
1787310520669,49970,1578,1500,297,15000
1787310520770,49970,1578,1500,297,15000
1787310520870,49970,1578,1500,297,15000
1787310520970,49970,1578,1500,297,15000
1787310521069,49970,1578,1600,297,15000
1787310521170,49970,1578,1600,297,15000
1787310521270,49970,1578,1600,297,15000
1787310521370,49970,1578,1600,297,15000
1787310521470,49970,1578,1600,297,15000
1787310521570,49970,1578,1600,297,15000
1787310521670,49970,1578,1500,297,15000
1787310521770,49970,1578,1500,297,15000
1787310521870,49970,1578,1500,297,15000
1787310521970,49970,1578,1500,297,15000
1787310522070,49970,1578,1500,297,15000
1787310522170,49970,1578,1500,297,15000
1787310522270,49970,1578,1500,297,15000
1787310522370,49970,1578,1500,297,15000
1787310522470,49970,1578,1500,297,15000
1787310522570,49970,1578,1500,297,15000
1787310522669,49970,1578,1500,297,15000
1787310522769,49970,1578,1500,297,15000
1787310522869,49970,1578,1500,297,15000
1787310522970,49970,1578,1500,297,15000
1787310523070,49970,1578,1500,297,15000
1787310523170,49970,1578,1500,297,15000
1787310523270,49970,1578,1600,297,15000
1787310523369,49970,1578,1600,297,15000
1787310523470,49970,1578,1600,297,15000
1787310523570,49970,1578,1600,297,15000
1787310523670,49970,1578,1600,297,15000
1787310523770,49970,1578,1600,297,15000
1787310523870,49970,1578,1600,297,15000
1787310523970,49970,1578,1500,297,15000
1787310524070,49970,1578,1500,297,15000
1787310524170,49970,1578,1500,297,15000
1787310524270,49970,1578,1500,297,15000
1787310524370,49970,1578,1500,297,15000
1787310524470,49970,1578,1500,297,15000
1787310524570,49970,1578,1500,297,15000
1787310524669,49970,1578,1500,297,15000
1787310524770,49970,1578,1500,297,15000
1787310524870,49970,1578,1500,297,15000
1787310524970,49970,1578,1500,297,15000
1787310525070,49970,1578,1500,297,15000
1787310525170,49970,1578,1500,297,15000
1787310525270,49970,1578,1500,297,15000
1787310525370,49970,1578,1500,297,15000
1787310525470,49970,1578,1500,297,15000
1787310525570,49970,1578,1500,297,15000
1787310525670,49970,1578,1500,297,15000
1787310525770,49970,1578,1500,297,15000
1787310525870,49970,1578,1500,297,15000
1787310525970,49970,1578,1500,297,15000
1787310526070,49970,1578,1500,297,15000
1787310526170,49970,1578,1500,297,15000
1787310526270,49970,1578,1500,297,15000
1787310526370,49970,1578,1500,297,15000
1787310526469,49970,1578,1600,297,15000
1787310526569,49970,1578,1600,297,15000
1787310526670,49970,1578,1600,297,15000
1787310526770,49970,1578,1600,297,15000
1787310526870,49970,1578,1600,297,15000
1787310526970,49970,1578,1600,297,15000
1787310527070,49970,1578,1500,297,15000
1787310527170,49970,1578,1500,297,15000
1787310527269,49970,1578,1500,297,15000
1787310527370,49970,1578,1500,297,15000
1787310527470,49970,1578,1500,297,15000
1787310527570,49970,1578,1500,297,15000
1787310527670,49970,1578,1500,297,15000
1787310527770,49970,1578,1500,297,15000
1787310527870,49970,1578,1500,297,15000
1787310527969,49970,1578,1500,297,15000
1787310528070,49970,1578,1500,297,15000
1787310528170,49970,1578,1500,297,15000
1787310528270,49970,1578,1500,297,15000
1787310528370,49970,1578,1500,297,15000
1787310528470,49970,1578,1500,297,15000
1787310528569,49970,1578,1500,297,15000
1787310528670,49970,1578,1500,297,15000
1787310528769,49970,1578,1600,297,15000
1787310528870,49970,1578,1600,297,15000
1787310528970,49970,1578,1600,297,15000
1787310529069,49970,1578,1600,297,15000
1787310529170,49970,1578,1600,297,15000
1787310529269,49970,1578,1600,297,15000
1787310529370,49970,1578,1600,297,15000
1787310529470,49970,1578,1500,297,15000
1787310529570,49970,1578,1500,297,15000
1787310529670,49970,1578,1500,297,15000
1787310529770,49970,1578,1500,297,15000
1787310529870,49970,1578,1500,297,15000
1787310529969,49970,1578,1500,297,15000
1787310530070,49970,1578,1500,297,15000
1787310530170,49970,1578,1500,297,15000
1787310530270,49970,1578,1500,297,15000
1787310530370,49970,1578,1500,297,15000
1787310530470,49970,1578,1500,297,15000
1787310530570,49970,1578,1500,297,15000
1787310530670,49970,1578,1500,297,15000
1787310530770,49970,1578,1500,297,15000
1787310530870,49970,1578,1500,297,15000
1787310530970,49970,1578,1500,297,15000
1787310531070,49970,1578,1500,297,15000
1787310531170,49970,1578,1500,297,15000
1787310531270,49970,1578,1500,297,15000
1787310531370,49970,1578,1500,297,15000
1787310531470,49970,1578,1500,297,15000
1787310531570,49970,1578,1500,297,15000
1787310531670,49970,1578,1500,297,15000
1787310531769,49970,1578,1500,297,15000
1787310531870,49970,1578,1500,297,15000
1787310531970,49970,1578,1500,297,15000
1787310532070,49970,1578,1500,297,15000
1787310532170,49970,1578,1500,297,15000
1787310532269,49970,1578,1500,297,15000
1787310532369,49970,1578,1500,297,15000
1787310532470,49970,1578,1500,297,15000
1787310532570,49970,1578,1500,297,15000
1787310532670,49970,1578,1500,297,15000
1787310532770,49970,1578,1500,297,15000
1787310532869,49970,1578,1500,297,15000
1787310532970,49970,1578,1500,297,15000
1787310533070,49970,1578,1500,297,15000
1787310533170,49970,1578,1500,297,15000
1787310533270,49970,1578,1500,297,15000
1787310533370,49970,1578,1500,297,15000
1787310533469,49970,1578,1500,297,15000
1787310533570,49970,1578,1500,297,15000
1787310533670,49970,1578,1500,297,15000
1787310533770,49970,1578,1500,297,15000
1787310533869,49970,1578,1500,297,15000
1787310533970,49970,1578,1500,297,15000
1787310534070,49970,1578,1500,297,15000
1787310534170,49970,1578,1500,297,15000
1787310534269,49970,1578,1500,297,15000
1787310534369,49970,1578,1500,297,15000
1787310534470,49970,1578,1500,297,15000
1787310534570,49970,1578,1500,297,15000
1787310534669,49970,1578,1500,297,15000
1787310534770,49970,1578,1500,297,15000
1787310534870,49970,1578,1500,297,15000
1787310534970,49970,1578,1500,297,15000
1787310535070,49970,1578,1500,297,15000
1787310535170,49970,1578,1500,297,15000
1787310535269,49970,1578,1500,297,15000
1787310535370,49970,1578,1500,297,15000
1787310535470,49970,1578,1500,297,15000
1787310535570,49970,1578,1500,297,15000
1787310535670,49970,1578,1500,297,15000
1787310535769,49970,1578,1500,297,15000
1787310535870,49970,1578,1500,297,15000
1787310535970,49970,1578,1500,297,15000
1787310536070,49970,1578,1500,297,15000
1787310536170,49970,1578,1500,297,15000
1787310536270,49970,1578,1500,297,15000
1787310536370,49970,1578,1500,297,15000
1787310536470,49970,1578,1500,297,15000
1787310536570,49970,1578,1500,297,15000
1787310536670,49970,1578,1600,297,15000
1787310536769,49970,1578,1600,297,15000
1787310536870,49970,1578,1600,297,15000
1787310536969,49970,1578,1600,297,15000
1787310537070,49970,1578,1600,297,15000
1787310537170,49970,1578,1600,297,15000
1787310537270,49970,1578,1600,297,15000
1787310537370,49970,1578,1600,297,15000
1787310537470,49970,1578,1600,297,15000
1787310537570,49970,1578,1600,297,15000
1787310537670,49970,1578,1600,297,15000
1787310537770,49970,1578,1600,297,15000
1787310537870,49970,1578,1600,297,15000
1787310537970,49970,1578,1500,297,15000
1787310538070,49970,1578,1500,297,15000
1787310538170,49970,1578,1500,297,15000
1787310538270,49970,1578,1500,297,15000
1787310538370,49970,1578,1500,297,15000
1787310538470,49970,1578,1500,297,15000
1787310538570,49970,1578,1500,297,15000
1787310538670,49970,1578,1500,297,15000
1787310538770,49970,1578,1500,297,15000
1787310538870,49970,1578,1500,297,15000
1787310538970,49970,1578,1500,297,15000
1787310539070,49970,1578,1500,297,15000
1787310539170,49970,1578,1500,297,15000
1787310539270,49970,1578,1500,297,15000
1787310539370,49970,1578,1500,297,15000
1787310539470,49970,1578,1500,297,15000
1787310539570,49970,1578,1500,297,15000
1787310539670,49970,1578,1500,297,15000
1787310539770,49970,1578,1500,297,15000
1787310539870,49970,1578,1500,297,15000
1787310539970,49970,1578,1500,297,15000
1787310540069,49970,1578,1500,297,15000
1787310540170,49970,1578,1500,297,15000
1787310540270,49970,1578,1500,297,15000
1787310540370,49970,1578,1500,297,15000
1787310540470,49970,1578,1500,297,15000
1787310540570,49970,1578,1500,297,15000
1787310540670,49970,1578,1500,297,15000
1787310540770,49970,1578,1500,297,15000
1787310540869,49970,1578,1500,297,15000
1787310540970,49970,1578,1500,297,15000
1787310541070,49970,1578,1500,297,15000
1787310541170,49970,1578,1500,297,15000
1787310541270,49970,1578,1500,297,15000
1787310541370,49970,1578,1500,297,15000
1787310541469,49970,1578,1500,297,15000
1787310541570,49970,1578,1500,297,15000
1787310541670,49970,1578,1500,297,15000
1787310541770,49970,1578,1500,297,15000
1787310541869,49970,1578,1500,297,15000
1787310541970,49970,1578,1500,297,15000
1787310542070,49970,1578,1500,297,15000
1787310542170,49970,1578,1500,297,15000
1787310542270,49970,1578,1500,297,15000
1787310542370,49970,1578,1500,297,15000
1787310542469,49970,1578,1500,297,15000
1787310542570,49970,1578,1500,297,15000
1787310542670,49970,1578,1500,297,15000
1787310542770,49970,1578,1500,297,15000
1787310542870,49970,1578,1500,297,15000
1787310542970,49970,1578,1500,297,15000
1787310543070,49970,1578,1500,297,15000
1787310543170,49970,1578,1500,297,15000
1787310543270,49970,1578,1500,297,15000
1787310543370,49970,1578,1500,297,15000
1787310543470,49970,1578,1500,297,15000
1787310543570,49970,1578,1500,297,15000
1787310543669,49970,1578,1500,297,15000
1787310543770,49970,1578,1500,297,15000
1787310543870,49970,1578,1500,297,15000
1787310543970,49970,1578,1600,297,15000
1787310544070,49970,1578,1600,297,15000
1787310544170,49970,1578,1600,297,15000
1787310544269,49970,1578,1600,297,15000
1787310544370,49970,1578,1600,297,15000
1787310544470,49970,1578,1600,297,15000
1787310544570,49970,1578,1500,297,15000
1787310544670,49970,1578,1500,297,15000
1787310544770,49970,1578,1500,297,15000
1787310544870,49970,1578,1500,297,15000
1787310544970,49970,1578,1500,297,15000
1787310545070,49970,1578,1500,297,15000
1787310545170,49970,1578,1500,297,15000
1787310545270,49970,1578,1500,297,15000
1787310545370,49970,1578,1500,297,15000
1787310545470,49970,1578,1500,297,15000
1787310545570,49970,1578,1500,297,15000
1787310545669,49970,1578,1500,297,15000
1787310545769,49970,1578,1500,297,15000
1787310545870,49970,1578,1500,297,15000
1787310545970,49970,1578,1500,297,15000
1787310546070,49970,1578,1500,297,15000
1787310546170,49970,1578,1500,297,15000
1787310546270,49970,1578,1500,297,15000
1787310546370,49970,1578,1500,297,15000
1787310546470,49970,1578,1500,297,15000
1787310546569,49970,1578,1500,297,15000
1787310546670,49970,1578,1500,297,15000
1787310546769,49970,1578,1500,297,15000
1787310546869,49970,1578,1500,297,15000
1787310546969,49970,1578,1500,297,15000
1787310547070,49970,1578,1500,297,15000
1787310547170,49970,1578,1500,297,15000
1787310547270,49970,1578,1500,297,15000
1787310547370,49970,1578,1500,297,15000
1787310547470,49970,1578,1500,297,15000
1787310547569,49970,1578,1500,297,15000
1787310547670,49970,1578,1500,297,15000
1787310547769,49970,1578,1500,297,15000
1787310547870,49970,1578,1500,297,15000
1787310547969,49970,1578,1500,297,15000
1787310548070,49970,1578,1500,297,15000
1787310548170,49970,1578,1600,297,15000
1787310548270,49970,1578,1600,297,15000
1787310548370,49970,1578,1600,297,15000
1787310548469,49970,1578,1600,297,15000
1787310548570,49970,1578,1600,297,15000
1787310548670,49970,1578,1600,297,15000
1787310548770,49970,1578,1600,297,15000
1787310548870,49970,1578,1500,297,15000
1787310548970,49970,1578,1500,297,15000
1787310549070,49970,1578,1500,297,15000
1787310549170,49970,1578,1500,297,15000
1787310549269,49970,1578,1500,297,15000
1787310549369,49970,1578,1500,297,15000
1787310549470,49970,1578,1500,297,15000
1787310549570,49970,1578,1500,297,15000
1787310549670,49970,1578,1500,297,15000
1787310549770,49970,1578,1500,297,15000
1787310549870,49970,1578,1500,297,15000
1787310549970,49970,1578,1500,297,15000
1787310550069,49970,1578,1500,297,15000
1787310550170,49970,1578,1500,297,15000
1787310550270,49970,1578,1500,297,15000
1787310550370,49970,1578,1500,297,15000
1787310550470,49970,1578,1600,297,15000
1787310550570,49970,1578,1600,297,15000
1787310550669,49970,1578,1600,297,15000
1787310550770,49970,1578,1600,297,15000
1787310550869,49970,1578,1600,297,15000
1787310550970,49970,1578,1600,297,15000
1787310551070,49970,1578,1500,297,15000
1787310551170,49970,1578,1500,297,15000
1787310551270,49970,1578,1500,297,15000
1787310551370,49970,1578,1500,297,15000
1787310551470,49970,1578,1500,297,15000
1787310551570,49970,1578,1500,297,15000
1787310551670,49970,1578,1500,297,15000
1787310551770,49970,1578,1600,297,15000
1787310551870,49970,1578,1600,297,15000
1787310551970,49970,1578,1600,297,15000
1787310552069,49970,1578,1600,297,15000
1787310552170,49970,1578,1600,297,15000
1787310552270,49970,1578,1600,297,15000
1787310552370,49970,1578,1500,297,15000
1787310552470,49970,1578,1500,297,15000
1787310552570,49970,1578,1500,297,15000
1787310552670,49970,1578,1500,297,15000
1787310552769,49970,1578,1500,297,15000
1787310552870,49970,1578,1500,297,15000
1787310552970,49970,1578,1500,297,15000
1787310553070,49970,1578,1500,297,15000
1787310553170,49970,1578,1500,297,15000
1787310553270,49970,1578,1500,297,15000
1787310553370,49970,1578,1500,297,15000
1787310553470,49970,1578,1500,297,15000
1787310553570,49970,1578,1600,297,15000
1787310553669,49970,1578,1600,297,15000
1787310553770,49970,1578,1600,297,15000
1787310553870,49970,1578,1600,297,15000
1787310553970,49970,1578,1600,297,15000
1787310554070,49970,1578,1600,297,15000
1787310554170,49970,1578,1500,297,15000
1787310554270,49970,1578,1500,297,15000
1787310554369,49970,1578,1500,297,15000
1787310554470,49970,1578,1500,297,15000
1787310554570,49970,1578,1500,297,15000
1787310554670,49970,1578,1500,297,15000
1787310554770,49970,1578,1500,297,15000
1787310554870,49970,1578,1500,297,15000
1787310554970,49970,1578,1500,297,15000
1787310555070,49970,1578,1500,297,15000
1787310555170,49970,1578,1500,297,15000
1787310555270,49970,1578,1500,297,15000
1787310555370,49970,1578,1500,297,15000
1787310555469,49970,1578,1500,297,15000
1787310555570,49970,1578,1500,297,15000
1787310555670,49970,1578,1500,297,15000
1787310555769,49970,1578,1500,297,15000
1787310555870,49970,1578,1500,297,15000
1787310555970,49970,1578,1500,297,15000
1787310556070,49970,1578,1600,297,15000
1787310556170,49970,1578,1600,297,15000
1787310556270,49970,1578,1600,297,15000
1787310556370,49970,1578,1600,297,15000
1787310556470,49970,1578,1600,297,15000
1787310556570,49970,1578,1600,297,15000
1787310556670,49970,1578,1500,297,15000
1787310556770,49970,1578,1500,297,15000
1787310556870,49970,1578,1500,297,15000
1787310556970,49970,1578,1500,297,15000
1787310557069,49970,1578,1500,297,15000
1787310557170,49970,1578,1500,297,15000
1787310557270,49970,1578,1500,297,15000
1787310557370,49970,1578,1500,297,15000
1787310557470,49970,1578,1500,297,15000
1787310557570,49970,1578,1500,297,15000
1787310557670,49970,1578,1500,297,15000
1787310557770,49970,1578,1500,297,15000
1787310557870,49970,1578,1500,297,15000
1787310557970,49970,1578,1500,297,15000
1787310558070,49970,1578,1500,297,15000
1787310558170,49970,1578,1500,297,15000
1787310558270,49970,1578,1500,297,15000
1787310558370,49970,1578,1500,297,15000
1787310558470,49970,1578,1500,297,15000
1787310558570,49970,1578,1500,297,15000
1787310558670,49970,1578,1500,297,15000
1787310558770,49970,1578,1500,297,15000
1787310558869,49970,1578,1500,297,15000
1787310558970,49970,1578,1500,297,15000
1787310559070,49970,1578,1500,297,15000
1787310559170,49970,1578,1500,297,15000
1787310559270,49970,1578,1500,297,15000
1787310559370,49970,1578,1500,297,15000
1787310559470,49970,1578,1500,297,15000
1787310559570,49970,1578,1500,297,15000
1787310559670,49970,1578,1500,297,15000
1787310559769,49970,1578,1500,297,15000
1787310559870,49970,1578,1500,297,15000
1787310559970,49970,1578,1500,297,15000
1787310560070,49970,1578,1500,297,15000
1787310560170,49970,1578,1500,297,15000
1787310560269,49970,1578,1500,297,15000
1787310560370,49970,1578,1500,297,15000
1787310560470,49970,1578,1500,297,15000
1787310560570,49970,1578,1500,297,15000
1787310560670,49970,1578,1500,297,15000
1787310560769,49970,1578,1500,297,15000
1787310560870,49970,1578,1500,297,15000
1787310560970,49970,1578,1500,297,15000
1787310561070,49970,1578,1500,297,15000
1787310561170,49970,1578,1500,297,15000
1787310561270,49970,1578,1500,297,15000
1787310561370,49970,1578,1500,297,15000
1787310561469,49970,1578,1500,297,15000
1787310561570,49970,1578,1500,297,15000
1787310561670,49970,1578,1500,297,15000
1787310561770,49970,1578,1500,297,15000
1787310561869,49970,1578,1500,297,15000
1787310561970,49970,1578,1500,297,15000
1787310562070,49970,1578,1500,297,15000
1787310562170,49970,1578,1500,297,15000
1787310562270,49970,1578,1500,297,15000
1787310562370,49970,1578,1500,297,15000
1787310562470,49970,1578,1500,297,15000
1787310562570,49970,1578,1500,297,15000
1787310562670,49970,1578,1500,297,15000
1787310562770,49970,1578,1500,297,15000
1787310562869,49970,1578,1500,297,15000
1787310562970,49970,1578,1500,297,15000
1787310563070,49970,1578,1500,297,15000
1787310563170,49970,1578,1500,297,15000
1787310563269,49970,1578,1500,297,15000
1787310563370,49970,1578,1500,297,15000
1787310563470,49970,1578,1500,297,15000
1787310563570,49970,1578,1500,297,15000
1787310563670,49970,1578,1500,297,15000
1787310563770,49970,1578,1500,297,15000
1787310563870,49970,1578,1500,297,15000
1787310563969,49970,1578,1500,297,15000
1787310564070,49970,1578,1500,297,15000
1787310564170,49970,1578,1500,297,15000
1787310564269,49970,1578,1500,297,15000
1787310564369,49970,1578,1500,297,15000
1787310564470,49970,1578,1500,297,15000
1787310564570,49970,1578,1500,297,15000
1787310564670,49970,1578,1500,297,15000
1787310564770,49970,1578,1500,297,15000
1787310564870,49970,1578,1500,297,15000
1787310564969,49970,1578,1500,297,15000
1787310565070,49970,1578,1500,297,15000
1787310565170,49970,1578,1500,297,15000
1787310565270,49970,1578,1500,297,15000
1787310565370,49970,1578,1500,297,15000
1787310565470,49970,1578,1500,297,15000
1787310565570,49970,1578,1500,297,15000
1787310565670,49970,1578,1500,297,15000
1787310565770,49970,1578,1500,297,15000
1787310565869,49970,1578,1500,297,15000
1787310565970,49970,1578,1500,297,15000
1787310566070,49970,1578,1500,297,15000
1787310566170,49970,1578,1500,297,15000
1787310566270,49970,1578,1500,297,15000
1787310566370,49970,1578,1500,297,15000
1787310566470,49970,1578,1500,297,15000
1787310566569,49970,1578,1500,297,15000
1787310566670,49970,1578,1500,297,15000
1787310566770,49970,1578,1500,297,15000
1787310566870,50000,0,1500,297,15000
1787310566969,50000,0,1500,297,15000
1787310567070,50000,0,1500,297,15000
1787310567170,50000,0,1500,297,15000
1787310567270,50000,0,1500,297,15000
1787310567370,50000,0,1500,297,15000
1787310567470,50000,0,1500,297,15000
1787310567570,50000,0,100,297,15000
1787310567669,50000,0,100,297,15000
1787310567769,50000,0,100,297,15000
1787310567870,50000,0,100,297,15000
1787310567970,50000,0,100,297,15000
1787310568070,50000,0,100,297,15000
1787310568170,50000,0,0,297,15000
1787310568270,50000,0,0,297,15000
1787310568370,50000,0,0,297,15000
1787310568470,50000,0,0,297,15000
1787310568570,50000,0,0,297,15000
1787310568670,50000,0,0,297,15000
1787310568770,50000,0,0,297,15000
1787310568870,50000,0,0,297,15000
1787310568970,50000,0,0,297,15000
1787310569070,50000,0,0,297,15000
1787310569170,50000,0,0,297,15000
1787310569270,50000,0,0,297,15000
1787310569370,50000,0,0,297,15000
1787310569470,50000,0,0,297,15000
1787310569570,50000,0,0,297,15000
1787310569670,50000,0,0,297,15000
1787310569770,50000,0,0,297,15000
1787310569870,50000,0,0,297,15000
1787310569970,50000,0,0,297,15000
1787310570070,50000,0,0,297,15000
1787310570170,50000,0,0,297,15000
1787310570270,50000,0,0,297,15000
1787310570369,50000,0,0,297,15000
1787310570470,50000,0,0,297,15000
1787310570570,50000,0,0,297,15000
1787310570669,50000,0,0,297,15000
1787310570770,50000,0,0,297,15000
1787310570870,50000,0,0,297,15000
1787310570970,50000,0,0,297,15000
1787310571070,50000,0,0,297,15000
1787310571170,50000,0,0,297,15000
1787310571270,50000,0,0,297,15000
1787310571370,50000,0,0,297,15000
1787310571470,50000,0,0,297,15000
1787310571570,50000,0,0,297,15000
1787310571670,50000,0,0,297,15000
1787310571769,50000,0,0,297,15000
1787310571870,50000,0,0,297,15000
1787310571970,50000,0,0,297,15000
1787310572070,50000,0,0,297,15000
1787310572170,50000,0,0,297,15000
1787310572270,50000,0,0,297,15000
1787310572369,50000,0,0,297,15000
1787310572470,50000,0,0,297,15000
1787310572570,50000,0,0,297,15000
1787310572670,50000,0,0,297,15000
1787310572769,50000,0,0,297,15000
1787310572870,50000,0,0,297,15000
1787310572970,50000,0,0,297,15000
1787310573070,50000,0,0,297,15000
1787310573170,50000,0,0,297,15000
1787310573270,50000,0,0,297,15000
1787310573370,50000,0,0,297,15000
1787310573470,50000,0,0,297,15000
1787310573570,50000,0,0,297,15000
1787310573669,50000,0,0,297,15000
1787310573770,50000,0,0,297,15000
1787310573870,50000,0,0,297,15000
1787310573969,50000,0,0,297,15000
1787310574070,50000,0,0,297,15000
1787310574170,50000,0,0,297,15000
1787310574270,50000,0,0,297,15000
1787310574370,50000,0,0,297,15000
1787310574469,50000,0,0,297,15000
1787310574570,50000,0,0,297,15000
1787310574670,50000,0,0,297,15000
1787310574769,50000,0,0,297,15000
1787310574869,50000,0,0,297,15000
1787310574970,50000,0,0,297,15000
1787310575070,50000,0,0,297,15000
1787310575170,50000,0,0,297,15000
1787310575270,50000,0,0,297,15000
1787310575370,50000,0,0,297,15000
1787310575470,50000,0,0,297,15000
1787310575570,50000,0,0,297,15000
1787310575670,50000,0,0,297,15000
1787310575770,50000,0,0,297,15000
1787310575870,50000,0,0,297,15000
1787310575970,50000,0,0,297,15000
1787310576070,50000,0,0,297,15000
1787310576170,50000,0,0,297,15000
1787310576270,50000,0,0,297,15000
1787310576369,50000,0,0,297,15000
1787310576470,50000,0,0,297,15000
1787310576570,50000,0,0,297,15000
1787310576670,50000,0,0,297,15000
1787310576770,50000,0,0,297,15000
1787310576870,50000,0,0,297,15000
1787310576970,50000,0,0,297,15000
1787310577070,50000,0,0,297,15000
1787310577170,50000,0,0,297,15000
1787310577270,50000,0,0,297,15000
1787310577370,50000,0,0,297,15000
1787310577469,50000,0,0,297,15000
1787310577570,50000,0,0,297,15000
1787310577670,50000,0,0,297,15000
1787310577770,50000,0,0,297,15000
1787310577870,50000,0,0,297,15000
1787310577970,50000,0,0,297,15000
1787310578070,50000,0,0,297,15000
1787310578170,50000,0,0,297,15000
1787310578270,50000,0,0,297,15000
1787310578370,50000,0,0,297,15000
1787310578470,50000,0,0,297,15000
1787310578570,50000,0,0,297,15000
1787310578670,50000,0,0,297,15000
1787310578769,50000,0,0,297,15000
1787310578870,50000,0,0,297,15000
1787310578970,50000,0,0,297,15000
1787310579069,50000,0,0,297,15000
1787310579170,50000,0,0,297,15000
1787310579270,50000,0,0,297,15000
1787310579369,50000,0,0,297,15000
1787310579469,50000,0,0,297,15000
1787310579570,50000,0,0,297,15000
1787310579670,50000,0,0,297,15000
1787310579770,50000,0,0,297,15000
1787310579870,50000,0,0,297,15000
1787310579970,50000,0,0,297,15000
1787310580070,50000,0,0,297,15000
1787310580170,50000,0,0,297,15000
1787310580270,50000,0,0,297,15000
1787310580370,50000,0,0,297,15000
1787310580469,50000,0,0,297,15000
1787310580570,50000,0,0,297,15000
1787310580670,50000,0,0,297,15000
1787310580770,50000,0,0,297,15000
1787310580870,50000,0,0,297,15000
1787310580969,50000,0,0,297,15000
1787310581070,50000,0,0,297,15000
1787310581170,50000,0,0,297,15000
1787310581270,50000,0,0,297,15000
1787310581370,50000,0,0,297,15000
1787310581470,50000,0,0,297,15000
1787310581570,50000,0,0,297,15000
1787310581670,50000,0,0,297,15000
1787310581770,50000,0,0,297,15000
1787310581870,50000,0,0,297,15000
1787310581970,50000,0,0,297,15000
1787310582069,50000,0,0,297,15000
1787310582170,50000,0,0,297,15000
1787310582270,50000,0,0,297,15000
1787310582370,50000,0,0,297,15000
1787310582470,50000,0,0,297,15000
1787310582570,50000,0,0,297,15000
1787310582670,50000,0,0,297,15000
1787310582769,50000,0,0,297,15000
1787310582870,50000,0,0,297,15000
1787310582970,50000,0,0,297,15000
1787310583070,50000,0,0,297,15000
1787310583170,50000,0,0,297,15000
1787310583270,50000,0,0,297,15000
1787310583370,50000,0,0,297,15000
1787310583469,50000,0,0,297,15000
1787310583570,50000,0,0,297,15000
1787310583669,50000,0,0,297,15000
1787310583770,50000,0,0,297,15000
1787310583870,50000,0,0,297,15000
1787310583969,50000,0,0,297,15000
1787310584070,50000,0,0,297,15000
1787310584170,50000,0,0,297,15000
1787310584270,50000,0,0,297,15000
1787310584370,50000,0,0,297,15000
1787310584470,50000,0,0,297,15000
1787310584570,50000,0,0,297,15000
1787310584669,50000,0,0,297,15000
1787310584770,50000,0,0,297,15000
1787310584870,50000,0,0,297,15000
1787310584970,50000,0,0,297,15000
1787310585069,50000,0,0,297,15000
1787310585170,50000,0,0,297,15000
1787310585270,50000,0,0,297,15000
1787310585370,50000,0,0,297,15000
1787310585470,50000,0,0,297,15000
1787310585570,50000,0,0,297,15000
1787310585670,50000,0,0,297,15000
1787310585770,50000,0,0,297,15000
1787310585870,50000,0,0,297,15000
1787310585970,50000,0,0,297,15000
1787310586070,50000,0,0,297,15000
1787310586170,50000,0,0,297,15000
1787310586269,50000,0,0,297,15000
1787310586370,50000,0,0,297,15000
1787310586470,50000,0,0,297,15000
1787310586570,50000,0,0,297,15000
1787310586670,50000,0,0,297,15000
1787310586770,50000,0,0,297,15000
1787310586869,50000,0,0,297,15000
1787310586970,50000,0,0,297,15000
1787310587070,50000,0,0,297,15000
1787310587170,50000,0,0,297,15000
1787310587270,50000,0,0,297,15000
1787310587370,50000,0,0,297,15000
1787310587470,50000,0,0,297,15000
1787310587570,50000,0,0,297,15000
1787310587670,50000,0,0,297,15000
1787310587770,50000,0,0,297,15000
1787310587870,50000,0,0,297,15000
1787310587970,50000,0,0,297,15000
1787310588070,50000,0,0,297,15000
1787310588170,50000,0,0,297,15000
1787310588270,50000,0,0,297,15000
1787310588370,50000,0,0,297,15000
1787310588470,50000,0,0,297,15000
1787310588570,50000,0,0,297,15000
1787310588670,50000,0,0,297,15000
1787310588770,50000,0,0,297,15000
1787310588870,50000,0,0,297,15000
1787310588969,50000,0,0,297,15000
1787310589070,50000,0,0,297,15000
1787310589170,50000,0,0,297,15000
1787310589269,50000,0,0,297,15000
1787310589370,50000,0,0,297,15000
1787310589469,50000,0,0,297,15000
1787310589570,50000,0,0,297,15000
1787310589670,50000,0,0,297,15000
1787310589770,50000,0,0,297,15000
1787310589870,50000,0,0,297,15000
1787310589970,50000,0,0,297,15000
1787310590070,50000,0,0,297,15000
1787310590170,50000,0,0,297,15000
1787310590270,50000,0,0,297,15000
1787310590370,50000,0,0,297,15000
1787310590469,50000,0,0,297,15000
1787310590570,50000,0,0,297,15000
1787310590670,50000,0,0,297,15000
1787310590770,50000,0,0,297,15000
1787310590870,50000,0,0,297,15000
1787310590970,50000,0,0,297,15000
1787310591070,50000,0,0,297,15000
1787310591170,50000,0,0,297,15000
1787310591270,50000,0,0,297,15000
1787310591369,50000,0,0,297,15000
1787310591470,50000,0,0,297,15000
1787310591570,50000,0,0,297,15000
1787310591670,50000,0,0,297,15000
1787310591770,50000,0,0,297,15000
1787310591870,50000,0,0,297,15000
1787310591970,50000,0,0,297,15000
1787310592070,50000,0,0,297,15000
1787310592170,50000,0,0,297,15000
1787310592270,50000,0,0,297,15000
1787310592370,50000,0,0,297,15000
1787310592470,50000,0,0,297,15000
1787310592570,50000,0,0,297,15000
1787310592669,50000,0,0,297,15000
1787310592770,50000,0,0,297,15000
1787310592870,50000,0,0,297,15000
1787310592970,50000,0,0,297,15000
1787310593070,50000,0,0,297,15000
1787310593170,50000,0,0,297,15000
1787310593270,50000,0,0,297,15000
1787310593369,50000,0,0,297,15000
1787310593470,50000,0,0,297,15000
1787310593570,50000,0,0,297,15000
1787310593670,50000,0,0,297,15000
1787310593770,50000,0,0,297,15000
1787310593870,50000,0,0,297,15000
1787310593970,50000,0,0,297,15000
1787310594070,50000,0,0,297,15000
1787310594170,50000,0,0,297,15000
1787310594269,50000,0,0,297,15000
1787310594370,50000,0,0,297,15000
1787310594470,50000,0,0,297,15000
1787310594570,50000,0,0,297,15000
1787310594670,50000,0,0,297,15000
1787310594770,50000,0,0,297,15000
1787310594870,50000,0,0,297,15000
1787310594969,50000,0,0,297,15000
1787310595070,50000,0,0,297,15000
1787310595170,50000,0,0,297,15000
1787310595270,50000,0,0,297,15000
1787310595370,50000,0,0,297,15000
1787310595470,50000,0,0,297,15000
1787310595570,50000,0,0,297,15000
1787310595670,50000,0,0,297,15000
1787310595770,50000,0,0,297,15000
1787310595870,50000,0,0,297,15000
1787310595969,50000,0,0,297,15000
1787310596070,50000,0,0,297,15000
1787310596170,50000,0,0,297,15000
1787310596270,50000,0,0,297,15000
1787310596370,50000,0,0,297,15000
1787310596470,50000,0,0,297,15000
1787310596570,50000,0,0,297,15000
1787310596670,50000,0,0,297,15000
1787310596770,50000,0,0,297,15000
1787310596870,50050,-3157,0,297,15000
1787310596970,50050,-3157,0,297,15000
1787310597070,50050,-3157,0,297,15000
1787310597170,50050,-3157,0,297,15000
1787310597270,50050,-3157,0,297,15000
1787310597370,50050,-3157,0,297,15000
1787310597470,50050,-3157,-2900,297,15000
1787310597570,50050,-3157,-2900,297,15000
1787310597670,50050,-3157,-2900,297,15000
1787310597770,50050,-3157,-2900,297,15000
1787310597870,50050,-3157,-2900,297,15000
1787310597969,50050,-3157,-2900,297,15000
1787310598069,50050,-3157,-3200,297,15000
1787310598170,50050,-3157,-3200,297,15000
1787310598270,50050,-3157,-3200,297,15000
1787310598370,50050,-3157,-3200,297,15000
1787310598470,50050,-3157,-3200,297,15000
1787310598570,50050,-3157,-3200,297,15000
1787310598669,50050,-3157,-3100,297,15000
1787310598770,50050,-3157,-3100,297,15000
1787310598870,50050,-3157,-3100,297,15000
1787310598969,50050,-3157,-3100,297,15000
1787310599070,50050,-3157,-3100,297,15000
1787310599170,50050,-3157,-3100,297,15000
1787310599270,50050,-3157,-3100,297,15000
1787310599370,50050,-3157,-3200,297,15000
1787310599469,50050,-3157,-3200,297,15000
1787310599570,50050,-3157,-3200,297,15000
1787310599669,50050,-3157,-3200,297,15000
1787310599770,50050,-3157,-3200,297,15000
1787310599870,50050,-3157,-3200,297,15000
1787310599970,50050,-3157,-3100,297,15000
1787310600070,50050,-3157,-3100,297,15000
1787310600170,50050,-3157,-3100,297,15000
1787310600270,50050,-3157,-3100,297,15000
1787310600370,50050,-3157,-3100,297,15000
1787310600470,50050,-3157,-3100,297,15000
1787310600570,50050,-3157,-3200,297,15000
1787310600670,50050,-3157,-3200,297,15000
1787310600770,50050,-3157,-3200,297,15000
1787310600870,50050,-3157,-3200,297,15000
1787310600970,50050,-3157,-3200,297,15000
1787310601069,50050,-3157,-3200,297,15000
1787310601170,50050,-3157,-3200,297,15000
1787310601270,50050,-3157,-3200,297,15000
1787310601369,50050,-3157,-3200,297,15000
1787310601470,50050,-3157,-3200,297,15000
1787310601570,50050,-3157,-3200,297,15000
1787310601669,50050,-3157,-3200,297,15000
1787310601770,50050,-3157,-3200,297,15000
1787310601870,50050,-3157,-3200,297,15000
1787310601970,50050,-3157,-3200,297,15000
1787310602070,50050,-3157,-3200,297,15000
1787310602170,50050,-3157,-3200,297,15000
1787310602270,50050,-3157,-3200,297,15000
1787310602370,50050,-3157,-3200,297,15000
1787310602470,50050,-3157,-3200,297,15000
1787310602570,50050,-3157,-3200,297,15000
1787310602670,50050,-3157,-3200,297,15000
1787310602770,50050,-3157,-3200,297,15000
1787310602870,50050,-3157,-3200,297,15000
1787310602970,50050,-3157,-3200,297,15000
1787310603070,50050,-3157,-3100,297,15000
1787310603170,50050,-3157,-3100,297,15000
1787310603270,50050,-3157,-3100,297,15000
1787310603370,50050,-3157,-3100,297,15000
1787310603470,50050,-3157,-3100,297,15000
1787310603570,50050,-3157,-3100,297,15000
1787310603670,50050,-3157,-3100,297,15000
1787310603769,50050,-3157,-3100,297,15000
1787310603870,50050,-3157,-3100,297,15000
1787310603970,50050,-3157,-3100,297,15000
1787310604070,50050,-3157,-3100,297,15000
1787310604170,50050,-3157,-3100,297,15000
1787310604270,50050,-3157,-3200,297,15000
1787310604370,50050,-3157,-3200,297,15000
1787310604470,50050,-3157,-3200,297,15000
1787310604569,50050,-3157,-3200,297,15000
1787310604670,50050,-3157,-3200,297,15000
1787310604770,50050,-3157,-3200,297,15000
1787310604870,50050,-3157,-3200,297,15000
1787310604970,50050,-3157,-3200,297,15000
1787310605070,50050,-3157,-3200,297,15000
1787310605170,50050,-3157,-3200,297,15000
1787310605270,50050,-3157,-3200,297,15000
1787310605369,50050,-3157,-3200,297,15000
1787310605470,50050,-3157,-3200,297,15000
1787310605570,50050,-3157,-3200,297,15000
1787310605670,50050,-3157,-3200,297,15000
1787310605770,50050,-3157,-3200,297,15000
1787310605870,50050,-3157,-3200,297,15000
1787310605969,50050,-3157,-3200,297,15000
1787310606070,50050,-3157,-3200,297,15000
1787310606170,50050,-3157,-3200,297,15000
1787310606270,50050,-3157,-3200,297,15000
1787310606370,50050,-3157,-3200,297,15000
1787310606470,50050,-3157,-3200,297,15000
1787310606570,50050,-3157,-3200,297,15000
1787310606670,50050,-3157,-3200,297,15000
1787310606770,50050,-3157,-3200,297,15000
1787310606870,50050,-3157,-3200,297,15000
1787310606970,50050,-3157,-3200,297,15000
1787310607070,50050,-3157,-3200,297,15000
1787310607170,50050,-3157,-3200,297,15000
1787310607270,50050,-3157,-3200,297,15000
1787310607370,50050,-3157,-3200,297,15000
1787310607470,50050,-3157,-3200,297,15000
1787310607569,50050,-3157,-3200,297,15000
1787310607670,50050,-3157,-3200,297,15000
1787310607770,50050,-3157,-3200,297,15000
1787310607870,50050,-3157,-3100,297,15000
1787310607970,50050,-3157,-3100,297,15000
1787310608070,50050,-3157,-3100,297,15000
1787310608170,50050,-3157,-3100,297,15000
1787310608270,50050,-3157,-3100,297,15000
1787310608370,50050,-3157,-3100,297,15000
1787310608470,50050,-3157,-3100,297,15000
1787310608570,50050,-3157,-3100,297,15000
1787310608669,50050,-3157,-3100,297,15000
1787310608770,50050,-3157,-3100,297,15000
1787310608870,50050,-3157,-3100,297,15000
1787310608969,50050,-3157,-3100,297,15000
1787310609070,50050,-3157,-3100,297,15000
1787310609170,50050,-3157,-3200,297,15000
1787310609269,50050,-3157,-3200,297,15000
1787310609370,50050,-3157,-3200,297,15000
1787310609470,50050,-3157,-3200,297,15000
1787310609570,50050,-3157,-3100,297,15000
1787310609670,50050,-3157,-3100,297,15000
1787310609770,50050,-3157,-3100,297,15000
1787310609870,50050,-3157,-3100,297,15000
1787310609970,50050,-3157,-3100,297,15000
1787310610069,50050,-3157,-3100,297,15000
1787310610170,50050,-3157,-3200,297,15000
1787310610270,50050,-3157,-3200,297,15000
1787310610370,50050,-3157,-3200,297,15000
1787310610469,50050,-3157,-3200,297,15000
1787310610570,50050,-3157,-3200,297,15000
1787310610670,50050,-3157,-3200,297,15000
1787310610770,50050,-3157,-3100,297,15000
1787310610870,50050,-3157,-3100,297,15000
1787310610970,50050,-3157,-3100,297,15000
1787310611070,50050,-3157,-3100,297,15000
1787310611170,50050,-3157,-3100,297,15000
1787310611270,50050,-3157,-3100,297,15000
1787310611370,50050,-3157,-3100,297,15000
1787310611469,50050,-3157,-3100,297,15000
1787310611570,50050,-3157,-3100,297,15000
1787310611669,50050,-3157,-3100,297,15000
1787310611770,50050,-3157,-3100,297,15000
1787310611870,50050,-3157,-3100,297,15000
1787310611970,50050,-3157,-3100,297,15000
1787310612070,50050,-3157,-3100,297,15000
1787310612170,50050,-3157,-3100,297,15000
1787310612270,50050,-3157,-3100,297,15000
1787310612370,50050,-3157,-3100,297,15000
1787310612470,50050,-3157,-3100,297,15000
1787310612570,50050,-3157,-3100,297,15000
1787310612669,50050,-3157,-3100,297,15000
1787310612769,50050,-3157,-3200,297,15000
1787310612870,50050,-3157,-3200,297,15000
1787310612970,50050,-3157,-3200,297,15000
1787310613070,50050,-3157,-3200,297,15000
1787310613170,50050,-3157,-3200,297,15000
1787310613269,50050,-3157,-3200,297,15000
1787310613370,50050,-3157,-3100,297,15000
1787310613470,50050,-3157,-3100,297,15000
1787310613569,50050,-3157,-3100,297,15000
1787310613670,50050,-3157,-3100,297,15000
1787310613769,50050,-3157,-3100,297,15000
1787310613870,50050,-3157,-3100,297,15000
1787310613969,50050,-3157,-3100,297,15000
1787310614070,50050,-3157,-3100,297,15000
1787310614170,50050,-3157,-3100,297,15000
1787310614270,50050,-3157,-3100,297,15000
1787310614369,50050,-3157,-3100,297,15000
1787310614469,50050,-3157,-3100,297,15000
1787310614570,50050,-3157,-3100,297,15000
1787310614670,50050,-3157,-3100,297,15000
1787310614770,50050,-3157,-3100,297,15000
1787310614870,50050,-3157,-3100,297,15000
1787310614970,50050,-3157,-3100,297,15000
1787310615070,50050,-3157,-3100,297,15000
1787310615169,50050,-3157,-3100,297,15000
1787310615270,50050,-3157,-3100,297,15000
1787310615370,50050,-3157,-3100,297,15000
1787310615469,50050,-3157,-3100,297,15000
1787310615570,50050,-3157,-3100,297,15000
1787310615670,50050,-3157,-3100,297,15000
1787310615769,50050,-3157,-3100,297,15000
1787310615870,50050,-3157,-3100,297,15000
1787310615970,50050,-3157,-3100,297,15000
1787310616070,50050,-3157,-3100,297,15000
1787310616169,50050,-3157,-3100,297,15000
1787310616270,50050,-3157,-3200,297,15000
1787310616370,50050,-3157,-3200,297,15000
1787310616470,50050,-3157,-3200,297,15000
1787310616570,50050,-3157,-3200,297,15000
1787310616670,50050,-3157,-3200,297,15000
1787310616770,50050,-3157,-3200,297,15000
1787310616870,50050,-3157,-3100,297,15000
1787310616969,50050,-3157,-3100,297,15000
1787310617070,50050,-3157,-3100,297,15000
1787310617170,50050,-3157,-3100,297,15000
1787310617270,50050,-3157,-3100,297,15000
1787310617370,50050,-3157,-3100,297,15000
1787310617469,50050,-3157,-3100,297,15000
1787310617570,50050,-3157,-3200,297,15000
1787310617670,50050,-3157,-3200,297,15000
1787310617770,50050,-3157,-3200,297,15000
1787310617870,50050,-3157,-3200,297,15000
1787310617970,50050,-3157,-3200,297,15000
1787310618070,50050,-3157,-3200,297,15000
1787310618170,50050,-3157,-3100,297,15000
1787310618270,50050,-3157,-3100,297,15000
1787310618369,50050,-3157,-3100,297,15000
1787310618470,50050,-3157,-3100,297,15000
1787310618570,50050,-3157,-3100,297,15000
1787310618670,50050,-3157,-3100,297,15000
1787310618770,50050,-3157,-3100,297,15000
1787310618870,50050,-3157,-3100,297,15000
1787310618970,50050,-3157,-3100,297,15000
1787310619070,50050,-3157,-3100,297,15000
1787310619170,50050,-3157,-3100,297,15000
1787310619270,50050,-3157,-3200,297,15000
1787310619370,50050,-3157,-3200,297,15000
1787310619470,50050,-3157,-3200,297,15000
1787310619570,50050,-3157,-3200,297,15000
1787310619670,50050,-3157,-3200,297,15000
1787310619770,50050,-3157,-3200,297,15000
1787310619870,50050,-3157,-3200,297,15000
1787310619970,50050,-3157,-3200,297,15000
1787310620070,50050,-3157,-3200,297,15000
1787310620170,50050,-3157,-3200,297,15000
1787310620270,50050,-3157,-3200,297,15000
1787310620370,50050,-3157,-3200,297,15000
1787310620470,50050,-3157,-3200,297,15000
1787310620569,50050,-3157,-3200,297,15000
1787310620670,50050,-3157,-3200,297,15000
1787310620770,50050,-3157,-3200,297,15000
1787310620870,50050,-3157,-3200,297,15000
1787310620970,50050,-3157,-3200,297,15000
1787310621070,50050,-3157,-3100,297,15000
1787310621170,50050,-3157,-3100,297,15000
1787310621270,50050,-3157,-3100,297,15000
1787310621369,50050,-3157,-3100,297,15000
1787310621470,50050,-3157,-3100,297,15000
1787310621569,50050,-3157,-3100,297,15000
1787310621670,50050,-3157,-3100,297,15000
1787310621770,50050,-3157,-3100,297,15000
1787310621869,50050,-3157,-3100,297,15000
1787310621970,50050,-3157,-3100,297,15000
1787310622069,50050,-3157,-3100,297,15000
1787310622170,50050,-3157,-3100,297,15000
1787310622270,50050,-3157,-3100,297,15000
1787310622370,50050,-3157,-3200,297,15000
1787310622470,50050,-3157,-3200,297,15000
1787310622570,50050,-3157,-3200,297,15000
1787310622670,50050,-3157,-3200,297,15000
1787310622770,50050,-3157,-3200,297,15000
1787310622870,50050,-3157,-3200,297,15000
1787310622970,50050,-3157,-3200,297,15000
1787310623069,50050,-3157,-3200,297,15000
1787310623170,50050,-3157,-3200,297,15000
1787310623270,50050,-3157,-3200,297,15000
1787310623370,50050,-3157,-3200,297,15000
1787310623470,50050,-3157,-3200,297,15000
1787310623570,50050,-3157,-3200,297,15000
1787310623670,50050,-3157,-3200,297,15000
1787310623770,50050,-3157,-3200,297,15000
1787310623870,50050,-3157,-3200,297,15000
1787310623970,50050,-3157,-3200,297,15000
1787310624070,50050,-3157,-3200,297,15000
1787310624170,50050,-3157,-3200,297,15000
1787310624270,50050,-3157,-3200,297,15000
1787310624370,50050,-3157,-3200,297,15000
1787310624470,50050,-3157,-3200,297,15000
1787310624569,50050,-3157,-3200,297,15000
1787310624670,50050,-3157,-3200,297,15000
1787310624770,50050,-3157,-3200,297,15000
1787310624870,50050,-3157,-3200,297,15000
1787310624970,50050,-3157,-3200,297,15000
1787310625070,50050,-3157,-3200,297,15000
1787310625170,50050,-3157,-3200,297,15000
1787310625270,50050,-3157,-3200,297,15000
1787310625370,50050,-3157,-3200,297,15000
1787310625470,50050,-3157,-3200,297,15000
1787310625570,50050,-3157,-3200,297,15000
1787310625669,50050,-3157,-3200,297,15000
1787310625770,50050,-3157,-3200,297,15000
1787310625870,50050,-3157,-3200,297,15000
1787310625970,50050,-3157,-3200,297,15000
1787310626070,50050,-3157,-3200,297,15000
1787310626170,50050,-3157,-3200,297,15000
1787310626270,50050,-3157,-3200,297,15000
1787310626370,50050,-3157,-3200,297,15000
1787310626470,50050,-3157,-3200,297,15000
1787310626570,50050,-3157,-3200,297,15000
1787310626670,50050,-3157,-3200,297,15000
1787310626770,50050,-3157,-3200,297,15000
1787310626870,50050,-3157,-3200,297,15000
1787310626969,50050,-3157,-3200,297,15000
1787310627070,50050,-3157,-3200,297,15000
1787310627170,50050,-3157,-3200,297,15000
1787310627269,50050,-3157,-3200,297,15000
1787310627369,50050,-3157,-3200,297,15000
1787310627470,50050,-3157,-3200,297,15000
1787310627570,50050,-3157,-3200,297,15000
1787310627669,50050,-3157,-3200,297,15000
1787310627770,50050,-3157,-3200,297,15000
1787310627870,50050,-3157,-3200,297,15000
1787310627969,50050,-3157,-3200,297,15000
1787310628070,50050,-3157,-3200,297,15000
1787310628170,50050,-3157,-3200,297,15000
1787310628270,50050,-3157,-3200,297,15000
1787310628370,50050,-3157,-3200,297,15000
1787310628469,50050,-3157,-3200,297,15000
1787310628570,50050,-3157,-3200,297,15000
1787310628670,50050,-3157,-3200,297,15000
1787310628770,50050,-3157,-3200,297,15000
1787310628870,50050,-3157,-3200,297,15000
1787310628970,50050,-3157,-3200,297,15000
1787310629070,50050,-3157,-3100,297,15000
1787310629170,50050,-3157,-3100,297,15000
1787310629270,50050,-3157,-3100,297,15000
1787310629370,50050,-3157,-3100,297,15000
1787310629470,50050,-3157,-3200,297,15000
1787310629570,50050,-3157,-3200,297,15000
1787310629670,50050,-3157,-3200,297,15000
1787310629770,50050,-3157,-3200,297,15000
1787310629870,50050,-3157,-3200,297,15000
1787310629970,50050,-3157,-3200,297,15000
1787310630070,50050,-3157,-3200,297,15000
1787310630170,50050,-3157,-3200,297,15000
1787310630269,50050,-3157,-3200,297,15000
1787310630369,50050,-3157,-3200,297,15000
1787310630470,50050,-3157,-3200,297,15000
1787310630570,50050,-3157,-3200,297,15000
1787310630670,50050,-3157,-3100,297,15000
1787310630770,50050,-3157,-3100,297,15000
1787310630870,50050,-3157,-3100,297,15000
1787310630970,50050,-3157,-3100,297,15000
1787310631069,50050,-3157,-3100,297,15000
1787310631170,50050,-3157,-3100,297,15000
1787310631270,50050,-3157,-3100,297,15000
1787310631370,50050,-3157,-3100,297,15000
1787310631470,50050,-3157,-3100,297,15000
1787310631570,50050,-3157,-3100,297,15000
1787310631670,50050,-3157,-3100,297,15000
1787310631769,50050,-3157,-3100,297,15000
1787310631870,50050,-3157,-3100,297,15000
1787310631970,50050,-3157,-3100,297,15000
1787310632070,50050,-3157,-3100,297,15000
1787310632170,50050,-3157,-3100,297,15000
1787310632270,50050,-3157,-3100,297,15000
1787310632370,50050,-3157,-3100,297,15000
1787310632469,50050,-3157,-3100,297,15000
1787310632570,50050,-3157,-3100,297,15000
1787310632670,50050,-3157,-3100,297,15000
1787310632770,50050,-3157,-3100,297,15000
1787310632870,50050,-3157,-3100,297,15000
1787310632970,50050,-3157,-3100,297,15000
1787310633070,50050,-3157,-3100,297,15000
1787310633170,50050,-3157,-3100,297,15000
1787310633270,50050,-3157,-3100,297,15000
1787310633369,50050,-3157,-3100,297,15000
1787310633470,50050,-3157,-3100,297,15000
1787310633570,50050,-3157,-3100,297,15000
1787310633670,50050,-3157,-3100,297,15000
1787310633769,50050,-3157,-3100,297,15000
1787310633870,50050,-3157,-3100,297,15000
1787310633970,50050,-3157,-3100,297,15000
1787310634069,50050,-3157,-3100,297,15000
1787310634170,50050,-3157,-3100,297,15000
1787310634270,50050,-3157,-3100,297,15000
1787310634370,50050,-3157,-3100,297,15000
1787310634470,50050,-3157,-3200,297,15000
1787310634570,50050,-3157,-3200,297,15000
1787310634669,50050,-3157,-3200,297,15000
1787310634770,50050,-3157,-3200,297,15000
1787310634870,50050,-3157,-3200,297,15000
1787310634970,50050,-3157,-3200,297,15000
1787310635070,50050,-3157,-3200,297,15000
1787310635170,50050,-3157,-3200,297,15000
1787310635270,50050,-3157,-3200,297,15000
1787310635370,50050,-3157,-3200,297,15000
1787310635470,50050,-3157,-3200,297,15000
1787310635570,50050,-3157,-3200,297,15000
1787310635670,50050,-3157,-3100,297,15000
1787310635769,50050,-3157,-3100,297,15000
1787310635869,50050,-3157,-3100,297,15000
1787310635970,50050,-3157,-3100,297,15000
1787310636070,50050,-3157,-3100,297,15000
1787310636170,50050,-3157,-3100,297,15000
1787310636269,50050,-3157,-3100,297,15000
1787310636370,50050,-3157,-3100,297,15000
1787310636470,50050,-3157,-3100,297,15000
1787310636570,50050,-3157,-3100,297,15000
1787310636670,50050,-3157,-3100,297,15000
1787310636769,50050,-3157,-3200,297,15000
1787310636870,50050,-3157,-3200,297,15000
1787310636970,50050,-3157,-3200,297,15000
1787310637070,50050,-3157,-3200,297,15000
1787310637170,50050,-3157,-3200,297,15000
1787310637270,50050,-3157,-3200,297,15000
1787310637370,50050,-3157,-3200,297,15000
1787310637470,50050,-3157,-3200,297,15000
1787310637570,50050,-3157,-3200,297,15000
1787310637670,50050,-3157,-3200,297,15000
1787310637770,50050,-3157,-3200,297,15000
1787310637870,50050,-3157,-3200,297,15000
1787310637970,50050,-3157,-3200,297,15000
1787310638070,50050,-3157,-3200,297,15000
1787310638170,50050,-3157,-3200,297,15000
1787310638270,50050,-3157,-3200,297,15000
1787310638370,50050,-3157,-3200,297,15000
1787310638470,50050,-3157,-3200,297,15000
1787310638570,50050,-3157,-3200,297,15000
1787310638669,50050,-3157,-3100,297,15000
1787310638770,50050,-3157,-3100,297,15000
1787310638870,50050,-3157,-3100,297,15000
1787310638970,50050,-3157,-3100,297,15000
1787310639070,50050,-3157,-3100,297,15000
1787310639170,50050,-3157,-3100,297,15000
1787310639270,50050,-3157,-3100,297,15000
1787310639370,50050,-3157,-3100,297,15000
1787310639469,50050,-3157,-3100,297,15000
1787310639569,50050,-3157,-3100,297,15000
1787310639670,50050,-3157,-3100,297,15000
1787310639769,50050,-3157,-3100,297,15000
1787310639870,50050,-3157,-3200,297,15000
1787310639970,50050,-3157,-3200,297,15000
1787310640070,50050,-3157,-3200,297,15000
1787310640170,50050,-3157,-3200,297,15000
1787310640270,50050,-3157,-3200,297,15000
1787310640370,50050,-3157,-3200,297,15000
1787310640470,50050,-3157,-3200,297,15000
1787310640569,50050,-3157,-3200,297,15000
1787310640670,50050,-3157,-3200,297,15000
1787310640770,50050,-3157,-3200,297,15000
1787310640870,50050,-3157,-3200,297,15000
1787310640969,50050,-3157,-3100,297,15000
1787310641070,50050,-3157,-3100,297,15000
1787310641170,50050,-3157,-3100,297,15000
1787310641270,50050,-3157,-3100,297,15000
1787310641370,50050,-3157,-3100,297,15000
1787310641470,50050,-3157,-3100,297,15000
1787310641570,50050,-3157,-3100,297,15000
1787310641670,50050,-3157,-3100,297,15000
1787310641770,50050,-3157,-3100,297,15000
1787310641870,50050,-3157,-3100,297,15000
1787310641970,50050,-3157,-3100,297,15000
1787310642070,50050,-3157,-3100,297,15000
1787310642170,50050,-3157,-3100,297,15000
1787310642270,50050,-3157,-3100,297,15000
1787310642369,50050,-3157,-3100,297,15000
1787310642470,50050,-3157,-3100,297,15000
1787310642570,50050,-3157,-3100,297,15000
1787310642670,50050,-3157,-3100,297,15000
1787310642770,50050,-3157,-3200,297,15000
1787310642870,50050,-3157,-3200,297,15000
1787310642969,50050,-3157,-3200,297,15000
1787310643070,50050,-3157,-3200,297,15000
1787310643170,50050,-3157,-3200,297,15000
1787310643270,50050,-3157,-3200,297,15000
1787310643369,50050,-3157,-3100,297,15000
1787310643470,50050,-3157,-3100,297,15000
1787310643570,50050,-3157,-3100,297,15000
1787310643670,50050,-3157,-3100,297,15000
1787310643770,50050,-3157,-3100,297,15000
1787310643870,50050,-3157,-3100,297,15000
1787310643970,50050,-3157,-3100,297,15000
1787310644070,50050,-3157,-3200,297,15000
1787310644170,50050,-3157,-3200,297,15000
1787310644270,50050,-3157,-3200,297,15000
1787310644369,50050,-3157,-3200,297,15000
1787310644470,50050,-3157,-3200,297,15000
1787310644570,50050,-3157,-3200,297,15000
1787310644670,50050,-3157,-3100,297,15000
1787310644770,50050,-3157,-3100,297,15000
1787310644870,50050,-3157,-3100,297,15000
1787310644970,50050,-3157,-3100,297,15000
1787310645070,50050,-3157,-3100,297,15000
1787310645169,50050,-3157,-3100,297,15000
1787310645269,50050,-3157,-3100,297,15000
1787310645370,50050,-3157,-3100,297,15000
1787310645470,50050,-3157,-3100,297,15000
1787310645570,50050,-3157,-3100,297,15000
1787310645670,50050,-3157,-3100,297,15000
1787310645770,50050,-3157,-3100,297,15000
1787310645870,50050,-3157,-3100,297,15000
1787310645970,50050,-3157,-3200,297,15000
1787310646070,50050,-3157,-3200,297,15000
1787310646170,50050,-3157,-3200,297,15000
1787310646270,50050,-3157,-3200,297,15000
1787310646370,50050,-3157,-3200,297,15000
1787310646470,50050,-3157,-3200,297,15000
1787310646570,50050,-3157,-3200,297,15000
1787310646670,50050,-3157,-3200,297,15000
1787310646769,50050,-3157,-3200,297,15000
1787310646870,50050,-3157,-3200,297,15000
1787310646969,50050,-3157,-3200,297,15000
1787310647070,50050,-3157,-3200,297,15000
1787310647170,50050,-3157,-3200,297,15000
1787310647270,50050,-3157,-3200,297,15000
1787310647370,50050,-3157,-3200,297,15000
1787310647470,50050,-3157,-3200,297,15000
1787310647570,50050,-3157,-3200,297,15000
1787310647670,50050,-3157,-3200,297,15000
1787310647770,50050,-3157,-3200,297,15000
1787310647870,50050,-3157,-3200,297,15000
1787310647970,50050,-3157,-3200,297,15000
1787310648070,50050,-3157,-3200,297,15000
1787310648170,50050,-3157,-3200,297,15000
1787310648270,50050,-3157,-3200,297,15000
1787310648370,50050,-3157,-3200,297,15000
1787310648470,50050,-3157,-3200,297,15000
1787310648569,50050,-3157,-3200,297,15000
1787310648669,50050,-3157,-3200,297,15000
1787310648770,50050,-3157,-3200,297,15000
1787310648870,50050,-3157,-3200,297,15000
1787310648970,50050,-3157,-3200,297,15000
1787310649069,50050,-3157,-3200,297,15000
1787310649170,50050,-3157,-3200,297,15000
1787310649270,50050,-3157,-3200,297,15000
1787310649370,50050,-3157,-3200,297,15000
1787310649470,50050,-3157,-3200,297,15000
1787310649570,50050,-3157,-3200,297,15000
1787310649670,50050,-3157,-3200,297,15000
1787310649770,50050,-3157,-3200,297,15000
1787310649870,50050,-3157,-3200,297,15000
1787310649970,50050,-3157,-3200,297,15000
1787310650069,50050,-3157,-3200,297,15000
1787310650170,50050,-3157,-3100,297,15000
1787310650270,50050,-3157,-3100,297,15000
1787310650370,50050,-3157,-3100,297,15000
1787310650470,50050,-3157,-3100,297,15000
1787310650570,50050,-3157,-3100,297,15000
1787310650670,50050,-3157,-3100,297,15000
1787310650770,50050,-3157,-3200,297,15000
1787310650870,50050,-3157,-3200,297,15000
1787310650969,50050,-3157,-3200,297,15000
1787310651070,50050,-3157,-3200,297,15000
1787310651170,50050,-3157,-3200,297,15000
1787310651270,50050,-3157,-3200,297,15000
1787310651370,50050,-3157,-3100,297,15000
1787310651470,50050,-3157,-3100,297,15000
1787310651570,50050,-3157,-3100,297,15000
1787310651670,50050,-3157,-3100,297,15000
1787310651770,50050,-3157,-3200,297,15000
1787310651870,50050,-3157,-3200,297,15000
1787310651970,50050,-3157,-3200,297,15000
1787310652070,50050,-3157,-3200,297,15000
1787310652170,50050,-3157,-3200,297,15000
1787310652270,50050,-3157,-3200,297,15000
1787310652370,50050,-3157,-3200,297,15000
1787310652470,50050,-3157,-3200,297,15000
1787310652570,50050,-3157,-3200,297,15000
1787310652670,50050,-3157,-3200,297,15000
1787310652770,50050,-3157,-3200,297,15000
1787310652870,50050,-3157,-3200,297,15000
1787310652970,50050,-3157,-3200,297,15000
1787310653070,50050,-3157,-3200,297,15000
1787310653170,50050,-3157,-3200,297,15000
1787310653270,50050,-3157,-3200,297,15000
1787310653370,50050,-3157,-3200,297,15000
1787310653470,50050,-3157,-3200,297,15000
1787310653570,50050,-3157,-3200,297,15000
1787310653670,50050,-3157,-3100,297,15000
1787310653770,50050,-3157,-3100,297,15000
1787310653870,50050,-3157,-3100,297,15000
1787310653969,50050,-3157,-3100,297,15000
1787310654070,50050,-3157,-3100,297,15000
1787310654170,50050,-3157,-3100,297,15000
1787310654270,50050,-3157,-3100,297,15000
1787310654370,50050,-3157,-3100,297,15000
1787310654470,50050,-3157,-3100,297,15000
1787310654569,50050,-3157,-3100,297,15000
1787310654669,50050,-3157,-3100,297,15000
1787310654770,50050,-3157,-3100,297,15000
1787310654870,50050,-3157,-3100,297,15000
1787310654969,50050,-3157,-3100,297,15000
1787310655070,50050,-3157,-3100,297,15000
1787310655170,50050,-3157,-3100,297,15000
1787310655270,50050,-3157,-3100,297,15000
1787310655370,50050,-3157,-3100,297,15000
1787310655470,50050,-3157,-3100,297,15000
1787310655570,50050,-3157,-3200,297,15000
1787310655670,50050,-3157,-3200,297,15000
1787310655770,50050,-3157,-3200,297,15000
1787310655870,50050,-3157,-3200,297,15000
1787310655969,50050,-3157,-3200,297,15000
1787310656070,50050,-3157,-3200,297,15000
1787310656170,50050,-3157,-3200,297,15000
1787310656270,50050,-3157,-3200,297,15000
1787310656370,50050,-3157,-3200,297,15000
1787310656470,50050,-3157,-3200,297,15000
1787310656570,50050,-3157,-3200,297,15000
1787310656670,50050,-3157,-3200,297,15000
1787310656770,50050,-3157,-3200,297,15000
1787310656869,50050,-3157,-3100,297,15000
1787310656970,50050,-3157,-3100,297,15000
1787310657070,50050,-3157,-3100,297,15000
1787310657169,50050,-3157,-3100,297,15000
1787310657270,50050,-3157,-3200,297,15000
1787310657370,50050,-3157,-3200,297,15000
1787310657470,50050,-3157,-3200,297,15000
1787310657569,50050,-3157,-3200,297,15000
1787310657670,50050,-3157,-3200,297,15000
1787310657770,50050,-3157,-3200,297,15000
1787310657869,50050,-3157,-3100,297,15000
1787310657970,50050,-3157,-3100,297,15000
1787310658070,50050,-3157,-3100,297,15000
1787310658170,50050,-3157,-3100,297,15000
1787310658269,50050,-3157,-3100,297,15000
1787310658370,50050,-3157,-3100,297,15000
1787310658470,50050,-3157,-3100,297,15000
1787310658570,50050,-3157,-3100,297,15000
1787310658670,50050,-3157,-3100,297,15000
1787310658770,50050,-3157,-3100,297,15000
1787310658869,50050,-3157,-3100,297,15000
1787310658970,50050,-3157,-3100,297,15000
1787310659070,50050,-3157,-3100,297,15000
1787310659170,50050,-3157,-3200,297,15000
1787310659270,50050,-3157,-3200,297,15000
1787310659370,50050,-3157,-3200,297,15000
1787310659470,50050,-3157,-3200,297,15000
1787310659569,50050,-3157,-3200,297,15000
1787310659670,50050,-3157,-3200,297,15000
1787310659769,50050,-3157,-3100,297,15000
1787310659869,50050,-3157,-3100,297,15000
1787310659969,50050,-3157,-3100,297,15000
1787310660070,50050,-3157,-3100,297,15000
1787310660170,50050,-3157,-3100,297,15000
1787310660270,50050,-3157,-3100,297,15000
1787310660370,50050,-3157,-3100,297,15000
1787310660470,50050,-3157,-3100,297,15000
1787310660570,50050,-3157,-3100,297,15000
1787310660669,50050,-3157,-3100,297,15000
1787310660770,50050,-3157,-3100,297,15000
1787310660870,50050,-3157,-3100,297,15000
1787310660970,50050,-3157,-3200,297,15000
1787310661070,50050,-3157,-3200,297,15000
1787310661170,50050,-3157,-3200,297,15000
1787310661269,50050,-3157,-3200,297,15000
1787310661370,50050,-3157,-3200,297,15000
1787310661470,50050,-3157,-3200,297,15000
1787310661570,50050,-3157,-3200,297,15000
1787310661670,50050,-3157,-3200,297,15000
1787310661770,50050,-3157,-3200,297,15000
1787310661870,50050,-3157,-3200,297,15000
1787310661970,50050,-3157,-3200,297,15000
1787310662069,50050,-3157,-3200,297,15000
1787310662170,50050,-3157,-3200,297,15000
1787310662270,50050,-3157,-3200,297,15000
1787310662369,50050,-3157,-3200,297,15000
1787310662470,50050,-3157,-3200,297,15000
1787310662570,50050,-3157,-3200,297,15000
1787310662670,50050,-3157,-3200,297,15000
1787310662770,50050,-3157,-3200,297,15000
1787310662870,50050,-3157,-3100,297,15000
1787310662970,50050,-3157,-3100,297,15000
1787310663069,50050,-3157,-3100,297,15000
1787310663170,50050,-3157,-3100,297,15000
1787310663270,50050,-3157,-3100,297,15000
1787310663369,50050,-3157,-3100,297,15000
1787310663469,50050,-3157,-3100,297,15000
1787310663569,50050,-3157,-3100,297,15000
1787310663670,50050,-3157,-3100,297,15000
1787310663770,50050,-3157,-3100,297,15000
1787310663870,50050,-3157,-3100,297,15000
1787310663970,50050,-3157,-3200,297,15000
1787310664070,50050,-3157,-3200,297,15000
1787310664170,50050,-3157,-3200,297,15000
1787310664270,50050,-3157,-3200,297,15000
1787310664370,50050,-3157,-3200,297,15000
1787310664470,50050,-3157,-3200,297,15000
1787310664570,50050,-3157,-3200,297,15000
1787310664669,50050,-3157,-3200,297,15000
1787310664770,50050,-3157,-3200,297,15000
1787310664870,50050,-3157,-3200,297,15000
1787310664970,50050,-3157,-3200,297,15000
1787310665069,50050,-3157,-3200,297,15000
1787310665170,50050,-3157,-3200,297,15000
1787310665270,50050,-3157,-3200,297,15000
1787310665370,50050,-3157,-3200,297,15000
1787310665470,50050,-3157,-3200,297,15000
1787310665570,50050,-3157,-3200,297,15000
1787310665670,50050,-3157,-3200,297,15000
1787310665770,50050,-3157,-3200,297,15000
1787310665870,50050,-3157,-3100,297,15000
1787310665970,50050,-3157,-3100,297,15000
1787310666069,50050,-3157,-3100,297,15000
1787310666170,50050,-3157,-3100,297,15000
1787310666270,50050,-3157,-3100,297,15000
1787310666370,50050,-3157,-3100,297,15000
1787310666470,50050,-3157,-3200,297,15000
1787310666570,50050,-3157,-3200,297,15000
1787310666670,50050,-3157,-3200,297,15000
1787310666770,50050,-3157,-3200,297,15000
1787310666870,50050,-3157,-3200,297,15000
1787310666970,50050,-3157,-3200,297,15000
1787310667069,50050,-3157,-3100,297,15000
1787310667170,50050,-3157,-3100,297,15000
1787310667270,50050,-3157,-3100,297,15000
1787310667370,50050,-3157,-3100,297,15000
1787310667469,50050,-3157,-3100,297,15000
1787310667570,50050,-3157,-3100,297,15000
1787310667670,50050,-3157,-3200,297,15000
1787310667770,50050,-3157,-3200,297,15000
1787310667870,50050,-3157,-3200,297,15000
1787310667970,50050,-3157,-3200,297,15000
1787310668070,50050,-3157,-3200,297,15000
1787310668170,50050,-3157,-3100,297,15000
1787310668270,50050,-3157,-3100,297,15000
1787310668370,50050,-3157,-3100,297,15000
1787310668470,50050,-3157,-3100,297,15000
1787310668570,50050,-3157,-3100,297,15000
1787310668670,50050,-3157,-3100,297,15000
1787310668770,50050,-3157,-3100,297,15000
1787310668870,50050,-3157,-3100,297,15000
1787310668970,50050,-3157,-3100,297,15000
1787310669069,50050,-3157,-3100,297,15000
1787310669170,50050,-3157,-3100,297,15000
1787310669270,50050,-3157,-3100,297,15000
1787310669370,50050,-3157,-3100,297,15000
1787310669470,50050,-3157,-3100,297,15000
1787310669570,50050,-3157,-3100,297,15000
1787310669669,50050,-3157,-3100,297,15000
1787310669770,50050,-3157,-3100,297,15000
1787310669870,50050,-3157,-3100,297,15000
1787310669970,50050,-3157,-3200,297,15000
1787310670070,50050,-3157,-3200,297,15000
1787310670170,50050,-3157,-3200,297,15000
1787310670270,50050,-3157,-3200,297,15000
1787310670370,50050,-3157,-3200,297,15000
1787310670469,50050,-3157,-3200,297,15000
1787310670570,50050,-3157,-3100,297,15000
1787310670670,50050,-3157,-3100,297,15000
1787310670770,50050,-3157,-3100,297,15000
1787310670869,50050,-3157,-3100,297,15000
1787310670970,50050,-3157,-3100,297,15000
1787310671070,50050,-3157,-3100,297,15000
1787310671170,50050,-3157,-3100,297,15000
1787310671270,50050,-3157,-3100,297,15000
1787310671370,50050,-3157,-3100,297,15000
1787310671470,50050,-3157,-3100,297,15000
1787310671570,50050,-3157,-3100,297,15000
1787310671669,50050,-3157,-3100,297,15000
1787310671770,50050,-3157,-3100,297,15000
1787310671870,50050,-3157,-3200,297,15000
1787310671970,50050,-3157,-3200,297,15000
1787310672070,50050,-3157,-3200,297,15000
1787310672170,50050,-3157,-3200,297,15000
1787310672270,50050,-3157,-3200,297,15000
1787310672370,50050,-3157,-3200,297,15000
1787310672470,50050,-3157,-3200,297,15000
1787310672570,50050,-3157,-3200,297,15000
1787310672669,50050,-3157,-3200,297,15000
1787310672770,50050,-3157,-3200,297,15000
1787310672870,50050,-3157,-3200,297,15000
1787310672970,50050,-3157,-3200,297,15000
1787310673070,50050,-3157,-3200,297,15000
1787310673170,50050,-3157,-3100,297,15000
1787310673270,50050,-3157,-3100,297,15000
1787310673370,50050,-3157,-3100,297,15000
1787310673470,50050,-3157,-3100,297,15000
1787310673570,50050,-3157,-3100,297,15000
1787310673670,50050,-3157,-3100,297,15000
1787310673770,50050,-3157,-3200,297,15000
1787310673869,50050,-3157,-3200,297,15000
1787310673969,50050,-3157,-3200,297,15000
1787310674070,50050,-3157,-3200,297,15000
1787310674170,50050,-3157,-3200,297,15000
1787310674270,50050,-3157,-3200,297,15000
1787310674370,50050,-3157,-3100,297,15000
1787310674470,50050,-3157,-3100,297,15000
1787310674570,50050,-3157,-3100,297,15000
1787310674670,50050,-3157,-3100,297,15000
1787310674770,50050,-3157,-3200,297,15000
1787310674870,50050,-3157,-3200,297,15000
1787310674970,50050,-3157,-3200,297,15000
1787310675070,50050,-3157,-3200,297,15000
1787310675170,50050,-3157,-3200,297,15000
1787310675270,50050,-3157,-3200,297,15000
1787310675370,50050,-3157,-3200,297,15000
1787310675470,50050,-3157,-3200,297,15000
1787310675570,50050,-3157,-3200,297,15000
1787310675670,50050,-3157,-3200,297,15000
1787310675770,50050,-3157,-3200,297,15000
1787310675869,50050,-3157,-3200,297,15000
1787310675970,50050,-3157,-3200,297,15000
1787310676070,50050,-3157,-3200,297,15000
1787310676170,50050,-3157,-3200,297,15000
1787310676269,50050,-3157,-3200,297,15000
1787310676370,50050,-3157,-3200,297,15000
1787310676470,50050,-3157,-3200,297,15000
1787310676570,50050,-3157,-3200,297,15000
1787310676670,50050,-3157,-3200,297,15000
1787310676770,50050,-3157,-3200,297,15000
1787310676870,50050,-3157,-3200,297,15000
1787310676969,50050,-3157,-3200,297,15000
1787310677070,50050,-3157,-3200,297,15000
1787310677170,50050,-3157,-3200,297,15000
1787310677270,50050,-3157,-3100,297,15000
1787310677369,50050,-3157,-3100,297,15000
1787310677470,50050,-3157,-3100,297,15000
1787310677570,50050,-3157,-3100,297,15000
1787310677669,50050,-3157,-3100,297,15000
1787310677770,50050,-3157,-3100,297,15000
1787310677870,50050,-3157,-3200,297,15000
1787310677969,50050,-3157,-3200,297,15000
1787310678070,50050,-3157,-3200,297,15000
1787310678170,50050,-3157,-3200,297,15000
1787310678269,50050,-3157,-3200,297,15000
1787310678370,50050,-3157,-3200,297,15000
1787310678470,50050,-3157,-3200,297,15000
1787310678570,50050,-3157,-3200,297,15000
1787310678670,50050,-3157,-3200,297,15000
1787310678769,50050,-3157,-3200,297,15000
1787310678870,50050,-3157,-3200,297,15000
1787310678970,50050,-3157,-3200,297,15000
1787310679069,50050,-3157,-3200,297,15000
1787310679170,50050,-3157,-3200,297,15000
1787310679269,50050,-3157,-3200,297,15000
1787310679370,50050,-3157,-3200,297,15000
1787310679470,50050,-3157,-3200,297,15000
1787310679569,50050,-3157,-3200,297,15000
1787310679670,50050,-3157,-3200,297,15000
1787310679770,50050,-3157,-3200,297,15000
1787310679869,50050,-3157,-3200,297,15000
1787310679970,50050,-3157,-3200,297,15000
1787310680070,50050,-3157,-3200,297,15000
1787310680170,50050,-3157,-3200,297,15000
1787310680270,50050,-3157,-3200,297,15000
1787310680369,50050,-3157,-3200,297,15000
1787310680469,50050,-3157,-3200,297,15000
1787310680570,50050,-3157,-3200,297,15000
1787310680670,50050,-3157,-3200,297,15000
1787310680770,50050,-3157,-3200,297,15000
1787310680870,50050,-3157,-3200,297,15000
1787310680970,50050,-3157,-3200,297,15000
1787310681070,50050,-3157,-3200,297,15000
1787310681170,50050,-3157,-3200,297,15000
1787310681269,50050,-3157,-3200,297,15000
1787310681370,50050,-3157,-3200,297,15000
1787310681470,50050,-3157,-3100,297,15000
1787310681569,50050,-3157,-3100,297,15000
1787310681670,50050,-3157,-3100,297,15000
1787310681770,50050,-3157,-3100,297,15000
1787310681870,50050,-3157,-3100,297,15000
1787310681969,50050,-3157,-3100,297,15000
1787310682070,50050,-3157,-3200,297,15000
1787310682170,50050,-3157,-3200,297,15000
1787310682270,50050,-3157,-3200,297,15000
1787310682370,50050,-3157,-3200,297,15000
1787310682470,50050,-3157,-3200,297,15000
1787310682570,50050,-3157,-3200,297,15000
1787310682670,50050,-3157,-3200,297,15000
1787310682769,50050,-3157,-3200,297,15000
1787310682869,50050,-3157,-3200,297,15000
1787310682970,50050,-3157,-3200,297,15000
1787310683070,50050,-3157,-3200,297,15000
1787310683170,50050,-3157,-3200,297,15000
1787310683269,50050,-3157,-3200,297,15000
1787310683370,50050,-3157,-3200,297,15000
1787310683470,50050,-3157,-3200,297,15000
1787310683570,50050,-3157,-3200,297,15000
1787310683670,50050,-3157,-3200,297,15000
1787310683770,50050,-3157,-3200,297,15000
1787310683870,50050,-3157,-3200,297,15000
1787310683970,50050,-3157,-3200,297,15000
1787310684070,50050,-3157,-3200,297,15000
1787310684170,50050,-3157,-3200,297,15000
1787310684270,50050,-3157,-3200,297,15000
1787310684370,50050,-3157,-3200,297,15000
1787310684470,50050,-3157,-3200,297,15000
1787310684570,50050,-3157,-3100,297,15000
1787310684670,50050,-3157,-3100,297,15000
1787310684770,50050,-3157,-3100,297,15000
1787310684870,50050,-3157,-3100,297,15000
1787310684970,50050,-3157,-3100,297,15000
1787310685070,50050,-3157,-3100,297,15000
1787310685170,50050,-3157,-3100,297,15000
1787310685270,50050,-3157,-3100,297,15000
1787310685370,50050,-3157,-3100,297,15000
1787310685470,50050,-3157,-3100,297,15000
1787310685570,50050,-3157,-3100,297,15000
1787310685669,50050,-3157,-3100,297,15000
1787310685770,50050,-3157,-3100,297,15000
1787310685870,50050,-3157,-3100,297,15000
1787310685970,50050,-3157,-3100,297,15000
1787310686070,50050,-3157,-3100,297,15000
1787310686170,50050,-3157,-3100,297,15000
1787310686270,50050,-3157,-3100,297,15000
1787310686370,50050,-3157,-3200,297,15000
1787310686470,50050,-3157,-3200,297,15000
1787310686569,50050,-3157,-3200,297,15000
1787310686670,50050,-3157,-3200,297,15000
1787310686770,50050,-3157,-3200,297,15000
1787310686870,50050,-3157,-3200,297,15000
1787310686970,50050,-3157,-3200,297,15000
1787310687070,50050,-3157,-3200,297,15000
1787310687170,50050,-3157,-3200,297,15000
1787310687270,50050,-3157,-3200,297,15000
1787310687370,50050,-3157,-3200,297,15000
1787310687470,50050,-3157,-3200,297,15000
1787310687570,50050,-3157,-3200,297,15000
1787310687670,50050,-3157,-3200,297,15000
1787310687770,50050,-3157,-3200,297,15000
1787310687870,50050,-3157,-3200,297,15000
1787310687970,50050,-3157,-3200,297,15000
1787310688070,50050,-3157,-3200,297,15000
1787310688170,50050,-3157,-3200,297,15000
1787310688270,50050,-3157,-3100,297,15000
1787310688370,50050,-3157,-3100,297,15000
1787310688469,50050,-3157,-3100,297,15000
1787310688570,50050,-3157,-3100,297,15000
1787310688670,50050,-3157,-3200,297,15000
1787310688770,50050,-3157,-3200,297,15000
1787310688869,50050,-3157,-3200,297,15000
1787310688970,50050,-3157,-3200,297,15000
1787310689070,50050,-3157,-3200,297,15000
1787310689170,50050,-3157,-3200,297,15000
1787310689269,50050,-3157,-3100,297,15000
1787310689370,50050,-3157,-3100,297,15000
1787310689470,50050,-3157,-3100,297,15000
1787310689570,50050,-3157,-3100,297,15000
1787310689669,50050,-3157,-3100,297,15000
1787310689770,50050,-3157,-3100,297,15000
1787310689870,50050,-3157,-3100,297,15000
1787310689970,50050,-3157,-3200,297,15000
1787310690069,50050,-3157,-3200,297,15000
1787310690170,50050,-3157,-3200,297,15000
1787310690270,50050,-3157,-3200,297,15000
1787310690370,50050,-3157,-3200,297,15000
1787310690469,50050,-3157,-3200,297,15000
1787310690569,50050,-3157,-3200,297,15000
1787310690669,50050,-3157,-3200,297,15000
1787310690770,50050,-3157,-3200,297,15000
1787310690870,50050,-3157,-3200,297,15000
1787310690970,50050,-3157,-3200,297,15000
1787310691070,50050,-3157,-3200,297,15000
1787310691170,50050,-3157,-3100,297,15000
1787310691270,50050,-3157,-3100,297,15000
1787310691370,50050,-3157,-3100,297,15000
1787310691470,50050,-3157,-3100,297,15000
1787310691570,50050,-3157,-3100,297,15000
1787310691669,50050,-3157,-3100,297,15000
1787310691769,50050,-3157,-3200,297,15000
1787310691870,50050,-3157,-3200,297,15000
1787310691970,50050,-3157,-3200,297,15000
1787310692070,50050,-3157,-3200,297,15000
1787310692170,50050,-3157,-3200,297,15000
1787310692270,50050,-3157,-3200,297,15000
1787310692369,50050,-3157,-3100,297,15000
1787310692470,50050,-3157,-3100,297,15000
1787310692570,50050,-3157,-3100,297,15000
1787310692670,50050,-3157,-3100,297,15000
1787310692770,50050,-3157,-3100,297,15000
1787310692870,50050,-3157,-3100,297,15000
1787310692970,50050,-3157,-3100,297,15000
1787310693070,50050,-3157,-3200,297,15000
1787310693170,50050,-3157,-3200,297,15000
1787310693270,50050,-3157,-3200,297,15000
1787310693369,50050,-3157,-3200,297,15000
1787310693469,50050,-3157,-3200,297,15000
1787310693570,50050,-3157,-3200,297,15000
1787310693670,50050,-3157,-3200,297,15000
1787310693770,50050,-3157,-3200,297,15000
1787310693869,50050,-3157,-3200,297,15000
1787310693970,50050,-3157,-3200,297,15000
1787310694070,50050,-3157,-3200,297,15000
1787310694170,50050,-3157,-3200,297,15000
1787310694270,50050,-3157,-3200,297,15000
1787310694370,50050,-3157,-3200,297,15000
1787310694469,50050,-3157,-3200,297,15000
1787310694570,50050,-3157,-3200,297,15000
1787310694670,50050,-3157,-3200,297,15000
1787310694770,50050,-3157,-3200,297,15000
1787310694870,50050,-3157,-3200,297,15000
1787310694970,50050,-3157,-3200,297,15000
1787310695070,50050,-3157,-3200,297,15000
1787310695170,50050,-3157,-3200,297,15000
1787310695270,50050,-3157,-3200,297,15000
1787310695370,50050,-3157,-3100,297,15000
1787310695470,50050,-3157,-3100,297,15000
1787310695570,50050,-3157,-3100,297,15000
1787310695670,50050,-3157,-3100,297,15000
1787310695770,50050,-3157,-3100,297,15000
1787310695870,50050,-3157,-3100,297,15000
1787310695969,50050,-3157,-3100,297,15000
1787310696070,50050,-3157,-3100,297,15000
1787310696170,50050,-3157,-3100,297,15000
1787310696270,50050,-3157,-3100,297,15000
1787310696370,50050,-3157,-3100,297,15000
1787310696470,50050,-3157,-3100,297,15000
1787310696570,50050,-3157,-3200,297,15000
1787310696670,50050,-3157,-3200,297,15000
1787310696770,50050,-3157,-3200,297,15000
1787310696870,50050,-3157,-3200,297,15000
1787310696970,50050,-3157,-3200,297,15000
1787310697070,50050,-3157,-3200,297,15000
1787310697170,50050,-3157,-3200,297,15000
1787310697270,50050,-3157,-3200,297,15000
1787310697370,50050,-3157,-3200,297,15000
1787310697470,50050,-3157,-3200,297,15000
1787310697570,50050,-3157,-3200,297,15000
1787310697670,50050,-3157,-3200,297,15000
1787310697770,50050,-3157,-3200,297,15000
1787310697870,50050,-3157,-3200,297,15000
1787310697970,50050,-3157,-3200,297,15000
1787310698070,50050,-3157,-3200,297,15000
1787310698170,50050,-3157,-3200,297,15000
1787310698270,50050,-3157,-3200,297,15000
1787310698370,50050,-3157,-3200,297,15000
1787310698470,50050,-3157,-3200,297,15000
1787310698570,50050,-3157,-3200,297,15000
1787310698669,50050,-3157,-3200,297,15000
1787310698770,50050,-3157,-3200,297,15000
1787310698869,50050,-3157,-3200,297,15000
1787310698970,50050,-3157,-3200,297,15000
1787310699070,50050,-3157,-3200,297,15000
1787310699170,50050,-3157,-3200,297,15000
1787310699270,50050,-3157,-3200,297,15000
1787310699370,50050,-3157,-3200,297,15000
1787310699470,50050,-3157,-3200,297,15000
1787310699570,50050,-3157,-3200,297,15000
1787310699670,50050,-3157,-3200,297,15000
1787310699770,50050,-3157,-3200,297,15000
1787310699870,50050,-3157,-3200,297,15000
1787310699970,50050,-3157,-3200,297,15000
1787310700070,50050,-3157,-3200,297,15000
1787310700170,50050,-3157,-3200,297,15000
1787310700269,50050,-3157,-3200,297,15000
1787310700370,50050,-3157,-3200,297,15000
1787310700470,50050,-3157,-3200,297,15000
1787310700569,50050,-3157,-3200,297,15000
1787310700670,50050,-3157,-3200,297,15000
1787310700770,50050,-3157,-3200,297,15000
1787310700870,50050,-3157,-3200,297,15000
1787310700970,50050,-3157,-3200,297,15000
1787310701070,50050,-3157,-3200,297,15000
1787310701170,50050,-3157,-3200,297,15000
1787310701270,50050,-3157,-3200,297,15000
1787310701369,50050,-3157,-3200,297,15000
1787310701470,50050,-3157,-3100,297,15000
1787310701570,50050,-3157,-3100,297,15000
1787310701670,50050,-3157,-3100,297,15000
1787310701770,50050,-3157,-3100,297,15000
1787310701870,50050,-3157,-3100,297,15000
1787310701970,50050,-3157,-3100,297,15000
1787310702070,50050,-3157,-3100,297,15000
1787310702170,50050,-3157,-3100,297,15000
1787310702270,50050,-3157,-3100,297,15000
1787310702369,50050,-3157,-3100,297,15000
1787310702469,50050,-3157,-3100,297,15000
1787310702569,50050,-3157,-3100,297,15000
1787310702670,50050,-3157,-3200,297,15000
1787310702770,50050,-3157,-3200,297,15000
1787310702870,50050,-3157,-3200,297,15000
1787310702970,50050,-3157,-3200,297,15000
1787310703070,50050,-3157,-3200,297,15000
1787310703169,50050,-3157,-3200,297,15000
1787310703270,50050,-3157,-3200,297,15000
1787310703370,50050,-3157,-3200,297,15000
1787310703469,50050,-3157,-3200,297,15000
1787310703570,50050,-3157,-3200,297,15000
1787310703670,50050,-3157,-3200,297,15000
1787310703769,50050,-3157,-3200,297,15000
1787310703870,50050,-3157,-3200,297,15000
1787310703970,50050,-3157,-3200,297,15000
1787310704070,50050,-3157,-3200,297,15000
1787310704170,50050,-3157,-3200,297,15000
1787310704270,50050,-3157,-3200,297,15000
1787310704370,50050,-3157,-3200,297,15000
1787310704470,50050,-3157,-3200,297,15000
1787310704570,50050,-3157,-3200,297,15000
1787310704669,50050,-3157,-3200,297,15000
1787310704770,50050,-3157,-3200,297,15000
1787310704869,50050,-3157,-3200,297,15000
1787310704970,50050,-3157,-3200,297,15000
1787310705070,50050,-3157,-3200,297,15000
1787310705169,50050,-3157,-3200,297,15000
1787310705269,50050,-3157,-3200,297,15000
1787310705369,50050,-3157,-3200,297,15000
1787310705470,50050,-3157,-3200,297,15000
1787310705570,50050,-3157,-3200,297,15000
1787310705670,50050,-3157,-3200,297,15000
1787310705770,50050,-3157,-3200,297,15000
1787310705870,50050,-3157,-3200,297,15000
1787310705970,50050,-3157,-3200,297,15000
1787310706070,50050,-3157,-3200,297,15000
1787310706170,50050,-3157,-3200,297,15000
1787310706269,50050,-3157,-3200,297,15000
1787310706370,50050,-3157,-3200,297,15000
1787310706470,50050,-3157,-3200,297,15000
1787310706570,50050,-3157,-3200,297,15000
1787310706670,50050,-3157,-3200,297,15000
1787310706770,50050,-3157,-3200,297,15000
1787310706870,50050,-3157,-3200,297,15000
1787310706969,50050,-3157,-3200,297,15000
1787310707070,50050,-3157,-3200,297,15000
1787310707170,50050,-3157,-3200,297,15000
1787310707270,50050,-3157,-3200,297,15000
1787310707370,50050,-3157,-3200,297,15000
1787310707469,50050,-3157,-3200,297,15000
1787310707569,50050,-3157,-3100,297,15000
1787310707670,50050,-3157,-3100,297,15000
1787310707769,50050,-3157,-3100,297,15000
1787310707869,50050,-3157,-3100,297,15000
1787310707970,50050,-3157,-3100,297,15000
1787310708070,50050,-3157,-3100,297,15000
1787310708170,50050,-3157,-3200,297,15000
1787310708270,50050,-3157,-3200,297,15000
1787310708370,50050,-3157,-3200,297,15000
1787310708470,50050,-3157,-3200,297,15000
1787310708570,50050,-3157,-3200,297,15000
1787310708670,50050,-3157,-3200,297,15000
1787310708770,50050,-3157,-3200,297,15000
1787310708870,50050,-3157,-3200,297,15000
1787310708970,50050,-3157,-3200,297,15000
1787310709070,50050,-3157,-3200,297,15000
1787310709170,50050,-3157,-3200,297,15000
1787310709270,50050,-3157,-3200,297,15000
1787310709370,50050,-3157,-3200,297,15000
1787310709470,50050,-3157,-3200,297,15000
1787310709569,50050,-3157,-3200,297,15000
1787310709670,50050,-3157,-3200,297,15000
1787310709769,50050,-3157,-3200,297,15000
1787310709870,50050,-3157,-3200,297,15000
1787310709970,50050,-3157,-3200,297,15000
1787310710070,50050,-3157,-3200,297,15000
1787310710170,50050,-3157,-3200,297,15000
1787310710270,50050,-3157,-3200,297,15000
1787310710370,50050,-3157,-3200,297,15000
1787310710470,50050,-3157,-3200,297,15000
1787310710570,50050,-3157,-3200,297,15000
1787310710670,50050,-3157,-3200,297,15000
1787310710770,50050,-3157,-3200,297,15000
1787310710870,50050,-3157,-3200,297,15000
1787310710970,50050,-3157,-3200,297,15000
1787310711070,50050,-3157,-3100,297,15000
1787310711170,50050,-3157,-3100,297,15000
1787310711270,50050,-3157,-3100,297,15000
1787310711370,50050,-3157,-3100,297,15000
1787310711469,50050,-3157,-3100,297,15000
1787310711570,50050,-3157,-3100,297,15000
1787310711670,50050,-3157,-3100,297,15000
1787310711770,50050,-3157,-3100,297,15000
1787310711870,50050,-3157,-3100,297,15000
1787310711970,50050,-3157,-3100,297,15000
1787310712070,50050,-3157,-3100,297,15000
1787310712170,50050,-3157,-3100,297,15000
1787310712270,50050,-3157,-3200,297,15000
1787310712370,50050,-3157,-3200,297,15000
1787310712470,50050,-3157,-3200,297,15000
1787310712570,50050,-3157,-3200,297,15000
1787310712670,50050,-3157,-3200,297,15000
1787310712770,50050,-3157,-3200,297,15000
1787310712870,50050,-3157,-3200,297,15000
1787310712969,50050,-3157,-3100,297,15000
1787310713070,50050,-3157,-3100,297,15000
1787310713170,50050,-3157,-3100,297,15000
1787310713270,50050,-3157,-3100,297,15000
1787310713370,50050,-3157,-3100,297,15000
1787310713470,50050,-3157,-3100,297,15000
1787310713570,50050,-3157,-3200,297,15000
1787310713670,50050,-3157,-3200,297,15000
1787310713770,50050,-3157,-3200,297,15000
1787310713870,50050,-3157,-3200,297,15000
1787310713970,50050,-3157,-3200,297,15000
1787310714070,50050,-3157,-3200,297,15000
1787310714170,50050,-3157,-3200,297,15000
1787310714270,50050,-3157,-3200,297,15000
1787310714370,50050,-3157,-3200,297,15000
1787310714470,50050,-3157,-3200,297,15000
1787310714570,50050,-3157,-3200,297,15000
1787310714670,50050,-3157,-3200,297,15000
1787310714770,50050,-3157,-3200,297,15000
1787310714870,50050,-3157,-3200,297,15000
1787310714969,50050,-3157,-3200,297,15000
1787310715070,50050,-3157,-3200,297,15000
1787310715170,50050,-3157,-3200,297,15000
1787310715270,50050,-3157,-3200,297,15000
1787310715370,50050,-3157,-3200,297,15000
1787310715470,50050,-3157,-3200,297,15000
1787310715570,50050,-3157,-3200,297,15000
1787310715670,50050,-3157,-3200,297,15000
1787310715769,50050,-3157,-3200,297,15000
1787310715870,50050,-3157,-3200,297,15000
1787310715969,50050,-3157,-3200,297,15000
1787310716070,50050,-3157,-3200,297,15000
1787310716170,50050,-3157,-3200,297,15000
1787310716270,50050,-3157,-3200,297,15000
1787310716370,50050,-3157,-3200,297,15000
1787310716470,50050,-3157,-3200,297,15000
1787310716570,50050,-3157,-3200,297,15000
1787310716670,50050,-3157,-3200,297,15000
1787310716770,50050,-3157,-3200,297,15000
1787310716870,50000,0,-3200,297,15000
1787310716970,50000,0,-3200,297,15000
1787310717070,50000,0,-2700,297,15000
1787310717170,50000,0,-2700,297,15000
1787310717270,50000,0,-2700,297,15000
1787310717370,50000,0,-2700,297,15000
1787310717470,50000,0,-2700,297,15000
1787310717569,50000,0,-2700,297,15000
1787310717670,50000,0,0,297,15000
1787310717770,50000,0,0,297,15000
1787310717870,50000,0,0,297,15000
1787310717970,50000,0,0,297,15000
1787310718069,50000,0,0,297,15000
1787310718169,50000,0,0,297,15000
1787310718270,50000,0,0,297,15000
1787310718369,50000,0,0,297,15000
1787310718470,50000,0,0,297,15000
1787310718570,50000,0,0,297,15000
1787310718670,50000,0,0,297,15000
1787310718769,50000,0,0,297,15000
1787310718869,50000,0,0,297,15000
1787310718970,50000,0,0,297,15000
1787310719070,50000,0,0,297,15000
1787310719170,50000,0,0,297,15000
1787310719269,50000,0,0,297,15000
1787310719370,50000,0,0,297,15000
1787310719470,50000,0,0,297,15000
1787310719570,50000,0,0,297,15000
1787310719670,50000,0,0,297,15000
1787310719770,50000,0,0,297,15000
1787310719870,50000,0,0,297,15000
1787310719970,50000,0,0,297,15000
1787310720070,50000,0,0,297,15000
1787310720170,50000,0,0,297,15000
1787310720270,50000,0,0,297,15000
1787310720370,50000,0,0,297,15000
1787310720469,50000,0,0,297,15000
1787310720570,50000,0,0,297,15000
1787310720670,50000,0,0,297,15000
1787310720770,50000,0,0,297,15000
1787310720870,50000,0,0,297,15000
1787310720969,50000,0,0,297,15000
1787310721070,50000,0,0,297,15000
1787310721170,50000,0,0,297,15000
1787310721270,50000,0,0,297,15000
1787310721370,50000,0,0,297,15000
1787310721470,50000,0,0,297,15000
1787310721570,50000,0,0,297,15000
1787310721670,50000,0,0,297,15000
1787310721770,50000,0,0,297,15000
1787310721870,50000,0,0,297,15000
1787310721970,50000,0,0,297,15000
1787310722070,50000,0,0,297,15000
1787310722170,50000,0,0,297,15000
1787310722269,50000,0,0,297,15000
1787310722370,50000,0,0,297,15000
1787310722470,50000,0,0,297,15000
1787310722570,50000,0,0,297,15000
1787310722670,50000,0,0,297,15000
1787310722770,50000,0,0,297,15000
1787310722870,50000,0,0,297,15000
1787310722970,50000,0,0,297,15000
1787310723070,50000,0,0,297,15000
1787310723170,50000,0,0,297,15000
1787310723270,50000,0,0,297,15000
1787310723370,50000,0,0,297,15000
1787310723470,50000,0,0,297,15000
1787310723570,50000,0,0,297,15000
1787310723670,50000,0,0,297,15000
1787310723769,50000,0,0,297,15000
1787310723870,50000,0,0,297,15000
1787310723970,50000,0,0,297,15000
1787310724070,50000,0,0,297,15000
1787310724170,50000,0,0,297,15000
1787310724270,50000,0,0,297,15000
1787310724370,50000,0,0,297,15000
1787310724469,50000,0,0,297,15000
1787310724570,50000,0,0,297,15000
1787310724670,50000,0,0,297,15000
1787310724770,50000,0,0,297,15000
1787310724870,50000,0,0,297,15000
1787310724970,50000,0,0,297,15000
1787310725070,50000,0,0,297,15000
1787310725170,50000,0,0,297,15000
1787310725270,50000,0,0,297,15000
1787310725369,50000,0,0,297,15000
1787310725470,50000,0,0,297,15000
1787310725570,50000,0,0,297,15000
1787310725670,50000,0,0,297,15000
1787310725770,50000,0,0,297,15000
1787310725869,50000,0,0,297,15000
1787310725970,50000,0,0,297,15000
1787310726070,50000,0,0,297,15000
1787310726170,50000,0,0,297,15000
1787310726270,50000,0,0,297,15000
1787310726370,50000,0,0,297,15000
1787310726470,50000,0,0,297,15000
1787310726570,50000,0,0,297,15000
1787310726669,50000,0,0,297,15000
1787310726770,50000,0,0,297,15000
1787310726870,50000,0,0,297,15000
1787310726970,50000,0,0,297,15000
1787310727069,50000,0,0,297,15000
1787310727170,50000,0,0,297,15000
1787310727270,50000,0,0,297,15000
1787310727370,50000,0,0,297,15000
1787310727469,50000,0,0,297,15000
1787310727569,50000,0,0,297,15000
1787310727670,50000,0,0,297,15000
1787310727770,50000,0,0,297,15000
1787310727870,50000,0,0,297,15000
1787310727970,50000,0,0,297,15000
1787310728070,50000,0,0,297,15000
1787310728170,50000,0,0,297,15000
1787310728270,50000,0,0,297,15000
1787310728370,50000,0,0,297,15000
1787310728470,50000,0,0,297,15000
1787310728570,50000,0,0,297,15000
1787310728670,50000,0,0,297,15000
1787310728770,50000,0,0,297,15000
1787310728870,50000,0,0,297,15000
1787310728970,50000,0,0,297,15000
1787310729070,50000,0,0,297,15000
1787310729170,50000,0,0,297,15000
1787310729269,50000,0,0,297,15000
1787310729369,50000,0,0,297,15000
1787310729469,50000,0,0,297,15000
1787310729570,50000,0,0,297,15000
1787310729670,50000,0,0,297,15000
1787310729770,50000,0,0,297,15000
1787310729870,50000,0,0,297,15000
1787310729970,50000,0,0,297,15000
1787310730070,50000,0,0,297,15000
1787310730170,50000,0,0,297,15000
1787310730270,50000,0,0,297,15000
1787310730370,50000,0,0,297,15000
1787310730470,50000,0,0,297,15000
1787310730570,50000,0,0,297,15000
1787310730670,50000,0,0,297,15000
1787310730770,50000,0,0,297,15000
1787310730870,50000,0,0,297,15000
1787310730969,50000,0,0,297,15000
1787310731070,50000,0,0,297,15000
1787310731170,50000,0,0,297,15000
1787310731270,50000,0,0,297,15000
1787310731370,50000,0,0,297,15000
1787310731470,50000,0,0,297,15000
1787310731570,50000,0,0,297,15000
1787310731670,50000,0,0,297,15000
1787310731769,50000,0,0,297,15000
1787310731870,50000,0,0,297,15000
1787310731970,50000,0,0,297,15000
1787310732070,50000,0,0,297,15000
1787310732169,50000,0,0,297,15000
1787310732270,50000,0,0,297,15000
1787310732370,50000,0,0,297,15000
1787310732470,50000,0,0,297,15000
1787310732569,50000,0,0,297,15000
1787310732669,50000,0,0,297,15000
1787310732770,50000,0,0,297,15000
1787310732870,50000,0,0,297,15000
1787310732970,50000,0,0,297,15000
1787310733069,50000,0,0,297,15000
1787310733170,50000,0,0,297,15000
1787310733270,50000,0,0,297,15000
1787310733370,50000,0,0,297,15000
1787310733470,50000,0,0,297,15000
1787310733570,50000,0,0,297,15000
1787310733670,50000,0,0,297,15000
1787310733770,50000,0,0,297,15000
1787310733870,50000,0,0,297,15000
1787310733970,50000,0,0,297,15000
1787310734070,50000,0,0,297,15000
1787310734170,50000,0,0,297,15000
1787310734270,50000,0,0,297,15000
1787310734369,50000,0,0,297,15000
1787310734470,50000,0,0,297,15000
1787310734569,50000,0,0,297,15000
1787310734670,50000,0,0,297,15000
1787310734770,50000,0,0,297,15000
1787310734870,50000,0,0,297,15000
1787310734969,50000,0,0,297,15000
1787310735069,50000,0,0,297,15000
1787310735169,50000,0,0,297,15000
1787310735270,50000,0,0,297,15000
1787310735370,50000,0,0,297,15000
1787310735470,50000,0,0,297,15000
1787310735570,50000,0,0,297,15000
1787310735670,50000,0,0,297,15000
1787310735770,50000,0,0,297,15000
1787310735869,50000,0,0,297,15000
1787310735970,50000,0,0,297,15000
1787310736070,50000,0,0,297,15000
1787310736170,50000,0,0,297,15000
1787310736269,50000,0,0,297,15000
1787310736370,50000,0,0,297,15000
1787310736470,50000,0,0,297,15000
1787310736570,50000,0,0,297,15000
1787310736670,50000,0,0,297,15000
1787310736770,50000,0,0,297,15000
1787310736870,50000,0,0,297,15000
1787310736970,50000,0,0,297,15000
1787310737070,50000,0,0,297,15000
1787310737170,50000,0,0,297,15000
1787310737270,50000,0,0,297,15000
1787310737370,50000,0,0,297,15000
1787310737470,50000,0,0,297,15000
1787310737570,50000,0,0,297,15000
1787310737669,50000,0,0,297,15000
1787310737770,50000,0,0,297,15000
1787310737870,50000,0,0,297,15000
1787310737970,50000,0,0,297,15000
1787310738070,50000,0,0,297,15000
1787310738170,50000,0,0,298,15000
1787310738269,50000,0,0,298,15000
1787310738370,50000,0,0,298,15000
1787310738470,50000,0,0,298,15000
1787310738569,50000,0,0,298,15000
1787310738670,50000,0,0,298,15000
1787310738770,50000,0,0,298,15000
1787310738870,50000,0,0,298,15000
1787310738970,50000,0,0,298,15000
1787310739069,50000,0,0,298,15000
1787310739170,50000,0,0,298,15000
1787310739270,50000,0,0,298,15000
1787310739370,50000,0,0,298,15000
1787310739470,50000,0,0,298,15000
1787310739570,50000,0,0,298,15000
1787310739670,50000,0,0,298,15000
1787310739770,50000,0,0,298,15000
1787310739869,50000,0,0,298,15000
1787310739970,50000,0,0,298,15000
1787310740070,50000,0,0,298,15000
1787310740170,50000,0,0,298,15000
1787310740269,50000,0,0,298,15000
1787310740370,50000,0,0,298,15000
1787310740470,50000,0,0,298,15000
1787310740569,50000,0,0,298,15000
1787310740670,50000,0,0,298,15000
1787310740770,50000,0,0,298,15000
1787310740870,50000,0,0,298,15000
1787310740970,50000,0,0,298,15000
1787310741070,50000,0,0,298,15000
1787310741170,50000,0,0,298,15000
1787310741270,50000,0,0,298,15000
1787310741370,50000,0,0,298,15000
1787310741470,50000,0,0,298,15000
1787310741570,50000,0,0,298,15000
1787310741670,50000,0,0,298,15000
1787310741770,50000,0,0,298,15000
1787310741870,50000,0,0,298,15000
1787310741970,50000,0,0,298,15000
1787310742069,50000,0,0,298,15000
1787310742170,50000,0,0,298,15000
1787310742270,50000,0,0,298,15000
1787310742370,50000,0,0,298,15000
1787310742469,50000,0,0,298,15000
1787310742570,50000,0,0,298,15000
1787310742670,50000,0,0,298,15000
1787310742770,50000,0,0,298,15000
1787310742870,50000,0,0,298,15000
1787310742970,50000,0,0,298,15000
1787310743069,50000,0,0,298,15000
1787310743170,50000,0,0,298,15000
1787310743270,50000,0,0,298,15000
1787310743370,50000,0,0,298,15000
1787310743470,50000,0,0,298,15000
1787310743570,50000,0,0,298,15000
1787310743669,50000,0,0,298,15000
1787310743770,50000,0,0,298,15000
1787310743870,50000,0,0,298,15000
1787310743970,50000,0,0,298,15000
1787310744070,50000,0,0,298,15000
1787310744170,50000,0,0,298,15000
1787310744269,50000,0,0,298,15000
1787310744370,50000,0,0,298,15000
1787310744470,50000,0,0,298,15000
1787310744570,50000,0,0,298,15000
1787310744670,50000,0,0,298,15000
1787310744770,50000,0,0,298,15000
1787310744870,50000,0,0,298,15000
1787310744970,50000,0,0,298,15000
1787310745069,50000,0,0,298,15000
1787310745170,50000,0,0,298,15000
1787310745270,50000,0,0,298,15000
1787310745370,50000,0,0,298,15000
1787310745470,50000,0,0,298,15000
1787310745570,50000,0,0,298,15000
1787310745670,50000,0,0,298,15000
1787310745770,50000,0,0,298,15000
1787310745870,50000,0,0,298,15000
1787310745970,50000,0,0,298,15000
1787310746070,50000,0,0,298,15000
1787310746170,50000,0,0,298,15000
1787310746270,50000,0,0,298,15000
1787310746370,50000,0,0,298,15000
1787310746470,50000,0,0,298,15000
1787310746570,50000,0,0,298,15000
1787310746670,50000,0,0,298,15000
1787310746770,50000,0,0,298,15000
1787310746870,49950,3157,0,298,15000
1787310746970,49950,3157,0,298,15000
1787310747070,49950,3157,0,298,15000
1787310747170,49950,3157,0,298,15000
1787310747270,49950,3157,0,298,15000
1787310747370,49950,3157,1200,298,15000
1787310747470,49950,3157,1200,298,15000
1787310747570,49950,3157,1200,298,15000
1787310747669,49950,3157,1200,298,15000
1787310747769,49950,3157,3100,298,15000
1787310747870,49950,3157,3100,298,15000
1787310747970,49950,3157,3100,298,15000
1787310748070,49950,3157,3100,298,15000
1787310748170,49950,3157,3100,298,15000
1787310748270,49950,3157,3100,298,15000
1787310748370,49950,3157,3100,298,15000
1787310748470,49950,3157,3100,298,15000
1787310748569,49950,3157,3100,298,15000
1787310748670,49950,3157,3100,298,15000
1787310748769,49950,3157,3100,298,15000
1787310748870,49950,3157,3100,298,15000
1787310748969,49950,3157,3100,298,15000
1787310749070,49950,3157,3100,298,15000
1787310749170,49950,3157,3100,298,15000
1787310749270,49950,3157,3100,298,15000
1787310749370,49950,3157,3100,298,15000
1787310749470,49950,3157,3100,298,15000
1787310749569,49950,3157,3100,298,15000
1787310749670,49950,3157,3100,298,15000
1787310749770,49950,3157,3100,298,15000
1787310749870,49950,3157,3100,298,15000
1787310749969,49950,3157,3100,298,15000
1787310750070,49950,3157,3100,298,15000
1787310750170,49950,3157,3100,298,15000
1787310750270,49950,3157,3100,298,15000
1787310750370,49950,3157,3100,298,15000
1787310750470,49950,3157,3100,298,15000
1787310750569,49950,3157,3100,298,15000
1787310750669,49950,3157,3100,298,15000
1787310750770,49950,3157,3100,298,15000
1787310750870,49950,3157,3200,298,15000
1787310750970,49950,3157,3200,298,15000
1787310751070,49950,3157,3200,298,15000
1787310751170,49950,3157,3200,298,15000
1787310751270,49950,3157,3200,298,15000
1787310751370,49950,3157,3200,298,15000
1787310751470,49950,3157,3100,298,15000
1787310751570,49950,3157,3100,298,15000
1787310751669,49950,3157,3100,298,15000
1787310751769,49950,3157,3100,298,15000
1787310751870,49950,3157,3100,298,15000
1787310751969,49950,3157,3100,298,15000
1787310752070,49950,3157,3100,298,15000
1787310752170,49950,3157,3100,298,15000
1787310752269,49950,3157,3100,298,15000
1787310752370,49950,3157,3100,298,15000
1787310752469,49950,3157,3100,298,15000
1787310752570,49950,3157,3100,298,15000
1787310752670,49950,3157,3100,298,15000
1787310752770,49950,3157,3100,298,15000
1787310752870,49950,3157,3100,298,15000
1787310752970,49950,3157,3100,298,15000
1787310753070,49950,3157,3100,298,15000
1787310753170,49950,3157,3100,298,15000
1787310753269,49950,3157,3100,298,15000
1787310753370,49950,3157,3100,298,15000
1787310753470,49950,3157,3100,298,15000
1787310753569,49950,3157,3100,298,15000
1787310753670,49950,3157,3100,298,15000
1787310753770,49950,3157,3100,298,15000
1787310753870,49950,3157,3100,298,15000
1787310753970,49950,3157,3100,298,15000
1787310754070,49950,3157,3100,298,15000
1787310754170,49950,3157,3100,298,15000
1787310754269,49950,3157,3100,298,15000
1787310754370,49950,3157,3200,298,15000
1787310754470,49950,3157,3200,298,15000
1787310754570,49950,3157,3200,298,15000
1787310754670,49950,3157,3200,298,15000
1787310754770,49950,3157,3200,298,15000
1787310754870,49950,3157,3200,298,15000
1787310754969,49950,3157,3100,298,15000
1787310755070,49950,3157,3100,298,15000
1787310755169,49950,3157,3100,298,15000
1787310755270,49950,3157,3100,298,15000
1787310755370,49950,3157,3100,298,15000
1787310755470,49950,3157,3100,298,15000
1787310755570,49950,3157,3100,298,15000
1787310755670,49950,3157,3100,298,15000
1787310755770,49950,3157,3100,298,15000
1787310755870,49950,3157,3100,298,15000
1787310755970,49950,3157,3100,298,15000
1787310756070,49950,3157,3100,298,15000
1787310756170,49950,3157,3100,298,15000
1787310756270,49950,3157,3200,298,15000
1787310756370,49950,3157,3200,298,15000
1787310756470,49950,3157,3200,298,15000
1787310756570,49950,3157,3200,298,15000
1787310756669,49950,3157,3200,298,15000
1787310756770,49950,3157,3200,298,15000
1787310756870,49950,3157,3100,298,15000
1787310756970,49950,3157,3100,298,15000
1787310757070,49950,3157,3100,298,15000
1787310757170,49950,3157,3100,298,15000
1787310757270,49950,3157,3100,298,15000
1787310757370,49950,3157,3100,298,15000
1787310757470,49950,3157,3100,298,15000
1787310757570,49950,3157,3100,298,15000
1787310757669,49950,3157,3100,298,15000
1787310757770,49950,3157,3100,298,15000
1787310757869,49950,3157,3100,298,15000
1787310757969,49950,3157,3100,298,15000
1787310758069,49950,3157,3100,298,15000
1787310758170,49950,3157,3100,298,15000
1787310758270,49950,3157,3100,298,15000
1787310758370,49950,3157,3100,298,15000
1787310758470,49950,3157,3100,298,15000
1787310758570,49950,3157,3100,298,15000
1787310758670,49950,3157,3100,298,15000
1787310758769,49950,3157,3100,298,15000
1787310758870,49950,3157,3100,298,15000
1787310758969,49950,3157,3100,298,15000
1787310759070,49950,3157,3100,298,15000
1787310759170,49950,3157,3100,298,15000
1787310759270,49950,3157,3100,298,15000
1787310759370,49950,3157,3100,298,15000
1787310759470,49950,3157,3100,298,15000
1787310759570,49950,3157,3100,298,15000
1787310759670,49950,3157,3100,298,15000
1787310759769,49950,3157,3100,298,15000
1787310759870,49950,3157,3100,298,15000
1787310759970,49950,3157,3100,298,15000
1787310760070,49950,3157,3100,298,15000
1787310760170,49950,3157,3100,298,15000
1787310760270,49950,3157,3100,298,15000
1787310760370,49950,3157,3100,298,15000
1787310760470,49950,3157,3100,298,15000
1787310760570,49950,3157,3100,298,15000
1787310760670,49950,3157,3100,298,15000
1787310760770,49950,3157,3100,298,15000
1787310760870,49950,3157,3100,298,15000
1787310760970,49950,3157,3100,298,15000
1787310761070,49950,3157,3100,298,15000
1787310761170,49950,3157,3100,298,15000
1787310761270,49950,3157,3100,298,15000
1787310761369,49950,3157,3100,298,15000
1787310761470,49950,3157,3100,298,15000
1787310761569,49950,3157,3100,298,15000
1787310761670,49950,3157,3100,298,15000
1787310761770,49950,3157,3100,298,15000
1787310761870,49950,3157,3100,298,15000
1787310761970,49950,3157,3100,298,15000
1787310762070,49950,3157,3100,298,15000
1787310762170,49950,3157,3100,298,15000
1787310762270,49950,3157,3100,298,15000
1787310762370,49950,3157,3100,298,15000
1787310762470,49950,3157,3100,298,15000
1787310762570,49950,3157,3100,298,15000
1787310762670,49950,3157,3100,298,15000
1787310762770,49950,3157,3100,298,15000
1787310762870,49950,3157,3100,298,15000
1787310762970,49950,3157,3100,298,15000
1787310763070,49950,3157,3100,298,15000
1787310763170,49950,3157,3100,298,15000
1787310763270,49950,3157,3100,298,15000
1787310763370,49950,3157,3100,298,15000
1787310763470,49950,3157,3100,298,15000
1787310763570,49950,3157,3100,298,15000
1787310763670,49950,3157,3100,298,15000
1787310763770,49950,3157,3100,298,15000
1787310763870,49950,3157,3100,298,15000
1787310763970,49950,3157,3100,298,15000
1787310764069,49950,3157,3100,298,15000
1787310764170,49950,3157,3100,298,15000
1787310764270,49950,3157,3100,298,15000
1787310764370,49950,3157,3100,298,15000
1787310764470,49950,3157,3100,298,15000
1787310764569,49950,3157,3100,298,15000
1787310764670,49950,3157,3100,298,15000
1787310764770,49950,3157,3100,298,15000
1787310764870,49950,3157,3100,298,15000
1787310764970,49950,3157,3100,298,15000
1787310765070,49950,3157,3100,298,15000
1787310765170,49950,3157,3100,298,15000
1787310765269,49950,3157,3100,298,15000
1787310765370,49950,3157,3100,298,15000
1787310765470,49950,3157,3100,298,15000
1787310765570,49950,3157,3100,298,15000
1787310765670,49950,3157,3100,298,15000
1787310765770,49950,3157,3100,298,15000
1787310765870,49950,3157,3100,298,15000
1787310765969,49950,3157,3100,298,15000
1787310766070,49950,3157,3100,298,15000
1787310766170,49950,3157,3100,298,15000
1787310766270,49950,3157,3100,298,15000
1787310766370,49950,3157,3100,298,15000
1787310766469,49950,3157,3100,298,15000
1787310766570,49950,3157,3100,298,15000
1787310766669,49950,3157,3100,298,15000
1787310766770,49950,3157,3100,298,15000
1787310766870,49950,3157,3100,298,15000
1787310766970,49950,3157,3100,298,15000
1787310767070,49950,3157,3100,298,15000
1787310767170,49950,3157,3100,298,15000
1787310767270,49950,3157,3100,298,15000
1787310767370,49950,3157,3100,298,15000
1787310767470,49950,3157,3100,298,15000
1787310767570,49950,3157,3100,298,15000
1787310767669,49950,3157,3100,298,15000
1787310767770,49950,3157,3100,298,15000
1787310767870,49950,3157,3100,298,15000
1787310767970,49950,3157,3100,298,15000
1787310768069,49950,3157,3100,298,15000
1787310768170,49950,3157,3100,298,15000
1787310768270,49950,3157,3100,298,15000
1787310768370,49950,3157,3100,298,15000
1787310768470,49950,3157,3200,298,15000
1787310768570,49950,3157,3200,298,15000
1787310768670,49950,3157,3200,298,15000
1787310768770,49950,3157,3200,298,15000
1787310768870,49950,3157,3200,298,15000
1787310768970,49950,3157,3200,298,15000
1787310769070,49950,3157,3100,298,15000
1787310769170,49950,3157,3100,298,15000
1787310769270,49950,3157,3100,298,15000
1787310769370,49950,3157,3100,298,15000
1787310769470,49950,3157,3100,298,15000
1787310769570,49950,3157,3100,298,15000
1787310769669,49950,3157,3100,298,15000
1787310769769,49950,3157,3100,298,15000
1787310769870,49950,3157,3100,298,15000
1787310769970,49950,3157,3100,298,15000
1787310770070,49950,3157,3100,298,15000
1787310770170,49950,3157,3100,298,15000
1787310770270,49950,3157,3100,298,15000
1787310770370,49950,3157,3100,298,15000
1787310770470,49950,3157,3100,298,15000
1787310770569,49950,3157,3100,298,15000
1787310770669,49950,3157,3100,298,15000
1787310770770,49950,3157,3100,298,15000
1787310770869,49950,3157,3100,298,15000
1787310770970,49950,3157,3100,298,15000
1787310771070,49950,3157,3100,298,15000
1787310771170,49950,3157,3100,298,15000
1787310771270,49950,3157,3100,298,15000
1787310771370,49950,3157,3200,298,15000
1787310771469,49950,3157,3200,298,15000
1787310771570,49950,3157,3200,298,15000
1787310771670,49950,3157,3200,298,15000
1787310771770,49950,3157,3200,298,15000
1787310771870,49950,3157,3200,298,15000
1787310771970,49950,3157,3100,298,15000
1787310772070,49950,3157,3100,298,15000
1787310772170,49950,3157,3100,298,15000
1787310772270,49950,3157,3100,298,15000
1787310772370,49950,3157,3100,298,15000
1787310772470,49950,3157,3100,298,15000
1787310772570,49950,3157,3100,298,15000
1787310772670,49950,3157,3100,298,15000
1787310772769,49950,3157,3100,298,15000
1787310772870,49950,3157,3100,298,15000
1787310772970,49950,3157,3100,298,15000
1787310773070,49950,3157,3100,298,15000
1787310773170,49950,3157,3100,298,15000
1787310773270,49950,3157,3200,298,15000
1787310773370,49950,3157,3200,298,15000
1787310773469,49950,3157,3200,298,15000
1787310773570,49950,3157,3200,298,15000
1787310773670,49950,3157,3200,298,15000
1787310773770,49950,3157,3200,298,15000
1787310773870,49950,3157,3200,298,15000
1787310773970,49950,3157,3200,298,15000
1787310774069,49950,3157,3200,298,15000
1787310774170,49950,3157,3200,298,15000
1787310774270,49950,3157,3200,298,15000
1787310774370,49950,3157,3200,298,15000
1787310774470,49950,3157,3100,298,15000
1787310774570,49950,3157,3100,298,15000
1787310774670,49950,3157,3100,298,15000
1787310774769,49950,3157,3100,298,15000
1787310774870,49950,3157,3100,298,15000
1787310774970,49950,3157,3100,298,15000
1787310775070,49950,3157,3100,298,15000
1787310775170,49950,3157,3100,298,15000
1787310775270,49950,3157,3100,298,15000
1787310775370,49950,3157,3100,298,15000
1787310775470,49950,3157,3100,298,15000
1787310775570,49950,3157,3100,298,15000
1787310775670,49950,3157,3200,298,15000
1787310775770,49950,3157,3200,298,15000
1787310775870,49950,3157,3200,298,15000
1787310775969,49950,3157,3200,298,15000
1787310776070,49950,3157,3100,298,15000
1787310776170,49950,3157,3100,298,15000
1787310776270,49950,3157,3100,298,15000
1787310776370,49950,3157,3100,298,15000
1787310776469,49950,3157,3100,298,15000
1787310776570,49950,3157,3100,298,15000
1787310776670,49950,3157,3100,298,15000
1787310776770,49950,3157,3100,298,15000
1787310776870,49950,3157,3100,298,15000
1787310776970,49950,3157,3100,298,15000
1787310777070,49950,3157,3100,298,15000
1787310777170,49950,3157,3100,298,15000
1787310777270,49950,3157,3100,298,15000
1787310777370,49950,3157,3100,298,15000
1787310777469,49950,3157,3100,298,15000
1787310777570,49950,3157,3100,298,15000
1787310777670,49950,3157,3100,298,15000
1787310777770,49950,3157,3100,298,15000
1787310777869,49950,3157,3100,298,15000
1787310777970,49950,3157,3100,298,15000
1787310778070,49950,3157,3100,298,15000
1787310778169,49950,3157,3100,298,15000
1787310778269,49950,3157,3100,298,15000
1787310778370,49950,3157,3100,298,15000
1787310778470,49950,3157,3100,298,15000
1787310778570,49950,3157,3100,298,15000
1787310778669,49950,3157,3100,298,15000
1787310778770,49950,3157,3100,298,15000
1787310778870,49950,3157,3100,298,15000
1787310778970,49950,3157,3100,298,15000
1787310779070,49950,3157,3100,298,15000
1787310779170,49950,3157,3100,298,15000
1787310779270,49950,3157,3100,298,15000
1787310779369,49950,3157,3100,298,15000
1787310779470,49950,3157,3100,298,15000
1787310779570,49950,3157,3100,298,15000
1787310779670,49950,3157,3100,298,15000
1787310779770,49950,3157,3100,298,15000
1787310779870,49950,3157,3200,298,15000
1787310779969,49950,3157,3200,298,15000
1787310780070,49950,3157,3200,298,15000
1787310780170,49950,3157,3200,298,15000
1787310780270,49950,3157,3200,298,15000
1787310780369,49950,3157,3200,298,15000
1787310780470,49950,3157,3100,298,15000
1787310780570,49950,3157,3100,298,15000
1787310780670,49950,3157,3100,298,15000
1787310780770,49950,3157,3100,298,15000
1787310780870,49950,3157,3100,298,15000
1787310780970,49950,3157,3100,298,15000
1787310781070,49950,3157,3100,298,15000
1787310781170,49950,3157,3100,298,15000
1787310781270,49950,3157,3100,298,15000
1787310781370,49950,3157,3100,298,15000
1787310781470,49950,3157,3100,298,15000
1787310781569,49950,3157,3100,298,15000
1787310781670,49950,3157,3100,298,15000
1787310781770,49950,3157,3100,298,15000
1787310781869,49950,3157,3100,298,15000
1787310781970,49950,3157,3100,298,15000
1787310782070,49950,3157,3100,298,15000
1787310782170,49950,3157,3200,298,15000
1787310782270,49950,3157,3200,298,15000
1787310782370,49950,3157,3200,298,15000
1787310782470,49950,3157,3200,298,15000
1787310782570,49950,3157,3200,298,15000
1787310782670,49950,3157,3200,298,15000
1787310782770,49950,3157,3100,298,15000
1787310782869,49950,3157,3100,298,15000
1787310782970,49950,3157,3100,298,15000
1787310783070,49950,3157,3100,298,15000
1787310783170,49950,3157,3100,298,15000
1787310783269,49950,3157,3100,298,15000
1787310783370,49950,3157,3100,298,15000
1787310783470,49950,3157,3100,298,15000
1787310783570,49950,3157,3100,298,15000
1787310783670,49950,3157,3100,298,15000
1787310783770,49950,3157,3100,298,15000
1787310783869,49950,3157,3100,298,15000
1787310783970,49950,3157,3100,298,15000
1787310784070,49950,3157,3100,298,15000
1787310784170,49950,3157,3100,298,15000
1787310784270,49950,3157,3100,298,15000
1787310784370,49950,3157,3100,298,15000
1787310784470,49950,3157,3100,298,15000
1787310784570,49950,3157,3100,298,15000
1787310784670,49950,3157,3100,298,15000
1787310784770,49950,3157,3100,298,15000
1787310784870,49950,3157,3100,298,15000
1787310784970,49950,3157,3100,298,15000
1787310785070,49950,3157,3100,298,15000
1787310785170,49950,3157,3100,298,15000
1787310785270,49950,3157,3200,298,15000
1787310785370,49950,3157,3200,298,15000
1787310785470,49950,3157,3200,298,15000
1787310785570,49950,3157,3200,298,15000
1787310785669,49950,3157,3200,298,15000
1787310785770,49950,3157,3200,298,15000
1787310785870,49950,3157,3200,298,15000
1787310785969,49950,3157,3200,298,15000
1787310786070,49950,3157,3200,298,15000
1787310786170,49950,3157,3200,298,15000
1787310786270,49950,3157,3200,298,15000
1787310786370,49950,3157,3200,298,15000
1787310786470,49950,3157,3200,298,15000
1787310786569,49950,3157,3200,298,15000
1787310786670,49950,3157,3200,298,15000
1787310786770,49950,3157,3200,298,15000
1787310786870,49950,3157,3200,298,15000
1787310786970,49950,3157,3100,298,15000
1787310787070,49950,3157,3100,298,15000
1787310787170,49950,3157,3100,298,15000
1787310787270,49950,3157,3100,298,15000
1787310787370,49950,3157,3100,298,15000
1787310787470,49950,3157,3100,298,15000
1787310787569,49950,3157,3200,298,15000
1787310787669,49950,3157,3200,298,15000
1787310787770,49950,3157,3200,298,15000
1787310787870,49950,3157,3200,298,15000
1787310787970,49950,3157,3200,298,15000
1787310788070,49950,3157,3200,298,15000
1787310788170,49950,3157,3200,298,15000
1787310788270,49950,3157,3100,298,15000
1787310788370,49950,3157,3100,298,15000
1787310788470,49950,3157,3100,298,15000
1787310788570,49950,3157,3100,298,15000
1787310788670,49950,3157,3100,298,15000
1787310788770,49950,3157,3100,298,15000
1787310788870,49950,3157,3200,298,15000
1787310788970,49950,3157,3200,298,15000
1787310789070,49950,3157,3200,298,15000
1787310789170,49950,3157,3200,298,15000
1787310789270,49950,3157,3200,298,15000
1787310789370,49950,3157,3200,298,15000
1787310789469,49950,3157,3200,298,15000
1787310789570,49950,3157,3200,298,15000
1787310789670,49950,3157,3200,298,15000
1787310789770,49950,3157,3200,298,15000
1787310789870,49950,3157,3200,298,15000
1787310789970,49950,3157,3200,298,15000
1787310790069,49950,3157,3100,298,15000
1787310790170,49950,3157,3100,298,15000
1787310790270,49950,3157,3100,298,15000
1787310790370,49950,3157,3100,298,15000
1787310790470,49950,3157,3100,298,15000
1787310790570,49950,3157,3100,298,15000
1787310790670,49950,3157,3100,298,15000
1787310790770,49950,3157,3100,298,15000
1787310790870,49950,3157,3100,298,15000
1787310790970,49950,3157,3100,298,15000
1787310791070,49950,3157,3100,298,15000
1787310791170,49950,3157,3100,298,15000
1787310791269,49950,3157,3100,298,15000
1787310791370,49950,3157,3100,298,15000
1787310791470,49950,3157,3100,298,15000
1787310791570,49950,3157,3100,298,15000
1787310791670,49950,3157,3100,298,15000
1787310791770,49950,3157,3100,298,15000
1787310791870,49950,3157,3100,298,15000
1787310791970,49950,3157,3100,298,15000
1787310792070,49950,3157,3100,298,15000
1787310792170,49950,3157,3100,298,15000
1787310792270,49950,3157,3100,298,15000
1787310792369,49950,3157,3100,298,15000
1787310792470,49950,3157,3100,298,15000
1787310792569,49950,3157,3100,298,15000
1787310792670,49950,3157,3100,298,15000
1787310792770,49950,3157,3100,298,15000
1787310792870,49950,3157,3100,298,15000
1787310792970,49950,3157,3100,298,15000
1787310793070,49950,3157,3100,298,15000
1787310793170,49950,3157,3100,298,15000
1787310793270,49950,3157,3100,298,15000
1787310793370,49950,3157,3100,298,15000
1787310793470,49950,3157,3100,298,15000
1787310793570,49950,3157,3100,298,15000
1787310793670,49950,3157,3100,298,15000
1787310793770,49950,3157,3100,298,15000
1787310793870,49950,3157,3100,298,15000
1787310793970,49950,3157,3100,298,15000
1787310794070,49950,3157,3100,298,15000
1787310794170,49950,3157,3100,298,15000
1787310794270,49950,3157,3100,298,15000
1787310794370,49950,3157,3100,298,15000
1787310794470,49950,3157,3100,298,15000
1787310794570,49950,3157,3100,298,15000
1787310794670,49950,3157,3100,298,15000
1787310794769,49950,3157,3100,298,15000
1787310794870,49950,3157,3100,298,15000
1787310794970,49950,3157,3100,298,15000
1787310795070,49950,3157,3100,298,15000
1787310795170,49950,3157,3100,298,15000
1787310795270,49950,3157,3100,298,15000
1787310795369,49950,3157,3100,298,15000
1787310795470,49950,3157,3100,298,15000
1787310795570,49950,3157,3100,298,15000
1787310795670,49950,3157,3100,298,15000
1787310795769,49950,3157,3100,298,15000
1787310795870,49950,3157,3100,298,15000
1787310795970,49950,3157,3100,298,15000
1787310796070,49950,3157,3100,298,15000
1787310796170,49950,3157,3200,298,15000
1787310796270,49950,3157,3200,298,15000
1787310796370,49950,3157,3200,298,15000
1787310796470,49950,3157,3200,298,15000
1787310796570,49950,3157,3200,298,15000
1787310796670,49950,3157,3200,298,15000
1787310796770,49950,3157,3100,298,15000
1787310796869,49950,3157,3100,298,15000
1787310796970,49950,3157,3100,298,15000
1787310797070,49950,3157,3100,298,15000
1787310797170,49950,3157,3100,298,15000
1787310797270,49950,3157,3100,298,15000
1787310797370,49950,3157,3200,298,15000
1787310797470,49950,3157,3200,298,15000
1787310797570,49950,3157,3200,298,15000
1787310797670,49950,3157,3200,298,15000
1787310797770,49950,3157,3200,298,15000
1787310797870,49950,3157,3200,298,15000
1787310797970,49950,3157,3100,298,15000
1787310798069,49950,3157,3100,298,15000
1787310798170,49950,3157,3100,298,15000
1787310798269,49950,3157,3100,298,15000
1787310798369,49950,3157,3100,298,15000
1787310798470,49950,3157,3100,298,15000
1787310798570,49950,3157,3100,298,15000
1787310798669,49950,3157,3100,298,15000
1787310798770,49950,3157,3100,298,15000
1787310798869,49950,3157,3100,298,15000
1787310798970,49950,3157,3100,298,15000
1787310799070,49950,3157,3100,298,15000
1787310799170,49950,3157,3100,298,15000
1787310799270,49950,3157,3100,298,15000
1787310799370,49950,3157,3100,298,15000
1787310799470,49950,3157,3100,298,15000
1787310799570,49950,3157,3100,298,15000
1787310799670,49950,3157,3100,298,15000
1787310799770,49950,3157,3100,298,15000
1787310799870,49950,3157,3100,298,15000
1787310799970,49950,3157,3100,298,15000
1787310800070,49950,3157,3100,298,15000
1787310800170,49950,3157,3100,298,15000
1787310800270,49950,3157,3100,298,15000
1787310800370,49950,3157,3100,298,15000
1787310800469,49950,3157,3100,298,15000
1787310800570,49950,3157,3100,298,15000
1787310800669,49950,3157,3100,298,15000
1787310800770,49950,3157,3100,298,15000
1787310800870,49950,3157,3200,298,15000
1787310800970,49950,3157,3200,298,15000
1787310801070,49950,3157,3200,298,15000
1787310801170,49950,3157,3200,298,15000
1787310801270,49950,3157,3200,298,15000
1787310801370,49950,3157,3200,298,15000
1787310801470,49950,3157,3200,298,15000
1787310801570,49950,3157,3100,298,15000
1787310801670,49950,3157,3100,298,15000
1787310801770,49950,3157,3100,298,15000
1787310801870,49950,3157,3100,298,15000
1787310801970,49950,3157,3100,298,15000
1787310802070,49950,3157,3100,298,15000
1787310802170,49950,3157,3100,298,15000
1787310802270,49950,3157,3100,298,15000
1787310802370,49950,3157,3100,298,15000
1787310802470,49950,3157,3100,298,15000
1787310802570,49950,3157,3100,298,15000
1787310802670,49950,3157,3100,298,15000
1787310802770,49950,3157,3100,298,15000
1787310802869,49950,3157,3100,298,15000
1787310802969,49950,3157,3100,298,15000
1787310803069,49950,3157,3100,298,15000
1787310803170,49950,3157,3100,298,15000
1787310803269,49950,3157,3100,298,15000
1787310803370,49950,3157,3100,298,15000
1787310803470,49950,3157,3200,298,15000
1787310803570,49950,3157,3200,298,15000
1787310803670,49950,3157,3200,298,15000
1787310803769,49950,3157,3200,298,15000
1787310803870,49950,3157,3100,298,15000
1787310803970,49950,3157,3100,298,15000
1787310804070,49950,3157,3100,298,15000
1787310804170,49950,3157,3100,298,15000
1787310804270,49950,3157,3100,298,15000
1787310804370,49950,3157,3100,298,15000
1787310804470,49950,3157,3100,298,15000
1787310804570,49950,3157,3100,298,15000
1787310804670,49950,3157,3100,298,15000
1787310804770,49950,3157,3100,298,15000
1787310804870,49950,3157,3100,298,15000
1787310804970,49950,3157,3100,298,15000
1787310805070,49950,3157,3100,298,15000
1787310805169,49950,3157,3100,298,15000
1787310805270,49950,3157,3100,298,15000
1787310805370,49950,3157,3100,298,15000
1787310805470,49950,3157,3100,298,15000
1787310805570,49950,3157,3100,298,15000
1787310805670,49950,3157,3100,298,15000
1787310805770,49950,3157,3200,298,15000
1787310805870,49950,3157,3200,298,15000
1787310805970,49950,3157,3200,298,15000
1787310806070,49950,3157,3200,298,15000
1787310806170,49950,3157,3200,298,15000
1787310806270,49950,3157,3200,298,15000
1787310806369,49950,3157,3200,298,15000
1787310806470,49950,3157,3100,298,15000
1787310806570,49950,3157,3100,298,15000
1787310806669,49950,3157,3100,298,15000
1787310806770,49950,3157,3100,298,15000
1787310806870,49950,3157,3100,298,15000
1787310806970,49950,3157,3100,298,15000
1787310807070,49950,3157,3100,298,15000
1787310807170,49950,3157,3100,298,15000
1787310807270,49950,3157,3100,298,15000
1787310807370,49950,3157,3100,298,15000
1787310807470,49950,3157,3100,298,15000
1787310807570,49950,3157,3100,298,15000
1787310807669,49950,3157,3100,298,15000
1787310807770,49950,3157,3100,298,15000
1787310807870,49950,3157,3100,298,15000
1787310807970,49950,3157,3100,298,15000
1787310808070,49950,3157,3100,298,15000
1787310808170,49950,3157,3100,298,15000
1787310808270,49950,3157,3100,298,15000
1787310808370,49950,3157,3100,298,15000
1787310808470,49950,3157,3100,298,15000
1787310808570,49950,3157,3100,298,15000
1787310808670,49950,3157,3100,298,15000
1787310808770,49950,3157,3100,298,15000
1787310808870,49950,3157,3100,298,15000
1787310808970,49950,3157,3100,298,15000
1787310809069,49950,3157,3100,298,15000
1787310809170,49950,3157,3100,298,15000
1787310809270,49950,3157,3100,298,15000
1787310809370,49950,3157,3100,298,15000
1787310809469,49950,3157,3100,298,15000
1787310809570,49950,3157,3100,298,15000
1787310809670,49950,3157,3100,298,15000
1787310809770,49950,3157,3100,298,15000
1787310809870,49950,3157,3100,298,15000
1787310809969,49950,3157,3100,298,15000
1787310810070,49950,3157,3100,298,15000
1787310810170,49950,3157,3100,298,15000
1787310810270,49950,3157,3100,298,15000
1787310810370,49950,3157,3100,298,15000
1787310810470,49950,3157,3100,298,15000
1787310810570,49950,3157,3100,298,15000
1787310810670,49950,3157,3100,298,15000
1787310810770,49950,3157,3100,298,15000
1787310810870,49950,3157,3100,298,15000
1787310810970,49950,3157,3100,298,15000
1787310811070,49950,3157,3100,298,15000
1787310811170,49950,3157,3100,298,15000
1787310811270,49950,3157,3100,298,15000
1787310811370,49950,3157,3100,298,15000
1787310811469,49950,3157,3100,298,15000
1787310811570,49950,3157,3100,298,15000
1787310811670,49950,3157,3100,298,15000
1787310811770,49950,3157,3100,298,15000
1787310811869,49950,3157,3100,298,15000
1787310811970,49950,3157,3100,298,15000
1787310812070,49950,3157,3100,298,15000
1787310812170,49950,3157,3100,298,15000
1787310812270,49950,3157,3100,298,15000
1787310812370,49950,3157,3100,298,15000
1787310812470,49950,3157,3100,298,15000
1787310812570,49950,3157,3100,298,15000
1787310812670,49950,3157,3100,298,15000
1787310812770,49950,3157,3100,298,15000
1787310812870,49950,3157,3100,298,15000
1787310812970,49950,3157,3100,298,15000
1787310813070,49950,3157,3100,298,15000
1787310813170,49950,3157,3100,298,15000
1787310813270,49950,3157,3100,298,15000
1787310813370,49950,3157,3100,298,15000
1787310813470,49950,3157,3100,298,15000
1787310813570,49950,3157,3100,298,15000
1787310813670,49950,3157,3100,298,15000
1787310813770,49950,3157,3100,298,15000
1787310813870,49950,3157,3100,298,15000
1787310813969,49950,3157,3100,298,15000
1787310814070,49950,3157,3100,298,15000
1787310814170,49950,3157,3100,298,15000
1787310814270,49950,3157,3100,298,15000
1787310814370,49950,3157,3100,298,15000
1787310814469,49950,3157,3100,298,15000
1787310814569,49950,3157,3100,298,15000
1787310814670,49950,3157,3100,298,15000
1787310814769,49950,3157,3100,298,15000
1787310814869,49950,3157,3100,298,15000
1787310814970,49950,3157,3100,298,15000
1787310815070,49950,3157,3100,298,15000
1787310815169,49950,3157,3100,298,15000
1787310815270,49950,3157,3100,298,15000
1787310815370,49950,3157,3100,298,15000
1787310815470,49950,3157,3100,298,15000
1787310815570,49950,3157,3200,298,15000
1787310815669,49950,3157,3200,298,15000
1787310815770,49950,3157,3200,298,15000
1787310815870,49950,3157,3200,298,15000
1787310815970,49950,3157,3100,298,15000
1787310816069,49950,3157,3100,298,15000
1787310816170,49950,3157,3100,298,15000
1787310816269,49950,3157,3100,298,15000
1787310816369,49950,3157,3100,298,15000
1787310816470,49950,3157,3100,298,15000
1787310816570,49950,3157,3200,298,15000
1787310816670,49950,3157,3200,298,15000
1787310816770,49950,3157,3200,298,15000
1787310816870,49950,3157,3200,298,15000
1787310816970,49950,3157,3200,298,15000
1787310817070,49950,3157,3200,298,15000
1787310817170,49950,3157,3100,298,15000
1787310817270,49950,3157,3100,298,15000
1787310817370,49950,3157,3100,298,15000
1787310817470,49950,3157,3100,298,15000
1787310817570,49950,3157,3100,298,15000
1787310817670,49950,3157,3100,298,15000
1787310817770,49950,3157,3100,298,15000
1787310817870,49950,3157,3100,298,15000
1787310817970,49950,3157,3100,298,15000
1787310818070,49950,3157,3100,298,15000
1787310818170,49950,3157,3100,298,15000
1787310818270,49950,3157,3100,298,15000
1787310818370,49950,3157,3100,298,15000
1787310818470,49950,3157,3100,298,15000
1787310818570,49950,3157,3100,298,15000
1787310818670,49950,3157,3100,298,15000
1787310818769,49950,3157,3100,298,15000
1787310818870,49950,3157,3100,298,15000
1787310818970,49950,3157,3100,298,15000
1787310819069,49950,3157,3100,298,15000
1787310819170,49950,3157,3100,298,15000
1787310819270,49950,3157,3100,298,15000
1787310819370,49950,3157,3100,298,15000
1787310819469,49950,3157,3100,298,15000
1787310819570,49950,3157,3100,298,15000
1787310819670,49950,3157,3100,298,15000
1787310819770,49950,3157,3100,298,15000
1787310819870,49950,3157,3100,298,15000
1787310819970,49950,3157,3100,298,15000
1787310820069,49950,3157,3100,298,15000
1787310820170,49950,3157,3100,298,15000
1787310820269,49950,3157,3100,298,15000
1787310820370,49950,3157,3100,298,15000
1787310820469,49950,3157,3100,298,15000
1787310820569,49950,3157,3100,298,15000
1787310820669,49950,3157,3100,298,15000
1787310820769,49950,3157,3100,298,15000
1787310820869,49950,3157,3100,298,15000
1787310820970,49950,3157,3100,298,15000
1787310821070,49950,3157,3100,298,15000
1787310821170,49950,3157,3100,298,15000
1787310821270,49950,3157,3100,298,15000
1787310821370,49950,3157,3100,298,15000
1787310821470,49950,3157,3100,298,15000
1787310821570,49950,3157,3100,298,15000
1787310821670,49950,3157,3100,298,15000
1787310821770,49950,3157,3100,298,15000
1787310821870,49950,3157,3100,298,15000
1787310821970,49950,3157,3200,298,15000
1787310822070,49950,3157,3200,298,15000
1787310822170,49950,3157,3200,298,15000
1787310822269,49950,3157,3200,298,15000
1787310822370,49950,3157,3200,298,15000
1787310822470,49950,3157,3200,298,15000
1787310822569,49950,3157,3200,298,15000
1787310822670,49950,3157,3200,298,15000
1787310822770,49950,3157,3200,298,15000
1787310822870,49950,3157,3200,298,15000
1787310822970,49950,3157,3200,298,15000
1787310823070,49950,3157,3200,298,15000
1787310823170,49950,3157,3200,298,15000
1787310823270,49950,3157,3100,298,15000
1787310823370,49950,3157,3100,298,15000
1787310823470,49950,3157,3100,298,15000
1787310823569,49950,3157,3100,298,15000
1787310823670,49950,3157,3100,298,15000
1787310823769,49950,3157,3100,298,15000
1787310823869,49950,3157,3100,298,15000
1787310823970,49950,3157,3100,298,15000
1787310824070,49950,3157,3100,298,15000
1787310824170,49950,3157,3100,298,15000
1787310824270,49950,3157,3100,298,15000
1787310824370,49950,3157,3100,298,15000
1787310824470,49950,3157,3100,298,15000
1787310824570,49950,3157,3100,298,15000
1787310824670,49950,3157,3100,298,15000
1787310824769,49950,3157,3100,298,15000
1787310824870,49950,3157,3100,298,15000
1787310824970,49950,3157,3100,298,15000
1787310825070,49950,3157,3100,298,15000
1787310825170,49950,3157,3100,298,15000
1787310825269,49950,3157,3100,298,15000
1787310825370,49950,3157,3100,298,15000
1787310825469,49950,3157,3100,298,15000
1787310825570,49950,3157,3100,298,15000
1787310825669,49950,3157,3100,298,15000
1787310825770,49950,3157,3100,298,15000
1787310825870,49950,3157,3100,298,15000
1787310825970,49950,3157,3100,298,15000
1787310826070,49950,3157,3100,298,15000
1787310826170,49950,3157,3100,298,15000
1787310826270,49950,3157,3100,298,15000
1787310826370,49950,3157,3100,298,15000
1787310826469,49950,3157,3100,298,15000
1787310826570,49950,3157,3100,298,15000
1787310826670,49950,3157,3100,298,15000
1787310826770,49950,3157,3100,298,15000
1787310826869,49950,3157,3100,298,15000
1787310826970,49950,3157,3100,298,15000
1787310827070,49950,3157,3100,298,15000
1787310827170,49950,3157,3100,298,15000
1787310827269,49950,3157,3100,298,15000
1787310827370,49950,3157,3100,298,15000
1787310827470,49950,3157,3100,298,15000
1787310827570,49950,3157,3100,298,15000
1787310827670,49950,3157,3100,298,15000
1787310827769,49950,3157,3100,298,15000
1787310827870,49950,3157,3100,298,15000
1787310827970,49950,3157,3100,298,15000
1787310828070,49950,3157,3100,298,15000
1787310828170,49950,3157,3100,298,15000
1787310828270,49950,3157,3100,298,15000
1787310828370,49950,3157,3100,298,15000
1787310828469,49950,3157,3100,298,15000
1787310828570,49950,3157,3100,298,15000
1787310828670,49950,3157,3100,298,15000
1787310828770,49950,3157,3100,298,15000
1787310828869,49950,3157,3100,298,15000
1787310828970,49950,3157,3100,298,15000
1787310829070,49950,3157,3100,298,15000
1787310829170,49950,3157,3100,298,15000
1787310829269,49950,3157,3100,298,15000
1787310829370,49950,3157,3100,298,15000
1787310829470,49950,3157,3100,298,15000
1787310829570,49950,3157,3100,298,15000
1787310829670,49950,3157,3100,298,15000
1787310829769,49950,3157,3100,298,15000
1787310829870,49950,3157,3200,298,15000
1787310829970,49950,3157,3200,298,15000
1787310830070,49950,3157,3200,298,15000
1787310830170,49950,3157,3200,298,15000
1787310830270,49950,3157,3200,298,15000
1787310830370,49950,3157,3200,298,15000
1787310830470,49950,3157,3200,298,15000
1787310830570,49950,3157,3100,298,15000
1787310830670,49950,3157,3100,298,15000
1787310830770,49950,3157,3100,298,15000
1787310830870,49950,3157,3100,298,15000
1787310830970,49950,3157,3100,298,15000
1787310831069,49950,3157,3100,298,15000
1787310831170,49950,3157,3100,298,15000
1787310831270,49950,3157,3100,298,15000
1787310831370,49950,3157,3100,298,15000
1787310831470,49950,3157,3100,298,15000
1787310831570,49950,3157,3100,298,15000
1787310831669,49950,3157,3100,298,15000
1787310831769,49950,3157,3200,298,15000
1787310831870,49950,3157,3200,298,15000
1787310831970,49950,3157,3200,298,15000
1787310832069,49950,3157,3200,298,15000
1787310832170,49950,3157,3200,298,15000
1787310832270,49950,3157,3200,298,15000
1787310832369,49950,3157,3200,298,15000
1787310832470,49950,3157,3200,298,15000
1787310832570,49950,3157,3200,298,15000
1787310832670,49950,3157,3200,298,15000
1787310832770,49950,3157,3200,298,15000
1787310832870,49950,3157,3100,298,15000
1787310832969,49950,3157,3100,298,15000
1787310833070,49950,3157,3100,298,15000
1787310833170,49950,3157,3100,298,15000
1787310833270,49950,3157,3100,298,15000
1787310833370,49950,3157,3100,298,15000
1787310833470,49950,3157,3100,298,15000
1787310833570,49950,3157,3100,298,15000
1787310833670,49950,3157,3100,298,15000
1787310833770,49950,3157,3100,298,15000
1787310833870,49950,3157,3100,298,15000
1787310833970,49950,3157,3100,298,15000
1787310834070,49950,3157,3100,298,15000
1787310834170,49950,3157,3100,298,15000
1787310834270,49950,3157,3100,298,15000
1787310834370,49950,3157,3100,298,15000
1787310834469,49950,3157,3100,298,15000
1787310834570,49950,3157,3100,298,15000
1787310834670,49950,3157,3200,298,15000
1787310834769,49950,3157,3200,298,15000
1787310834870,49950,3157,3200,298,15000
1787310834970,49950,3157,3200,298,15000
1787310835069,49950,3157,3200,298,15000
1787310835170,49950,3157,3200,298,15000
1787310835270,49950,3157,3200,298,15000
1787310835369,49950,3157,3100,298,15000
1787310835469,49950,3157,3100,298,15000
1787310835569,49950,3157,3100,298,15000
1787310835670,49950,3157,3100,298,15000
1787310835770,49950,3157,3100,298,15000
1787310835870,49950,3157,3100,298,15000
1787310835970,49950,3157,3200,298,15000
1787310836070,49950,3157,3200,298,15000
1787310836170,49950,3157,3200,298,15000
1787310836270,49950,3157,3200,298,15000
1787310836370,49950,3157,3200,298,15000
1787310836470,49950,3157,3200,298,15000
1787310836570,49950,3157,3100,298,15000
1787310836670,49950,3157,3100,298,15000
1787310836770,49950,3157,3100,298,15000
1787310836870,49950,3157,3100,298,15000
1787310836970,49950,3157,3100,298,15000
1787310837070,49950,3157,3100,298,15000
1787310837170,49950,3157,3100,298,15000
1787310837270,49950,3157,3100,298,15000
1787310837369,49950,3157,3100,298,15000
1787310837469,49950,3157,3100,298,15000
1787310837570,49950,3157,3100,298,15000
1787310837670,49950,3157,3100,298,15000
1787310837769,49950,3157,3100,298,15000
1787310837870,49950,3157,3100,298,15000
1787310837969,49950,3157,3100,298,15000
1787310838070,49950,3157,3100,298,15000
1787310838170,49950,3157,3100,298,15000
1787310838270,49950,3157,3100,298,15000
1787310838369,49950,3157,3100,298,15000
1787310838470,49950,3157,3100,298,15000
1787310838570,49950,3157,3100,298,15000
1787310838670,49950,3157,3100,298,15000
1787310838770,49950,3157,3100,298,15000
1787310838870,49950,3157,3100,298,15000
1787310838970,49950,3157,3100,298,15000
1787310839070,49950,3157,3100,298,15000
1787310839170,49950,3157,3100,298,15000
1787310839270,49950,3157,3100,298,15000
1787310839370,49950,3157,3100,298,15000
1787310839470,49950,3157,3100,298,15000
1787310839570,49950,3157,3100,298,15000
1787310839669,49950,3157,3100,298,15000
1787310839770,49950,3157,3100,298,15000
1787310839870,49950,3157,3100,298,15000
1787310839970,49950,3157,3100,298,15000
1787310840069,49950,3157,3100,298,15000
1787310840170,49950,3157,3100,298,15000
1787310840270,49950,3157,3100,298,15000
1787310840370,49950,3157,3100,298,15000
1787310840470,49950,3157,3100,298,15000
1787310840570,49950,3157,3100,298,15000
1787310840670,49950,3157,3100,298,15000
1787310840770,49950,3157,3100,298,15000
1787310840869,49950,3157,3100,298,15000
1787310840970,49950,3157,3100,298,15000
1787310841069,49950,3157,3100,298,15000
1787310841170,49950,3157,3100,298,15000
1787310841270,49950,3157,3100,298,15000
1787310841369,49950,3157,3100,298,15000
1787310841470,49950,3157,3100,298,15000
1787310841570,49950,3157,3100,298,15000
1787310841670,49950,3157,3100,298,15000
1787310841769,49950,3157,3100,298,15000
1787310841870,49950,3157,3100,298,15000
1787310841970,49950,3157,3100,298,15000
1787310842070,49950,3157,3100,298,15000
1787310842170,49950,3157,3100,298,15000
1787310842270,49950,3157,3100,298,15000
1787310842370,49950,3157,3100,298,15000
1787310842470,49950,3157,3100,298,15000
1787310842570,49950,3157,3200,298,15000
1787310842669,49950,3157,3200,298,15000
1787310842770,49950,3157,3200,298,15000
1787310842870,49950,3157,3200,298,15000
1787310842969,49950,3157,3200,298,15000
1787310843070,49950,3157,3200,298,15000
1787310843170,49950,3157,3200,298,15000
1787310843269,49950,3157,3100,298,15000
1787310843370,49950,3157,3100,298,15000
1787310843470,49950,3157,3100,298,15000
1787310843570,49950,3157,3100,298,15000
1787310843670,49950,3157,3100,298,15000
1787310843770,49950,3157,3100,298,15000
1787310843870,49950,3157,3100,298,15000
1787310843970,49950,3157,3100,298,15000
1787310844069,49950,3157,3100,298,15000
1787310844170,49950,3157,3100,298,15000
1787310844270,49950,3157,3100,298,15000
1787310844370,49950,3157,3100,298,15000
1787310844470,49950,3157,3100,298,15000
1787310844570,49950,3157,3100,298,15000
1787310844669,49950,3157,3100,298,15000
1787310844770,49950,3157,3100,298,15000
1787310844870,49950,3157,3100,298,15000
1787310844969,49950,3157,3100,298,15000
1787310845070,49950,3157,3100,298,15000
1787310845170,49950,3157,3100,298,15000
1787310845270,49950,3157,3100,298,15000
1787310845370,49950,3157,3100,298,15000
1787310845470,49950,3157,3100,298,15000
1787310845569,49950,3157,3100,298,15000
1787310845670,49950,3157,3100,298,15000
1787310845770,49950,3157,3100,298,15000
1787310845870,49950,3157,3100,298,15000
1787310845970,49950,3157,3100,298,15000
1787310846070,49950,3157,3100,298,15000
1787310846170,49950,3157,3100,298,15000
1787310846269,49950,3157,3100,298,15000
1787310846369,49950,3157,3100,298,15000
1787310846470,49950,3157,3100,298,15000
1787310846570,49950,3157,3100,298,15000
1787310846670,49950,3157,3100,298,15000
1787310846770,49950,3157,3100,298,15000
1787310846870,49950,3157,3100,298,15000
1787310846970,49950,3157,3100,298,15000
1787310847070,49950,3157,3100,298,15000
1787310847170,49950,3157,3100,298,15000
1787310847270,49950,3157,3100,298,15000
1787310847370,49950,3157,3100,298,15000
1787310847470,49950,3157,3100,298,15000
1787310847570,49950,3157,3100,298,15000
1787310847670,49950,3157,3100,298,15000
1787310847770,49950,3157,3100,298,15000
1787310847869,49950,3157,3100,298,15000
1787310847969,49950,3157,3100,298,15000
1787310848070,49950,3157,3100,298,15000
1787310848170,49950,3157,3100,298,15000
1787310848270,49950,3157,3100,298,15000
1787310848370,49950,3157,3100,298,15000
1787310848470,49950,3157,3100,298,15000
1787310848570,49950,3157,3100,298,15000
1787310848670,49950,3157,3100,298,15000
1787310848770,49950,3157,3100,298,15000
1787310848870,49950,3157,3100,298,15000
1787310848970,49950,3157,3100,298,15000
1787310849070,49950,3157,3100,298,15000
1787310849170,49950,3157,3100,298,15000
1787310849269,49950,3157,3100,298,15000
1787310849370,49950,3157,3100,298,15000
1787310849470,49950,3157,3100,298,15000
1787310849570,49950,3157,3100,298,15000
1787310849670,49950,3157,3100,298,15000
1787310849770,49950,3157,3100,298,15000
1787310849870,49950,3157,3100,298,15000
1787310849970,49950,3157,3100,298,15000
1787310850070,49950,3157,3100,298,15000
1787310850169,49950,3157,3100,298,15000
1787310850269,49950,3157,3100,298,15000
1787310850370,49950,3157,3100,298,15000
1787310850470,49950,3157,3100,298,15000
1787310850569,49950,3157,3100,298,15000
1787310850670,49950,3157,3100,298,15000
1787310850770,49950,3157,3100,298,15000
1787310850870,49950,3157,3100,298,15000
1787310850970,49950,3157,3100,298,15000
1787310851070,49950,3157,3100,298,15000
1787310851170,49950,3157,3100,298,15000
1787310851270,49950,3157,3100,298,15000
1787310851370,49950,3157,3100,298,15000
1787310851470,49950,3157,3100,298,15000
1787310851570,49950,3157,3100,298,15000
1787310851670,49950,3157,3100,298,15000
1787310851770,49950,3157,3100,298,15000
1787310851870,49950,3157,3100,298,15000
1787310851970,49950,3157,3100,298,15000
1787310852070,49950,3157,3100,298,15000
1787310852170,49950,3157,3200,298,15000
1787310852269,49950,3157,3200,298,15000
1787310852370,49950,3157,3200,298,15000
1787310852470,49950,3157,3200,298,15000
1787310852570,49950,3157,3200,298,15000
1787310852670,49950,3157,3200,298,15000
1787310852770,49950,3157,3200,298,15000
1787310852869,49950,3157,3100,298,15000
1787310852970,49950,3157,3100,298,15000
1787310853070,49950,3157,3100,298,15000
1787310853170,49950,3157,3100,298,15000
1787310853270,49950,3157,3100,298,15000
1787310853369,49950,3157,3100,298,15000
1787310853470,49950,3157,3100,298,15000
1787310853570,49950,3157,3100,298,15000
1787310853670,49950,3157,3100,298,15000
1787310853769,49950,3157,3100,298,15000
1787310853869,49950,3157,3100,298,15000
1787310853970,49950,3157,3100,298,15000
1787310854070,49950,3157,3100,298,15000
1787310854170,49950,3157,3100,298,15000
1787310854270,49950,3157,3100,298,15000
1787310854369,49950,3157,3100,298,15000
1787310854470,49950,3157,3100,298,15000
1787310854570,49950,3157,3100,298,15000
1787310854670,49950,3157,3100,298,15000
1787310854770,49950,3157,3100,298,15000
1787310854870,49950,3157,3100,298,15000
1787310854970,49950,3157,3100,298,15000
1787310855070,49950,3157,3100,298,15000
1787310855170,49950,3157,3100,298,15000
1787310855270,49950,3157,3100,298,15000
1787310855370,49950,3157,3100,298,15000
1787310855470,49950,3157,3100,298,15000
1787310855570,49950,3157,3100,298,15000
1787310855670,49950,3157,3100,298,15000
1787310855769,49950,3157,3100,298,15000
1787310855870,49950,3157,3100,298,15000
1787310855970,49950,3157,3100,298,15000
1787310856070,49950,3157,3100,298,15000
1787310856169,49950,3157,3100,298,15000
1787310856270,49950,3157,3100,298,15000
1787310856370,49950,3157,3100,298,15000
1787310856470,49950,3157,3100,298,15000
1787310856570,49950,3157,3100,298,15000
1787310856670,49950,3157,3100,298,15000
1787310856770,49950,3157,3100,298,15000
1787310856870,49950,3157,3100,298,15000
1787310856970,49950,3157,3100,298,15000
1787310857070,49950,3157,3100,298,15000
1787310857170,49950,3157,3100,298,15000
1787310857270,49950,3157,3100,298,15000
1787310857370,49950,3157,3100,298,15000
1787310857470,49950,3157,3100,298,15000
1787310857570,49950,3157,3100,298,15000
1787310857670,49950,3157,3100,298,15000
1787310857770,49950,3157,3100,298,15000
1787310857870,49950,3157,3100,298,15000
1787310857970,49950,3157,3100,298,15000
1787310858070,49950,3157,3100,298,15000
1787310858170,49950,3157,3100,298,15000
1787310858269,49950,3157,3100,298,15000
1787310858370,49950,3157,3100,298,15000
1787310858470,49950,3157,3100,298,15000
1787310858570,49950,3157,3100,298,15000
1787310858670,49950,3157,3100,298,15000
1787310858770,49950,3157,3100,298,15000
1787310858870,49950,3157,3100,298,15000
1787310858970,49950,3157,3100,298,15000
1787310859070,49950,3157,3100,298,15000
1787310859170,49950,3157,3100,298,15000
1787310859270,49950,3157,3100,298,15000
1787310859370,49950,3157,3100,298,15000
1787310859470,49950,3157,3100,298,15000
1787310859569,49950,3157,3100,298,15000
1787310859669,49950,3157,3100,298,15000
1787310859769,49950,3157,3100,298,15000
1787310859870,49950,3157,3100,298,15000
1787310859970,49950,3157,3100,298,15000
1787310860070,49950,3157,3100,298,15000
1787310860169,49950,3157,3100,298,15000
1787310860270,49950,3157,3100,298,15000
1787310860369,49950,3157,3100,298,15000
1787310860470,49950,3157,3100,298,15000
1787310860570,49950,3157,3100,298,15000
1787310860670,49950,3157,3100,298,15000
1787310860769,49950,3157,3200,298,15000
1787310860870,49950,3157,3200,298,15000
1787310860969,49950,3157,3200,298,15000
1787310861070,49950,3157,3200,298,15000
1787310861170,49950,3157,3200,298,15000
1787310861270,49950,3157,3200,298,15000
1787310861370,49950,3157,3100,298,15000
1787310861470,49950,3157,3100,298,15000
1787310861570,49950,3157,3100,298,15000
1787310861670,49950,3157,3100,298,15000
1787310861770,49950,3157,3100,298,15000
1787310861870,49950,3157,3100,298,15000
1787310861970,49950,3157,3100,298,15000
1787310862070,49950,3157,3100,298,15000
1787310862170,49950,3157,3100,298,15000
1787310862270,49950,3157,3100,298,15000
1787310862370,49950,3157,3100,298,15000
1787310862470,49950,3157,3100,298,15000
1787310862569,49950,3157,3100,298,15000
1787310862670,49950,3157,3100,298,15000
1787310862770,49950,3157,3100,298,15000
1787310862870,49950,3157,3100,298,15000
1787310862970,49950,3157,3100,298,15000
1787310863070,49950,3157,3100,298,15000
1787310863170,49950,3157,3100,298,15000
1787310863269,49950,3157,3200,298,15000
1787310863370,49950,3157,3200,298,15000
1787310863470,49950,3157,3200,298,15000
1787310863570,49950,3157,3200,298,15000
1787310863669,49950,3157,3100,298,15000
1787310863770,49950,3157,3100,298,15000
1787310863870,49950,3157,3100,298,15000
1787310863969,49950,3157,3100,298,15000
1787310864070,49950,3157,3100,298,15000
1787310864170,49950,3157,3100,298,15000
1787310864270,49950,3157,3100,298,15000
1787310864370,49950,3157,3100,298,15000
1787310864470,49950,3157,3100,298,15000
1787310864569,49950,3157,3100,298,15000
1787310864670,49950,3157,3100,298,15000
1787310864770,49950,3157,3100,298,15000
1787310864870,49950,3157,3200,298,15000
1787310864970,49950,3157,3200,298,15000
1787310865070,49950,3157,3200,298,15000
1787310865170,49950,3157,3200,298,15000
1787310865269,49950,3157,3200,298,15000
1787310865369,49950,3157,3200,298,15000
1787310865470,49950,3157,3200,298,15000
1787310865570,49950,3157,3200,298,15000
1787310865670,49950,3157,3200,298,15000
1787310865769,49950,3157,3200,298,15000
1787310865870,49950,3157,3200,298,15000
1787310865970,49950,3157,3200,298,15000
1787310866070,49950,3157,3200,298,15000
1787310866170,49950,3157,3100,298,15000
1787310866270,49950,3157,3100,298,15000
1787310866370,49950,3157,3100,298,15000
1787310866470,49950,3157,3100,298,15000
1787310866570,49950,3157,3100,298,15000
1787310866669,49950,3157,3100,298,15000
1787310866770,49950,3157,3100,298,15000
1787310866870,50000,0,3100,298,15000
1787310866969,50000,0,3100,298,15000
1787310867070,50000,0,3100,298,15000
1787310867170,50000,0,3100,298,15000
1787310867269,50000,0,3100,298,15000
1787310867370,50000,0,3100,298,15000
1787310867470,50000,0,700,298,15000
1787310867570,50000,0,700,298,15000
1787310867670,50000,0,700,298,15000
1787310867770,50000,0,700,298,15000
1787310867870,50000,0,700,298,15000
1787310867970,50000,0,700,298,15000
1787310868070,50000,0,0,298,15000
1787310868170,50000,0,0,298,15000
1787310868270,50000,0,0,298,15000
1787310868369,50000,0,0,298,15000
1787310868470,50000,0,0,298,15000
1787310868569,50000,0,0,298,15000
1787310868670,50000,0,0,298,15000
1787310868770,50000,0,0,298,15000
1787310868870,50000,0,0,298,15000
1787310868969,50000,0,0,298,15000
1787310869069,50000,0,0,298,15000
1787310869170,50000,0,0,298,15000
1787310869269,50000,0,0,298,15000
1787310869370,50000,0,0,298,15000
1787310869469,50000,0,0,298,15000
1787310869570,50000,0,0,298,15000
1787310869670,50000,0,0,298,15000
1787310869769,50000,0,0,298,15000
1787310869870,50000,0,0,298,15000
1787310869970,50000,0,0,298,15000
1787310870069,50000,0,0,298,15000
1787310870169,50000,0,0,298,15000
1787310870270,50000,0,0,298,15000
1787310870370,50000,0,0,298,15000
1787310870470,50000,0,0,298,15000
1787310870570,50000,0,0,298,15000
1787310870670,50000,0,0,298,15000
1787310870770,50000,0,0,298,15000
1787310870870,50000,0,0,298,15000
1787310870969,50000,0,0,298,15000
1787310871070,50000,0,0,298,15000
1787310871170,50000,0,0,298,15000
1787310871270,50000,0,0,298,15000
1787310871369,50000,0,0,298,15000
1787310871470,50000,0,0,298,15000
1787310871570,50000,0,0,298,15000
1787310871670,50000,0,0,298,15000
1787310871770,50000,0,0,298,15000
1787310871870,50000,0,0,298,15000
1787310871970,50000,0,0,298,15000
1787310872070,50000,0,0,298,15000
1787310872170,50000,0,0,298,15000
1787310872270,50000,0,0,298,15000
1787310872370,50000,0,0,298,15000
1787310872470,50000,0,0,298,15000
1787310872570,50000,0,0,298,15000
1787310872670,50000,0,0,298,15000
1787310872770,50000,0,0,298,15000
1787310872870,50000,0,0,298,15000
1787310872970,50000,0,0,298,15000
1787310873070,50000,0,0,298,15000
1787310873170,50000,0,0,298,15000
1787310873270,50000,0,0,298,15000
1787310873370,50000,0,0,298,15000
1787310873470,50000,0,0,298,15000
1787310873570,50000,0,0,298,15000
1787310873670,50000,0,0,298,15000
1787310873770,50000,0,0,298,15000
1787310873870,50000,0,0,298,15000
1787310873970,50000,0,0,298,15000
1787310874069,50000,0,0,298,15000
1787310874170,50000,0,0,298,15000
1787310874270,50000,0,0,298,15000
1787310874370,50000,0,0,298,15000
1787310874470,50000,0,0,298,15000
1787310874570,50000,0,0,298,15000
1787310874670,50000,0,0,298,15000
1787310874769,50000,0,0,298,15000
1787310874870,50000,0,0,298,15000
1787310874970,50000,0,0,298,15000
1787310875070,50000,0,0,298,15000
1787310875170,50000,0,0,298,15000
1787310875270,50000,0,0,298,15000
1787310875370,50000,0,0,298,15000
1787310875470,50000,0,0,298,15000
1787310875570,50000,0,0,298,15000
1787310875669,50000,0,0,298,15000
1787310875769,50000,0,0,298,15000
1787310875870,50000,0,0,298,15000
1787310875970,50000,0,0,298,15000
1787310876070,50000,0,0,298,15000
1787310876170,50000,0,0,298,15000
1787310876270,50000,0,0,298,15000
1787310876370,50000,0,0,298,15000
1787310876470,50000,0,0,298,15000
1787310876570,50000,0,0,298,15000
1787310876670,50000,0,0,298,15000
1787310876770,50000,0,0,298,15000
1787310876870,50000,0,0,298,15000
1787310876970,50000,0,0,298,15000
1787310877070,50000,0,0,298,15000
1787310877169,50000,0,0,298,15000
1787310877270,50000,0,0,298,15000
1787310877370,50000,0,0,298,15000
1787310877470,50000,0,0,298,15000
1787310877570,50000,0,0,298,15000
1787310877670,50000,0,0,298,15000
1787310877770,50000,0,0,298,15000
1787310877870,50000,0,0,298,15000
1787310877970,50000,0,0,298,15000
1787310878070,50000,0,0,298,15000
1787310878170,50000,0,0,298,15000
1787310878270,50000,0,0,298,15000
1787310878370,50000,0,0,298,15000
1787310878470,50000,0,0,298,15000
1787310878570,50000,0,0,298,15000
1787310878669,50000,0,0,298,15000
1787310878770,50000,0,0,298,15000
1787310878870,50000,0,0,298,15000
1787310878970,50000,0,0,298,15000
1787310879070,50000,0,0,298,15000
1787310879170,50000,0,0,298,15000
1787310879270,50000,0,0,298,15000
1787310879370,50000,0,0,298,15000
1787310879470,50000,0,0,298,15000
1787310879570,50000,0,0,298,15000
1787310879670,50000,0,0,298,15000
1787310879770,50000,0,0,298,15000
1787310879869,50000,0,0,298,15000
1787310879970,50000,0,0,298,15000
1787310880070,50000,0,0,298,15000
1787310880170,50000,0,0,298,15000
1787310880270,50000,0,0,298,15000
1787310880370,50000,0,0,298,15000
1787310880470,50000,0,0,298,15000
1787310880570,50000,0,0,298,15000
1787310880670,50000,0,0,298,15000
1787310880770,50000,0,0,298,15000
1787310880870,50000,0,0,298,15000
1787310880970,50000,0,0,298,15000
1787310881070,50000,0,0,298,15000
1787310881170,50000,0,0,298,15000
1787310881269,50000,0,0,298,15000
1787310881370,50000,0,0,298,15000
1787310881470,50000,0,0,298,15000
1787310881570,50000,0,0,298,15000
1787310881669,50000,0,0,298,15000
1787310881770,50000,0,0,298,15000
1787310881870,50000,0,0,298,15000
1787310881970,50000,0,0,298,15000
1787310882070,50000,0,0,298,15000
1787310882170,50000,0,0,298,15000
1787310882270,50000,0,0,298,15000
1787310882370,50000,0,0,298,15000
1787310882470,50000,0,0,298,15000
1787310882570,50000,0,0,298,15000
1787310882670,50000,0,0,298,15000
1787310882770,50000,0,0,298,15000
1787310882869,50000,0,0,298,15000
1787310882970,50000,0,0,298,15000
1787310883070,50000,0,0,298,15000
1787310883170,50000,0,0,298,15000
1787310883270,50000,0,0,298,15000
1787310883370,50000,0,0,298,15000
1787310883469,50000,0,0,298,15000
1787310883570,50000,0,0,298,15000
1787310883670,50000,0,0,298,15000
1787310883770,50000,0,0,298,15000
1787310883870,50000,0,0,298,15000
1787310883969,50000,0,0,298,15000
1787310884069,50000,0,0,298,15000
1787310884170,50000,0,0,298,15000
1787310884270,50000,0,0,298,15000
1787310884370,50000,0,0,298,15000
1787310884470,50000,0,0,298,15000
1787310884570,50000,0,0,298,15000
1787310884670,50000,0,0,298,15000
1787310884770,50000,0,0,298,15000
1787310884869,50000,0,0,298,15000
1787310884970,50000,0,0,298,15000
1787310885070,50000,0,0,298,15000
1787310885170,50000,0,0,298,15000
1787310885270,50000,0,0,298,15000
1787310885370,50000,0,0,298,15000
1787310885470,50000,0,0,298,15000
1787310885570,50000,0,0,298,15000
1787310885670,50000,0,0,298,15000
1787310885770,50000,0,0,298,15000
1787310885870,50000,0,0,298,15000
1787310885970,50000,0,0,298,15000
1787310886070,50000,0,0,298,15000
1787310886170,50000,0,0,298,15000
1787310886269,50000,0,0,298,15000
1787310886370,50000,0,0,298,15000
1787310886470,50000,0,0,298,15000
1787310886570,50000,0,0,298,15000
1787310886670,50000,0,0,298,15000
1787310886770,50000,0,0,298,15000
1787310886870,50000,0,0,298,15000
1787310886970,50000,0,0,298,15000
1787310887070,50000,0,0,298,15000
1787310887170,50000,0,0,298,15000
1787310887269,50000,0,0,298,15000
1787310887370,50000,0,0,298,15000
1787310887470,50000,0,0,298,15000
1787310887570,50000,0,0,298,15000
1787310887670,50000,0,0,298,15000
1787310887770,50000,0,0,298,15000
1787310887870,50000,0,0,298,15000
1787310887970,50000,0,0,298,15000
1787310888069,50000,0,0,298,15000
1787310888170,50000,0,0,298,15000
1787310888270,50000,0,0,298,15000
1787310888370,50000,0,0,298,15000
1787310888470,50000,0,0,298,15000
1787310888570,50000,0,0,298,15000
1787310888670,50000,0,0,298,15000
1787310888770,50000,0,0,298,15000
1787310888870,50000,0,0,298,15000
1787310888970,50000,0,0,297,15000
1787310889070,50000,0,0,297,15000
1787310889170,50000,0,0,297,15000
1787310889270,50000,0,0,297,15000
1787310889370,50000,0,0,297,15000
1787310889470,50000,0,0,297,15000
1787310889570,50000,0,0,297,15000
1787310889670,50000,0,0,297,15000
1787310889770,50000,0,0,297,15000
1787310889870,50000,0,0,297,15000
1787310889970,50000,0,0,297,15000
1787310890070,50000,0,0,297,15000
1787310890170,50000,0,0,297,15000
1787310890270,50000,0,0,297,15000
1787310890370,50000,0,0,297,15000
1787310890470,50000,0,0,297,15000
1787310890570,50000,0,0,297,15000
1787310890669,50000,0,0,297,15000
1787310890770,50000,0,0,297,15000
1787310890869,50000,0,0,297,15000
1787310890970,50000,0,0,297,15000
1787310891070,50000,0,0,297,15000
1787310891170,50000,0,0,297,15000
1787310891270,50000,0,0,297,15000
1787310891370,50000,0,0,297,15000
1787310891470,50000,0,0,297,15000
1787310891570,50000,0,0,297,15000
1787310891669,50000,0,0,297,15000
1787310891770,50000,0,0,297,15000
1787310891869,50000,0,0,297,15000
1787310891970,50000,0,0,297,15000
1787310892070,50000,0,0,297,15000
1787310892170,50000,0,0,297,15000
1787310892270,50000,0,0,297,15000
1787310892370,50000,0,0,297,15000
1787310892470,50000,0,0,297,15000
1787310892570,50000,0,0,297,15000
1787310892670,50000,0,0,297,15000
1787310892770,50000,0,0,297,15000
1787310892870,50000,0,0,297,15000
1787310892970,50000,0,0,297,15000
1787310893070,50000,0,0,297,15000
1787310893170,50000,0,0,297,15000
1787310893270,50000,0,0,297,15000
1787310893370,50000,0,0,297,15000
1787310893470,50000,0,0,297,15000
1787310893570,50000,0,0,297,15000
1787310893670,50000,0,0,297,15000
1787310893770,50000,0,0,297,15000
1787310893870,50000,0,0,297,15000
1787310893970,50000,0,0,297,15000
1787310894070,50000,0,0,297,15000
1787310894169,50000,0,0,297,15000
1787310894269,50000,0,0,297,15000
1787310894369,50000,0,0,297,15000
1787310894470,50000,0,0,297,15000
1787310894570,50000,0,0,297,15000
1787310894669,50000,0,0,297,15000
1787310894770,50000,0,0,297,15000
1787310894870,50000,0,0,297,15000
1787310894970,50000,0,0,297,15000
1787310895070,50000,0,0,297,15000
1787310895169,50000,0,0,297,15000
1787310895270,50000,0,0,297,15000
1787310895369,50000,0,0,297,15000
1787310895469,50000,0,0,297,15000
1787310895570,50000,0,0,297,15000
1787310895670,50000,0,0,297,15000
1787310895770,50000,0,0,297,15000
1787310895870,50000,0,0,297,15000
1787310895970,50000,0,0,297,15000
1787310896070,50000,0,0,297,15000
1787310896170,50000,0,0,297,15000
1787310896270,50000,0,0,297,15000
1787310896370,50000,0,0,297,15000
1787310896470,50000,0,0,297,15000
1787310896570,50000,0,0,297,15000
1787310896670,50000,0,0,297,15000
1787310896770,50000,0,0,297,15000
1787310896869,50080,-5526,0,297,15000
1787310896969,50080,-5526,0,297,15000
1787310897070,50080,-5526,0,297,15000
1787310897170,50080,-5526,0,297,15000
1787310897270,50080,-5526,0,297,15000
1787310897370,50080,-5526,-4600,297,15000
1787310897470,50080,-5526,-4600,297,15000
1787310897570,50080,-5526,-4600,297,15000
1787310897669,50080,-5526,-4600,297,15000
1787310897770,50080,-5526,-4600,297,15000
1787310897870,50080,-5526,-4600,297,15000
1787310897970,50080,-5526,-5400,297,15000
1787310898069,50080,-5526,-5400,297,15000
1787310898169,50080,-5526,-5400,297,15000
1787310898270,50080,-5526,-5400,297,15000
1787310898370,50080,-5526,-5400,297,15000
1787310898470,50080,-5526,-5400,297,15000
1787310898570,50080,-5526,-5400,297,15000
1787310898670,50080,-5526,-5400,297,15000
1787310898770,50080,-5526,-5400,297,15000
1787310898870,50080,-5526,-5400,297,15000
1787310898970,50080,-5526,-5400,297,15000
1787310899070,50080,-5526,-5400,297,15000
1787310899170,50080,-5526,-5400,297,15000
1787310899270,50080,-5526,-5500,297,15000
1787310899370,50080,-5526,-5500,297,15000
1787310899469,50080,-5526,-5500,297,15000
1787310899570,50080,-5526,-5500,297,15000
1787310899670,50080,-5526,-5500,297,15000
1787310899770,50080,-5526,-5500,297,15000
1787310899870,50080,-5526,-5500,297,15000
1787310899970,50080,-5526,-5500,297,15000
1787310900070,50080,-5526,-5500,297,15000
1787310900170,50080,-5526,-5500,297,15000
1787310900270,50080,-5526,-5500,297,15000
1787310900370,50080,-5526,-5500,297,15000
1787310900469,50080,-5526,-5500,297,15000
1787310900570,50080,-5526,-5500,297,15000
1787310900670,50080,-5526,-5500,297,15000
1787310900770,50080,-5526,-5500,297,15000
1787310900870,50080,-5526,-5500,297,15000
1787310900970,50080,-5526,-5500,297,15000
1787310901070,50080,-5526,-5500,297,15000
1787310901170,50080,-5526,-5500,297,15000
1787310901269,50080,-5526,-5500,297,15000
1787310901370,50080,-5526,-5500,297,15000
1787310901469,50080,-5526,-5500,297,15000
1787310901570,50080,-5526,-5400,297,15000
1787310901670,50080,-5526,-5400,297,15000
1787310901769,50080,-5526,-5400,297,15000
1787310901870,50080,-5526,-5400,297,15000
1787310901969,50080,-5526,-5400,297,15000
1787310902070,50080,-5526,-5400,297,15000
1787310902170,50080,-5526,-5400,297,15000
1787310902270,50080,-5526,-5400,297,15000
1787310902370,50080,-5526,-5400,297,15000
1787310902469,50080,-5526,-5400,297,15000
1787310902570,50080,-5526,-5400,297,15000
1787310902669,50080,-5526,-5400,297,15000
1787310902770,50080,-5526,-5400,297,15000
1787310902870,50080,-5526,-5400,297,15000
1787310902970,50080,-5526,-5400,297,15000
1787310903070,50080,-5526,-5400,297,15000
1787310903170,50080,-5526,-5400,297,15000
1787310903270,50080,-5526,-5400,297,15000
1787310903370,50080,-5526,-5400,297,15000
1787310903470,50080,-5526,-5500,297,15000
1787310903570,50080,-5526,-5500,297,15000
1787310903669,50080,-5526,-5500,297,15000
1787310903770,50080,-5526,-5500,297,15000
1787310903870,50080,-5526,-5500,297,15000
1787310903970,50080,-5526,-5500,297,15000
1787310904070,50080,-5526,-5500,297,15000
1787310904170,50080,-5526,-5500,297,15000
1787310904270,50080,-5526,-5500,297,15000
1787310904370,50080,-5526,-5500,297,15000
1787310904469,50080,-5526,-5500,297,15000
1787310904570,50080,-5526,-5500,297,15000
1787310904670,50080,-5526,-5500,297,15000
1787310904770,50080,-5526,-5500,297,15000
1787310904870,50080,-5526,-5500,297,15000
1787310904970,50080,-5526,-5500,297,15000
1787310905070,50080,-5526,-5500,297,15000
1787310905170,50080,-5526,-5500,297,15000
1787310905270,50080,-5526,-5500,297,15000
1787310905370,50080,-5526,-5500,297,15000
1787310905470,50080,-5526,-5500,297,15000
1787310905570,50080,-5526,-5500,297,15000
1787310905669,50080,-5526,-5500,297,15000
1787310905770,50080,-5526,-5500,297,15000
1787310905870,50080,-5526,-5500,297,15000
1787310905970,50080,-5526,-5400,297,15000
1787310906070,50080,-5526,-5400,297,15000
1787310906169,50080,-5526,-5400,297,15000
1787310906270,50080,-5526,-5400,297,15000
1787310906370,50080,-5526,-5500,297,15000
1787310906469,50080,-5526,-5500,297,15000
1787310906570,50080,-5526,-5500,297,15000
1787310906670,50080,-5526,-5500,297,15000
1787310906770,50080,-5526,-5500,297,15000
1787310906870,50080,-5526,-5500,297,15000
1787310906970,50080,-5526,-5400,297,15000
1787310907070,50080,-5526,-5400,297,15000
1787310907170,50080,-5526,-5400,297,15000
1787310907269,50080,-5526,-5400,297,15000
1787310907370,50080,-5526,-5400,297,15000
1787310907470,50080,-5526,-5400,297,15000
1787310907570,50080,-5526,-5400,297,15000
1787310907670,50080,-5526,-5400,297,15000
1787310907770,50080,-5526,-5400,297,15000
1787310907869,50080,-5526,-5400,297,15000
1787310907970,50080,-5526,-5400,297,15000
1787310908070,50080,-5526,-5400,297,15000
1787310908170,50080,-5526,-5400,297,15000
1787310908270,50080,-5526,-5500,297,15000
1787310908370,50080,-5526,-5500,297,15000
1787310908470,50080,-5526,-5500,297,15000
1787310908569,50080,-5526,-5500,297,15000
1787310908670,50080,-5526,-5500,297,15000
1787310908770,50080,-5526,-5500,297,15000
1787310908870,50080,-5526,-5400,297,15000
1787310908970,50080,-5526,-5400,297,15000
1787310909070,50080,-5526,-5400,297,15000
1787310909170,50080,-5526,-5400,297,15000
1787310909270,50080,-5526,-5400,297,15000
1787310909370,50080,-5526,-5400,297,15000
1787310909470,50080,-5526,-5400,297,15000
1787310909570,50080,-5526,-5400,297,15000
1787310909670,50080,-5526,-5400,297,15000
1787310909770,50080,-5526,-5400,297,15000
1787310909870,50080,-5526,-5400,297,15000
1787310909969,50080,-5526,-5400,297,15000
1787310910070,50080,-5526,-5400,297,15000
1787310910170,50080,-5526,-5400,297,15000
1787310910270,50080,-5526,-5400,297,15000
1787310910370,50080,-5526,-5400,297,15000
1787310910470,50080,-5526,-5400,297,15000
1787310910570,50080,-5526,-5400,297,15000
1787310910670,50080,-5526,-5400,297,15000
1787310910769,50080,-5526,-5500,297,15000
1787310910870,50080,-5526,-5500,297,15000
1787310910969,50080,-5526,-5500,297,15000
1787310911070,50080,-5526,-5500,297,15000
1787310911170,50080,-5526,-5500,297,15000
1787310911270,50080,-5526,-5500,297,15000
1787310911370,50080,-5526,-5500,297,15000
1787310911470,50080,-5526,-5500,297,15000
1787310911570,50080,-5526,-5500,297,15000
1787310911670,50080,-5526,-5500,297,15000
1787310911770,50080,-5526,-5500,297,15000
1787310911870,50080,-5526,-5500,297,15000
1787310911970,50080,-5526,-5500,297,15000
1787310912070,50080,-5526,-5500,297,15000
1787310912170,50080,-5526,-5500,297,15000
1787310912270,50080,-5526,-5500,297,15000
1787310912370,50080,-5526,-5500,297,15000
1787310912470,50080,-5526,-5400,297,15000
1787310912570,50080,-5526,-5400,297,15000
1787310912670,50080,-5526,-5400,297,15000
1787310912770,50080,-5526,-5400,297,15000
1787310912870,50080,-5526,-5400,297,15000
1787310912969,50080,-5526,-5400,297,15000
1787310913070,50080,-5526,-5400,297,15000
1787310913170,50080,-5526,-5400,297,15000
1787310913270,50080,-5526,-5400,297,15000
1787310913370,50080,-5526,-5400,297,15000
1787310913470,50080,-5526,-5400,297,15000
1787310913570,50080,-5526,-5400,297,15000
1787310913670,50080,-5526,-5400,297,15000
1787310913770,50080,-5526,-5500,297,15000
1787310913869,50080,-5526,-5500,297,15000
1787310913970,50080,-5526,-5500,297,15000
1787310914070,50080,-5526,-5500,297,15000
1787310914170,50080,-5526,-5500,297,15000
1787310914269,50080,-5526,-5500,297,15000
1787310914369,50080,-5526,-5400,297,15000
1787310914470,50080,-5526,-5400,297,15000
1787310914570,50080,-5526,-5400,297,15000
1787310914669,50080,-5526,-5400,297,15000
1787310914770,50080,-5526,-5400,297,15000
1787310914870,50080,-5526,-5400,297,15000
1787310914970,50080,-5526,-5400,297,15000
1787310915069,50080,-5526,-5400,297,15000
1787310915169,50080,-5526,-5400,297,15000
1787310915270,50080,-5526,-5400,297,15000
1787310915370,50080,-5526,-5400,297,15000
1787310915470,50080,-5526,-5500,297,15000
1787310915569,50080,-5526,-5500,297,15000
1787310915669,50080,-5526,-5500,297,15000
1787310915770,50080,-5526,-5500,297,15000
1787310915869,50080,-5526,-5500,297,15000
1787310915970,50080,-5526,-5500,297,15000
1787310916070,50080,-5526,-5400,297,15000
1787310916169,50080,-5526,-5400,297,15000
1787310916270,50080,-5526,-5400,297,15000
1787310916369,50080,-5526,-5400,297,15000
1787310916470,50080,-5526,-5400,297,15000
1787310916570,50080,-5526,-5400,297,15000
1787310916670,50080,-5526,-5500,297,15000
1787310916770,50080,-5526,-5500,297,15000
1787310916870,50080,-5526,-5500,297,15000
1787310916970,50080,-5526,-5500,297,15000
1787310917070,50080,-5526,-5500,297,15000
1787310917169,50080,-5526,-5500,297,15000
1787310917270,50080,-5526,-5400,297,15000
1787310917369,50080,-5526,-5400,297,15000
1787310917470,50080,-5526,-5400,297,15000
1787310917570,50080,-5526,-5400,297,15000
1787310917669,50080,-5526,-5400,297,15000
1787310917770,50080,-5526,-5400,297,15000
1787310917870,50080,-5526,-5400,297,15000
1787310917969,50080,-5526,-5500,297,15000
1787310918070,50080,-5526,-5500,297,15000
1787310918170,50080,-5526,-5500,297,15000
1787310918270,50080,-5526,-5500,297,15000
1787310918370,50080,-5526,-5500,297,15000
1787310918470,50080,-5526,-5500,297,15000
1787310918570,50080,-5526,-5400,297,15000
1787310918670,50080,-5526,-5400,297,15000
1787310918770,50080,-5526,-5400,297,15000
1787310918870,50080,-5526,-5400,297,15000
1787310918970,50080,-5526,-5400,297,15000
1787310919070,50080,-5526,-5400,297,15000
1787310919170,50080,-5526,-5500,297,15000
1787310919270,50080,-5526,-5500,297,15000
1787310919370,50080,-5526,-5500,297,15000
1787310919470,50080,-5526,-5500,297,15000
1787310919570,50080,-5526,-5500,297,15000
1787310919670,50080,-5526,-5500,297,15000
1787310919769,50080,-5526,-5400,297,15000
1787310919870,50080,-5526,-5400,297,15000
1787310919970,50080,-5526,-5400,297,15000
1787310920070,50080,-5526,-5400,297,15000
1787310920170,50080,-5526,-5400,297,15000
1787310920270,50080,-5526,-5400,297,15000
1787310920370,50080,-5526,-5400,297,15000
1787310920469,50080,-5526,-5400,297,15000
1787310920570,50080,-5526,-5400,297,15000
1787310920670,50080,-5526,-5400,297,15000
1787310920770,50080,-5526,-5400,297,15000
1787310920870,50080,-5526,-5400,297,15000
1787310920969,50080,-5526,-5400,297,15000
1787310921070,50080,-5526,-5400,297,15000
1787310921170,50080,-5526,-5400,297,15000
1787310921270,50080,-5526,-5400,297,15000
1787310921370,50080,-5526,-5400,297,15000
1787310921470,50080,-5526,-5400,297,15000
1787310921570,50080,-5526,-5400,297,15000
1787310921670,50080,-5526,-5500,297,15000
1787310921770,50080,-5526,-5500,297,15000
1787310921870,50080,-5526,-5500,297,15000
1787310921970,50080,-5526,-5500,297,15000
1787310922070,50080,-5526,-5400,297,15000
1787310922170,50080,-5526,-5400,297,15000
1787310922270,50080,-5526,-5400,297,15000
1787310922369,50080,-5526,-5400,297,15000
1787310922470,50080,-5526,-5400,297,15000
1787310922570,50080,-5526,-5400,297,15000
1787310922669,50080,-5526,-5400,297,15000
1787310922770,50080,-5526,-5500,297,15000
1787310922870,50080,-5526,-5500,297,15000
1787310922970,50080,-5526,-5500,297,15000
1787310923070,50080,-5526,-5500,297,15000
1787310923170,50080,-5526,-5500,297,15000
1787310923270,50080,-5526,-5500,297,15000
1787310923370,50080,-5526,-5500,297,15000
1787310923470,50080,-5526,-5500,297,15000
1787310923570,50080,-5526,-5500,297,15000
1787310923670,50080,-5526,-5500,297,15000
1787310923770,50080,-5526,-5500,297,15000
1787310923870,50080,-5526,-5500,297,15000
1787310923970,50080,-5526,-5400,297,15000
1787310924070,50080,-5526,-5400,297,15000
1787310924170,50080,-5526,-5400,297,15000
1787310924270,50080,-5526,-5400,297,15000
1787310924370,50080,-5526,-5400,297,15000
1787310924469,50080,-5526,-5400,297,15000
1787310924570,50080,-5526,-5400,297,15000
1787310924670,50080,-5526,-5400,297,15000
1787310924770,50080,-5526,-5400,297,15000
1787310924870,50080,-5526,-5400,297,15000
1787310924970,50080,-5526,-5400,297,15000
1787310925070,50080,-5526,-5400,297,15000
1787310925170,50080,-5526,-5400,297,15000
1787310925270,50080,-5526,-5500,297,15000
1787310925369,50080,-5526,-5500,297,15000
1787310925470,50080,-5526,-5500,297,15000
1787310925569,50080,-5526,-5500,297,15000
1787310925670,50080,-5526,-5500,297,15000
1787310925770,50080,-5526,-5500,297,15000
1787310925870,50080,-5526,-5400,297,15000
1787310925970,50080,-5526,-5400,297,15000
1787310926070,50080,-5526,-5400,297,15000
1787310926170,50080,-5526,-5400,297,15000
1787310926270,50080,-5526,-5400,297,15000
1787310926369,50080,-5526,-5400,297,15000
1787310926470,50080,-5526,-5500,297,15000
1787310926570,50080,-5526,-5500,297,15000
1787310926670,50080,-5526,-5500,297,15000
1787310926770,50080,-5526,-5500,297,15000
1787310926870,50080,-5526,-5500,297,15000
1787310926969,50080,-5526,-5400,297,15000
1787310927070,50080,-5526,-5400,297,15000
1787310927170,50080,-5526,-5400,297,15000
1787310927270,50080,-5526,-5400,297,15000
1787310927370,50080,-5526,-5400,297,15000
1787310927470,50080,-5526,-5400,297,15000
1787310927570,50080,-5526,-5400,297,15000
1787310927670,50080,-5526,-5400,297,15000
1787310927770,50080,-5526,-5400,297,15000
1787310927870,50080,-5526,-5400,297,15000
1787310927970,50080,-5526,-5400,297,15000
1787310928070,50080,-5526,-5400,297,15000
1787310928169,50080,-5526,-5500,297,15000
1787310928270,50080,-5526,-5500,297,15000
1787310928370,50080,-5526,-5500,297,15000
1787310928470,50080,-5526,-5500,297,15000
1787310928570,50080,-5526,-5500,297,15000
1787310928669,50080,-5526,-5500,297,15000
1787310928770,50080,-5526,-5500,297,15000
1787310928870,50080,-5526,-5500,297,15000
1787310928970,50080,-5526,-5500,297,15000
1787310929070,50080,-5526,-5500,297,15000
1787310929170,50080,-5526,-5500,297,15000
1787310929270,50080,-5526,-5500,297,15000
1787310929369,50080,-5526,-5500,297,15000
1787310929470,50080,-5526,-5400,297,15000
1787310929570,50080,-5526,-5400,297,15000
1787310929670,50080,-5526,-5400,297,15000
1787310929770,50080,-5526,-5400,297,15000
1787310929870,50080,-5526,-5400,297,15000
1787310929970,50080,-5526,-5400,297,15000
1787310930069,50080,-5526,-5400,297,15000
1787310930170,50080,-5526,-5400,297,15000
1787310930270,50080,-5526,-5400,297,15000
1787310930370,50080,-5526,-5400,297,15000
1787310930469,50080,-5526,-5400,297,15000
1787310930570,50080,-5526,-5400,297,15000
1787310930670,50080,-5526,-5500,297,15000
1787310930770,50080,-5526,-5500,297,15000
1787310930870,50080,-5526,-5500,297,15000
1787310930970,50080,-5526,-5500,297,15000
1787310931070,50080,-5526,-5500,297,15000
1787310931169,50080,-5526,-5500,297,15000
1787310931269,50080,-5526,-5500,297,15000
1787310931370,50080,-5526,-5400,297,15000
1787310931470,50080,-5526,-5400,297,15000
1787310931570,50080,-5526,-5400,297,15000
1787310931670,50080,-5526,-5400,297,15000
1787310931770,50080,-5526,-5500,297,15000
1787310931869,50080,-5526,-5500,297,15000
1787310931970,50080,-5526,-5500,297,15000
1787310932070,50080,-5526,-5500,297,15000
1787310932170,50080,-5526,-5500,297,15000
1787310932270,50080,-5526,-5500,297,15000
1787310932369,50080,-5526,-5500,297,15000
1787310932470,50080,-5526,-5400,297,15000
1787310932570,50080,-5526,-5400,297,15000
1787310932670,50080,-5526,-5400,297,15000
1787310932770,50080,-5526,-5400,297,15000
1787310932870,50080,-5526,-5400,297,15000
1787310932970,50080,-5526,-5400,297,15000
1787310933069,50080,-5526,-5500,297,15000
1787310933170,50080,-5526,-5500,297,15000
1787310933270,50080,-5526,-5500,297,15000
1787310933370,50080,-5526,-5500,297,15000
1787310933470,50080,-5526,-5500,297,15000
1787310933570,50080,-5526,-5500,297,15000
1787310933670,50080,-5526,-5400,297,15000
1787310933769,50080,-5526,-5400,297,15000
1787310933870,50080,-5526,-5400,297,15000
1787310933970,50080,-5526,-5400,297,15000
1787310934070,50080,-5526,-5400,297,15000
1787310934169,50080,-5526,-5400,297,15000
1787310934270,50080,-5526,-5400,297,15000
1787310934369,50080,-5526,-5400,297,15000
1787310934470,50080,-5526,-5400,297,15000
1787310934569,50080,-5526,-5400,297,15000
1787310934670,50080,-5526,-5400,297,15000
1787310934770,50080,-5526,-5400,297,15000
1787310934870,50080,-5526,-5400,297,15000
1787310934970,50080,-5526,-5500,297,15000
1787310935070,50080,-5526,-5500,297,15000
1787310935170,50080,-5526,-5500,297,15000
1787310935270,50080,-5526,-5500,297,15000
1787310935370,50080,-5526,-5500,297,15000
1787310935470,50080,-5526,-5500,297,15000
1787310935570,50080,-5526,-5400,297,15000
1787310935670,50080,-5526,-5400,297,15000
1787310935770,50080,-5526,-5400,297,15000
1787310935870,50080,-5526,-5400,297,15000
1787310935970,50080,-5526,-5400,297,15000
1787310936070,50080,-5526,-5400,297,15000
1787310936170,50080,-5526,-5500,297,15000
1787310936270,50080,-5526,-5500,297,15000
1787310936370,50080,-5526,-5500,297,15000
1787310936470,50080,-5526,-5500,297,15000
1787310936570,50080,-5526,-5500,297,15000
1787310936670,50080,-5526,-5500,297,15000
1787310936769,50080,-5526,-5500,297,15000
1787310936870,50080,-5526,-5500,297,15000
1787310936969,50080,-5526,-5500,297,15000
1787310937070,50080,-5526,-5500,297,15000
1787310937170,50080,-5526,-5500,297,15000
1787310937270,50080,-5526,-5400,297,15000
1787310937370,50080,-5526,-5400,297,15000
1787310937470,50080,-5526,-5400,297,15000
1787310937569,50080,-5526,-5400,297,15000
1787310937670,50080,-5526,-5400,297,15000
1787310937770,50080,-5526,-5400,297,15000
1787310937870,50080,-5526,-5400,297,15000
1787310937970,50080,-5526,-5400,297,15000
1787310938070,50080,-5526,-5400,297,15000
1787310938170,50080,-5526,-5400,297,15000
1787310938270,50080,-5526,-5400,297,15000
1787310938370,50080,-5526,-5400,297,15000
1787310938470,50080,-5526,-5400,297,15000
1787310938570,50080,-5526,-5400,297,15000
1787310938670,50080,-5526,-5400,297,15000
1787310938770,50080,-5526,-5400,297,15000
1787310938870,50080,-5526,-5400,297,15000
1787310938970,50080,-5526,-5400,297,15000
1787310939070,50080,-5526,-5400,297,15000
1787310939169,50080,-5526,-5500,297,15000
1787310939270,50080,-5526,-5500,297,15000
1787310939370,50080,-5526,-5500,297,15000
1787310939470,50080,-5526,-5500,297,15000
1787310939570,50080,-5526,-5500,297,15000
1787310939670,50080,-5526,-5500,297,15000
1787310939770,50080,-5526,-5500,297,15000
1787310939870,50080,-5526,-5500,297,15000
1787310939969,50080,-5526,-5500,297,15000
1787310940070,50080,-5526,-5500,297,15000
1787310940170,50080,-5526,-5500,297,15000
1787310940270,50080,-5526,-5500,297,15000
1787310940370,50080,-5526,-5500,297,15000
1787310940470,50080,-5526,-5500,297,15000
1787310940570,50080,-5526,-5500,297,15000
1787310940670,50080,-5526,-5500,297,15000
1787310940770,50080,-5526,-5500,297,15000
1787310940870,50080,-5526,-5500,297,15000
1787310940970,50080,-5526,-5500,297,15000
1787310941070,50080,-5526,-5500,297,15000
1787310941169,50080,-5526,-5500,297,15000
1787310941269,50080,-5526,-5500,297,15000
1787310941369,50080,-5526,-5500,297,15000
1787310941470,50080,-5526,-5500,297,15000
1787310941570,50080,-5526,-5500,297,15000
1787310941669,50080,-5526,-5500,297,15000
1787310941769,50080,-5526,-5500,297,15000
1787310941870,50080,-5526,-5500,297,15000
1787310941970,50080,-5526,-5500,297,15000
1787310942070,50080,-5526,-5500,297,15000
1787310942169,50080,-5526,-5400,297,15000
1787310942270,50080,-5526,-5400,297,15000
1787310942370,50080,-5526,-5400,297,15000
1787310942470,50080,-5526,-5400,297,15000
1787310942570,50080,-5526,-5400,297,15000
1787310942669,50080,-5526,-5400,297,15000
1787310942769,50080,-5526,-5400,297,15000
1787310942870,50080,-5526,-5400,297,15000
1787310942970,50080,-5526,-5400,297,15000
1787310943070,50080,-5526,-5400,297,15000
1787310943170,50080,-5526,-5400,297,15000
1787310943270,50080,-5526,-5400,297,15000
1787310943370,50080,-5526,-5400,297,15000
1787310943470,50080,-5526,-5400,297,15000
1787310943570,50080,-5526,-5400,297,15000
1787310943670,50080,-5526,-5400,297,15000
1787310943770,50080,-5526,-5400,297,15000
1787310943870,50080,-5526,-5500,297,15000
1787310943970,50080,-5526,-5500,297,15000
1787310944070,50080,-5526,-5500,297,15000
1787310944170,50080,-5526,-5500,297,15000
1787310944270,50080,-5526,-5500,297,15000
1787310944370,50080,-5526,-5500,297,15000
1787310944470,50080,-5526,-5400,297,15000
1787310944570,50080,-5526,-5400,297,15000
1787310944670,50080,-5526,-5400,297,15000
1787310944770,50080,-5526,-5400,297,15000
1787310944870,50080,-5526,-5400,297,15000
1787310944970,50080,-5526,-5400,297,15000
1787310945070,50080,-5526,-5500,297,15000
1787310945170,50080,-5526,-5500,297,15000
1787310945270,50080,-5526,-5500,297,15000
1787310945369,50080,-5526,-5500,297,15000
1787310945470,50080,-5526,-5500,297,15000
1787310945570,50080,-5526,-5500,297,15000
1787310945670,50080,-5526,-5500,297,15000
1787310945770,50080,-5526,-5500,297,15000
1787310945870,50080,-5526,-5500,297,15000
1787310945970,50080,-5526,-5500,297,15000
1787310946069,50080,-5526,-5500,297,15000
1787310946170,50080,-5526,-5500,297,15000
1787310946270,50080,-5526,-5500,297,15000
1787310946370,50080,-5526,-5400,297,15000
1787310946470,50080,-5526,-5400,297,15000
1787310946570,50080,-5526,-5400,297,15000
1787310946670,50080,-5526,-5400,297,15000
1787310946770,50080,-5526,-5400,297,15000
1787310946870,50080,-5526,-5400,297,15000
1787310946970,50080,-5526,-5400,297,15000
1787310947070,50080,-5526,-5400,297,15000
1787310947169,50080,-5526,-5400,297,15000
1787310947270,50080,-5526,-5400,297,15000
1787310947370,50080,-5526,-5400,297,15000
1787310947470,50080,-5526,-5400,297,15000
1787310947570,50080,-5526,-5400,297,15000
1787310947670,50080,-5526,-5400,297,15000
1787310947770,50080,-5526,-5400,297,15000
1787310947870,50080,-5526,-5400,297,15000
1787310947970,50080,-5526,-5400,297,15000
1787310948070,50080,-5526,-5400,297,15000
1787310948170,50080,-5526,-5500,297,15000
1787310948270,50080,-5526,-5500,297,15000
1787310948370,50080,-5526,-5500,297,15000
1787310948469,50080,-5526,-5500,297,15000
1787310948570,50080,-5526,-5500,297,15000
1787310948670,50080,-5526,-5500,297,15000
1787310948769,50080,-5526,-5500,297,15000
1787310948870,50080,-5526,-5400,297,15000
1787310948970,50080,-5526,-5400,297,15000
1787310949070,50080,-5526,-5400,297,15000
1787310949170,50080,-5526,-5400,297,15000
1787310949269,50080,-5526,-5400,297,15000
1787310949370,50080,-5526,-5400,297,15000
1787310949470,50080,-5526,-5400,297,15000
1787310949570,50080,-5526,-5400,297,15000
1787310949670,50080,-5526,-5400,297,15000
1787310949770,50080,-5526,-5400,297,15000
1787310949870,50080,-5526,-5500,297,15000
1787310949970,50080,-5526,-5500,297,15000
1787310950069,50080,-5526,-5500,297,15000
1787310950170,50080,-5526,-5500,297,15000
1787310950270,50080,-5526,-5500,297,15000
1787310950370,50080,-5526,-5500,297,15000
1787310950470,50080,-5526,-5400,297,15000
1787310950570,50080,-5526,-5400,297,15000
1787310950670,50080,-5526,-5400,297,15000
1787310950769,50080,-5526,-5400,297,15000
1787310950870,50080,-5526,-5400,297,15000
1787310950970,50080,-5526,-5400,297,15000
1787310951070,50080,-5526,-5400,297,15000
1787310951169,50080,-5526,-5500,297,15000
1787310951270,50080,-5526,-5500,297,15000
1787310951369,50080,-5526,-5500,297,15000
1787310951470,50080,-5526,-5500,297,15000
1787310951570,50080,-5526,-5500,297,15000
1787310951670,50080,-5526,-5500,297,15000
1787310951770,50080,-5526,-5400,297,15000
1787310951870,50080,-5526,-5400,297,15000
1787310951970,50080,-5526,-5400,297,15000
1787310952070,50080,-5526,-5400,297,15000
1787310952169,50080,-5526,-5400,297,15000
1787310952270,50080,-5526,-5400,297,15000
1787310952370,50080,-5526,-5400,297,15000
1787310952470,50080,-5526,-5400,297,15000
1787310952570,50080,-5526,-5400,297,15000
1787310952669,50080,-5526,-5400,297,15000
1787310952770,50080,-5526,-5400,297,15000
1787310952870,50080,-5526,-5400,297,15000
1787310952970,50080,-5526,-5400,297,15000
1787310953070,50080,-5526,-5400,297,15000
1787310953170,50080,-5526,-5400,297,15000
1787310953270,50080,-5526,-5400,297,15000
1787310953369,50080,-5526,-5400,297,15000
1787310953470,50080,-5526,-5400,297,15000
1787310953570,50080,-5526,-5400,297,15000
1787310953670,50080,-5526,-5400,297,15000
1787310953770,50080,-5526,-5400,297,15000
1787310953869,50080,-5526,-5400,297,15000
1787310953970,50080,-5526,-5400,297,15000
1787310954070,50080,-5526,-5400,297,15000
1787310954170,50080,-5526,-5400,297,15000
1787310954270,50080,-5526,-5400,297,15000
1787310954370,50080,-5526,-5400,297,15000
1787310954470,50080,-5526,-5400,297,15000
1787310954570,50080,-5526,-5400,297,15000
1787310954670,50080,-5526,-5400,297,15000
1787310954770,50080,-5526,-5400,297,15000
1787310954870,50080,-5526,-5500,297,15000
1787310954970,50080,-5526,-5500,297,15000
1787310955070,50080,-5526,-5500,297,15000
1787310955170,50080,-5526,-5500,297,15000
1787310955269,50080,-5526,-5500,297,15000
1787310955370,50080,-5526,-5400,297,15000
1787310955469,50080,-5526,-5400,297,15000
1787310955570,50080,-5526,-5400,297,15000
1787310955670,50080,-5526,-5400,297,15000
1787310955770,50080,-5526,-5400,297,15000
1787310955870,50080,-5526,-5400,297,15000
1787310955970,50080,-5526,-5400,297,15000
1787310956070,50080,-5526,-5400,297,15000
1787310956170,50080,-5526,-5400,297,15000
1787310956270,50080,-5526,-5400,297,15000
1787310956370,50080,-5526,-5400,297,15000
1787310956470,50080,-5526,-5400,297,15000
1787310956570,50080,-5526,-5500,297,15000
1787310956670,50080,-5526,-5500,297,15000
1787310956770,50080,-5526,-5500,297,15000
1787310956870,50080,-5526,-5500,297,15000
1787310956970,50080,-5526,-5500,297,15000
1787310957070,50080,-5526,-5500,297,15000
1787310957170,50080,-5526,-5400,297,15000
1787310957269,50080,-5526,-5400,297,15000
1787310957370,50080,-5526,-5400,297,15000
1787310957470,50080,-5526,-5400,297,15000
1787310957570,50080,-5526,-5400,297,15000
1787310957670,50080,-5526,-5400,297,15000
1787310957770,50080,-5526,-5400,297,15000
1787310957870,50080,-5526,-5400,297,15000
1787310957970,50080,-5526,-5400,297,15000
1787310958070,50080,-5526,-5400,297,15000
1787310958170,50080,-5526,-5400,297,15000
1787310958270,50080,-5526,-5400,297,15000
1787310958370,50080,-5526,-5400,297,15000
1787310958469,50080,-5526,-5500,297,15000
1787310958570,50080,-5526,-5500,297,15000
1787310958670,50080,-5526,-5500,297,15000
1787310958770,50080,-5526,-5500,297,15000
1787310958870,50080,-5526,-5500,297,15000
1787310958970,50080,-5526,-5500,297,15000
1787310959069,50080,-5526,-5400,297,15000
1787310959170,50080,-5526,-5400,297,15000
1787310959269,50080,-5526,-5400,297,15000
1787310959370,50080,-5526,-5400,297,15000
1787310959470,50080,-5526,-5400,297,15000
1787310959570,50080,-5526,-5400,297,15000
1787310959670,50080,-5526,-5500,297,15000
1787310959770,50080,-5526,-5500,297,15000
1787310959870,50080,-5526,-5500,297,15000
1787310959970,50080,-5526,-5500,297,15000
1787310960070,50080,-5526,-5500,297,15000
1787310960170,50080,-5526,-5500,297,15000
1787310960270,50080,-5526,-5500,297,15000
1787310960370,50080,-5526,-5500,297,15000
1787310960470,50080,-5526,-5500,297,15000
1787310960569,50080,-5526,-5500,297,15000
1787310960670,50080,-5526,-5500,297,15000
1787310960770,50080,-5526,-5500,297,15000
1787310960870,50080,-5526,-5500,297,15000
1787310960970,50080,-5526,-5400,297,15000
1787310961070,50080,-5526,-5400,297,15000
1787310961170,50080,-5526,-5400,297,15000
1787310961270,50080,-5526,-5400,297,15000
1787310961370,50080,-5526,-5500,297,15000
1787310961470,50080,-5526,-5500,297,15000
1787310961569,50080,-5526,-5500,297,15000
1787310961670,50080,-5526,-5500,297,15000
1787310961770,50080,-5526,-5500,297,15000
1787310961870,50080,-5526,-5500,297,15000
1787310961970,50080,-5526,-5500,297,15000
1787310962069,50080,-5526,-5500,297,15000
1787310962170,50080,-5526,-5500,297,15000
1787310962270,50080,-5526,-5500,297,15000
1787310962370,50080,-5526,-5500,297,15000
1787310962470,50080,-5526,-5500,297,15000
1787310962570,50080,-5526,-5500,297,15000
1787310962670,50080,-5526,-5500,297,15000
1787310962770,50080,-5526,-5500,297,15000
1787310962870,50080,-5526,-5500,297,15000
1787310962970,50080,-5526,-5500,297,15000
1787310963070,50080,-5526,-5500,297,15000
1787310963170,50080,-5526,-5500,297,15000
1787310963270,50080,-5526,-5400,297,15000
1787310963370,50080,-5526,-5400,297,15000
1787310963469,50080,-5526,-5400,297,15000
1787310963570,50080,-5526,-5400,297,15000
1787310963670,50080,-5526,-5400,297,15000
1787310963770,50080,-5526,-5400,297,15000
1787310963870,50080,-5526,-5400,297,15000
1787310963970,50080,-5526,-5400,297,15000
1787310964070,50080,-5526,-5400,297,15000
1787310964170,50080,-5526,-5400,297,15000
1787310964269,50080,-5526,-5400,297,15000
1787310964369,50080,-5526,-5400,297,15000
1787310964470,50080,-5526,-5400,297,15000
1787310964570,50080,-5526,-5400,297,15000
1787310964670,50080,-5526,-5400,297,15000
1787310964770,50080,-5526,-5400,297,15000
1787310964870,50080,-5526,-5400,297,15000
1787310964970,50080,-5526,-5400,297,15000
1787310965070,50080,-5526,-5400,297,15000
1787310965169,50080,-5526,-5400,297,15000
1787310965270,50080,-5526,-5400,297,15000
1787310965370,50080,-5526,-5400,297,15000
1787310965470,50080,-5526,-5400,297,15000
1787310965570,50080,-5526,-5400,297,15000
1787310965670,50080,-5526,-5400,297,15000
1787310965770,50080,-5526,-5400,297,15000
1787310965869,50080,-5526,-5400,297,15000
1787310965970,50080,-5526,-5400,297,15000
1787310966070,50080,-5526,-5400,297,15000
1787310966170,50080,-5526,-5400,297,15000
1787310966269,50080,-5526,-5400,297,15000
1787310966370,50080,-5526,-5400,297,15000
1787310966470,50080,-5526,-5400,297,15000
1787310966570,50080,-5526,-5400,297,15000
1787310966669,50080,-5526,-5400,297,15000
1787310966770,50080,-5526,-5400,297,15000
1787310966870,50080,-5526,-5500,297,15000
1787310966970,50080,-5526,-5500,297,15000
1787310967070,50080,-5526,-5500,297,15000
1787310967169,50080,-5526,-5500,297,15000
1787310967270,50080,-5526,-5500,297,15000
1787310967370,50080,-5526,-5500,297,15000
1787310967470,50080,-5526,-5400,297,15000
1787310967570,50080,-5526,-5400,297,15000
1787310967670,50080,-5526,-5400,297,15000
1787310967769,50080,-5526,-5400,297,15000
1787310967869,50080,-5526,-5400,297,15000
1787310967970,50080,-5526,-5400,297,15000
1787310968070,50080,-5526,-5500,297,15000
1787310968170,50080,-5526,-5500,297,15000
1787310968270,50080,-5526,-5500,297,15000
1787310968370,50080,-5526,-5500,297,15000
1787310968470,50080,-5526,-5500,297,15000
1787310968570,50080,-5526,-5500,297,15000
1787310968670,50080,-5526,-5500,297,15000
1787310968770,50080,-5526,-5400,297,15000
1787310968870,50080,-5526,-5400,297,15000
1787310968970,50080,-5526,-5400,297,15000
1787310969070,50080,-5526,-5400,297,15000
1787310969170,50080,-5526,-5400,297,15000
1787310969270,50080,-5526,-5400,297,15000
1787310969370,50080,-5526,-5500,297,15000
1787310969470,50080,-5526,-5500,297,15000
1787310969570,50080,-5526,-5500,297,15000
1787310969670,50080,-5526,-5500,297,15000
1787310969770,50080,-5526,-5500,297,15000
1787310969870,50080,-5526,-5500,297,15000
1787310969970,50080,-5526,-5400,297,15000
1787310970070,50080,-5526,-5400,297,15000
1787310970170,50080,-5526,-5400,297,15000
1787310970270,50080,-5526,-5400,297,15000
1787310970370,50080,-5526,-5400,297,15000
1787310970470,50080,-5526,-5400,297,15000
1787310970569,50080,-5526,-5400,297,15000
1787310970670,50080,-5526,-5400,297,15000
1787310970770,50080,-5526,-5400,297,15000
1787310970870,50080,-5526,-5400,297,15000
1787310970970,50080,-5526,-5400,297,15000
1787310971070,50080,-5526,-5500,297,15000
1787310971169,50080,-5526,-5500,297,15000
1787310971270,50080,-5526,-5500,297,15000
1787310971370,50080,-5526,-5500,297,15000
1787310971470,50080,-5526,-5500,297,15000
1787310971570,50080,-5526,-5500,297,15000
1787310971670,50080,-5526,-5400,297,15000
1787310971770,50080,-5526,-5400,297,15000
1787310971870,50080,-5526,-5400,297,15000
1787310971970,50080,-5526,-5400,297,15000
1787310972070,50080,-5526,-5400,297,15000
1787310972170,50080,-5526,-5400,297,15000
1787310972269,50080,-5526,-5400,297,15000
1787310972369,50080,-5526,-5400,297,15000
1787310972470,50080,-5526,-5400,297,15000
1787310972570,50080,-5526,-5400,297,15000
1787310972670,50080,-5526,-5400,297,15000
1787310972769,50080,-5526,-5400,297,15000
1787310972870,50080,-5526,-5400,297,15000
1787310972969,50080,-5526,-5400,297,15000
1787310973070,50080,-5526,-5400,297,15000
1787310973169,50080,-5526,-5400,297,15000
1787310973270,50080,-5526,-5400,297,15000
1787310973370,50080,-5526,-5400,297,15000
1787310973470,50080,-5526,-5400,297,15000
1787310973570,50080,-5526,-5500,297,15000
1787310973670,50080,-5526,-5500,297,15000
1787310973770,50080,-5526,-5500,297,15000
1787310973870,50080,-5526,-5500,297,15000
1787310973970,50080,-5526,-5500,297,15000
1787310974070,50080,-5526,-5500,297,15000
1787310974170,50080,-5526,-5400,297,15000
1787310974270,50080,-5526,-5400,297,15000
1787310974370,50080,-5526,-5400,297,15000
1787310974470,50080,-5526,-5400,297,15000
1787310974570,50080,-5526,-5400,297,15000
1787310974670,50080,-5526,-5400,297,15000
1787310974770,50080,-5526,-5400,297,15000
1787310974870,50080,-5526,-5500,297,15000
1787310974970,50080,-5526,-5500,297,15000
1787310975070,50080,-5526,-5500,297,15000
1787310975170,50080,-5526,-5500,297,15000
1787310975269,50080,-5526,-5400,297,15000
1787310975370,50080,-5526,-5400,297,15000
1787310975470,50080,-5526,-5400,297,15000
1787310975570,50080,-5526,-5400,297,15000
1787310975670,50080,-5526,-5400,297,15000
1787310975770,50080,-5526,-5400,297,15000
1787310975870,50080,-5526,-5500,297,15000
1787310975970,50080,-5526,-5500,297,15000
1787310976070,50080,-5526,-5500,297,15000
1787310976169,50080,-5526,-5500,297,15000
1787310976270,50080,-5526,-5500,297,15000
1787310976370,50080,-5526,-5500,297,15000
1787310976470,50080,-5526,-5500,297,15000
1787310976570,50080,-5526,-5400,297,15000
1787310976670,50080,-5526,-5400,297,15000
1787310976769,50080,-5526,-5400,297,15000
1787310976870,50080,-5526,-5400,297,15000
1787310976970,50080,-5526,-5400,297,15000
1787310977070,50080,-5526,-5400,297,15000
1787310977170,50080,-5526,-5500,297,15000
1787310977270,50080,-5526,-5500,297,15000
1787310977370,50080,-5526,-5500,297,15000
1787310977470,50080,-5526,-5500,297,15000
1787310977570,50080,-5526,-5500,297,15000
1787310977670,50080,-5526,-5500,297,15000
1787310977769,50080,-5526,-5400,297,15000
1787310977869,50080,-5526,-5400,297,15000
1787310977970,50080,-5526,-5400,297,15000
1787310978070,50080,-5526,-5400,297,15000
1787310978170,50080,-5526,-5400,297,15000
1787310978270,50080,-5526,-5400,297,15000
1787310978370,50080,-5526,-5500,297,15000
1787310978470,50080,-5526,-5500,297,15000
1787310978570,50080,-5526,-5500,297,15000
1787310978670,50080,-5526,-5500,297,15000
1787310978770,50080,-5526,-5500,297,15000
1787310978869,50080,-5526,-5500,297,15000
1787310978970,50080,-5526,-5500,297,15000
1787310979070,50080,-5526,-5500,297,15000
1787310979169,50080,-5526,-5500,297,15000
1787310979270,50080,-5526,-5500,297,15000
1787310979370,50080,-5526,-5500,297,15000
1787310979470,50080,-5526,-5500,297,15000
1787310979570,50080,-5526,-5500,297,15000
1787310979670,50080,-5526,-5500,297,15000
1787310979770,50080,-5526,-5500,297,15000
1787310979870,50080,-5526,-5500,297,15000
1787310979970,50080,-5526,-5500,297,15000
1787310980069,50080,-5526,-5500,297,15000
1787310980170,50080,-5526,-5500,297,15000
1787310980270,50080,-5526,-5500,297,15000
1787310980370,50080,-5526,-5500,297,15000
1787310980470,50080,-5526,-5500,297,15000
1787310980570,50080,-5526,-5500,297,15000
1787310980670,50080,-5526,-5500,297,15000
1787310980769,50080,-5526,-5500,297,15000
1787310980870,50080,-5526,-5500,297,15000
1787310980970,50080,-5526,-5500,297,15000
1787310981070,50080,-5526,-5500,297,15000
1787310981170,50080,-5526,-5500,297,15000
1787310981270,50080,-5526,-5500,297,15000
1787310981370,50080,-5526,-5400,297,15000
1787310981470,50080,-5526,-5400,297,15000
1787310981570,50080,-5526,-5400,297,15000
1787310981670,50080,-5526,-5400,297,15000
1787310981770,50080,-5526,-5400,297,15000
1787310981869,50080,-5526,-5400,297,15000
1787310981970,50080,-5526,-5400,297,15000
1787310982070,50080,-5526,-5400,297,15000
1787310982169,50080,-5526,-5400,297,15000
1787310982269,50080,-5526,-5400,297,15000
1787310982370,50080,-5526,-5400,297,15000
1787310982470,50080,-5526,-5400,297,15000
1787310982569,50080,-5526,-5500,297,15000
1787310982670,50080,-5526,-5500,297,15000
1787310982770,50080,-5526,-5500,297,15000
1787310982870,50080,-5526,-5500,297,15000
1787310982970,50080,-5526,-5500,297,15000
1787310983070,50080,-5526,-5500,297,15000
1787310983169,50080,-5526,-5500,297,15000
1787310983270,50080,-5526,-5500,297,15000
1787310983369,50080,-5526,-5500,297,15000
1787310983470,50080,-5526,-5500,297,15000
1787310983569,50080,-5526,-5500,297,15000
1787310983669,50080,-5526,-5500,297,15000
1787310983770,50080,-5526,-5500,297,15000
1787310983870,50080,-5526,-5400,297,15000
1787310983970,50080,-5526,-5400,297,15000
1787310984070,50080,-5526,-5400,297,15000
1787310984169,50080,-5526,-5400,297,15000
1787310984270,50080,-5526,-5400,297,15000
1787310984370,50080,-5526,-5400,297,15000
1787310984470,50080,-5526,-5400,297,15000
1787310984570,50080,-5526,-5400,297,15000
1787310984670,50080,-5526,-5400,297,15000
1787310984770,50080,-5526,-5400,297,15000
1787310984869,50080,-5526,-5400,297,15000
1787310984970,50080,-5526,-5500,297,15000
1787310985069,50080,-5526,-5500,297,15000
1787310985170,50080,-5526,-5500,297,15000
1787310985270,50080,-5526,-5500,297,15000
1787310985370,50080,-5526,-5500,297,15000
1787310985470,50080,-5526,-5500,297,15000
1787310985570,50080,-5526,-5500,297,15000
1787310985670,50080,-5526,-5500,297,15000
1787310985770,50080,-5526,-5500,297,15000
1787310985869,50080,-5526,-5500,297,15000
1787310985970,50080,-5526,-5500,297,15000
1787310986070,50080,-5526,-5500,297,15000
1787310986170,50080,-5526,-5500,297,15000
1787310986270,50080,-5526,-5500,297,15000
1787310986370,50080,-5526,-5500,297,15000
1787310986470,50080,-5526,-5500,297,15000
1787310986570,50080,-5526,-5500,297,15000
1787310986670,50080,-5526,-5500,297,15000
1787310986770,50080,-5526,-5400,297,15000
1787310986870,50080,-5526,-5400,297,15000
1787310986970,50080,-5526,-5400,297,15000
1787310987070,50080,-5526,-5400,297,15000
1787310987169,50080,-5526,-5400,297,15000
1787310987270,50080,-5526,-5400,297,15000
1787310987370,50080,-5526,-5400,297,15000
1787310987469,50080,-5526,-5500,297,15000
1787310987570,50080,-5526,-5500,297,15000
1787310987670,50080,-5526,-5500,297,15000
1787310987770,50080,-5526,-5500,297,15000
1787310987870,50080,-5526,-5500,297,15000
1787310987970,50080,-5526,-5500,297,15000
1787310988070,50080,-5526,-5500,297,15000
1787310988170,50080,-5526,-5500,297,15000
1787310988269,50080,-5526,-5500,297,15000
1787310988369,50080,-5526,-5500,297,15000
1787310988470,50080,-5526,-5500,297,15000
1787310988570,50080,-5526,-5500,297,15000
1787310988670,50080,-5526,-5500,297,15000
1787310988770,50080,-5526,-5500,297,15000
1787310988870,50080,-5526,-5500,297,15000
1787310988970,50080,-5526,-5500,297,15000
1787310989069,50080,-5526,-5500,297,15000
1787310989170,50080,-5526,-5500,297,15000
1787310989270,50080,-5526,-5500,297,15000
1787310989369,50080,-5526,-5500,297,15000
1787310989470,50080,-5526,-5500,297,15000
1787310989570,50080,-5526,-5500,297,15000
1787310989669,50080,-5526,-5500,297,15000
1787310989770,50080,-5526,-5500,297,15000
1787310989870,50080,-5526,-5500,297,15000
1787310989970,50080,-5526,-5500,297,15000
1787310990070,50080,-5526,-5500,297,15000
1787310990169,50080,-5526,-5500,297,15000
1787310990270,50080,-5526,-5500,297,15000
1787310990370,50080,-5526,-5500,297,15000
1787310990470,50080,-5526,-5500,297,15000
1787310990570,50080,-5526,-5500,297,15000
1787310990670,50080,-5526,-5500,297,15000
1787310990770,50080,-5526,-5500,297,15000
1787310990870,50080,-5526,-5500,297,15000
1787310990970,50080,-5526,-5400,297,15000
1787310991070,50080,-5526,-5400,297,15000
1787310991170,50080,-5526,-5400,297,15000
1787310991270,50080,-5526,-5400,297,15000
1787310991370,50080,-5526,-5400,297,15000
1787310991470,50080,-5526,-5400,297,15000
1787310991569,50080,-5526,-5400,297,15000
1787310991670,50080,-5526,-5400,297,15000
1787310991769,50080,-5526,-5400,297,15000
1787310991870,50080,-5526,-5400,297,15000
1787310991970,50080,-5526,-5400,297,15000
1787310992070,50080,-5526,-5400,297,15000
1787310992170,50080,-5526,-5400,297,15000
1787310992270,50080,-5526,-5400,297,15000
1787310992370,50080,-5526,-5400,297,15000
1787310992470,50080,-5526,-5400,297,15000
1787310992570,50080,-5526,-5400,297,15000
1787310992670,50080,-5526,-5400,297,15000
1787310992770,50080,-5526,-5400,297,15000
1787310992870,50080,-5526,-5500,297,15000
1787310992970,50080,-5526,-5500,297,15000
1787310993070,50080,-5526,-5500,297,15000
1787310993170,50080,-5526,-5500,297,15000
1787310993269,50080,-5526,-5500,297,15000
1787310993370,50080,-5526,-5500,297,15000
1787310993470,50080,-5526,-5500,297,15000
1787310993570,50080,-5526,-5400,297,15000
1787310993670,50080,-5526,-5400,297,15000
1787310993770,50080,-5526,-5400,297,15000
1787310993869,50080,-5526,-5400,297,15000
1787310993969,50080,-5526,-5400,297,15000
1787310994069,50080,-5526,-5400,297,15000
1787310994170,50080,-5526,-5400,297,15000
1787310994270,50080,-5526,-5400,297,15000
1787310994370,50080,-5526,-5400,297,15000
1787310994470,50080,-5526,-5400,297,15000
1787310994570,50080,-5526,-5400,297,15000
1787310994670,50080,-5526,-5400,297,15000
1787310994769,50080,-5526,-5500,297,15000
1787310994870,50080,-5526,-5500,297,15000
1787310994970,50080,-5526,-5500,297,15000
1787310995070,50080,-5526,-5500,297,15000
1787310995170,50080,-5526,-5500,297,15000
1787310995270,50080,-5526,-5500,297,15000
1787310995370,50080,-5526,-5500,297,15000
1787310995470,50080,-5526,-5500,297,15000
1787310995570,50080,-5526,-5500,297,15000
1787310995670,50080,-5526,-5500,297,15000
1787310995770,50080,-5526,-5500,297,15000
1787310995870,50080,-5526,-5400,297,15000
1787310995970,50080,-5526,-5400,297,15000
1787310996070,50080,-5526,-5400,297,15000
1787310996170,50080,-5526,-5400,297,15000
1787310996270,50080,-5526,-5400,297,15000
1787310996370,50080,-5526,-5400,297,15000
1787310996470,50080,-5526,-5400,297,15000
1787310996570,50080,-5526,-5400,297,15000
1787310996669,50080,-5526,-5400,297,15000
1787310996770,50080,-5526,-5400,297,15000
1787310996870,50080,-5526,-5400,297,15000
1787310996970,50080,-5526,-5400,297,15000
1787310997070,50080,-5526,-5500,297,15000
1787310997170,50080,-5526,-5500,297,15000
1787310997270,50080,-5526,-5500,297,15000
1787310997370,50080,-5526,-5500,297,15000
1787310997469,50080,-5526,-5500,297,15000
1787310997570,50080,-5526,-5500,297,15000
1787310997670,50080,-5526,-5500,297,15000
1787310997770,50080,-5526,-5400,297,15000
1787310997869,50080,-5526,-5400,297,15000
1787310997970,50080,-5526,-5400,297,15000
1787310998070,50080,-5526,-5400,297,15000
1787310998169,50080,-5526,-5400,297,15000
1787310998270,50080,-5526,-5400,297,15000
1787310998370,50080,-5526,-5500,297,15000
1787310998470,50080,-5526,-5500,297,15000
1787310998570,50080,-5526,-5500,297,15000
1787310998670,50080,-5526,-5500,297,15000
1787310998770,50080,-5526,-5500,297,15000
1787310998870,50080,-5526,-5500,297,15000
1787310998970,50080,-5526,-5400,297,15000
1787310999069,50080,-5526,-5400,297,15000
1787310999170,50080,-5526,-5400,297,15000
1787310999270,50080,-5526,-5400,297,15000
1787310999370,50080,-5526,-5400,297,15000
1787310999470,50080,-5526,-5400,297,15000
1787310999570,50080,-5526,-5400,297,15000
1787310999670,50080,-5526,-5500,297,15000
1787310999770,50080,-5526,-5500,297,15000
1787310999870,50080,-5526,-5500,297,15000
1787310999970,50080,-5526,-5500,297,15000
1787311000070,50080,-5526,-5500,297,15000
1787311000169,50080,-5526,-5500,297,15000
1787311000270,50080,-5526,-5500,297,15000
1787311000370,50080,-5526,-5500,297,15000
1787311000470,50080,-5526,-5500,297,15000
1787311000570,50080,-5526,-5500,297,15000
1787311000669,50080,-5526,-5500,297,15000
1787311000770,50080,-5526,-5500,297,15000
1787311000869,50080,-5526,-5500,297,15000
1787311000969,50080,-5526,-5500,297,15000
1787311001069,50080,-5526,-5500,297,15000
1787311001170,50080,-5526,-5500,297,15000
1787311001270,50080,-5526,-5500,297,15000
1787311001369,50080,-5526,-5500,297,15000
1787311001470,50080,-5526,-5500,297,15000
1787311001570,50080,-5526,-5500,297,15000
1787311001670,50080,-5526,-5500,297,15000
1787311001769,50080,-5526,-5500,297,15000
1787311001870,50080,-5526,-5500,297,15000
1787311001970,50080,-5526,-5500,297,15000
1787311002070,50080,-5526,-5500,297,15000
1787311002170,50080,-5526,-5500,297,15000
1787311002270,50080,-5526,-5500,297,15000
1787311002370,50080,-5526,-5500,297,15000
1787311002470,50080,-5526,-5500,297,15000
1787311002570,50080,-5526,-5500,297,15000
1787311002670,50080,-5526,-5500,297,15000
1787311002770,50080,-5526,-5500,297,15000
1787311002870,50080,-5526,-5500,297,15000
1787311002970,50080,-5526,-5500,297,15000
1787311003069,50080,-5526,-5500,297,15000
1787311003169,50080,-5526,-5500,297,15000
1787311003269,50080,-5526,-5500,297,15000
1787311003370,50080,-5526,-5500,297,15000
1787311003470,50080,-5526,-5500,297,15000
1787311003570,50080,-5526,-5500,297,15000
1787311003670,50080,-5526,-5500,297,15000
1787311003770,50080,-5526,-5400,297,15000
1787311003870,50080,-5526,-5400,297,15000
1787311003970,50080,-5526,-5400,297,15000
1787311004070,50080,-5526,-5400,297,15000
1787311004170,50080,-5526,-5400,297,15000
1787311004270,50080,-5526,-5400,297,15000
1787311004369,50080,-5526,-5400,297,15000
1787311004469,50080,-5526,-5500,297,15000
1787311004570,50080,-5526,-5500,297,15000
1787311004670,50080,-5526,-5500,297,15000
1787311004770,50080,-5526,-5500,297,15000
1787311004869,50080,-5526,-5400,297,15000
1787311004970,50080,-5526,-5400,297,15000
1787311005070,50080,-5526,-5400,297,15000
1787311005170,50080,-5526,-5400,297,15000
1787311005270,50080,-5526,-5400,297,15000
1787311005370,50080,-5526,-5400,297,15000
1787311005470,50080,-5526,-5500,297,15000
1787311005570,50080,-5526,-5500,297,15000
1787311005669,50080,-5526,-5500,297,15000
1787311005769,50080,-5526,-5500,297,15000
1787311005870,50080,-5526,-5500,297,15000
1787311005970,50080,-5526,-5500,297,15000
1787311006070,50080,-5526,-5500,297,15000
1787311006169,50080,-5526,-5400,297,15000
1787311006269,50080,-5526,-5400,297,15000
1787311006369,50080,-5526,-5400,297,15000
1787311006469,50080,-5526,-5400,297,15000
1787311006570,50080,-5526,-5400,297,15000
1787311006670,50080,-5526,-5400,297,15000
1787311006770,50080,-5526,-5500,297,15000
1787311006870,50080,-5526,-5500,297,15000
1787311006970,50080,-5526,-5500,297,15000
1787311007070,50080,-5526,-5500,297,15000
1787311007170,50080,-5526,-5500,297,15000
1787311007270,50080,-5526,-5500,297,15000
1787311007370,50080,-5526,-5500,297,15000
1787311007470,50080,-5526,-5500,297,15000
1787311007570,50080,-5526,-5500,297,15000
1787311007670,50080,-5526,-5500,297,15000
1787311007770,50080,-5526,-5500,297,15000
1787311007870,50080,-5526,-5500,297,15000
1787311007970,50080,-5526,-5500,297,15000
1787311008070,50080,-5526,-5500,297,15000
1787311008169,50080,-5526,-5500,297,15000
1787311008270,50080,-5526,-5500,297,15000
1787311008370,50080,-5526,-5500,297,15000
1787311008470,50080,-5526,-5500,297,15000
1787311008569,50080,-5526,-5500,297,15000
1787311008670,50080,-5526,-5400,297,15000
1787311008770,50080,-5526,-5400,297,15000
1787311008870,50080,-5526,-5400,297,15000
1787311008970,50080,-5526,-5400,297,15000
1787311009070,50080,-5526,-5400,297,15000
1787311009170,50080,-5526,-5400,297,15000
1787311009269,50080,-5526,-5500,297,15000
1787311009370,50080,-5526,-5500,297,15000
1787311009469,50080,-5526,-5500,297,15000
1787311009570,50080,-5526,-5500,297,15000
1787311009670,50080,-5526,-5500,297,15000
1787311009769,50080,-5526,-5500,297,15000
1787311009869,50080,-5526,-5500,297,15000
1787311009970,50080,-5526,-5500,297,15000
1787311010070,50080,-5526,-5500,297,15000
1787311010169,50080,-5526,-5500,297,15000
1787311010270,50080,-5526,-5500,297,15000
1787311010370,50080,-5526,-5400,297,15000
1787311010469,50080,-5526,-5400,297,15000
1787311010570,50080,-5526,-5400,297,15000
1787311010670,50080,-5526,-5400,297,15000
1787311010769,50080,-5526,-5400,297,15000
1787311010870,50080,-5526,-5400,297,15000
1787311010970,50080,-5526,-5500,297,15000
1787311011070,50080,-5526,-5500,297,15000
1787311011169,50080,-5526,-5500,297,15000
1787311011270,50080,-5526,-5500,297,15000
1787311011370,50080,-5526,-5500,297,15000
1787311011470,50080,-5526,-5500,297,15000
1787311011570,50080,-5526,-5400,297,15000
1787311011670,50080,-5526,-5400,297,15000
1787311011770,50080,-5526,-5400,297,15000
1787311011870,50080,-5526,-5400,297,15000
1787311011970,50080,-5526,-5400,297,15000
1787311012069,50080,-5526,-5400,297,15000
1787311012169,50080,-5526,-5400,297,15000
1787311012270,50080,-5526,-5400,297,15000
1787311012370,50080,-5526,-5400,297,15000
1787311012469,50080,-5526,-5400,297,15000
1787311012569,50080,-5526,-5400,297,15000
1787311012670,50080,-5526,-5400,297,15000
1787311012770,50080,-5526,-5400,297,15000
1787311012870,50080,-5526,-5500,297,15000
1787311012970,50080,-5526,-5500,297,15000
1787311013070,50080,-5526,-5500,297,15000
1787311013169,50080,-5526,-5500,297,15000
1787311013270,50080,-5526,-5500,297,15000
1787311013369,50080,-5526,-5500,297,15000
1787311013470,50080,-5526,-5500,297,15000
1787311013570,50080,-5526,-5500,297,15000
1787311013669,50080,-5526,-5500,297,15000
1787311013770,50080,-5526,-5500,297,15000
1787311013870,50080,-5526,-5500,297,15000
1787311013970,50080,-5526,-5500,297,15000
1787311014070,50080,-5526,-5400,297,15000
1787311014169,50080,-5526,-5400,297,15000
1787311014270,50080,-5526,-5400,297,15000
1787311014370,50080,-5526,-5400,297,15000
1787311014470,50080,-5526,-5400,297,15000
1787311014570,50080,-5526,-5500,297,15000
1787311014670,50080,-5526,-5500,297,15000
1787311014770,50080,-5526,-5500,297,15000
1787311014870,50080,-5526,-5500,297,15000
1787311014970,50080,-5526,-5500,297,15000
1787311015070,50080,-5526,-5500,297,15000
1787311015169,50080,-5526,-5500,297,15000
1787311015270,50080,-5526,-5500,297,15000
1787311015370,50080,-5526,-5500,297,15000
1787311015470,50080,-5526,-5500,297,15000
1787311015570,50080,-5526,-5500,297,15000
1787311015669,50080,-5526,-5500,297,15000
1787311015769,50080,-5526,-5400,297,15000
1787311015870,50080,-5526,-5400,297,15000
1787311015969,50080,-5526,-5400,297,15000
1787311016070,50080,-5526,-5400,297,15000
1787311016170,50080,-5526,-5400,297,15000
1787311016270,50080,-5526,-5400,297,15000
1787311016370,50080,-5526,-5400,297,15000
1787311016469,50080,-5526,-5400,297,15000
1787311016570,50080,-5526,-5400,297,15000
1787311016670,50080,-5526,-5400,297,15000
1787311016770,50080,-5526,-5400,297,15000
1787311016869,50080,-5526,-5400,297,15000
1787311016969,50000,0,-5400,297,15000
1787311017070,50000,0,-5500,297,15000
1787311017170,50000,0,-5500,297,15000
1787311017269,50000,0,-5500,297,15000
1787311017370,50000,0,-5500,297,15000
1787311017470,50000,0,-5500,297,15000
1787311017570,50000,0,-5500,297,15000
1787311017670,50000,0,-400,297,15000
1787311017770,50000,0,-400,297,15000
1787311017870,50000,0,-400,297,15000
1787311017970,50000,0,-400,297,15000
1787311018070,50000,0,-400,297,15000
1787311018170,50000,0,-400,297,15000
1787311018270,50000,0,-400,297,15000
1787311018370,50000,0,0,297,15000
1787311018470,50000,0,0,297,15000
1787311018569,50000,0,0,297,15000
1787311018670,50000,0,0,297,15000
1787311018770,50000,0,0,297,15000
1787311018870,50000,0,0,297,15000
1787311018969,50000,0,0,297,15000
1787311019070,50000,0,0,297,15000
1787311019169,50000,0,0,297,15000
1787311019270,50000,0,0,297,15000
1787311019370,50000,0,0,297,15000
1787311019470,50000,0,0,297,15000
1787311019570,50000,0,0,297,15000
1787311019670,50000,0,0,297,15000
1787311019769,50000,0,0,297,15000
1787311019870,50000,0,0,297,15000
1787311019969,50000,0,0,297,15000
1787311020070,50000,0,0,297,15000
1787311020169,50000,0,0,297,15000
1787311020269,50000,0,0,297,15000
1787311020370,50000,0,0,297,15000
1787311020470,50000,0,0,297,15000
1787311020569,50000,0,0,297,15000
1787311020670,50000,0,0,297,15000
1787311020770,50000,0,0,297,15000
1787311020870,50000,0,0,297,15000
1787311020970,50000,0,0,297,15000
1787311021070,50000,0,0,297,15000
1787311021169,50000,0,0,297,15000
1787311021270,50000,0,0,297,15000
1787311021370,50000,0,0,297,15000
1787311021470,50000,0,0,297,15000
1787311021570,50000,0,0,297,15000
1787311021670,50000,0,0,297,15000
1787311021770,50000,0,0,297,15000
1787311021870,50000,0,0,297,15000
1787311021970,50000,0,0,297,15000
1787311022070,50000,0,0,297,15000
1787311022169,50000,0,0,297,15000
1787311022270,50000,0,0,297,15000
1787311022370,50000,0,0,297,15000
1787311022470,50000,0,0,297,15000
1787311022570,50000,0,0,297,15000
1787311022670,50000,0,0,297,15000
1787311022769,50000,0,0,297,15000
1787311022869,50000,0,0,297,15000
1787311022970,50000,0,0,297,15000
1787311023070,50000,0,0,297,15000
1787311023170,50000,0,0,297,15000
1787311023270,50000,0,0,297,15000
1787311023370,50000,0,0,297,15000
1787311023469,50000,0,0,297,15000
1787311023570,50000,0,0,297,15000
1787311023670,50000,0,0,297,15000
1787311023769,50000,0,0,297,15000
1787311023870,50000,0,0,297,15000
1787311023970,50000,0,0,297,15000
1787311024070,50000,0,0,297,15000
1787311024169,50000,0,0,297,15000
1787311024270,50000,0,0,297,15000
1787311024370,50000,0,0,297,15000
1787311024470,50000,0,0,297,15000
1787311024569,50000,0,0,297,15000
1787311024670,50000,0,0,297,15000
1787311024770,50000,0,0,297,15000
1787311024869,50000,0,0,297,15000
1787311024969,50000,0,0,297,15000
1787311025070,50000,0,0,297,15000
1787311025170,50000,0,0,297,15000
1787311025270,50000,0,0,297,15000
1787311025370,50000,0,0,297,15000
1787311025470,50000,0,0,297,15000
1787311025570,50000,0,0,297,15000
1787311025670,50000,0,0,297,15000
1787311025770,50000,0,0,297,15000
1787311025870,50000,0,0,297,15000
1787311025970,50000,0,0,297,15000
1787311026070,50000,0,0,297,15000
1787311026169,50000,0,0,297,15000
1787311026270,50000,0,0,297,15000
1787311026370,50000,0,0,297,15000
1787311026470,50000,0,0,297,15000
1787311026570,50000,0,0,297,15000
1787311026670,50000,0,0,297,15000
1787311026770,50000,0,0,297,15000
1787311026870,50000,0,0,297,15000
1787311026970,50000,0,0,297,15000
1787311027070,50000,0,0,297,15000
1787311027169,50000,0,0,297,15000
1787311027270,50000,0,0,297,15000
1787311027370,50000,0,0,297,15000
1787311027470,50000,0,0,297,15000
1787311027570,50000,0,0,297,15000
1787311027669,50000,0,0,297,15000
1787311027770,50000,0,0,297,15000
1787311027870,50000,0,0,297,15000
1787311027970,50000,0,0,297,15000
1787311028069,50000,0,0,297,15000
1787311028170,50000,0,0,297,15000
1787311028270,50000,0,0,297,15000
1787311028370,50000,0,0,297,15000
1787311028470,50000,0,0,297,15000
1787311028570,50000,0,0,297,15000
1787311028670,50000,0,0,297,15000
1787311028770,50000,0,0,297,15000
1787311028870,50000,0,0,297,15000
1787311028970,50000,0,0,297,15000
1787311029070,50000,0,0,297,15000
1787311029169,50000,0,0,297,15000
1787311029270,50000,0,0,297,15000
1787311029370,50000,0,0,297,15000
1787311029470,50000,0,0,297,15000
1787311029570,50000,0,0,297,15000
1787311029670,50000,0,0,297,15000
1787311029770,50000,0,0,297,15000
1787311029869,50000,0,0,297,15000
1787311029969,50000,0,0,297,15000
1787311030070,50000,0,0,297,15000
1787311030170,50000,0,0,297,15000
1787311030270,50000,0,0,297,15000
1787311030370,50000,0,0,297,15000
1787311030469,50000,0,0,297,15000
1787311030569,50000,0,0,297,15000
1787311030670,50000,0,0,297,15000
1787311030770,50000,0,0,297,15000
1787311030870,50000,0,0,297,15000
1787311030970,50000,0,0,297,15000
1787311031070,50000,0,0,297,15000
1787311031170,50000,0,0,297,15000
1787311031270,50000,0,0,297,15000
1787311031370,50000,0,0,297,15000
1787311031470,50000,0,0,297,15000
1787311031569,50000,0,0,297,15000
1787311031670,50000,0,0,297,15000
1787311031770,50000,0,0,297,15000
1787311031870,50000,0,0,297,15000
1787311031970,50000,0,0,297,15000
1787311032070,50000,0,0,297,15000
1787311032170,50000,0,0,297,15000
1787311032270,50000,0,0,297,15000
1787311032370,50000,0,0,297,15000
1787311032469,50000,0,0,297,15000
1787311032570,50000,0,0,297,15000
1787311032670,50000,0,0,297,15000
1787311032770,50000,0,0,297,15000
1787311032869,50000,0,0,297,15000
1787311032970,50000,0,0,297,15000
1787311033070,50000,0,0,297,15000
1787311033170,50000,0,0,297,15000
1787311033269,50000,0,0,297,15000
1787311033370,50000,0,0,297,15000
1787311033470,50000,0,0,297,15000
1787311033570,50000,0,0,297,15000
1787311033670,50000,0,0,297,15000
1787311033770,50000,0,0,297,15000
1787311033869,50000,0,0,297,15000
1787311033970,50000,0,0,297,15000
1787311034070,50000,0,0,297,15000
1787311034170,50000,0,0,297,15000
1787311034270,50000,0,0,297,15000
1787311034369,50000,0,0,297,15000
1787311034469,50000,0,0,297,15000
1787311034570,50000,0,0,297,15000
1787311034670,50000,0,0,297,15000
1787311034770,50000,0,0,297,15000
1787311034870,50000,0,0,297,15000
1787311034970,50000,0,0,297,15000
1787311035070,50000,0,0,297,15000
1787311035170,50000,0,0,297,15000
1787311035270,50000,0,0,297,15000
1787311035369,50000,0,0,297,15000
1787311035470,50000,0,0,297,15000
1787311035570,50000,0,0,297,15000
1787311035670,50000,0,0,297,15000
1787311035770,50000,0,0,297,15000
1787311035870,50000,0,0,297,15000
1787311035970,50000,0,0,297,15000
1787311036069,50000,0,0,297,15000
1787311036169,50000,0,0,297,15000
1787311036270,50000,0,0,297,15000
1787311036369,50000,0,0,297,15000
1787311036470,50000,0,0,297,15000
1787311036570,50000,0,0,297,15000
1787311036670,50000,0,0,297,15000
1787311036770,50000,0,0,297,15000
1787311036870,50000,0,0,297,15000
1787311036970,50000,0,0,297,15000
1787311037070,50000,0,0,297,15000
1787311037169,50000,0,0,297,15000
1787311037270,50000,0,0,297,15000
1787311037370,50000,0,0,297,15000
1787311037470,50000,0,0,297,15000
1787311037570,50000,0,0,297,15000
1787311037670,50000,0,0,297,15000
1787311037770,50000,0,0,297,15000
1787311037870,50000,0,0,297,15000
1787311037970,50000,0,0,297,15000
1787311038070,50000,0,0,297,15000
1787311038169,50000,0,0,297,15000
1787311038270,50000,0,0,297,15000
1787311038370,50000,0,0,297,15000
1787311038470,50000,0,0,297,15000
1787311038570,50000,0,0,297,15000
1787311038670,50000,0,0,297,15000
1787311038770,50000,0,0,297,15000
1787311038870,50000,0,0,297,15000
1787311038970,50000,0,0,297,15000
1787311039069,50000,0,0,297,15000
1787311039170,50000,0,0,297,15000
1787311039270,50000,0,0,297,15000
1787311039370,50000,0,0,297,15000
1787311039470,50000,0,0,297,15000
1787311039570,50000,0,0,297,15000
1787311039670,50000,0,0,297,15000
1787311039770,50000,0,0,297,15000
1787311039870,50000,0,0,297,15000
1787311039970,50000,0,0,297,15000
1787311040070,50000,0,0,297,15000
1787311040169,50000,0,0,297,15000
1787311040270,50000,0,0,297,15000
1787311040370,50000,0,0,297,15000
1787311040470,50000,0,0,297,15000
1787311040570,50000,0,0,297,15000
1787311040670,50000,0,0,297,15000
1787311040770,50000,0,0,297,15000
1787311040870,50000,0,0,297,15000
1787311040970,50000,0,0,297,15000
1787311041070,50000,0,0,297,15000
1787311041169,50000,0,0,297,15000
1787311041270,50000,0,0,297,15000
1787311041369,50000,0,0,297,15000
1787311041470,50000,0,0,297,15000
1787311041570,50000,0,0,297,15000
1787311041669,50000,0,0,297,15000
1787311041770,50000,0,0,297,15000
1787311041870,50000,0,0,297,15000
1787311041970,50000,0,0,297,15000
1787311042069,50000,0,0,297,15000
1787311042169,50000,0,0,297,15000
1787311042270,50000,0,0,297,15000
1787311042370,50000,0,0,297,15000
1787311042470,50000,0,0,297,15000
1787311042570,50000,0,0,297,15000
1787311042670,50000,0,0,297,15000
1787311042770,50000,0,0,297,15000
1787311042870,50000,0,0,297,15000
1787311042969,50000,0,0,297,15000
1787311043069,50000,0,0,297,15000
1787311043170,50000,0,0,297,15000
1787311043270,50000,0,0,297,15000
1787311043370,50000,0,0,297,15000
1787311043470,50000,0,0,297,15000
1787311043570,50000,0,0,297,15000
1787311043670,50000,0,0,297,15000
1787311043769,50000,0,0,297,15000
1787311043870,50000,0,0,297,15000
1787311043970,50000,0,0,297,15000
1787311044070,50000,0,0,297,15000
1787311044169,50000,0,0,297,15000
1787311044269,50000,0,0,297,15000
1787311044370,50000,0,0,297,15000
1787311044470,50000,0,0,297,15000
1787311044570,50000,0,0,297,15000
1787311044670,50000,0,0,297,15000
1787311044770,50000,0,0,297,15000
1787311044870,50000,0,0,297,15000
1787311044970,50000,0,0,297,15000
1787311045070,50000,0,0,297,15000
1787311045170,50000,0,0,297,15000
1787311045270,50000,0,0,297,15000
1787311045370,50000,0,0,297,15000
1787311045470,50000,0,0,297,15000
1787311045569,50000,0,0,297,15000
1787311045670,50000,0,0,297,15000
1787311045770,50000,0,0,297,15000
1787311045870,50000,0,0,297,15000
1787311045970,50000,0,0,297,15000
1787311046069,50000,0,0,297,15000
1787311046170,50000,0,0,297,15000
1787311046270,50000,0,0,297,15000
1787311046370,50000,0,0,297,15000
1787311046470,50000,0,0,297,15000
1787311046570,50000,0,0,297,15000
1787311046670,50000,0,0,297,15000
1787311046770,50000,0,0,297,15000
1787311046870,50000,0,0,297,15000
1787311046970,49920,5526,0,297,15000
1787311047070,49920,5526,0,297,15000
1787311047169,49920,5526,0,297,15000
1787311047270,49920,5526,0,297,15000
1787311047370,49920,5526,0,297,15000
1787311047470,49920,5526,0,297,15000
1787311047570,49920,5526,0,297,15000
1787311047670,49920,5526,0,297,15000
1787311047770,49920,5526,5100,297,15000
1787311047870,49920,5526,5100,297,15000
1787311047970,49920,5526,5100,297,15000
1787311048070,49920,5526,5100,297,15000
1787311048169,49920,5526,5100,297,15000
1787311048270,49920,5526,5100,297,15000
1787311048369,49920,5526,5400,297,15000
1787311048470,49920,5526,5400,297,15000
1787311048570,49920,5526,5400,297,15000
1787311048670,49920,5526,5400,297,15000
1787311048770,49920,5526,5400,297,15000
1787311048869,49920,5526,5400,297,15000
1787311048970,49920,5526,5400,297,15000
1787311049070,49920,5526,5400,297,15000
1787311049169,49920,5526,5400,297,15000
1787311049270,49920,5526,5400,297,15000
1787311049369,49920,5526,5400,297,15000
1787311049470,49920,5526,5400,297,15000
1787311049570,49920,5526,5400,297,15000
1787311049670,49920,5526,5400,297,15000
1787311049769,49920,5526,5400,297,15000
1787311049869,49920,5526,5400,297,15000
1787311049970,49920,5526,5400,297,15000
1787311050069,49920,5526,5400,297,15000
1787311050169,49920,5526,5400,297,15000
1787311050270,49920,5526,5400,297,15000
1787311050370,49920,5526,5400,297,15000
1787311050470,49920,5526,5400,297,15000
1787311050569,49920,5526,5400,297,15000
1787311050670,49920,5526,5400,297,15000
1787311050770,49920,5526,5400,297,15000
1787311050869,49920,5526,5400,297,15000
1787311050970,49920,5526,5400,297,15000
1787311051069,49920,5526,5400,297,15000
1787311051170,49920,5526,5400,297,15000
1787311051270,49920,5526,5400,297,15000
1787311051369,49920,5526,5400,297,15000
1787311051469,49920,5526,5400,297,15000
1787311051569,49920,5526,5400,297,15000
1787311051670,49920,5526,5400,297,15000
1787311051770,49920,5526,5400,297,15000
1787311051870,49920,5526,5400,297,15000
1787311051970,49920,5526,5400,297,15000
1787311052070,49920,5526,5400,297,15000
1787311052170,49920,5526,5400,297,15000
1787311052270,49920,5526,5400,297,15000
1787311052370,49920,5526,5400,297,15000
1787311052470,49920,5526,5400,297,15000
1787311052570,49920,5526,5400,297,15000
1787311052670,49920,5526,5400,297,15000
1787311052770,49920,5526,5400,297,15000
1787311052870,49920,5526,5400,297,15000
1787311052970,49920,5526,5400,297,15000
1787311053070,49920,5526,5400,297,15000
1787311053169,49920,5526,5400,297,15000
1787311053270,49920,5526,5400,297,15000
1787311053370,49920,5526,5400,297,15000
1787311053469,49920,5526,5400,297,15000
1787311053570,49920,5526,5400,297,15000
1787311053670,49920,5526,5400,297,15000
1787311053770,49920,5526,5500,297,15000
1787311053870,49920,5526,5500,297,15000
1787311053969,49920,5526,5500,297,15000
1787311054070,49920,5526,5500,297,15000
1787311054170,49920,5526,5500,297,15000
1787311054270,49920,5526,5500,297,15000
1787311054370,49920,5526,5500,297,15000
1787311054470,49920,5526,5400,297,15000
1787311054570,49920,5526,5400,297,15000
1787311054670,49920,5526,5400,297,15000
1787311054770,49920,5526,5400,297,15000
1787311054870,49920,5526,5400,297,15000
1787311054970,49920,5526,5400,297,15000
1787311055070,49920,5526,5500,297,15000
1787311055170,49920,5526,5500,297,15000
1787311055270,49920,5526,5500,297,15000
1787311055370,49920,5526,5500,297,15000
1787311055470,49920,5526,5500,297,15000
1787311055570,49920,5526,5500,297,15000
1787311055670,49920,5526,5400,297,15000
1787311055770,49920,5526,5400,297,15000
1787311055870,49920,5526,5400,297,15000
1787311055970,49920,5526,5400,297,15000
1787311056070,49920,5526,5400,297,15000
1787311056169,49920,5526,5400,297,15000
1787311056270,49920,5526,5400,297,15000
1787311056370,49920,5526,5400,297,15000
1787311056470,49920,5526,5400,297,15000
1787311056570,49920,5526,5400,297,15000
1787311056670,49920,5526,5400,297,15000
1787311056770,49920,5526,5400,297,15000
1787311056870,49920,5526,5400,297,15000
1787311056970,49920,5526,5400,297,15000
1787311057070,49920,5526,5400,297,15000
1787311057170,49920,5526,5400,297,15000
1787311057270,49920,5526,5400,297,15000
1787311057370,49920,5526,5400,297,15000
1787311057470,49920,5526,5400,297,15000
1787311057570,49920,5526,5400,297,15000
1787311057669,49920,5526,5400,297,15000
1787311057770,49920,5526,5400,297,15000
1787311057870,49920,5526,5400,297,15000
1787311057970,49920,5526,5500,297,15000
1787311058069,49920,5526,5500,297,15000
1787311058169,49920,5526,5500,297,15000
1787311058270,49920,5526,5500,297,15000
1787311058370,49920,5526,5500,297,15000
1787311058470,49920,5526,5500,297,15000
1787311058570,49920,5526,5500,297,15000
1787311058670,49920,5526,5500,297,15000
1787311058770,49920,5526,5500,297,15000
1787311058870,49920,5526,5500,297,15000
1787311058970,49920,5526,5500,297,15000
1787311059070,49920,5526,5500,297,15000
1787311059170,49920,5526,5500,297,15000
1787311059270,49920,5526,5400,297,15000
1787311059370,49920,5526,5400,297,15000
1787311059470,49920,5526,5400,297,15000
1787311059570,49920,5526,5400,297,15000
1787311059670,49920,5526,5400,297,15000
1787311059769,49920,5526,5400,297,15000
1787311059870,49920,5526,5400,297,15000
1787311059970,49920,5526,5400,297,15000
1787311060070,49920,5526,5400,297,15000
1787311060170,49920,5526,5400,297,15000
1787311060270,49920,5526,5400,297,15000
1787311060370,49920,5526,5400,297,15000
1787311060469,49920,5526,5400,297,15000
1787311060570,49920,5526,5400,297,15000
1787311060670,49920,5526,5400,297,15000
1787311060770,49920,5526,5400,297,15000
1787311060870,49920,5526,5400,297,15000
1787311060970,49920,5526,5400,297,15000
1787311061070,49920,5526,5400,297,15000
1787311061169,49920,5526,5400,297,15000
1787311061270,49920,5526,5400,297,15000
1787311061370,49920,5526,5400,297,15000
1787311061470,49920,5526,5400,297,15000
1787311061570,49920,5526,5400,297,15000
1787311061670,49920,5526,5400,297,15000
1787311061770,49920,5526,5400,297,15000
1787311061869,49920,5526,5400,297,15000
1787311061970,49920,5526,5400,297,15000
1787311062070,49920,5526,5400,297,15000
1787311062169,49920,5526,5500,297,15000
1787311062270,49920,5526,5500,297,15000
1787311062370,49920,5526,5500,297,15000
1787311062470,49920,5526,5500,297,15000
1787311062570,49920,5526,5500,297,15000
1787311062670,49920,5526,5500,297,15000
1787311062770,49920,5526,5400,297,15000
1787311062870,49920,5526,5400,297,15000
1787311062970,49920,5526,5400,297,15000
1787311063070,49920,5526,5400,297,15000
1787311063170,49920,5526,5400,297,15000
1787311063270,49920,5526,5400,297,15000
1787311063370,49920,5526,5400,297,15000
1787311063470,49920,5526,5400,297,15000
1787311063569,49920,5526,5400,297,15000
1787311063670,49920,5526,5400,297,15000
1787311063769,49920,5526,5400,297,15000
1787311063869,49920,5526,5400,297,15000
1787311063970,49920,5526,5400,297,15000
1787311064070,49920,5526,5500,297,15000
1787311064169,49920,5526,5500,297,15000
1787311064270,49920,5526,5500,297,15000
1787311064370,49920,5526,5500,297,15000
1787311064469,49920,5526,5500,297,15000
1787311064570,49920,5526,5500,297,15000
1787311064670,49920,5526,5500,297,15000
1787311064770,49920,5526,5500,297,15000
1787311064870,49920,5526,5500,297,15000
1787311064970,49920,5526,5500,297,15000
1787311065070,49920,5526,5500,297,15000
1787311065169,49920,5526,5500,297,15000
1787311065270,49920,5526,5400,297,15000
1787311065370,49920,5526,5400,297,15000
1787311065470,49920,5526,5400,297,15000
1787311065570,49920,5526,5400,297,15000
1787311065670,49920,5526,5400,297,15000
1787311065770,49920,5526,5400,297,15000
1787311065870,49920,5526,5400,297,15000
1787311065970,49920,5526,5500,297,15000
1787311066070,49920,5526,5500,297,15000
1787311066169,49920,5526,5500,297,15000
1787311066270,49920,5526,5500,297,15000
1787311066370,49920,5526,5500,297,15000
1787311066470,49920,5526,5500,297,15000
1787311066570,49920,5526,5500,297,15000
1787311066670,49920,5526,5500,297,15000
1787311066770,49920,5526,5500,297,15000
1787311066870,49920,5526,5500,297,15000
1787311066970,49920,5526,5500,297,15000
1787311067070,49920,5526,5500,297,15000
1787311067170,49920,5526,5500,297,15000
1787311067270,49920,5526,5500,297,15000
1787311067370,49920,5526,5500,297,15000
1787311067469,49920,5526,5500,297,15000
1787311067569,49920,5526,5500,297,15000
1787311067670,49920,5526,5500,297,15000
1787311067770,49920,5526,5400,297,15000
1787311067870,49920,5526,5400,297,15000
1787311067970,49920,5526,5400,297,15000
1787311068070,49920,5526,5400,297,15000
1787311068169,49920,5526,5400,297,15000
1787311068270,49920,5526,5400,297,15000
1787311068370,49920,5526,5400,297,15000
1787311068470,49920,5526,5400,297,15000
1787311068569,49920,5526,5400,297,15000
1787311068670,49920,5526,5400,297,15000
1787311068769,49920,5526,5400,297,15000
1787311068870,49920,5526,5400,297,15000
1787311068970,49920,5526,5400,297,15000
1787311069069,49920,5526,5400,297,15000
1787311069170,49920,5526,5400,297,15000
1787311069270,49920,5526,5400,297,15000
1787311069370,49920,5526,5400,297,15000
1787311069470,49920,5526,5400,297,15000
1787311069569,49920,5526,5400,297,15000
1787311069669,49920,5526,5400,297,15000
1787311069770,49920,5526,5400,297,15000
1787311069870,49920,5526,5400,297,15000
1787311069970,49920,5526,5400,297,15000
1787311070070,49920,5526,5400,297,15000
1787311070170,49920,5526,5400,297,15000
1787311070269,49920,5526,5400,297,15000
1787311070370,49920,5526,5400,297,15000
1787311070470,49920,5526,5400,297,15000
1787311070570,49920,5526,5400,297,15000
1787311070669,49920,5526,5400,297,15000
1787311070770,49920,5526,5500,297,15000
1787311070870,49920,5526,5500,297,15000
1787311070970,49920,5526,5500,297,15000
1787311071069,49920,5526,5500,297,15000
1787311071170,49920,5526,5500,297,15000
1787311071270,49920,5526,5500,297,15000
1787311071369,49920,5526,5400,297,15000
1787311071470,49920,5526,5400,297,15000
1787311071570,49920,5526,5400,297,15000
1787311071669,49920,5526,5400,297,15000
1787311071769,49920,5526,5400,297,15000
1787311071870,49920,5526,5400,297,15000
1787311071969,49920,5526,5500,297,15000
1787311072070,49920,5526,5500,297,15000
1787311072170,49920,5526,5500,297,15000
1787311072270,49920,5526,5500,297,15000
1787311072370,49920,5526,5500,297,15000
1787311072470,49920,5526,5500,297,15000
1787311072569,49920,5526,5500,297,15000
1787311072670,49920,5526,5500,297,15000
1787311072770,49920,5526,5500,297,15000
1787311072870,49920,5526,5500,297,15000
1787311072970,49920,5526,5500,297,15000
1787311073070,49920,5526,5400,297,15000
1787311073169,49920,5526,5400,297,15000
1787311073270,49920,5526,5400,297,15000
1787311073370,49920,5526,5400,297,15000
1787311073470,49920,5526,5400,297,15000
1787311073570,49920,5526,5400,297,15000
1787311073670,49920,5526,5400,297,15000
1787311073770,49920,5526,5400,297,15000
1787311073870,49920,5526,5400,297,15000
1787311073970,49920,5526,5400,297,15000
1787311074070,49920,5526,5400,297,15000
1787311074169,49920,5526,5400,297,15000
1787311074270,49920,5526,5400,297,15000
1787311074369,49920,5526,5400,297,15000
1787311074469,49920,5526,5400,297,15000
1787311074569,49920,5526,5400,297,15000
1787311074670,49920,5526,5400,297,15000
1787311074770,49920,5526,5400,297,15000
1787311074870,49920,5526,5400,297,15000
1787311074970,49920,5526,5500,297,15000
1787311075070,49920,5526,5500,297,15000
1787311075170,49920,5526,5500,297,15000
1787311075270,49920,5526,5500,297,15000
1787311075373,49920,5526,5500,297,15000
1787311075470,49920,5526,5500,297,15000
1787311075570,49920,5526,5400,297,15000
1787311075670,49920,5526,5400,297,15000
1787311075769,49920,5526,5400,297,15000
1787311075870,49920,5526,5400,297,15000
1787311075969,49920,5526,5400,297,15000
1787311076070,49920,5526,5500,297,15000
1787311076170,49920,5526,5500,297,15000
1787311076270,49920,5526,5500,297,15000
1787311076370,49920,5526,5500,297,15000
1787311076470,49920,5526,5500,297,15000
1787311076570,49920,5526,5500,297,15000
1787311076669,49920,5526,5400,297,15000
1787311076770,49920,5526,5400,297,15000
1787311076870,49920,5526,5400,297,15000
1787311076970,49920,5526,5400,297,15000
1787311077070,49920,5526,5400,297,15000
1787311077170,49920,5526,5400,297,15000
1787311077270,49920,5526,5400,297,15000
1787311077370,49920,5526,5400,297,15000
1787311077470,49920,5526,5400,297,15000
1787311077570,49920,5526,5400,297,15000
1787311077670,49920,5526,5400,297,15000
1787311077770,49920,5526,5400,297,15000
1787311077870,49920,5526,5400,297,15000
1787311077970,49920,5526,5500,297,15000
1787311078070,49920,5526,5500,297,15000
1787311078170,49920,5526,5500,297,15000
1787311078270,49920,5526,5500,297,15000
1787311078370,49920,5526,5500,297,15000
1787311078470,49920,5526,5500,297,15000
1787311078570,49920,5526,5400,297,15000
1787311078670,49920,5526,5400,297,15000
1787311078770,49920,5526,5400,297,15000
1787311078870,49920,5526,5400,297,15000
1787311078970,49920,5526,5400,297,15000
1787311079070,49920,5526,5400,297,15000
1787311079169,49920,5526,5400,297,15000
1787311079270,49920,5526,5400,297,15000
1787311079369,49920,5526,5400,297,15000
1787311079470,49920,5526,5400,297,15000
1787311079570,49920,5526,5400,297,15000
1787311079670,49920,5526,5400,297,15000
1787311079770,49920,5526,5400,297,15000
1787311079870,49920,5526,5400,297,15000
1787311079970,49920,5526,5400,297,15000
1787311080070,49920,5526,5400,297,15000
1787311080170,49920,5526,5400,297,15000
1787311080270,49920,5526,5400,297,15000
1787311080369,49920,5526,5500,297,15000
1787311080470,49920,5526,5500,297,15000
1787311080570,49920,5526,5500,297,15000
1787311080670,49920,5526,5500,297,15000
1787311080770,49920,5526,5500,297,15000
1787311080870,49920,5526,5500,297,15000
1787311080970,49920,5526,5400,297,15000
1787311081070,49920,5526,5400,297,15000
1787311081170,49920,5526,5400,297,15000
1787311081270,49920,5526,5400,297,15000
1787311081370,49920,5526,5400,297,15000
1787311081470,49920,5526,5400,297,15000
1787311081570,49920,5526,5400,297,15000
1787311081670,49920,5526,5400,297,15000
1787311081770,49920,5526,5400,297,15000
1787311081870,49920,5526,5400,297,15000
1787311081970,49920,5526,5400,297,15000
1787311082070,49920,5526,5400,297,15000
1787311082169,49920,5526,5400,297,15000
1787311082270,49920,5526,5400,297,15000
1787311082370,49920,5526,5400,297,15000
1787311082470,49920,5526,5400,297,15000
1787311082570,49920,5526,5400,297,15000
1787311082670,49920,5526,5400,297,15000
1787311082769,49920,5526,5400,297,15000
1787311082870,49920,5526,5400,297,15000
1787311082970,49920,5526,5400,297,15000
1787311083070,49920,5526,5400,297,15000
1787311083169,49920,5526,5400,297,15000
1787311083270,49920,5526,5400,297,15000
1787311083370,49920,5526,5400,297,15000
1787311083470,49920,5526,5400,297,15000
1787311083570,49920,5526,5400,297,15000
1787311083670,49920,5526,5400,297,15000
1787311083770,49920,5526,5400,297,15000
1787311083870,49920,5526,5400,297,15000
1787311083969,49920,5526,5300,297,15000
1787311084070,49920,5526,5300,297,15000
1787311084170,49920,5526,5300,297,15000
1787311084270,49920,5526,5300,297,15000
1787311084370,49920,5526,5300,297,15000
1787311084470,49920,5526,5300,297,15000
1787311084570,49920,5526,5500,297,15000
1787311084670,49920,5526,5500,297,15000
1787311084770,49920,5526,5500,297,15000
1787311084870,49920,5526,5500,297,15000
1787311084970,49920,5526,5500,297,15000
1787311085070,49920,5526,5500,297,15000
1787311085170,49920,5526,5500,297,15000
1787311085270,49920,5526,5500,297,15000
1787311085370,49920,5526,5500,297,15000
1787311085469,49920,5526,5500,297,15000
1787311085570,49920,5526,5500,297,15000
1787311085670,49920,5526,5500,297,15000
1787311085770,49920,5526,5500,297,15000
1787311085870,49920,5526,5400,297,15000
1787311085970,49920,5526,5400,297,15000
1787311086070,49920,5526,5400,297,15000
1787311086170,49920,5526,5400,297,15000
1787311086270,49920,5526,5400,297,15000
1787311086370,49920,5526,5400,297,15000
1787311086469,49920,5526,5400,297,15000
1787311086570,49920,5526,5400,297,15000
1787311086670,49920,5526,5400,297,15000
1787311086770,49920,5526,5400,297,15000
1787311086870,49920,5526,5400,297,15000
1787311086970,49920,5526,5400,297,15000
1787311087070,49920,5526,5400,297,15000
1787311087169,49920,5526,5400,297,15000
1787311087270,49920,5526,5400,297,15000
1787311087369,49920,5526,5400,297,15000
1787311087470,49920,5526,5400,297,15000
1787311087569,49920,5526,5400,297,15000
1787311087670,49920,5526,5400,297,15000
1787311087770,49920,5526,5400,297,15000
1787311087869,49920,5526,5400,297,15000
1787311087969,49920,5526,5400,297,15000
1787311088069,49920,5526,5400,297,15000
1787311088170,49920,5526,5400,297,15000
1787311088270,49920,5526,5400,297,15000
1787311088369,49920,5526,5400,297,15000
1787311088469,49920,5526,5400,297,15000
1787311088570,49920,5526,5400,297,15000
1787311088669,49920,5526,5400,297,15000
1787311088770,49920,5526,5500,297,15000
1787311088870,49920,5526,5500,297,15000
1787311088970,49920,5526,5500,297,15000
1787311089070,49920,5526,5500,297,15000
1787311089169,49920,5526,5500,297,15000
1787311089270,49920,5526,5500,297,15000
1787311089370,49920,5526,5400,297,15000
1787311089469,49920,5526,5400,297,15000
1787311089570,49920,5526,5400,297,15000
1787311089670,49920,5526,5400,297,15000
1787311089770,49920,5526,5400,297,15000
1787311089870,49920,5526,5400,297,15000
1787311089970,49920,5526,5500,297,15000
1787311090070,49920,5526,5500,297,15000
1787311090169,49920,5526,5500,297,15000
1787311090269,49920,5526,5500,297,15000
1787311090370,49920,5526,5500,297,15000
1787311090470,49920,5526,5500,297,15000
1787311090570,49920,5526,5500,297,15000
1787311090669,49920,5526,5500,297,15000
1787311090770,49920,5526,5500,297,15000
1787311090870,49920,5526,5500,297,15000
1787311090970,49920,5526,5500,297,15000
1787311091069,49920,5526,5500,297,15000
1787311091170,49920,5526,5500,297,15000
1787311091270,49920,5526,5400,297,15000
1787311091369,49920,5526,5400,297,15000
1787311091469,49920,5526,5400,297,15000
1787311091570,49920,5526,5400,297,15000
1787311091670,49920,5526,5400,297,15000
1787311091770,49920,5526,5400,297,15000
1787311091870,49920,5526,5400,297,15000
1787311091969,49920,5526,5400,297,15000
1787311092070,49920,5526,5400,297,15000
1787311092170,49920,5526,5400,297,15000
1787311092270,49920,5526,5400,297,15000
1787311092370,49920,5526,5400,297,15000
1787311092470,49920,5526,5400,297,15000
1787311092570,49920,5526,5400,297,15000
1787311092669,49920,5526,5400,297,15000
1787311092770,49920,5526,5400,297,15000
1787311092870,49920,5526,5400,297,15000
1787311092970,49920,5526,5400,297,15000
1787311093070,49920,5526,5400,297,15000
1787311093169,49920,5526,5400,297,15000
1787311093269,49920,5526,5400,297,15000
1787311093370,49920,5526,5400,297,15000
1787311093470,49920,5526,5400,297,15000
1787311093569,49920,5526,5400,297,15000
1787311093670,49920,5526,5400,297,15000
1787311093770,49920,5526,5400,297,15000
1787311093870,49920,5526,5400,297,15000
1787311093969,49920,5526,5400,297,15000
1787311094070,49920,5526,5400,297,15000
1787311094170,49920,5526,5400,297,15000
1787311094270,49920,5526,5400,297,15000
1787311094370,49920,5526,5400,297,15000
1787311094470,49920,5526,5400,297,15000
1787311094570,49920,5526,5400,297,15000
1787311094669,49920,5526,5400,297,15000
1787311094770,49920,5526,5400,297,15000
1787311094870,49920,5526,5400,297,15000
1787311094970,49920,5526,5400,297,15000
1787311095070,49920,5526,5400,297,15000
1787311095170,49920,5526,5400,297,15000
1787311095269,49920,5526,5400,297,15000
1787311095370,49920,5526,5400,297,15000
1787311095470,49920,5526,5400,297,15000
1787311095570,49920,5526,5400,297,15000
1787311095669,49920,5526,5400,297,15000
1787311095770,49920,5526,5400,297,15000
1787311095870,49920,5526,5400,297,15000
1787311095969,49920,5526,5400,297,15000
1787311096069,49920,5526,5400,297,15000
1787311096170,49920,5526,5400,297,15000
1787311096269,49920,5526,5400,297,15000
1787311096370,49920,5526,5400,297,15000
1787311096470,49920,5526,5400,297,15000
1787311096570,49920,5526,5400,297,15000
1787311096669,49920,5526,5400,297,15000
1787311096770,49920,5526,5400,297,15000
1787311096870,49920,5526,5400,297,15000
1787311096970,49920,5526,5400,297,15000
1787311097070,49920,5526,5400,297,15000
1787311097169,49920,5526,5400,297,15000
1787311097270,49920,5526,5400,297,15000
1787311097370,49920,5526,5500,297,15000
1787311097469,49920,5526,5500,297,15000
1787311097570,49920,5526,5500,297,15000
1787311097669,49920,5526,5500,297,15000
1787311097770,49920,5526,5400,297,15000
1787311097870,49920,5526,5400,297,15000
1787311097970,49920,5526,5400,297,15000
1787311098069,49920,5526,5400,297,15000
1787311098169,49920,5526,5400,297,15000
1787311098270,49920,5526,5400,297,15000
1787311098370,49920,5526,5500,297,15000
1787311098470,49920,5526,5500,297,15000
1787311098569,49920,5526,5500,297,15000
1787311098670,49920,5526,5500,297,15000
1787311098770,49920,5526,5500,297,15000
1787311098870,49920,5526,5500,297,15000
1787311098970,49920,5526,5500,297,15000
1787311099070,49920,5526,5400,297,15000
1787311099170,49920,5526,5400,297,15000
1787311099270,49920,5526,5400,297,15000
1787311099370,49920,5526,5400,297,15000
1787311099470,49920,5526,5400,297,15000
1787311099570,49920,5526,5400,297,15000
1787311099670,49920,5526,5400,297,15000
1787311099770,49920,5526,5400,297,15000
1787311099870,49920,5526,5400,297,15000
1787311099969,49920,5526,5400,297,15000
1787311100070,49920,5526,5400,297,15000
1787311100170,49920,5526,5400,297,15000
1787311100270,49920,5526,5400,297,15000
1787311100370,49920,5526,5400,297,15000
1787311100470,49920,5526,5400,297,15000
1787311100570,49920,5526,5400,297,15000
1787311100670,49920,5526,5400,297,15000
1787311100770,49920,5526,5400,297,15000
1787311100870,49920,5526,5400,297,15000
1787311100970,49920,5526,5400,297,15000
1787311101069,49920,5526,5400,297,15000
1787311101170,49920,5526,5400,297,15000
1787311101270,49920,5526,5400,297,15000
1787311101370,49920,5526,5400,297,15000
1787311101470,49920,5526,5400,297,15000
1787311101570,49920,5526,5400,297,15000
1787311101670,49920,5526,5400,297,15000
1787311101769,49920,5526,5400,297,15000
1787311101869,49920,5526,5400,297,15000
1787311101970,49920,5526,5400,297,15000
1787311102069,49920,5526,5400,297,15000
1787311102169,49920,5526,5400,297,15000
1787311102270,49920,5526,5400,297,15000
1787311102370,49920,5526,5400,297,15000
1787311102470,49920,5526,5400,297,15000
1787311102569,49920,5526,5400,297,15000
1787311102670,49920,5526,5400,297,15000
1787311102770,49920,5526,5400,297,15000
1787311102870,49920,5526,5400,297,15000
1787311102970,49920,5526,5400,297,15000
1787311103070,49920,5526,5400,297,15000
1787311103170,49920,5526,5400,297,15000
1787311103270,49920,5526,5400,297,15000
1787311103369,49920,5526,5400,297,15000
1787311103470,49920,5526,5400,297,15000
1787311103570,49920,5526,5400,297,15000
1787311103670,49920,5526,5400,297,15000
1787311103770,49920,5526,5400,297,15000
1787311103870,49920,5526,5400,297,15000
1787311103970,49920,5526,5400,297,15000
1787311104069,49920,5526,5400,297,15000
1787311104170,49920,5526,5400,297,15000
1787311104270,49920,5526,5400,297,15000
1787311104370,49920,5526,5400,297,15000
1787311104469,49920,5526,5400,297,15000
1787311104570,49920,5526,5400,297,15000
1787311104670,49920,5526,5400,297,15000
1787311104770,49920,5526,5400,297,15000
1787311104870,49920,5526,5400,297,15000
1787311104970,49920,5526,5400,297,15000
1787311105070,49920,5526,5500,297,15000
1787311105170,49920,5526,5500,297,15000
1787311105270,49920,5526,5500,297,15000
1787311105370,49920,5526,5500,297,15000
1787311105470,49920,5526,5500,297,15000
1787311105570,49920,5526,5500,297,15000
1787311105670,49920,5526,5400,297,15000
1787311105770,49920,5526,5400,297,15000
1787311105869,49920,5526,5400,297,15000
1787311105970,49920,5526,5400,297,15000
1787311106070,49920,5526,5400,297,15000
1787311106170,49920,5526,5400,297,15000
1787311106270,49920,5526,5400,297,15000
1787311106369,49920,5526,5500,297,15000
1787311106470,49920,5526,5500,297,15000
1787311106570,49920,5526,5500,297,15000
1787311106670,49920,5526,5500,297,15000
1787311106770,49920,5526,5500,297,15000
1787311106870,49920,5526,5500,297,15000
1787311106970,49920,5526,5400,297,15000
1787311107070,49920,5526,5400,297,15000
1787311107170,49920,5526,5400,297,15000
1787311107270,49920,5526,5400,297,15000
1787311107370,49920,5526,5400,297,15000
1787311107470,49920,5526,5400,297,15000
1787311107570,49920,5526,5400,297,15000
1787311107670,49920,5526,5400,297,15000
1787311107770,49920,5526,5400,297,15000
1787311107870,49920,5526,5400,297,15000
1787311107970,49920,5526,5400,297,15000
1787311108069,49920,5526,5400,297,15000
1787311108170,49920,5526,5400,297,15000
1787311108270,49920,5526,5400,297,15000
1787311108370,49920,5526,5400,297,15000
1787311108470,49920,5526,5400,297,15000
1787311108570,49920,5526,5400,297,15000
1787311108670,49920,5526,5400,297,15000
1787311108770,49920,5526,5400,297,15000
1787311108869,49920,5526,5500,297,15000
1787311108970,49920,5526,5500,297,15000
1787311109069,49920,5526,5500,297,15000
1787311109169,49920,5526,5500,297,15000
1787311109270,49920,5526,5400,297,15000
1787311109369,49920,5526,5400,297,15000
1787311109470,49920,5526,5400,297,15000
1787311109570,49920,5526,5400,297,15000
1787311109670,49920,5526,5400,297,15000
1787311109769,49920,5526,5400,297,15000
1787311109870,49920,5526,5500,297,15000
1787311109970,49920,5526,5500,297,15000
1787311110069,49920,5526,5500,297,15000
1787311110170,49920,5526,5500,297,15000
1787311110270,49920,5526,5500,297,15000
1787311110370,49920,5526,5500,297,15000
1787311110469,49920,5526,5500,297,15000
1787311110570,49920,5526,5400,297,15000
1787311110670,49920,5526,5400,297,15000
1787311110770,49920,5526,5400,297,15000
1787311110870,49920,5526,5400,297,15000
1787311110969,49920,5526,5400,297,15000
1787311111070,49920,5526,5400,297,15000
1787311111170,49920,5526,5400,297,15000
1787311111270,49920,5526,5400,297,15000
1787311111370,49920,5526,5400,297,15000
1787311111469,49920,5526,5400,297,15000
1787311111570,49920,5526,5400,297,15000
1787311111670,49920,5526,5400,297,15000
1787311111770,49920,5526,5400,297,15000
1787311111870,49920,5526,5400,297,15000
1787311111970,49920,5526,5400,297,15000
1787311112070,49920,5526,5400,297,15000
1787311112170,49920,5526,5400,297,15000
1787311112270,49920,5526,5400,297,15000
1787311112370,49920,5526,5400,297,15000
1787311112469,49920,5526,5400,297,15000
1787311112570,49920,5526,5400,297,15000
1787311112670,49920,5526,5400,297,15000
1787311112770,49920,5526,5400,297,15000
1787311112870,49920,5526,5400,297,15000
1787311112970,49920,5526,5400,297,15000
1787311113070,49920,5526,5400,297,15000
1787311113169,49920,5526,5400,297,15000
1787311113269,49920,5526,5400,297,15000
1787311113370,49920,5526,5400,297,15000
1787311113470,49920,5526,5400,297,15000
1787311113570,49920,5526,5400,297,15000
1787311113670,49920,5526,5500,297,15000
1787311113770,49920,5526,5500,297,15000
1787311113869,49920,5526,5500,297,15000
1787311113970,49920,5526,5500,297,15000
1787311114070,49920,5526,5500,297,15000
1787311114169,49920,5526,5500,297,15000
1787311114270,49920,5526,5500,297,15000
1787311114370,49920,5526,5500,297,15000
1787311114470,49920,5526,5500,297,15000
1787311114570,49920,5526,5500,297,15000
1787311114670,49920,5526,5500,297,15000
1787311114769,49920,5526,5400,297,15000
1787311114870,49920,5526,5400,297,15000
1787311114970,49920,5526,5400,297,15000
1787311115070,49920,5526,5400,297,15000
1787311115169,49920,5526,5400,297,15000
1787311115270,49920,5526,5400,297,15000
1787311115369,49920,5526,5400,297,15000
1787311115470,49920,5526,5400,297,15000
1787311115570,49920,5526,5400,297,15000
1787311115670,49920,5526,5400,297,15000
1787311115770,49920,5526,5400,297,15000
1787311115870,49920,5526,5400,297,15000
1787311115970,49920,5526,5400,297,15000
1787311116070,49920,5526,5400,297,15000
1787311116170,49920,5526,5400,297,15000
1787311116270,49920,5526,5400,297,15000
1787311116370,49920,5526,5400,297,15000
1787311116470,49920,5526,5400,297,15000
1787311116569,49920,5526,5400,297,15000
1787311116670,49920,5526,5400,297,15000
1787311116770,49920,5526,5400,297,15000
1787311116870,49920,5526,5400,297,15000
1787311116970,49920,5526,5400,297,15000
1787311117070,49920,5526,5400,297,15000
1787311117170,49920,5526,5400,297,15000
1787311117270,49920,5526,5400,297,15000
1787311117370,49920,5526,5400,297,15000
1787311117470,49920,5526,5400,297,15000
1787311117570,49920,5526,5400,297,15000
1787311117669,49920,5526,5400,297,15000
1787311117769,49920,5526,5400,297,15000
1787311117870,49920,5526,5500,297,15000
1787311117970,49920,5526,5500,297,15000
1787311118070,49920,5526,5500,297,15000
1787311118170,49920,5526,5500,297,15000
1787311118270,49920,5526,5400,297,15000
1787311118369,49920,5526,5400,297,15000
1787311118470,49920,5526,5400,297,15000
1787311118570,49920,5526,5400,297,15000
1787311118670,49920,5526,5400,297,15000
1787311118770,49920,5526,5400,297,15000
1787311118870,49920,5526,5400,297,15000
1787311118970,49920,5526,5400,297,15000
1787311119070,49920,5526,5400,297,15000
1787311119169,49920,5526,5400,297,15000
1787311119270,49920,5526,5400,297,15000
1787311119370,49920,5526,5400,297,15000
1787311119470,49920,5526,5400,297,15000
1787311119570,49920,5526,5500,297,15000
1787311119670,49920,5526,5500,297,15000
1787311119770,49920,5526,5500,297,15000
1787311119870,49920,5526,5500,297,15000
1787311119970,49920,5526,5500,297,15000
1787311120070,49920,5526,5500,297,15000
1787311120169,49920,5526,5500,297,15000
1787311120270,49920,5526,5500,297,15000
1787311120370,49920,5526,5500,297,15000
1787311120470,49920,5526,5500,297,15000
1787311120570,49920,5526,5500,297,15000
1787311120670,49920,5526,5500,297,15000
1787311120770,49920,5526,5500,297,15000
1787311120869,49920,5526,5500,297,15000
1787311120970,49920,5526,5500,297,15000
1787311121069,49920,5526,5500,297,15000
1787311121170,49920,5526,5500,297,15000
1787311121270,49920,5526,5500,297,15000
1787311121369,49920,5526,5500,297,15000
1787311121470,49920,5526,5500,297,15000
1787311121569,49920,5526,5500,297,15000
1787311121670,49920,5526,5500,297,15000
1787311121770,49920,5526,5500,297,15000
1787311121869,49920,5526,5500,297,15000
1787311121970,49920,5526,5500,297,15000
1787311122070,49920,5526,5400,297,15000
1787311122169,49920,5526,5400,297,15000
1787311122270,49920,5526,5400,297,15000
1787311122370,49920,5526,5400,297,15000
1787311122470,49920,5526,5400,297,15000
1787311122570,49920,5526,5400,297,15000
1787311122670,49920,5526,5400,297,15000
1787311122770,49920,5526,5400,297,15000
1787311122870,49920,5526,5400,297,15000
1787311122970,49920,5526,5400,297,15000
1787311123070,49920,5526,5400,297,15000
1787311123169,49920,5526,5400,297,15000
1787311123269,49920,5526,5400,297,15000
1787311123370,49920,5526,5400,297,15000
1787311123470,49920,5526,5400,297,15000
1787311123570,49920,5526,5400,297,15000
1787311123670,49920,5526,5400,297,15000
1787311123770,49920,5526,5400,297,15000
1787311123869,49920,5526,5400,297,15000
1787311123970,49920,5526,5400,297,15000
1787311124070,49920,5526,5400,297,15000
1787311124170,49920,5526,5400,297,15000
1787311124270,49920,5526,5400,297,15000
1787311124370,49920,5526,5400,297,15000
1787311124470,49920,5526,5400,297,15000
1787311124570,49920,5526,5400,297,15000
1787311124670,49920,5526,5400,297,15000
1787311124770,49920,5526,5400,297,15000
1787311124870,49920,5526,5400,297,15000
1787311124970,49920,5526,5400,297,15000
1787311125070,49920,5526,5400,297,15000
1787311125170,49920,5526,5400,297,15000
1787311125270,49920,5526,5400,297,15000
1787311125370,49920,5526,5400,297,15000
1787311125470,49920,5526,5400,297,15000
1787311125570,49920,5526,5400,297,15000
1787311125669,49920,5526,5400,297,15000
1787311125770,49920,5526,5400,297,15000
1787311125870,49920,5526,5400,297,15000
1787311125970,49920,5526,5400,297,15000
1787311126070,49920,5526,5400,297,15000
1787311126170,49920,5526,5400,297,15000
1787311126270,49920,5526,5400,297,15000
1787311126370,49920,5526,5400,297,15000
1787311126470,49920,5526,5400,297,15000
1787311126570,49920,5526,5400,297,15000
1787311126670,49920,5526,5400,297,15000
1787311126770,49920,5526,5400,297,15000
1787311126870,49920,5526,5400,297,15000
1787311126969,49920,5526,5400,297,15000
1787311127070,49920,5526,5400,297,15000
1787311127169,49920,5526,5400,297,15000
1787311127270,49920,5526,5400,297,15000
1787311127370,49920,5526,5400,297,15000
1787311127470,49920,5526,5400,297,15000
1787311127570,49920,5526,5400,297,15000
1787311127670,49920,5526,5400,297,15000
1787311127770,49920,5526,5400,297,15000
1787311127870,49920,5526,5400,297,15000
1787311127970,49920,5526,5400,297,15000
1787311128070,49920,5526,5400,297,15000
1787311128170,49920,5526,5400,297,15000
1787311128270,49920,5526,5400,297,15000
1787311128369,49920,5526,5400,297,15000
1787311128470,49920,5526,5400,297,15000
1787311128570,49920,5526,5400,297,15000
1787311128670,49920,5526,5400,297,15000
1787311128769,49920,5526,5400,297,15000
1787311128870,49920,5526,5400,297,15000
1787311128969,49920,5526,5400,297,15000
1787311129070,49920,5526,5400,297,15000
1787311129170,49920,5526,5400,297,15000
1787311129270,49920,5526,5400,297,15000
1787311129369,49920,5526,5400,297,15000
1787311129470,49920,5526,5400,297,15000
1787311129570,49920,5526,5400,297,15000
1787311129670,49920,5526,5400,297,15000
1787311129770,49920,5526,5400,297,15000
1787311129870,49920,5526,5400,297,15000
1787311129970,49920,5526,5400,297,15000
1787311130069,49920,5526,5400,297,15000
1787311130169,49920,5526,5400,297,15000
1787311130270,49920,5526,5400,297,15000
1787311130370,49920,5526,5400,297,15000
1787311130470,49920,5526,5400,297,15000
1787311130570,49920,5526,5400,297,15000
1787311130670,49920,5526,5400,297,15000
1787311130770,49920,5526,5400,297,15000
1787311130870,49920,5526,5400,297,15000
1787311130970,49920,5526,5400,297,15000
1787311131070,49920,5526,5400,297,15000
1787311131170,49920,5526,5400,297,15000
1787311131270,49920,5526,5400,297,15000
1787311131370,49920,5526,5400,297,15000
1787311131470,49920,5526,5400,297,15000
1787311131570,49920,5526,5400,297,15000
1787311131670,49920,5526,5400,297,15000
1787311131770,49920,5526,5400,297,15000
1787311131870,49920,5526,5400,297,15000
1787311131970,49920,5526,5400,297,15000
1787311132069,49920,5526,5400,297,15000
1787311132170,49920,5526,5400,297,15000
1787311132270,49920,5526,5400,297,15000
1787311132370,49920,5526,5400,297,15000
1787311132470,49920,5526,5400,297,15000
1787311132570,49920,5526,5400,297,15000
1787311132670,49920,5526,5400,297,15000
1787311132770,49920,5526,5400,297,15000
1787311132870,49920,5526,5400,297,15000
1787311132970,49920,5526,5400,297,15000
1787311133070,49920,5526,5400,297,15000
1787311133169,49920,5526,5400,297,15000
1787311133270,49920,5526,5400,297,15000
1787311133370,49920,5526,5400,297,15000
1787311133470,49920,5526,5500,297,15000
1787311133570,49920,5526,5500,297,15000
1787311133670,49920,5526,5500,297,15000
1787311133770,49920,5526,5500,297,15000
1787311133870,49920,5526,5500,297,15000
1787311133970,49920,5526,5500,297,15000
1787311134070,49920,5526,5500,297,15000
1787311134170,49920,5526,5400,297,15000
1787311134270,49920,5526,5400,297,15000
1787311134370,49920,5526,5400,297,15000
1787311134470,49920,5526,5400,297,15000
1787311134570,49920,5526,5400,297,15000
1787311134670,49920,5526,5400,297,15000
1787311134770,49920,5526,5400,297,15000
1787311134869,49920,5526,5400,297,15000
1787311134970,49920,5526,5400,297,15000
1787311135070,49920,5526,5400,297,15000
1787311135170,49920,5526,5400,297,15000
1787311135269,49920,5526,5400,297,15000
1787311135370,49920,5526,5400,297,15000
1787311135470,49920,5526,5400,297,15000
1787311135570,49920,5526,5400,297,15000
1787311135670,49920,5526,5400,297,15000
1787311135770,49920,5526,5400,297,15000
1787311135870,49920,5526,5400,297,15000
1787311135970,49920,5526,5400,297,15000
1787311136069,49920,5526,5400,297,15000
1787311136170,49920,5526,5400,297,15000
1787311136270,49920,5526,5400,297,15000
1787311136370,49920,5526,5400,297,15000
1787311136469,49920,5526,5400,297,15000
1787311136570,49920,5526,5400,297,15000
1787311136670,49920,5526,5400,297,15000
1787311136770,49920,5526,5400,297,15000
1787311136870,49920,5526,5400,297,15000
1787311136970,49920,5526,5400,297,15000
1787311137070,49920,5526,5500,297,15000
1787311137169,49920,5526,5500,297,15000
1787311137270,49920,5526,5500,297,15000
1787311137370,49920,5526,5500,297,15000
1787311137470,49920,5526,5500,297,15000
1787311137570,49920,5526,5500,297,15000
1787311137670,49920,5526,5400,297,15000
1787311137770,49920,5526,5400,297,15000
1787311137869,49920,5526,5400,297,15000
1787311137970,49920,5526,5400,297,15000
1787311138069,49920,5526,5400,297,15000
1787311138170,49920,5526,5400,297,15000
1787311138270,49920,5526,5400,297,15000
1787311138370,49920,5526,5500,297,15000
1787311138470,49920,5526,5500,297,15000
1787311138570,49920,5526,5500,297,15000
1787311138670,49920,5526,5500,297,15000
1787311138770,49920,5526,5500,297,15000
1787311138869,49920,5526,5500,297,15000
1787311138970,49920,5526,5400,297,15000
1787311139070,49920,5526,5400,297,15000
1787311139169,49920,5526,5400,297,15000
1787311139270,49920,5526,5400,297,15000
1787311139370,49920,5526,5400,297,15000
1787311139470,49920,5526,5400,297,15000
1787311139570,49920,5526,5400,297,15000
1787311139670,49920,5526,5400,297,15000
1787311139770,49920,5526,5400,297,15000
1787311139869,49920,5526,5400,297,15000
1787311139970,49920,5526,5400,297,15000
1787311140070,49920,5526,5400,297,15000
1787311140169,49920,5526,5400,297,15000
1787311140270,49920,5526,5500,297,15000
1787311140370,49920,5526,5500,297,15000
1787311140470,49920,5526,5500,297,15000
1787311140570,49920,5526,5500,297,15000
1787311140670,49920,5526,5400,297,15000
1787311140769,49920,5526,5400,297,15000
1787311140870,49920,5526,5400,297,15000
1787311140970,49920,5526,5400,297,15000
1787311141070,49920,5526,5400,297,15000
1787311141170,49920,5526,5400,297,15000
1787311141270,49920,5526,5400,297,15000
1787311141370,49920,5526,5400,297,15000
1787311141470,49920,5526,5400,297,15000
1787311141570,49920,5526,5400,297,15000
1787311141670,49920,5526,5400,297,15000
1787311141770,49920,5526,5400,297,15000
1787311141870,49920,5526,5400,297,15000
1787311141970,49920,5526,5400,297,15000
1787311142069,49920,5526,5400,297,15000
1787311142169,49920,5526,5400,297,15000
1787311142270,49920,5526,5400,297,15000
1787311142370,49920,5526,5400,297,15000
1787311142470,49920,5526,5400,297,15000
1787311142570,49920,5526,5500,297,15000
1787311142670,49920,5526,5500,297,15000
1787311142770,49920,5526,5500,297,15000
1787311142870,49920,5526,5500,297,15000
1787311142970,49920,5526,5500,297,15000
1787311143069,49920,5526,5500,297,15000
1787311143169,49920,5526,5500,297,15000
1787311143270,49920,5526,5500,297,15000
1787311143370,49920,5526,5500,297,15000
1787311143470,49920,5526,5500,297,15000
1787311143569,49920,5526,5500,297,15000
1787311143669,49920,5526,5500,297,15000
1787311143769,49920,5526,5400,297,15000
1787311143870,49920,5526,5400,297,15000
1787311143969,49920,5526,5400,297,15000
1787311144069,49920,5526,5400,297,15000
1787311144169,49920,5526,5400,297,15000
1787311144270,49920,5526,5400,297,15000
1787311144370,49920,5526,5400,297,15000
1787311144470,49920,5526,5400,297,15000
1787311144569,49920,5526,5400,297,15000
1787311144670,49920,5526,5400,297,15000
1787311144770,49920,5526,5400,297,15000
1787311144870,49920,5526,5400,297,15000
1787311144970,49920,5526,5400,297,15000
1787311145070,49920,5526,5400,297,15000
1787311145170,49920,5526,5400,297,15000
1787311145270,49920,5526,5400,297,15000
1787311145370,49920,5526,5400,297,15000
1787311145470,49920,5526,5400,297,15000
1787311145570,49920,5526,5400,297,15000
1787311145670,49920,5526,5400,297,15000
1787311145770,49920,5526,5400,297,15000
1787311145870,49920,5526,5400,297,15000
1787311145970,49920,5526,5400,297,15000
1787311146070,49920,5526,5400,297,15000
1787311146169,49920,5526,5400,297,15000
1787311146269,49920,5526,5400,297,15000
1787311146370,49920,5526,5400,297,15000
1787311146470,49920,5526,5400,297,15000
1787311146570,49920,5526,5400,297,15000
1787311146670,49920,5526,5500,297,15000
1787311146769,49920,5526,5500,297,15000
1787311146870,49920,5526,5500,297,15000
1787311146970,49920,5526,5500,297,15000
1787311147069,49920,5526,5500,297,15000
1787311147170,49920,5526,5500,297,15000
1787311147269,49920,5526,5400,297,15000
1787311147370,49920,5526,5400,297,15000
1787311147470,49920,5526,5400,297,15000
1787311147570,49920,5526,5400,297,15000
1787311147670,49920,5526,5400,297,15000
1787311147770,49920,5526,5400,297,15000
1787311147870,49920,5526,5400,297,15000
1787311147970,49920,5526,5400,297,15000
1787311148070,49920,5526,5400,297,15000
1787311148169,49920,5526,5400,297,15000
1787311148270,49920,5526,5400,297,15000
1787311148370,49920,5526,5400,297,15000
1787311148470,49920,5526,5400,297,15000
1787311148570,49920,5526,5400,297,15000
1787311148670,49920,5526,5400,297,15000
1787311148769,49920,5526,5400,297,15000
1787311148869,49920,5526,5400,297,15000
1787311148970,49920,5526,5400,297,15000
1787311149070,49920,5526,5400,297,15000
1787311149169,49920,5526,5400,297,15000
1787311149270,49920,5526,5400,297,15000
1787311149370,49920,5526,5400,297,15000
1787311149470,49920,5526,5400,297,15000
1787311149571,49920,5526,5400,297,15000
1787311149670,49920,5526,5400,297,15000
1787311149769,49920,5526,5400,297,15000
1787311149870,49920,5526,5400,297,15000
1787311149970,49920,5526,5400,297,15000
1787311150070,49920,5526,5400,297,15000
1787311150170,49920,5526,5400,297,15000
1787311150269,49920,5526,5400,297,15000
1787311150370,49920,5526,5400,297,15000
1787311150470,49920,5526,5400,297,15000
1787311150570,49920,5526,5400,297,15000
1787311150669,49920,5526,5400,297,15000
1787311150770,49920,5526,5400,297,15000
1787311150870,49920,5526,5400,297,15000
1787311150970,49920,5526,5400,297,15000
1787311151070,49920,5526,5400,297,15000
1787311151169,49920,5526,5400,297,15000
1787311151270,49920,5526,5400,297,15000
1787311151370,49920,5526,5400,297,15000
1787311151470,49920,5526,5400,297,15000
1787311151570,49920,5526,5400,297,15000
1787311151670,49920,5526,5500,297,15000
1787311151770,49920,5526,5500,297,15000
1787311151870,49920,5526,5500,297,15000
1787311151970,49920,5526,5500,297,15000
1787311152070,49920,5526,5400,297,15000
1787311152170,49920,5526,5400,297,15000
1787311152270,49920,5526,5400,297,15000
1787311152370,49920,5526,5400,297,15000
1787311152470,49920,5526,5400,297,15000
1787311152569,49920,5526,5400,297,15000
1787311152670,49920,5526,5400,297,15000
1787311152770,49920,5526,5500,297,15000
1787311152870,49920,5526,5500,297,15000
1787311152970,49920,5526,5500,297,15000
1787311153070,49920,5526,5500,297,15000
1787311153169,49920,5526,5500,297,15000
1787311153270,49920,5526,5500,297,15000
1787311153370,49920,5526,5400,297,15000
1787311153470,49920,5526,5400,297,15000
1787311153570,49920,5526,5400,297,15000
1787311153669,49920,5526,5400,297,15000
1787311153770,49920,5526,5400,297,15000
1787311153870,49920,5526,5400,297,15000
1787311153970,49920,5526,5400,297,15000
1787311154070,49920,5526,5400,297,15000
1787311154169,49920,5526,5400,297,15000
1787311154270,49920,5526,5400,297,15000
1787311154370,49920,5526,5400,297,15000
1787311154470,49920,5526,5400,297,15000
1787311154569,49920,5526,5400,297,15000
1787311154670,49920,5526,5400,297,15000
1787311154770,49920,5526,5400,297,15000
1787311154870,49920,5526,5400,297,15000
1787311154970,49920,5526,5400,297,15000
1787311155070,49920,5526,5400,297,15000
1787311155170,49920,5526,5400,297,15000
1787311155270,49920,5526,5400,297,15000
1787311155370,49920,5526,5400,297,15000
1787311155470,49920,5526,5400,297,15000
1787311155569,49920,5526,5400,297,15000
1787311155670,49920,5526,5400,297,15000
1787311155770,49920,5526,5400,297,15000
1787311155870,49920,5526,5400,297,15000
1787311155969,49920,5526,5400,297,15000
1787311156070,49920,5526,5400,297,15000
1787311156169,49920,5526,5400,297,15000
1787311156270,49920,5526,5400,297,15000
1787311156369,49920,5526,5400,297,15000
1787311156470,49920,5526,5500,297,15000
1787311156569,49920,5526,5500,297,15000
1787311156669,49920,5526,5500,297,15000
1787311156770,49920,5526,5500,297,15000
1787311156870,49920,5526,5500,297,15000
1787311156970,49920,5526,5500,297,15000
1787311157069,49920,5526,5500,297,15000
1787311157170,49920,5526,5500,297,15000
1787311157269,49920,5526,5500,297,15000
1787311157369,49920,5526,5500,297,15000
1787311157470,49920,5526,5500,297,15000
1787311157569,49920,5526,5400,297,15000
1787311157670,49920,5526,5400,297,15000
1787311157770,49920,5526,5400,297,15000
1787311157870,49920,5526,5400,297,15000
1787311157970,49920,5526,5400,297,15000
1787311158070,49920,5526,5400,297,15000
1787311158169,49920,5526,5400,297,15000
1787311158270,49920,5526,5400,297,15000
1787311158370,49920,5526,5400,297,15000
1787311158470,49920,5526,5400,297,15000
1787311158570,49920,5526,5400,297,15000
1787311158670,49920,5526,5400,297,15000
1787311158769,49920,5526,5500,297,15000
1787311158870,49920,5526,5500,297,15000
1787311158970,49920,5526,5500,297,15000
1787311159070,49920,5526,5500,297,15000
1787311159170,49920,5526,5500,297,15000
1787311159269,49920,5526,5500,297,15000
1787311159370,49920,5526,5500,297,15000
1787311159470,49920,5526,5500,297,15000
1787311159570,49920,5526,5500,297,15000
1787311159670,49920,5526,5500,297,15000
1787311159770,49920,5526,5500,297,15000
1787311159869,49920,5526,5500,297,15000
1787311159970,49920,5526,5500,297,15000
1787311160070,49920,5526,5500,297,15000
1787311160170,49920,5526,5500,297,15000
1787311160270,49920,5526,5500,297,15000
1787311160370,49920,5526,5500,297,15000
1787311160470,49920,5526,5500,297,15000
1787311160570,49920,5526,5500,297,15000
1787311160670,49920,5526,5500,297,15000
1787311160770,49920,5526,5500,297,15000
1787311160870,49920,5526,5500,297,15000
1787311160970,49920,5526,5500,297,15000
1787311161070,49920,5526,5500,297,15000
1787311161170,49920,5526,5500,297,15000
1787311161270,49920,5526,5500,297,15000
1787311161369,49920,5526,5400,297,15000
1787311161470,49920,5526,5400,297,15000
1787311161570,49920,5526,5400,297,15000
1787311161670,49920,5526,5400,297,15000
1787311161769,49920,5526,5400,297,15000
1787311161870,49920,5526,5400,297,15000
1787311161969,49920,5526,5500,297,15000
1787311162070,49920,5526,5500,297,15000
1787311162170,49920,5526,5500,297,15000
1787311162270,49920,5526,5500,297,15000
1787311162369,49920,5526,5400,297,15000
1787311162470,49920,5526,5400,297,15000
1787311162570,49920,5526,5400,297,15000
1787311162669,49920,5526,5400,297,15000
1787311162770,49920,5526,5400,297,15000
1787311162870,49920,5526,5400,297,15000
1787311162970,49920,5526,5500,297,15000
1787311163070,49920,5526,5500,297,15000
1787311163169,49920,5526,5500,297,15000
1787311163270,49920,5526,5500,297,15000
1787311163369,49920,5526,5500,297,15000
1787311163470,49920,5526,5500,297,15000
1787311163570,49920,5526,5400,297,15000
1787311163669,49920,5526,5400,297,15000
1787311163769,49920,5526,5400,297,15000
1787311163870,49920,5526,5400,297,15000
1787311163970,49920,5526,5400,297,15000
1787311164069,49920,5526,5400,297,15000
1787311164169,49920,5526,5400,297,15000
1787311164270,49920,5526,5400,297,15000
1787311164370,49920,5526,5400,297,15000
1787311164469,49920,5526,5400,297,15000
1787311164570,49920,5526,5400,297,15000
1787311164670,49920,5526,5400,297,15000
1787311164769,49920,5526,5400,297,15000
1787311164870,49920,5526,5400,297,15000
1787311164970,49920,5526,5400,297,15000
1787311165070,49920,5526,5400,297,15000
1787311165169,49920,5526,5400,297,15000
1787311165270,49920,5526,5400,297,15000
1787311165370,49920,5526,5400,297,15000
1787311165470,49920,5526,5500,297,15000
1787311165570,49920,5526,5500,297,15000
1787311165670,49920,5526,5500,297,15000
1787311165769,49920,5526,5500,297,15000
1787311165870,49920,5526,5500,297,15000
1787311165969,49920,5526,5500,297,15000
1787311166070,49920,5526,5400,297,15000
1787311166170,49920,5526,5400,297,15000
1787311166270,49920,5526,5400,297,15000
1787311166370,49920,5526,5400,297,15000
1787311166470,49920,5526,5400,297,15000
1787311166570,49920,5526,5400,297,15000
1787311166670,49920,5526,5400,297,15000
1787311166770,49920,5526,5400,297,15000
1787311166870,49920,5526,5400,297,15000
1787311166970,50000,0,5400,297,15000
1787311167070,50000,0,5400,297,15000
1787311167169,50000,0,5400,297,15000
1787311167270,50000,0,5400,297,15000
1787311167369,50000,0,4100,297,15000
1787311167470,50000,0,4100,297,15000
1787311167570,50000,0,4100,297,15000
1787311167670,50000,0,4100,297,15000
1787311167770,50000,0,4100,297,15000
1787311167870,50000,0,4100,297,15000
1787311167970,50000,0,0,297,15000
1787311168069,50000,0,0,297,15000
1787311168170,50000,0,0,297,15000
1787311168269,50000,0,0,297,15000
1787311168370,50000,0,0,297,15000
1787311168469,50000,0,0,297,15000
1787311168570,50000,0,0,297,15000
1787311168670,50000,0,0,297,15000
1787311168770,50000,0,0,297,15000
1787311168870,50000,0,0,297,15000
1787311168970,50000,0,0,297,15000
1787311169070,50000,0,0,297,15000
1787311169170,50000,0,0,297,15000
1787311169270,50000,0,0,297,15000
1787311169370,50000,0,0,297,15000
1787311169469,50000,0,0,297,15000
1787311169570,50000,0,0,297,15000
1787311169670,50000,0,0,297,15000
1787311169770,50000,0,0,297,15000
1787311169870,50000,0,0,297,15000
1787311169969,50000,0,0,297,15000
1787311170070,50000,0,0,297,15000
1787311170169,50000,0,0,297,15000
1787311170270,50000,0,0,297,15000
1787311170370,50000,0,0,297,15000
1787311170470,50000,0,0,297,15000
1787311170569,50000,0,0,297,15000
1787311170670,50000,0,0,297,15000
1787311170770,50000,0,0,297,15000
1787311170870,50000,0,0,297,15000
1787311170970,50000,0,0,297,15000
1787311171070,50000,0,0,297,15000
1787311171170,50000,0,0,297,15000
1787311171269,50000,0,0,297,15000
1787311171370,50000,0,0,297,15000
1787311171470,50000,0,0,297,15000
1787311171570,50000,0,0,297,15000
1787311171670,50000,0,0,297,15000
1787311171770,50000,0,0,297,15000
1787311171870,50000,0,0,297,15000
1787311171970,50000,0,0,297,15000
1787311172070,50000,0,0,297,15000
1787311172170,50000,0,0,297,15000
1787311172270,50000,0,0,297,15000
1787311172370,50000,0,0,297,15000
1787311172470,50000,0,0,297,15000
1787311172569,50000,0,0,297,15000
1787311172670,50000,0,0,297,15000
1787311172769,50000,0,0,297,15000
1787311172870,50000,0,0,297,15000
1787311172970,50000,0,0,297,15000
1787311173069,50000,0,0,297,15000
1787311173169,50000,0,0,297,15000
1787311173270,50000,0,0,297,15000
1787311173370,50000,0,0,297,15000
1787311173470,50000,0,0,297,15000
1787311173570,50000,0,0,297,15000
1787311173670,50000,0,0,297,15000
1787311173770,50000,0,0,297,15000
1787311173869,50000,0,0,297,15000
1787311173970,50000,0,0,297,15000
1787311174070,50000,0,0,297,15000
1787311174170,50000,0,0,297,15000
1787311174270,50000,0,0,297,15000
1787311174370,50000,0,0,297,15000
1787311174470,50000,0,0,297,15000
1787311174570,50000,0,0,297,15000
1787311174670,50000,0,0,297,15000
1787311174770,50000,0,0,297,15000
1787311174870,50000,0,0,297,15000
1787311174970,50000,0,0,297,15000
1787311175070,50000,0,0,297,15000
1787311175170,50000,0,0,297,15000
1787311175269,50000,0,0,297,15000
1787311175369,50000,0,0,297,15000
1787311175470,50000,0,0,297,15000
1787311175570,50000,0,0,297,15000
1787311175670,50000,0,0,297,15000
1787311175770,50000,0,0,297,15000
1787311175870,50000,0,0,297,15000
1787311175970,50000,0,0,297,15000
1787311176070,50000,0,0,297,15000
1787311176170,50000,0,0,297,15000
1787311176269,50000,0,0,297,15000
1787311176369,50000,0,0,297,15000
1787311176470,50000,0,0,297,15000
1787311176570,50000,0,0,297,15000
1787311176670,50000,0,0,297,15000
1787311176770,50000,0,0,297,15000
1787311176870,50000,0,0,297,15000
1787311176970,50000,0,0,297,15000
1787311177070,50000,0,0,297,15000
1787311177170,50000,0,0,297,15000
1787311177270,50000,0,0,297,15000
1787311177369,50000,0,0,297,15000
1787311177470,50000,0,0,297,15000
1787311177570,50000,0,0,297,15000
1787311177669,50000,0,0,297,15000
1787311177770,50000,0,0,297,15000
1787311177870,50000,0,0,297,15000
1787311177970,50000,0,0,297,15000
1787311178070,50000,0,0,297,15000
1787311178169,50000,0,0,297,15000
1787311178270,50000,0,0,297,15000
1787311178370,50000,0,0,297,15000
1787311178470,50000,0,0,297,15000
1787311178570,50000,0,0,297,15000
1787311178670,50000,0,0,297,15000
1787311178770,50000,0,0,297,15000
1787311178870,50000,0,0,297,15000
1787311178970,50000,0,0,297,15000
1787311179069,50000,0,0,297,15000
1787311179170,50000,0,0,297,15000
1787311179270,50000,0,0,297,15000
1787311179370,50000,0,0,297,15000
1787311179470,50000,0,0,297,15000
1787311179570,50000,0,0,297,15000
1787311179670,50000,0,0,297,15000
1787311179769,50000,0,0,297,15000
1787311179870,50000,0,0,297,15000
1787311179970,50000,0,0,297,15000
1787311180070,50000,0,0,297,15000
1787311180169,50000,0,0,297,15000
1787311180269,50000,0,0,297,15000
1787311180370,50000,0,0,297,15000
1787311180470,50000,0,0,297,15000
1787311180569,50000,0,0,297,15000
1787311180670,50000,0,0,297,15000
1787311180770,50000,0,0,297,15000
1787311180870,50000,0,0,297,15000
1787311180970,50000,0,0,297,15000
1787311181070,50000,0,0,297,15000
1787311181170,50000,0,0,297,15000
1787311181269,50000,0,0,297,15000
1787311181370,50000,0,0,297,15000
1787311181470,50000,0,0,297,15000
1787311181570,50000,0,0,297,15000
1787311181670,50000,0,0,297,15000
1787311181770,50000,0,0,297,15000
1787311181870,50000,0,0,297,15000
1787311181969,50000,0,0,297,15000
1787311182070,50000,0,0,297,15000
1787311182170,50000,0,0,297,15000
1787311182270,50000,0,0,297,15000
1787311182370,50000,0,0,297,15000
1787311182469,50000,0,0,297,15000
1787311182570,50000,0,0,297,15000
1787311182670,50000,0,0,297,15000
1787311182770,50000,0,0,297,15000
1787311182870,50000,0,0,297,15000
1787311182970,50000,0,0,297,15000
1787311183070,50000,0,0,297,15000
1787311183170,50000,0,0,297,15000
1787311183270,50000,0,0,297,15000
1787311183370,50000,0,0,297,15000
1787311183470,50000,0,0,297,15000
1787311183570,50000,0,0,297,15000
1787311183669,50000,0,0,297,15000
1787311183770,50000,0,0,297,15000
1787311183870,50000,0,0,297,15000
1787311183970,50000,0,0,297,15000
1787311184070,50000,0,0,297,15000
1787311184170,50000,0,0,297,15000
1787311184270,50000,0,0,297,15000
1787311184370,50000,0,0,297,15000
1787311184470,50000,0,0,297,15000
1787311184570,50000,0,0,297,15000
1787311184670,50000,0,0,297,15000
1787311184770,50000,0,0,297,15000
1787311184870,50000,0,0,297,15000
1787311184970,50000,0,0,297,15000
1787311185069,50000,0,0,297,15000
1787311185170,50000,0,0,297,15000
1787311185269,50000,0,0,297,15000
1787311185370,50000,0,0,297,15000
1787311185469,50000,0,0,297,15000
1787311185570,50000,0,0,297,15000
1787311185670,50000,0,0,297,15000
1787311185770,50000,0,0,297,15000
1787311185870,50000,0,0,297,15000
1787311185970,50000,0,0,297,15000
1787311186070,50000,0,0,297,15000
1787311186169,50000,0,0,297,15000
1787311186270,50000,0,0,297,15000
1787311186370,50000,0,0,297,15000
1787311186469,50000,0,0,297,15000
1787311186569,50000,0,0,297,15000
1787311186670,50000,0,0,297,15000
1787311186770,50000,0,0,297,15000
1787311186869,50000,0,0,297,15000
1787311186970,50000,0,0,297,15000
1787311187069,50000,0,0,297,15000
1787311187170,50000,0,0,297,15000
1787311187270,50000,0,0,297,15000
1787311187370,50000,0,0,297,15000
1787311187470,50000,0,0,297,15000
1787311187570,50000,0,0,297,15000
1787311187669,50000,0,0,297,15000
1787311187770,50000,0,0,297,15000
1787311187869,50000,0,0,297,15000
1787311187970,50000,0,0,297,15000
1787311188070,50000,0,0,297,15000
1787311188170,50000,0,0,297,15000
1787311188270,50000,0,0,297,15000
1787311188370,50000,0,0,297,15000
1787311188469,50000,0,0,297,15000
1787311188570,50000,0,0,297,15000
1787311188670,50000,0,0,297,15000
1787311188770,50000,0,0,297,15000
1787311188870,50000,0,0,297,15000
1787311188970,50000,0,0,297,15000
1787311189070,50000,0,0,297,15000
1787311189170,50000,0,0,297,15000
1787311189270,50000,0,0,297,15000
1787311189370,50000,0,0,297,15000
1787311189470,50000,0,0,297,15000
1787311189570,50000,0,0,297,15000
1787311189669,50000,0,0,297,15000
1787311189770,50000,0,0,297,15000
1787311189870,50000,0,0,297,15000
1787311189970,50000,0,0,297,15000
1787311190070,50000,0,0,297,15000
1787311190170,50000,0,0,297,15000
1787311190270,50000,0,0,297,15000
1787311190370,50000,0,0,297,15000
1787311190470,50000,0,0,297,15000
1787311190570,50000,0,0,297,15000
1787311190670,50000,0,0,297,15000
1787311190770,50000,0,0,297,15000
1787311190870,50000,0,0,297,15000
1787311190970,50000,0,0,297,15000
1787311191070,50000,0,0,297,15000
1787311191170,50000,0,0,297,15000
1787311191270,50000,0,0,297,15000
1787311191370,50000,0,0,297,15000
1787311191470,50000,0,0,297,15000
1787311191570,50000,0,0,297,15000
1787311191670,50000,0,0,297,15000
1787311191770,50000,0,0,297,15000
1787311191870,50000,0,0,297,15000
1787311191970,50000,0,0,297,15000
1787311192070,50000,0,0,297,15000
1787311192170,50000,0,0,297,15000
1787311192270,50000,0,0,297,15000
1787311192369,50000,0,0,297,15000
1787311192470,50000,0,0,297,15000
1787311192570,50000,0,0,297,15000
1787311192670,50000,0,0,297,15000
1787311192770,50000,0,0,297,15000
1787311192870,50000,0,0,297,15000
1787311192970,50000,0,0,297,15000
1787311193070,50000,0,0,297,15000
1787311193170,50000,0,0,297,15000
1787311193270,50000,0,0,297,15000
1787311193369,50000,0,0,297,15000
1787311193470,50000,0,0,297,15000
1787311193570,50000,0,0,297,15000
1787311193670,50000,0,0,297,15000
1787311193770,50000,0,0,297,15000
1787311193869,50000,0,0,297,15000
1787311193970,50000,0,0,297,15000
1787311194069,50000,0,0,297,15000
1787311194170,50000,0,0,297,15000
1787311194270,50000,0,0,297,15000
1787311194369,50000,0,0,297,15000
1787311194470,50000,0,0,297,15000
1787311194570,50000,0,0,297,15000
1787311194670,50000,0,0,297,15000
1787311194770,50000,0,0,297,15000
1787311194870,50000,0,0,297,15000
1787311194970,50000,0,0,297,15000
1787311195070,50000,0,0,297,15000
1787311195170,50000,0,0,297,15000
1787311195270,50000,0,0,297,15000
1787311195370,50000,0,0,297,15000
1787311195470,50000,0,0,297,15000
1787311195570,50000,0,0,297,15000
1787311195670,50000,0,0,297,15000
1787311195769,50000,0,0,297,15000
1787311195870,50000,0,0,297,15000
1787311195970,50000,0,0,297,15000
1787311196070,50000,0,0,297,15000
1787311196170,50000,0,0,297,15000
1787311196270,50000,0,0,297,15000
1787311196370,50000,0,0,297,15000
1787311196470,50000,0,0,297,15000
1787311196569,50000,0,0,297,15000
1787311196670,50000,0,0,297,15000
1787311196770,50000,0,0,297,15000
1787311196870,50000,0,0,297,15000
1787311196970,50120,-8684,0,297,15000
1787311197070,50120,-8684,0,297,15000
1787311197170,50120,-8684,0,297,15000
1787311197270,50120,-8684,-3900,297,15000
1787311197370,50120,-8684,-3900,297,15000
1787311197470,50120,-8684,-3900,297,15000
1787311197570,50120,-8684,-3900,297,15000
1787311197670,50120,-8684,-3900,297,15000
1787311197770,50120,-8684,-3900,297,15000
1787311197870,50120,-8684,-8500,297,15000
1787311197970,50120,-8684,-8500,297,15000
1787311198070,50120,-8684,-8500,297,15000
1787311198170,50120,-8684,-8500,297,15000
1787311198269,50120,-8684,-8500,297,15000
1787311198370,50120,-8684,-8500,297,15000
1787311198470,50120,-8684,-8500,297,15000
1787311198570,50120,-8684,-8600,297,15000
1787311198670,50120,-8684,-8600,297,15000
1787311198770,50120,-8684,-8600,297,15000
1787311198870,50120,-8684,-8600,297,15000
1787311198970,50120,-8684,-8600,297,15000
1787311199070,50120,-8684,-8600,297,15000
1787311199170,50120,-8684,-8600,297,15000
1787311199270,50120,-8684,-8600,297,15000
1787311199370,50120,-8684,-8600,297,15000
1787311199470,50120,-8684,-8600,297,15000
1787311199570,50120,-8684,-8600,297,15000
1787311199670,50120,-8684,-8600,297,15000
1787311199770,50120,-8684,-8600,297,15000
1787311199869,50120,-8684,-8600,297,15000
1787311199970,50120,-8684,-8600,297,15000
1787311200070,50120,-8684,-8600,297,15000
1787311200170,50120,-8684,-8600,297,15000
1787311200270,50120,-8684,-8600,297,15000
1787311200370,50120,-8684,-8600,297,15000
1787311200470,50120,-8684,-8600,297,15000
1787311200570,50120,-8684,-8600,297,15000
1787311200670,50120,-8684,-8600,297,15000
1787311200769,50120,-8684,-8600,297,15000
1787311200870,50120,-8684,-8600,297,15000
1787311200970,50120,-8684,-8600,297,15000
1787311201070,50120,-8684,-8600,297,15000
1787311201170,50120,-8684,-8600,297,15000
1787311201270,50120,-8684,-8600,297,15000
1787311201370,50120,-8684,-8600,297,15000
1787311201469,50120,-8684,-8600,297,15000
1787311201570,50120,-8684,-8600,297,15000
1787311201670,50120,-8684,-8600,297,15000
1787311201770,50120,-8684,-8600,297,15000
1787311201870,50120,-8684,-8600,297,15000
1787311201970,50120,-8684,-8600,297,15000
1787311202070,50120,-8684,-8600,297,15000
1787311202170,50120,-8684,-8600,297,15000
1787311202269,50120,-8684,-8600,297,15000
1787311202370,50120,-8684,-8600,297,15000
1787311202470,50120,-8684,-8600,297,15000
1787311202570,50120,-8684,-8600,297,15000
1787311202669,50120,-8684,-8500,297,15000
1787311202770,50120,-8684,-8500,297,15000
1787311202870,50120,-8684,-8500,297,15000
1787311202969,50120,-8684,-8500,297,15000
1787311203069,50120,-8684,-8500,297,15000
1787311203170,50120,-8684,-8500,297,15000
1787311203270,50120,-8684,-8500,297,15000
1787311203370,50120,-8684,-8600,297,15000
1787311203470,50120,-8684,-8600,297,15000
1787311203570,50120,-8684,-8600,297,15000
1787311203670,50120,-8684,-8600,297,15000
1787311203770,50120,-8684,-8600,297,15000
1787311203870,50120,-8684,-8600,297,15000
1787311203970,50120,-8684,-8600,297,15000
1787311204070,50120,-8684,-8600,297,15000
1787311204169,50120,-8684,-8600,297,15000
1787311204269,50120,-8684,-8600,297,15000
1787311204370,50120,-8684,-8600,297,15000
1787311204470,50120,-8684,-8600,297,15000
1787311204570,50120,-8684,-8600,297,15000
1787311204670,50120,-8684,-8500,297,15000
1787311204770,50120,-8684,-8500,297,15000
1787311204870,50120,-8684,-8500,297,15000
1787311204969,50120,-8684,-8500,297,15000
1787311205070,50120,-8684,-8500,297,15000
1787311205170,50120,-8684,-8500,297,15000
1787311205270,50120,-8684,-8600,297,15000
1787311205370,50120,-8684,-8600,297,15000
1787311205470,50120,-8684,-8600,297,15000
1787311205570,50120,-8684,-8600,297,15000
1787311205669,50120,-8684,-8600,297,15000
1787311205770,50120,-8684,-8600,297,15000
1787311205870,50120,-8684,-8600,297,15000
1787311205970,50120,-8684,-8600,297,15000
1787311206070,50120,-8684,-8600,297,15000
1787311206170,50120,-8684,-8600,297,15000
1787311206270,50120,-8684,-8600,297,15000
1787311206370,50120,-8684,-8600,297,15000
1787311206469,50120,-8684,-8600,297,15000
1787311206570,50120,-8684,-8600,297,15000
1787311206670,50120,-8684,-8600,297,15000
1787311206769,50120,-8684,-8600,297,15000
1787311206870,50120,-8684,-8600,297,15000
1787311206969,50120,-8684,-8600,297,15000
1787311207070,50120,-8684,-8600,297,15000
1787311207169,50120,-8684,-8500,297,15000
1787311207270,50120,-8684,-8500,297,15000
1787311207370,50120,-8684,-8500,297,15000
1787311207470,50120,-8684,-8500,297,15000
1787311207570,50120,-8684,-8500,297,15000
1787311207670,50120,-8684,-8500,297,15000
1787311207770,50120,-8684,-8500,297,15000
1787311207870,50120,-8684,-8500,297,15000
1787311207970,50120,-8684,-8500,297,15000
1787311208070,50120,-8684,-8500,297,15000
1787311208170,50120,-8684,-8600,297,15000
1787311208270,50120,-8684,-8600,297,15000
1787311208370,50120,-8684,-8600,297,15000
1787311208470,50120,-8684,-8600,297,15000
1787311208570,50120,-8684,-8600,297,15000
1787311208670,50120,-8684,-8600,297,15000
1787311208770,50120,-8684,-8600,297,15000
1787311208870,50120,-8684,-8600,297,15000
1787311208970,50120,-8684,-8600,297,15000
1787311209070,50120,-8684,-8600,297,15000
1787311209170,50120,-8684,-8600,297,15000
1787311209270,50120,-8684,-8600,297,15000
1787311209370,50120,-8684,-8600,297,15000
1787311209469,50120,-8684,-8600,297,15000
1787311209570,50120,-8684,-8600,297,15000
1787311209670,50120,-8684,-8600,297,15000
1787311209770,50120,-8684,-8600,297,15000
1787311209870,50120,-8684,-8600,297,15000
1787311209970,50120,-8684,-8600,297,15000
1787311210070,50120,-8684,-8600,297,15000
1787311210169,50120,-8684,-8600,297,15000
1787311210270,50120,-8684,-8600,297,15000
1787311210370,50120,-8684,-8600,297,15000
1787311210470,50120,-8684,-8600,297,15000
1787311210570,50120,-8684,-8600,297,15000
1787311210670,50120,-8684,-8600,297,15000
1787311210770,50120,-8684,-8600,297,15000
1787311210870,50120,-8684,-8600,297,15000
1787311210970,50120,-8684,-8600,297,15000
1787311211070,50120,-8684,-8600,297,15000
1787311211170,50120,-8684,-8600,297,15000
1787311211270,50120,-8684,-8600,297,15000
1787311211370,50120,-8684,-8600,297,15000
1787311211470,50120,-8684,-8600,297,15000
1787311211570,50120,-8684,-8600,297,15000
1787311211670,50120,-8684,-8600,297,15000
1787311211770,50120,-8684,-8600,297,15000
1787311211870,50120,-8684,-8600,297,15000
1787311211969,50120,-8684,-8600,297,15000
1787311212069,50120,-8684,-8600,297,15000
1787311212170,50120,-8684,-8600,297,15000
1787311212270,50120,-8684,-8600,297,15000
1787311212370,50120,-8684,-8600,297,15000
1787311212469,50120,-8684,-8600,297,15000
1787311212569,50120,-8684,-8500,297,15000
1787311212670,50120,-8684,-8500,297,15000
1787311212770,50120,-8684,-8500,297,15000
1787311212869,50120,-8684,-8500,297,15000
1787311212970,50120,-8684,-8600,297,15000
1787311213070,50120,-8684,-8600,297,15000
1787311213169,50120,-8684,-8600,297,15000
1787311213270,50120,-8684,-8600,297,15000
1787311213369,50120,-8684,-8600,297,15000
1787311213470,50120,-8684,-8600,297,15000
1787311213570,50120,-8684,-8600,297,15000
1787311213670,50120,-8684,-8600,297,15000
1787311213769,50120,-8684,-8600,297,15000
1787311213870,50120,-8684,-8600,297,15000
1787311213970,50120,-8684,-8600,297,15000
1787311214070,50120,-8684,-8600,297,15000
1787311214170,50120,-8684,-8600,297,15000
1787311214270,50120,-8684,-8600,297,15000
1787311214370,50120,-8684,-8600,297,15000
1787311214470,50120,-8684,-8600,297,15000
1787311214570,50120,-8684,-8600,297,15000
1787311214670,50120,-8684,-8600,297,15000
1787311214769,50120,-8684,-8600,297,15000
1787311214870,50120,-8684,-8600,297,15000
1787311214969,50120,-8684,-8600,297,15000
1787311215070,50120,-8684,-8600,297,15000
1787311215170,50120,-8684,-8600,297,15000
1787311215269,50120,-8684,-8600,297,15000
1787311215369,50120,-8684,-8600,297,15000
1787311215469,50120,-8684,-8600,297,15000
1787311215569,50120,-8684,-8600,297,15000
1787311215669,50120,-8684,-8600,297,15000
1787311215770,50120,-8684,-8600,297,15000
1787311215870,50120,-8684,-8600,297,15000
1787311215970,50120,-8684,-8600,297,15000
1787311216069,50120,-8684,-8600,297,15000
1787311216170,50120,-8684,-8600,297,15000
1787311216270,50120,-8684,-8600,297,15000
1787311216369,50120,-8684,-8600,297,15000
1787311216470,50120,-8684,-8600,297,15000
1787311216570,50120,-8684,-8600,297,15000
1787311216670,50120,-8684,-8600,297,15000
1787311216770,50120,-8684,-8600,297,15000
1787311216869,50120,-8684,-8600,297,15000
1787311216970,50120,-8684,-8600,297,15000
1787311217070,50120,-8684,-8600,297,15000
1787311217170,50120,-8684,-8600,297,15000
1787311217270,50120,-8684,-8600,297,15000
1787311217370,50120,-8684,-8600,297,15000
1787311217470,50120,-8684,-8600,297,15000
1787311217570,50120,-8684,-8600,297,15000
1787311217669,50120,-8684,-8600,297,15000
1787311217769,50120,-8684,-8600,297,15000
1787311217870,50120,-8684,-8600,297,15000
1787311217970,50120,-8684,-8600,297,15000
1787311218070,50120,-8684,-8600,297,15000
1787311218169,50120,-8684,-8600,297,15000
1787311218270,50120,-8684,-8600,297,15000
1787311218370,50120,-8684,-8600,297,15000
1787311218470,50120,-8684,-8600,297,15000
1787311218570,50120,-8684,-8600,297,15000
1787311218670,50120,-8684,-8600,297,15000
1787311218770,50120,-8684,-8600,297,15000
1787311218869,50120,-8684,-8600,297,15000
1787311218970,50120,-8684,-8600,297,15000
1787311219070,50120,-8684,-8600,297,15000
1787311219170,50120,-8684,-8600,297,15000
1787311219270,50120,-8684,-8600,297,15000
1787311219370,50120,-8684,-8600,297,15000
1787311219470,50120,-8684,-8600,297,15000
1787311219569,50120,-8684,-8600,297,15000
1787311219670,50120,-8684,-8600,297,15000
1787311219770,50120,-8684,-8600,297,15000
1787311219870,50120,-8684,-8600,297,15000
1787311219970,50120,-8684,-8600,297,15000
1787311220070,50120,-8684,-8600,297,15000
1787311220169,50120,-8684,-8600,297,15000
1787311220270,50120,-8684,-8600,297,15000
1787311220370,50120,-8684,-8600,297,15000
1787311220470,50120,-8684,-8600,297,15000
1787311220570,50120,-8684,-8600,297,15000
1787311220670,50120,-8684,-8600,297,15000
1787311220770,50120,-8684,-8600,297,15000
1787311220870,50120,-8684,-8600,297,15000
1787311220970,50120,-8684,-8600,297,15000
1787311221070,50120,-8684,-8600,297,15000
1787311221170,50120,-8684,-8600,297,15000
1787311221270,50120,-8684,-8600,297,15000
1787311221370,50120,-8684,-8600,297,15000
1787311221469,50120,-8684,-8600,297,15000
1787311221570,50120,-8684,-8600,297,15000
1787311221670,50120,-8684,-8600,297,15000
1787311221769,50120,-8684,-8600,297,15000
1787311221870,50120,-8684,-8600,297,15000
1787311221969,50120,-8684,-8600,297,15000
1787311222070,50120,-8684,-8600,297,15000
1787311222170,50120,-8684,-8600,297,15000
1787311222270,50120,-8684,-8600,297,15000
1787311222370,50120,-8684,-8600,297,15000
1787311222469,50120,-8684,-8600,297,15000
1787311222569,50120,-8684,-8600,297,15000
1787311222670,50120,-8684,-8600,297,15000
1787311222770,50120,-8684,-8600,297,15000
1787311222870,50120,-8684,-8600,297,15000
1787311222969,50120,-8684,-8600,297,15000
1787311223070,50120,-8684,-8600,297,15000
1787311223170,50120,-8684,-8600,297,15000
1787311223269,50120,-8684,-8600,297,15000
1787311223369,50120,-8684,-8600,297,15000
1787311223470,50120,-8684,-8600,297,15000
1787311223570,50120,-8684,-8600,297,15000
1787311223670,50120,-8684,-8600,297,15000
1787311223770,50120,-8684,-8600,297,15000
1787311223870,50120,-8684,-8600,297,15000
1787311223970,50120,-8684,-8600,297,15000
1787311224070,50120,-8684,-8600,297,15000
1787311224170,50120,-8684,-8600,297,15000
1787311224269,50120,-8684,-8600,297,15000
1787311224370,50120,-8684,-8600,297,15000
1787311224470,50120,-8684,-8500,297,15000
1787311224570,50120,-8684,-8500,297,15000
1787311224670,50120,-8684,-8500,297,15000
1787311224770,50120,-8684,-8500,297,15000
1787311224870,50120,-8684,-8500,297,15000
1787311224969,50120,-8684,-8500,297,15000
1787311225070,50120,-8684,-8500,297,15000
1787311225169,50120,-8684,-8600,297,15000
1787311225269,50120,-8684,-8600,297,15000
1787311225370,50120,-8684,-8600,297,15000
1787311225469,50120,-8684,-8600,297,15000
1787311225570,50120,-8684,-8600,297,15000
1787311225670,50120,-8684,-8600,297,15000
1787311225770,50120,-8684,-8600,297,15000
1787311225869,50120,-8684,-8600,297,15000
1787311225970,50120,-8684,-8600,297,15000
1787311226070,50120,-8684,-8600,297,15000
1787311226170,50120,-8684,-8600,297,15000
1787311226270,50120,-8684,-8600,297,15000
1787311226370,50120,-8684,-8600,297,15000
1787311226470,50120,-8684,-8600,297,15000
1787311226570,50120,-8684,-8600,297,15000
1787311226670,50120,-8684,-8600,297,15000
1787311226770,50120,-8684,-8600,297,15000
1787311226870,50120,-8684,-8600,297,15000
1787311226969,50120,-8684,-8600,297,15000
1787311227070,50120,-8684,-8600,297,15000
1787311227170,50120,-8684,-8600,297,15000
1787311227270,50120,-8684,-8600,297,15000
1787311227370,50120,-8684,-8600,297,15000
1787311227470,50120,-8684,-8600,297,15000
1787311227570,50120,-8684,-8600,297,15000
1787311227669,50120,-8684,-8500,297,15000
1787311227770,50120,-8684,-8500,297,15000
1787311227870,50120,-8684,-8500,297,15000
1787311227970,50120,-8684,-8500,297,15000
1787311228070,50120,-8684,-8500,297,15000
1787311228169,50120,-8684,-8500,297,15000
1787311228270,50120,-8684,-8600,297,15000
1787311228370,50120,-8684,-8600,297,15000
1787311228470,50120,-8684,-8600,297,15000
1787311228570,50120,-8684,-8600,297,15000
1787311228670,50120,-8684,-8600,297,15000
1787311228770,50120,-8684,-8600,297,15000
1787311228870,50120,-8684,-8600,297,15000
1787311228970,50120,-8684,-8600,297,15000
1787311229070,50120,-8684,-8600,297,15000
1787311229170,50120,-8684,-8600,297,15000
1787311229270,50120,-8684,-8500,297,15000
1787311229369,50120,-8684,-8500,297,15000
1787311229469,50120,-8684,-8500,297,15000
1787311229570,50120,-8684,-8500,297,15000
1787311229670,50120,-8684,-8500,297,15000
1787311229770,50120,-8684,-8500,297,15000
1787311229870,50120,-8684,-8500,297,15000
1787311229970,50120,-8684,-8500,297,15000
1787311230069,50120,-8684,-8500,297,15000
1787311230170,50120,-8684,-8500,297,15000
1787311230269,50120,-8684,-8500,297,15000
1787311230370,50120,-8684,-8500,297,15000
1787311230470,50120,-8684,-8500,297,15000
1787311230570,50120,-8684,-8600,297,15000
1787311230669,50120,-8684,-8600,297,15000
1787311230770,50120,-8684,-8600,297,15000
1787311230870,50120,-8684,-8600,297,15000
1787311230969,50120,-8684,-8600,297,15000
1787311231070,50120,-8684,-8600,297,15000
1787311231170,50120,-8684,-8600,297,15000
1787311231269,50120,-8684,-8600,297,15000
1787311231369,50120,-8684,-8600,297,15000
1787311231470,50120,-8684,-8600,297,15000
1787311231570,50120,-8684,-8600,297,15000
1787311231670,50120,-8684,-8600,297,15000
1787311231770,50120,-8684,-8600,297,15000
1787311231870,50120,-8684,-8600,297,15000
1787311231970,50120,-8684,-8600,297,15000
1787311232070,50120,-8684,-8600,297,15000
1787311232170,50120,-8684,-8600,297,15000
1787311232270,50120,-8684,-8600,297,15000
1787311232370,50120,-8684,-8600,297,15000
1787311232470,50120,-8684,-8600,297,15000
1787311232570,50120,-8684,-8600,297,15000
1787311232669,50120,-8684,-8600,297,15000
1787311232770,50120,-8684,-8600,297,15000
1787311232870,50120,-8684,-8600,297,15000
1787311232970,50120,-8684,-8600,297,15000
1787311233070,50120,-8684,-8600,297,15000
1787311233169,50120,-8684,-8600,297,15000
1787311233270,50120,-8684,-8600,297,15000
1787311233369,50120,-8684,-8600,297,15000
1787311233469,50120,-8684,-8600,297,15000
1787311233570,50120,-8684,-8600,297,15000
1787311233670,50120,-8684,-8500,297,15000
1787311233770,50120,-8684,-8500,297,15000
1787311233870,50120,-8684,-8500,297,15000
1787311233970,50120,-8684,-8500,297,15000
1787311234070,50120,-8684,-8500,297,15000
1787311234169,50120,-8684,-8500,297,15000
1787311234270,50120,-8684,-8500,297,15000
1787311234370,50120,-8684,-8500,297,15000
1787311234470,50120,-8684,-8500,297,15000
1787311234570,50120,-8684,-8500,297,15000
1787311234670,50120,-8684,-8500,297,15000
1787311234770,50120,-8684,-8600,297,15000
1787311234869,50120,-8684,-8600,297,15000
1787311234969,50120,-8684,-8600,297,15000
1787311235070,50120,-8684,-8600,297,15000
1787311235170,50120,-8684,-8600,297,15000
1787311235270,50120,-8684,-8600,297,15000
1787311235370,50120,-8684,-8500,297,15000
1787311235470,50120,-8684,-8500,297,15000
1787311235570,50120,-8684,-8500,297,15000
1787311235669,50120,-8684,-8500,297,15000
1787311235769,50120,-8684,-8500,297,15000
1787311235870,50120,-8684,-8500,297,15000
1787311235970,50120,-8684,-8500,297,15000
1787311236070,50120,-8684,-8500,297,15000
1787311236170,50120,-8684,-8500,297,15000
1787311236270,50120,-8684,-8500,297,15000
1787311236370,50120,-8684,-8500,297,15000
1787311236470,50120,-8684,-8500,297,15000
1787311236570,50120,-8684,-8500,297,15000
1787311236670,50120,-8684,-8600,297,15000
1787311236770,50120,-8684,-8600,297,15000
1787311236870,50120,-8684,-8600,297,15000
1787311236970,50120,-8684,-8600,297,15000
1787311237069,50120,-8684,-8600,297,15000
1787311237170,50120,-8684,-8600,297,15000
1787311237270,50120,-8684,-8600,297,15000
1787311237369,50120,-8684,-8600,297,15000
1787311237470,50120,-8684,-8600,297,15000
1787311237569,50120,-8684,-8600,297,15000
1787311237670,50120,-8684,-8600,297,15000
1787311237770,50120,-8684,-8600,297,15000
1787311237870,50120,-8684,-8500,297,15000
1787311237969,50120,-8684,-8500,297,15000
1787311238070,50120,-8684,-8500,297,15000
1787311238170,50120,-8684,-8500,297,15000
1787311238270,50120,-8684,-8500,297,15000
1787311238370,50120,-8684,-8500,297,15000
1787311238470,50120,-8684,-8600,297,15000
1787311238570,50120,-8684,-8600,297,15000
1787311238670,50120,-8684,-8600,297,15000
1787311238770,50120,-8684,-8600,297,15000
1787311238869,50120,-8684,-8600,297,15000
1787311238970,50120,-8684,-8600,297,15000
1787311239070,50120,-8684,-8600,297,15000
1787311239170,50120,-8684,-8600,297,15000
1787311239269,50120,-8684,-8600,297,15000
1787311239370,50120,-8684,-8600,297,15000
1787311239470,50120,-8684,-8600,297,15000
1787311239570,50120,-8684,-8500,297,15000
1787311239670,50120,-8684,-8500,297,15000
1787311239770,50120,-8684,-8500,297,15000
1787311239870,50120,-8684,-8500,297,15000
1787311239970,50120,-8684,-8500,297,15000
1787311240070,50120,-8684,-8500,297,15000
1787311240170,50120,-8684,-8600,297,15000
1787311240270,50120,-8684,-8600,297,15000
1787311240370,50120,-8684,-8600,297,15000
1787311240470,50120,-8684,-8600,297,15000
1787311240570,50120,-8684,-8600,297,15000
1787311240670,50120,-8684,-8600,297,15000
1787311240770,50120,-8684,-8600,297,15000
1787311240870,50120,-8684,-8600,297,15000
1787311240970,50120,-8684,-8600,297,15000
1787311241070,50120,-8684,-8600,297,15000
1787311241169,50120,-8684,-8600,297,15000
1787311241270,50120,-8684,-8600,297,15000
1787311241369,50120,-8684,-8600,297,15000
1787311241470,50120,-8684,-8600,297,15000
1787311241570,50120,-8684,-8600,297,15000
1787311241670,50120,-8684,-8600,297,15000
1787311241770,50120,-8684,-8600,297,15000
1787311241870,50120,-8684,-8600,297,15000
1787311241970,50120,-8684,-8600,297,15000
1787311242069,50120,-8684,-8600,297,15000
1787311242170,50120,-8684,-8600,297,15000
1787311242269,50120,-8684,-8600,297,15000
1787311242370,50120,-8684,-8600,297,15000
1787311242470,50120,-8684,-8600,297,15000
1787311242570,50120,-8684,-8600,297,15000
1787311242670,50120,-8684,-8600,297,15000
1787311242769,50120,-8684,-8600,297,15000
1787311242870,50120,-8684,-8600,297,15000
1787311242970,50120,-8684,-8600,297,15000
1787311243070,50120,-8684,-8600,297,15000
1787311243170,50120,-8684,-8600,297,15000
1787311243270,50120,-8684,-8600,297,15000
1787311243370,50120,-8684,-8600,297,15000
1787311243470,50120,-8684,-8600,297,15000
1787311243570,50120,-8684,-8600,297,15000
1787311243670,50120,-8684,-8600,297,15000
1787311243769,50120,-8684,-8600,297,15000
1787311243870,50120,-8684,-8600,297,15000
1787311243970,50120,-8684,-8600,297,15000
1787311244069,50120,-8684,-8600,297,15000
1787311244169,50120,-8684,-8600,297,15000
1787311244270,50120,-8684,-8600,297,15000
1787311244369,50120,-8684,-8600,297,15000
1787311244470,50120,-8684,-8500,297,15000
1787311244570,50120,-8684,-8500,297,15000
1787311244669,50120,-8684,-8500,297,15000
1787311244770,50120,-8684,-8500,297,15000
1787311244870,50120,-8684,-8500,297,15000
1787311244970,50120,-8684,-8500,297,15000
1787311245070,50120,-8684,-8500,297,15000
1787311245169,50120,-8684,-8600,297,15000
1787311245269,50120,-8684,-8600,297,15000
1787311245370,50120,-8684,-8600,297,15000
1787311245470,50120,-8684,-8600,297,15000
1787311245570,50120,-8684,-8600,297,15000
1787311245670,50120,-8684,-8600,297,15000
1787311245770,50120,-8684,-8600,297,15000
1787311245870,50120,-8684,-8600,297,15000
1787311245969,50120,-8684,-8600,297,15000
1787311246070,50120,-8684,-8600,297,15000
1787311246170,50120,-8684,-8600,297,15000
1787311246270,50120,-8684,-8600,297,15000
1787311246370,50120,-8684,-8600,297,15000
1787311246470,50120,-8684,-8600,297,15000
1787311246570,50120,-8684,-8600,297,15000
1787311246670,50120,-8684,-8600,297,15000
1787311246770,50120,-8684,-8600,297,15000
1787311246870,50120,-8684,-8600,297,15000
1787311246970,50120,-8684,-8600,297,15000
1787311247070,50120,-8684,-8600,297,15000
1787311247170,50120,-8684,-8600,297,15000
1787311247270,50120,-8684,-8600,297,15000
1787311247370,50120,-8684,-8600,297,15000
1787311247470,50120,-8684,-8600,297,15000
1787311247570,50120,-8684,-8600,297,15000
1787311247670,50120,-8684,-8600,297,15000
1787311247770,50120,-8684,-8600,297,15000
1787311247870,50120,-8684,-8600,297,15000
1787311247970,50120,-8684,-8600,297,15000
1787311248070,50120,-8684,-8600,297,15000
1787311248170,50120,-8684,-8600,297,15000
1787311248270,50120,-8684,-8600,297,15000
1787311248370,50120,-8684,-8600,297,15000
1787311248470,50120,-8684,-8600,297,15000
1787311248570,50120,-8684,-8600,297,15000
1787311248670,50120,-8684,-8600,297,15000
1787311248770,50120,-8684,-8600,297,15000
1787311248870,50120,-8684,-8600,297,15000
1787311248969,50120,-8684,-8600,297,15000
1787311249070,50120,-8684,-8600,297,15000
1787311249169,50120,-8684,-8600,297,15000
1787311249270,50120,-8684,-8600,297,15000
1787311249370,50120,-8684,-8600,297,15000
1787311249470,50120,-8684,-8600,297,15000
1787311249570,50120,-8684,-8600,297,15000
1787311249670,50120,-8684,-8600,297,15000
1787311249770,50120,-8684,-8600,297,15000
1787311249870,50120,-8684,-8600,297,15000
1787311249970,50120,-8684,-8600,297,15000
1787311250070,50120,-8684,-8600,297,15000
1787311250170,50120,-8684,-8600,297,15000
1787311250270,50120,-8684,-8600,297,15000
1787311250370,50120,-8684,-8600,297,15000
1787311250470,50120,-8684,-8600,297,15000
1787311250570,50120,-8684,-8600,297,15000
1787311250670,50120,-8684,-8600,297,15000
1787311250770,50120,-8684,-8600,297,15000
1787311250870,50120,-8684,-8600,297,15000
1787311250969,50120,-8684,-8600,297,15000
1787311251070,50120,-8684,-8600,297,15000
1787311251170,50120,-8684,-8600,297,15000
1787311251270,50120,-8684,-8600,297,15000
1787311251369,50120,-8684,-8600,297,15000
1787311251470,50120,-8684,-8600,297,15000
1787311251569,50120,-8684,-8600,297,15000
1787311251670,50120,-8684,-8600,297,15000
1787311251770,50120,-8684,-8600,297,15000
1787311251870,50120,-8684,-8600,297,15000
1787311251970,50120,-8684,-8600,297,15000
1787311252070,50120,-8684,-8600,297,15000
1787311252170,50120,-8684,-8600,297,15000
1787311252270,50120,-8684,-8600,297,15000
1787311252370,50120,-8684,-8600,297,15000
1787311252470,50120,-8684,-8600,297,15000
1787311252570,50120,-8684,-8600,297,15000
1787311252670,50120,-8684,-8600,297,15000
1787311252770,50120,-8684,-8600,297,15000
1787311252870,50120,-8684,-8600,297,15000
1787311252970,50120,-8684,-8600,297,15000
1787311253070,50120,-8684,-8600,297,15000
1787311253170,50120,-8684,-8600,297,15000
1787311253270,50120,-8684,-8600,297,15000
1787311253370,50120,-8684,-8600,297,15000
1787311253470,50120,-8684,-8600,297,15000
1787311253570,50120,-8684,-8600,297,15000
1787311253670,50120,-8684,-8600,297,15000
1787311253770,50120,-8684,-8600,297,15000
1787311253870,50120,-8684,-8600,297,15000
1787311253970,50120,-8684,-8600,297,15000
1787311254070,50120,-8684,-8600,297,15000
1787311254169,50120,-8684,-8600,297,15000
1787311254270,50120,-8684,-8600,297,15000
1787311254370,50120,-8684,-8600,297,15000
1787311254470,50120,-8684,-8600,297,15000
1787311254569,50120,-8684,-8600,297,15000
1787311254670,50120,-8684,-8600,297,15000
1787311254770,50120,-8684,-8600,297,15000
1787311254870,50120,-8684,-8600,297,15000
1787311254970,50120,-8684,-8600,297,15000
1787311255070,50120,-8684,-8600,297,15000
1787311255170,50120,-8684,-8600,297,15000
1787311255269,50120,-8684,-8600,297,15000
1787311255370,50120,-8684,-8600,297,15000
1787311255470,50120,-8684,-8600,297,15000
1787311255569,50120,-8684,-8600,297,15000
1787311255669,50120,-8684,-8600,297,15000
1787311255770,50120,-8684,-8600,297,15000
1787311255869,50120,-8684,-8600,297,15000
1787311255970,50120,-8684,-8500,297,15000
1787311256070,50120,-8684,-8500,297,15000
1787311256170,50120,-8684,-8500,297,15000
1787311256269,50120,-8684,-8500,297,15000
1787311256370,50120,-8684,-8500,297,15000
1787311256470,50120,-8684,-8500,297,15000
1787311256570,50120,-8684,-8600,297,15000
1787311256670,50120,-8684,-8600,297,15000
1787311256770,50120,-8684,-8600,297,15000
1787311256869,50120,-8684,-8600,297,15000
1787311256970,50120,-8684,-8600,297,15000
1787311257070,50120,-8684,-8600,297,15000
1787311257170,50120,-8684,-8600,297,15000
1787311257270,50120,-8684,-8600,297,15000
1787311257370,50120,-8684,-8600,297,15000
1787311257470,50120,-8684,-8600,297,15000
1787311257570,50120,-8684,-8600,297,15000
1787311257669,50120,-8684,-8600,297,15000
1787311257770,50120,-8684,-8600,297,15000
1787311257869,50120,-8684,-8500,297,15000
1787311257969,50120,-8684,-8500,297,15000
1787311258070,50120,-8684,-8500,297,15000
1787311258170,50120,-8684,-8500,297,15000
1787311258270,50120,-8684,-8500,297,15000
1787311258370,50120,-8684,-8500,297,15000
1787311258470,50120,-8684,-8600,297,15000
1787311258569,50120,-8684,-8600,297,15000
1787311258670,50120,-8684,-8600,297,15000
1787311258770,50120,-8684,-8600,297,15000
1787311258870,50120,-8684,-8600,297,15000
1787311258970,50120,-8684,-8600,297,15000
1787311259070,50120,-8684,-8600,297,15000
1787311259170,50120,-8684,-8600,297,15000
1787311259269,50120,-8684,-8600,297,15000
1787311259370,50120,-8684,-8600,297,15000
1787311259470,50120,-8684,-8600,297,15000
1787311259569,50120,-8684,-8600,297,15000
1787311259670,50120,-8684,-8600,297,15000
1787311259770,50120,-8684,-8600,297,15000
1787311259870,50120,-8684,-8600,297,15000
1787311259970,50120,-8684,-8600,297,15000
1787311260070,50120,-8684,-8600,297,15000
1787311260169,50120,-8684,-8600,297,15000
1787311260269,50120,-8684,-8600,297,15000
1787311260370,50120,-8684,-8600,297,15000
1787311260470,50120,-8684,-8600,297,15000
1787311260570,50120,-8684,-8600,297,15000
1787311260669,50120,-8684,-8600,297,15000
1787311260770,50120,-8684,-8600,297,15000
1787311260870,50120,-8684,-8600,297,15000
1787311260970,50120,-8684,-8600,297,15000
1787311261069,50120,-8684,-8600,297,15000
1787311261170,50120,-8684,-8600,297,15000
1787311261270,50120,-8684,-8600,297,15000
1787311261370,50120,-8684,-8600,297,15000
1787311261469,50120,-8684,-8600,297,15000
1787311261570,50120,-8684,-8600,297,15000
1787311261670,50120,-8684,-8600,297,15000
1787311261770,50120,-8684,-8600,297,15000
1787311261870,50120,-8684,-8600,297,15000
1787311261969,50120,-8684,-8500,297,15000
1787311262070,50120,-8684,-8500,297,15000
1787311262170,50120,-8684,-8500,297,15000
1787311262270,50120,-8684,-8500,297,15000
1787311262370,50120,-8684,-8500,297,15000
1787311262470,50120,-8684,-8500,297,15000
1787311262570,50120,-8684,-8600,297,15000
1787311262670,50120,-8684,-8600,297,15000
1787311262770,50120,-8684,-8600,297,15000
1787311262870,50120,-8684,-8600,297,15000
1787311262969,50120,-8684,-8600,297,15000
1787311263070,50120,-8684,-8600,297,15000
1787311263170,50120,-8684,-8600,297,15000
1787311263270,50120,-8684,-8500,297,15000
1787311263370,50120,-8684,-8500,297,15000
1787311263470,50120,-8684,-8500,297,15000
1787311263569,50120,-8684,-8500,297,15000
1787311263669,50120,-8684,-8500,297,15000
1787311263770,50120,-8684,-8500,297,15000
1787311263870,50120,-8684,-8600,297,15000
1787311263970,50120,-8684,-8600,297,15000
1787311264070,50120,-8684,-8600,297,15000
1787311264170,50120,-8684,-8600,297,15000
1787311264270,50120,-8684,-8600,297,15000
1787311264370,50120,-8684,-8600,297,15000
1787311264470,50120,-8684,-8600,297,15000
1787311264570,50120,-8684,-8600,297,15000
1787311264670,50120,-8684,-8600,297,15000
1787311264770,50120,-8684,-8600,297,15000
1787311264870,50120,-8684,-8600,297,15000
1787311264970,50120,-8684,-8600,297,15000
1787311265070,50120,-8684,-8600,297,15000
1787311265170,50120,-8684,-8600,297,15000
1787311265270,50120,-8684,-8600,297,15000
1787311265370,50120,-8684,-8600,297,15000
1787311265470,50120,-8684,-8600,297,15000
1787311265570,50120,-8684,-8600,297,15000
1787311265669,50120,-8684,-8600,297,15000
1787311265770,50120,-8684,-8600,297,15000
1787311265870,50120,-8684,-8600,297,15000
1787311265970,50120,-8684,-8600,297,15000
1787311266070,50120,-8684,-8600,297,15000
1787311266170,50120,-8684,-8600,297,15000
1787311266270,50120,-8684,-8600,297,15000
1787311266370,50120,-8684,-8600,297,15000
1787311266470,50120,-8684,-8600,297,15000
1787311266570,50120,-8684,-8600,297,15000
1787311266669,50120,-8684,-8600,297,15000
1787311266770,50120,-8684,-8500,297,15000
1787311266870,50120,-8684,-8500,297,15000
1787311266970,50120,-8684,-8500,297,15000
1787311267069,50120,-8684,-8500,297,15000
1787311267170,50120,-8684,-8500,297,15000
1787311267269,50120,-8684,-8500,297,15000
1787311267370,50120,-8684,-8600,297,15000
1787311267469,50120,-8684,-8600,297,15000
1787311267569,50120,-8684,-8600,297,15000
1787311267670,50120,-8684,-8600,297,15000
1787311267769,50120,-8684,-8600,297,15000
1787311267870,50120,-8684,-8600,297,15000
1787311267970,50120,-8684,-8600,297,15000
1787311268070,50120,-8684,-8600,297,15000
1787311268170,50120,-8684,-8600,297,15000
1787311268269,50120,-8684,-8600,297,15000
1787311268370,50120,-8684,-8600,297,15000
1787311268469,50120,-8684,-8600,297,15000
1787311268570,50120,-8684,-8600,297,15000
1787311268669,50120,-8684,-8600,297,15000
1787311268769,50120,-8684,-8600,297,15000
1787311268870,50120,-8684,-8600,297,15000
1787311268969,50120,-8684,-8600,297,15000
1787311269069,50120,-8684,-8600,297,15000
1787311269170,50120,-8684,-8600,297,15000
1787311269269,50120,-8684,-8600,297,15000
1787311269369,50120,-8684,-8600,297,15000
1787311269470,50120,-8684,-8600,297,15000
1787311269570,50120,-8684,-8600,297,15000
1787311269670,50120,-8684,-8600,297,15000
1787311269769,50120,-8684,-8600,297,15000
1787311269870,50120,-8684,-8500,297,15000
1787311269969,50120,-8684,-8500,297,15000
1787311270070,50120,-8684,-8500,297,15000
1787311270170,50120,-8684,-8500,297,15000
1787311270270,50120,-8684,-8500,297,15000
1787311270370,50120,-8684,-8500,297,15000
1787311270470,50120,-8684,-8600,297,15000
1787311270570,50120,-8684,-8600,297,15000
1787311270670,50120,-8684,-8600,297,15000
1787311270770,50120,-8684,-8600,297,15000
1787311270869,50120,-8684,-8600,297,15000
1787311270969,50120,-8684,-8600,297,15000
1787311271070,50120,-8684,-8600,297,15000
1787311271170,50120,-8684,-8600,297,15000
1787311271270,50120,-8684,-8600,297,15000
1787311271369,50120,-8684,-8600,297,15000
1787311271470,50120,-8684,-8600,297,15000
1787311271570,50120,-8684,-8600,297,15000
1787311271669,50120,-8684,-8600,297,15000
1787311271770,50120,-8684,-8600,297,15000
1787311271870,50120,-8684,-8600,297,15000
1787311271970,50120,-8684,-8600,297,15000
1787311272070,50120,-8684,-8600,297,15000
1787311272170,50120,-8684,-8600,297,15000
1787311272270,50120,-8684,-8600,297,15000
1787311272370,50120,-8684,-8600,297,15000
1787311272470,50120,-8684,-8600,297,15000
1787311272570,50120,-8684,-8600,297,15000
1787311272669,50120,-8684,-8600,297,15000
1787311272770,50120,-8684,-8600,297,15000
1787311272870,50120,-8684,-8500,297,15000
1787311272970,50120,-8684,-8500,297,15000
1787311273070,50120,-8684,-8500,297,15000
1787311273170,50120,-8684,-8500,297,15000
1787311273270,50120,-8684,-8500,297,15000
1787311273369,50120,-8684,-8500,297,15000
1787311273470,50120,-8684,-8600,297,15000
1787311273570,50120,-8684,-8600,297,15000
1787311273670,50120,-8684,-8600,297,15000
1787311273770,50120,-8684,-8600,297,15000
1787311273870,50120,-8684,-8600,297,15000
1787311273970,50120,-8684,-8600,297,15000
1787311274070,50120,-8684,-8600,297,15000
1787311274170,50120,-8684,-8600,297,15000
1787311274270,50120,-8684,-8600,297,15000
1787311274370,50120,-8684,-8600,297,15000
1787311274470,50120,-8684,-8600,297,15000
1787311274570,50120,-8684,-8600,297,15000
1787311274670,50120,-8684,-8600,297,15000
1787311274770,50120,-8684,-8600,297,15000
1787311274870,50120,-8684,-8600,297,15000
1787311274970,50120,-8684,-8600,297,15000
1787311275070,50120,-8684,-8600,297,15000
1787311275170,50120,-8684,-8600,297,15000
1787311275270,50120,-8684,-8600,297,15000
1787311275370,50120,-8684,-8600,297,15000
1787311275470,50120,-8684,-8600,297,15000
1787311275570,50120,-8684,-8600,297,15000
1787311275670,50120,-8684,-8600,297,15000
1787311275769,50120,-8684,-8600,297,15000
1787311275870,50120,-8684,-8600,297,15000
1787311275970,50120,-8684,-8600,297,15000
1787311276070,50120,-8684,-8600,297,15000
1787311276170,50120,-8684,-8600,297,15000
1787311276270,50120,-8684,-8600,297,15000
1787311276370,50120,-8684,-8600,297,15000
1787311276470,50120,-8684,-8600,297,15000
1787311276570,50120,-8684,-8600,297,15000
1787311276669,50120,-8684,-8600,297,15000
1787311276770,50120,-8684,-8600,297,15000
1787311276870,50120,-8684,-8600,297,15000
1787311276970,50120,-8684,-8600,297,15000
1787311277070,50120,-8684,-8600,297,15000
1787311277170,50120,-8684,-8600,297,15000
1787311277270,50120,-8684,-8600,297,15000
1787311277370,50120,-8684,-8600,297,15000
1787311277470,50120,-8684,-8600,297,15000
1787311277569,50120,-8684,-8600,297,15000
1787311277669,50120,-8684,-8600,297,15000
1787311277770,50120,-8684,-8600,297,15000
1787311277870,50120,-8684,-8600,297,15000
1787311277970,50120,-8684,-8600,297,15000
1787311278070,50120,-8684,-8600,297,15000
1787311278170,50120,-8684,-8600,297,15000
1787311278270,50120,-8684,-8600,297,15000
1787311278370,50120,-8684,-8600,297,15000
1787311278470,50120,-8684,-8600,297,15000
1787311278570,50120,-8684,-8600,297,15000
1787311278670,50120,-8684,-8600,297,15000
1787311278769,50120,-8684,-8600,297,15000
1787311278870,50120,-8684,-8600,297,15000
1787311278970,50120,-8684,-8600,297,15000
1787311279070,50120,-8684,-8600,297,15000
1787311279170,50120,-8684,-8600,297,15000
1787311279270,50120,-8684,-8600,297,15000
1787311279370,50120,-8684,-8600,297,15000
1787311279470,50120,-8684,-8600,297,15000
1787311279570,50120,-8684,-8600,297,15000
1787311279669,50120,-8684,-8600,297,15000
1787311279770,50120,-8684,-8600,297,15000
1787311279870,50120,-8684,-8600,297,15000
1787311279969,50120,-8684,-8600,297,15000
1787311280070,50120,-8684,-8600,297,15000
1787311280170,50120,-8684,-8600,297,15000
1787311280270,50120,-8684,-8600,297,15000
1787311280369,50120,-8684,-8600,297,15000
1787311280470,50120,-8684,-8600,297,15000
1787311280569,50120,-8684,-8600,297,15000
1787311280669,50120,-8684,-8600,297,15000
1787311280770,50120,-8684,-8600,297,15000
1787311280869,50120,-8684,-8600,297,15000
1787311280970,50120,-8684,-8600,297,15000
1787311281070,50120,-8684,-8600,297,15000
1787311281170,50120,-8684,-8600,297,15000
1787311281269,50120,-8684,-8600,297,15000
1787311281370,50120,-8684,-8600,297,15000
1787311281469,50120,-8684,-8600,297,15000
1787311281569,50120,-8684,-8600,297,15000
1787311281670,50120,-8684,-8600,297,15000
1787311281770,50120,-8684,-8600,297,15000
1787311281870,50120,-8684,-8600,297,15000
1787311281970,50120,-8684,-8600,297,15000
1787311282070,50120,-8684,-8600,297,15000
1787311282169,50120,-8684,-8600,297,15000
1787311282270,50120,-8684,-8600,297,15000
1787311282370,50120,-8684,-8600,297,15000
1787311282469,50120,-8684,-8600,297,15000
1787311282570,50120,-8684,-8600,297,15000
1787311282670,50120,-8684,-8600,297,15000
1787311282770,50120,-8684,-8600,297,15000
1787311282870,50120,-8684,-8600,297,15000
1787311282970,50120,-8684,-8600,297,15000
1787311283070,50120,-8684,-8600,297,15000
1787311283170,50120,-8684,-8600,297,15000
1787311283269,50120,-8684,-8600,297,15000
1787311283370,50120,-8684,-8600,297,15000
1787311283469,50120,-8684,-8600,297,15000
1787311283570,50120,-8684,-8600,297,15000
1787311283670,50120,-8684,-8500,297,15000
1787311283769,50120,-8684,-8500,297,15000
1787311283869,50120,-8684,-8500,297,15000
1787311283970,50120,-8684,-8500,297,15000
1787311284070,50120,-8684,-8500,297,15000
1787311284170,50120,-8684,-8500,297,15000
1787311284269,50120,-8684,-8600,297,15000
1787311284370,50120,-8684,-8600,297,15000
1787311284469,50120,-8684,-8600,297,15000
1787311284571,50120,-8684,-8600,297,15000
1787311284670,50120,-8684,-8600,297,15000
1787311284770,50120,-8684,-8600,297,15000
1787311284870,50120,-8684,-8600,297,15000
1787311284970,50120,-8684,-8600,297,15000
1787311285070,50120,-8684,-8600,297,15000
1787311285170,50120,-8684,-8600,297,15000
1787311285269,50120,-8684,-8600,297,15000
1787311285370,50120,-8684,-8600,297,15000
1787311285470,50120,-8684,-8600,297,15000
1787311285570,50120,-8684,-8500,297,15000
1787311285670,50120,-8684,-8500,297,15000
1787311285770,50120,-8684,-8500,297,15000
1787311285870,50120,-8684,-8500,297,15000
1787311285969,50120,-8684,-8500,297,15000
1787311286070,50120,-8684,-8500,297,15000
1787311286170,50120,-8684,-8600,297,15000
1787311286270,50120,-8684,-8600,297,15000
1787311286370,50120,-8684,-8600,297,15000
1787311286470,50120,-8684,-8600,297,15000
1787311286570,50120,-8684,-8600,297,15000
1787311286670,50120,-8684,-8600,297,15000
1787311286770,50120,-8684,-8500,297,15000
1787311286870,50120,-8684,-8500,297,15000
1787311286970,50120,-8684,-8500,297,15000
1787311287070,50120,-8684,-8500,297,15000
1787311287170,50120,-8684,-8500,297,15000
1787311287270,50120,-8684,-8500,297,15000
1787311287370,50120,-8684,-8500,297,15000
1787311287470,50120,-8684,-8600,297,15000
1787311287570,50120,-8684,-8600,297,15000
1787311287670,50120,-8684,-8600,297,15000
1787311287770,50120,-8684,-8600,297,15000
1787311287869,50120,-8684,-8600,297,15000
1787311287970,50120,-8684,-8600,297,15000
1787311288070,50120,-8684,-8600,297,15000
1787311288170,50120,-8684,-8600,297,15000
1787311288269,50120,-8684,-8600,297,15000
1787311288370,50120,-8684,-8600,297,15000
1787311288470,50120,-8684,-8600,297,15000
1787311288570,50120,-8684,-8600,297,15000
1787311288670,50120,-8684,-8600,297,15000
1787311288770,50120,-8684,-8600,297,15000
1787311288870,50120,-8684,-8600,297,15000
1787311288970,50120,-8684,-8600,297,15000
1787311289070,50120,-8684,-8600,297,15000
1787311289170,50120,-8684,-8600,297,15000
1787311289270,50120,-8684,-8600,297,15000
1787311289369,50120,-8684,-8600,297,15000
1787311289470,50120,-8684,-8600,297,15000
1787311289570,50120,-8684,-8600,297,15000
1787311289670,50120,-8684,-8500,297,15000
1787311289770,50120,-8684,-8500,297,15000
1787311289870,50120,-8684,-8500,297,15000
1787311289970,50120,-8684,-8500,297,15000
1787311290069,50120,-8684,-8500,297,15000
1787311290170,50120,-8684,-8500,297,15000
1787311290270,50120,-8684,-8500,297,15000
1787311290369,50120,-8684,-8500,297,15000
1787311290469,50120,-8684,-8500,297,15000
1787311290569,50120,-8684,-8500,297,15000
1787311290669,50120,-8684,-8500,297,15000
1787311290769,50120,-8684,-8500,297,15000
1787311290870,50120,-8684,-8500,297,15000
1787311290969,50120,-8684,-8600,297,15000
1787311291070,50120,-8684,-8600,297,15000
1787311291170,50120,-8684,-8600,297,15000
1787311291270,50120,-8684,-8600,297,15000
1787311291370,50120,-8684,-8600,297,15000
1787311291470,50120,-8684,-8600,297,15000
1787311291569,50120,-8684,-8600,297,15000
1787311291669,50120,-8684,-8600,297,15000
1787311291770,50120,-8684,-8600,297,15000
1787311291870,50120,-8684,-8600,297,15000
1787311291969,50120,-8684,-8600,297,15000
1787311292070,50120,-8684,-8600,297,15000
1787311292170,50120,-8684,-8600,297,15000
1787311292270,50120,-8684,-8600,297,15000
1787311292370,50120,-8684,-8600,297,15000
1787311292470,50120,-8684,-8600,297,15000
1787311292570,50120,-8684,-8600,297,15000
1787311292669,50120,-8684,-8600,297,15000
1787311292770,50120,-8684,-8600,297,15000
1787311292869,50120,-8684,-8600,297,15000
1787311292970,50120,-8684,-8600,297,15000
1787311293070,50120,-8684,-8600,297,15000
1787311293170,50120,-8684,-8600,297,15000
1787311293269,50120,-8684,-8600,297,15000
1787311293369,50120,-8684,-8600,297,15000
1787311293470,50120,-8684,-8600,297,15000
1787311293570,50120,-8684,-8600,297,15000
1787311293670,50120,-8684,-8600,297,15000
1787311293770,50120,-8684,-8600,297,15000
1787311293870,50120,-8684,-8600,297,15000
1787311293970,50120,-8684,-8600,297,15000
1787311294070,50120,-8684,-8600,297,15000
1787311294170,50120,-8684,-8600,297,15000
1787311294270,50120,-8684,-8600,297,15000
1787311294370,50120,-8684,-8600,297,15000
1787311294470,50120,-8684,-8600,297,15000
1787311294570,50120,-8684,-8600,297,15000
1787311294669,50120,-8684,-8600,297,15000
1787311294770,50120,-8684,-8600,297,15000
1787311294869,50120,-8684,-8600,297,15000
1787311294970,50120,-8684,-8600,297,15000
1787311295069,50120,-8684,-8600,297,15000
1787311295170,50120,-8684,-8600,297,15000
1787311295269,50120,-8684,-8600,297,15000
1787311295370,50120,-8684,-8600,297,15000
1787311295470,50120,-8684,-8600,297,15000
1787311295570,50120,-8684,-8600,297,15000
1787311295670,50120,-8684,-8600,297,15000
1787311295770,50120,-8684,-8600,297,15000
1787311295870,50120,-8684,-8600,297,15000
1787311295970,50120,-8684,-8600,297,15000
1787311296069,50120,-8684,-8600,297,15000
1787311296170,50120,-8684,-8600,297,15000
1787311296270,50120,-8684,-8600,297,15000
1787311296370,50120,-8684,-8600,297,15000
1787311296470,50120,-8684,-8600,297,15000
1787311296570,50120,-8684,-8600,297,15000
1787311296670,50120,-8684,-8600,297,15000
1787311296770,50120,-8684,-8600,297,15000
1787311296870,50120,-8684,-8600,297,15000
1787311296970,50120,-8684,-8500,297,15000
1787311297070,50120,-8684,-8500,297,15000
1787311297170,50120,-8684,-8500,297,15000
1787311297270,50120,-8684,-8500,297,15000
1787311297370,50120,-8684,-8500,297,15000
1787311297469,50120,-8684,-8500,297,15000
1787311297569,50120,-8684,-8500,297,15000
1787311297670,50120,-8684,-8600,297,15000
1787311297770,50120,-8684,-8600,297,15000
1787311297870,50120,-8684,-8600,297,15000
1787311297970,50120,-8684,-8600,297,15000
1787311298069,50120,-8684,-8600,297,15000
1787311298170,50120,-8684,-8600,297,15000
1787311298270,50120,-8684,-8500,297,15000
1787311298370,50120,-8684,-8500,297,15000
1787311298469,50120,-8684,-8500,297,15000
1787311298570,50120,-8684,-8500,297,15000
1787311298670,50120,-8684,-8500,297,15000
1787311298770,50120,-8684,-8500,297,15000
1787311298870,50120,-8684,-8500,297,15000
1787311298970,50120,-8684,-8500,297,15000
1787311299070,50120,-8684,-8500,297,15000
1787311299170,50120,-8684,-8500,297,15000
1787311299270,50120,-8684,-8600,297,15000
1787311299369,50120,-8684,-8600,297,15000
1787311299469,50120,-8684,-8600,297,15000
1787311299570,50120,-8684,-8600,297,15000
1787311299670,50120,-8684,-8600,297,15000
1787311299770,50120,-8684,-8600,297,15000
1787311299870,50120,-8684,-8600,297,15000
1787311299970,50120,-8684,-8600,297,15000
1787311300070,50120,-8684,-8600,297,15000
1787311300169,50120,-8684,-8600,297,15000
1787311300270,50120,-8684,-8600,297,15000
1787311300370,50120,-8684,-8600,297,15000
1787311300470,50120,-8684,-8600,297,15000
1787311300569,50120,-8684,-8600,297,15000
1787311300670,50120,-8684,-8600,297,15000
1787311300770,50120,-8684,-8600,297,15000
1787311300870,50120,-8684,-8600,297,15000
1787311300970,50120,-8684,-8600,297,15000
1787311301069,50120,-8684,-8600,297,15000
1787311301170,50120,-8684,-8600,297,15000
1787311301270,50120,-8684,-8600,297,15000
1787311301370,50120,-8684,-8600,297,15000
1787311301470,50120,-8684,-8600,297,15000
1787311301570,50120,-8684,-8600,297,15000
1787311301670,50120,-8684,-8600,297,15000
1787311301770,50120,-8684,-8600,297,15000
1787311301870,50120,-8684,-8500,297,15000
1787311301970,50120,-8684,-8500,297,15000
1787311302070,50120,-8684,-8500,297,15000
1787311302169,50120,-8684,-8500,297,15000
1787311302269,50120,-8684,-8500,297,15000
1787311302370,50120,-8684,-8500,297,15000
1787311302470,50120,-8684,-8600,297,15000
1787311302570,50120,-8684,-8600,297,15000
1787311302670,50120,-8684,-8600,297,15000
1787311302770,50120,-8684,-8600,297,15000
1787311302870,50120,-8684,-8600,297,15000
1787311302969,50120,-8684,-8600,297,15000
1787311303070,50120,-8684,-8600,297,15000
1787311303170,50120,-8684,-8600,297,15000
1787311303270,50120,-8684,-8600,297,15000
1787311303370,50120,-8684,-8600,297,15000
1787311303470,50120,-8684,-8600,297,15000
1787311303570,50120,-8684,-8500,297,15000
1787311303670,50120,-8684,-8500,297,15000
1787311303770,50120,-8684,-8500,297,15000
1787311303870,50120,-8684,-8500,297,15000
1787311303970,50120,-8684,-8500,297,15000
1787311304070,50120,-8684,-8500,297,15000
1787311304170,50120,-8684,-8600,297,15000
1787311304270,50120,-8684,-8600,297,15000
1787311304370,50120,-8684,-8600,297,15000
1787311304470,50120,-8684,-8600,297,15000
1787311304570,50120,-8684,-8600,297,15000
1787311304670,50120,-8684,-8600,297,15000
1787311304770,50120,-8684,-8500,297,15000
1787311304870,50120,-8684,-8500,297,15000
1787311304969,50120,-8684,-8500,297,15000
1787311305070,50120,-8684,-8500,297,15000
1787311305170,50120,-8684,-8500,297,15000
1787311305270,50120,-8684,-8500,297,15000
1787311305370,50120,-8684,-8500,297,15000
1787311305470,50120,-8684,-8500,297,15000
1787311305570,50120,-8684,-8500,297,15000
1787311305670,50120,-8684,-8500,297,15000
1787311305770,50120,-8684,-8500,297,15000
1787311305870,50120,-8684,-8500,297,15000
1787311305969,50120,-8684,-8500,297,15000
1787311306070,50120,-8684,-8600,297,15000
1787311306170,50120,-8684,-8600,297,15000
1787311306270,50120,-8684,-8600,297,15000
1787311306369,50120,-8684,-8600,297,15000
1787311306470,50120,-8684,-8600,297,15000
1787311306569,50120,-8684,-8600,297,15000
1787311306670,50120,-8684,-8500,297,15000
1787311306769,50120,-8684,-8500,297,15000
1787311306870,50120,-8684,-8500,297,15000
1787311306970,50120,-8684,-8500,297,15000
1787311307069,50120,-8684,-8500,297,15000
1787311307170,50120,-8684,-8500,297,15000
1787311307269,50120,-8684,-8600,297,15000
1787311307370,50120,-8684,-8600,297,15000
1787311307470,50120,-8684,-8600,297,15000
1787311307569,50120,-8684,-8600,297,15000
1787311307670,50120,-8684,-8600,297,15000
1787311307769,50120,-8684,-8600,297,15000
1787311307870,50120,-8684,-8600,297,15000
1787311307970,50120,-8684,-8600,297,15000
1787311308070,50120,-8684,-8600,297,15000
1787311308170,50120,-8684,-8600,297,15000
1787311308270,50120,-8684,-8600,297,15000
1787311308370,50120,-8684,-8600,297,15000
1787311308470,50120,-8684,-8600,297,15000
1787311308570,50120,-8684,-8600,297,15000
1787311308670,50120,-8684,-8600,297,15000
1787311308770,50120,-8684,-8600,297,15000
1787311308870,50120,-8684,-8600,297,15000
1787311308970,50120,-8684,-8600,297,15000
1787311309070,50120,-8684,-8600,297,15000
1787311309169,50120,-8684,-8600,297,15000
1787311309270,50120,-8684,-8600,297,15000
1787311309370,50120,-8684,-8600,297,15000
1787311309470,50120,-8684,-8600,297,15000
1787311309570,50120,-8684,-8600,297,15000
1787311309670,50120,-8684,-8600,297,15000
1787311309769,50120,-8684,-8600,297,15000
1787311309870,50120,-8684,-8600,297,15000
1787311309969,50120,-8684,-8600,297,15000
1787311310069,50120,-8684,-8600,297,15000
1787311310170,50120,-8684,-8600,297,15000
1787311310270,50120,-8684,-8500,297,15000
1787311310370,50120,-8684,-8500,297,15000
1787311310470,50120,-8684,-8500,297,15000
1787311310570,50120,-8684,-8500,297,15000
1787311310670,50120,-8684,-8500,297,15000
1787311310770,50120,-8684,-8500,297,15000
1787311310870,50120,-8684,-8600,297,15000
1787311310970,50120,-8684,-8600,297,15000
1787311311070,50120,-8684,-8600,297,15000
1787311311170,50120,-8684,-8600,297,15000
1787311311270,50120,-8684,-8600,297,15000
1787311311370,50120,-8684,-8600,297,15000
1787311311470,50120,-8684,-8500,297,15000
1787311311570,50120,-8684,-8500,297,15000
1787311311669,50120,-8684,-8500,297,15000
1787311311770,50120,-8684,-8500,297,15000
1787311311870,50120,-8684,-8500,297,15000
1787311311970,50120,-8684,-8500,297,15000
1787311312070,50120,-8684,-8500,297,15000
1787311312170,50120,-8684,-8600,297,15000
1787311312270,50120,-8684,-8600,297,15000
1787311312370,50120,-8684,-8600,297,15000
1787311312470,50120,-8684,-8600,297,15000
1787311312570,50120,-8684,-8600,297,15000
1787311312670,50120,-8684,-8600,297,15000
1787311312769,50120,-8684,-8600,297,15000
1787311312870,50120,-8684,-8600,297,15000
1787311312970,50120,-8684,-8600,297,15000
1787311313070,50120,-8684,-8600,297,15000
1787311313170,50120,-8684,-8600,297,15000
1787311313270,50120,-8684,-8600,297,15000
1787311313370,50120,-8684,-8600,297,15000
1787311313470,50120,-8684,-8600,297,15000
1787311313570,50120,-8684,-8600,297,15000
1787311313670,50120,-8684,-8600,297,15000
1787311313770,50120,-8684,-8600,297,15000
1787311313870,50120,-8684,-8600,297,15000
1787311313970,50120,-8684,-8600,297,15000
1787311314070,50120,-8684,-8600,297,15000
1787311314170,50120,-8684,-8600,297,15000
1787311314270,50120,-8684,-8600,297,15000
1787311314370,50120,-8684,-8600,297,15000
1787311314470,50120,-8684,-8600,297,15000
1787311314570,50120,-8684,-8600,297,15000
1787311314670,50120,-8684,-8600,297,15000
1787311314770,50120,-8684,-8600,297,15000
1787311314870,50120,-8684,-8600,297,15000
1787311314970,50120,-8684,-8600,297,15000
1787311315070,50120,-8684,-8600,297,15000
1787311315169,50120,-8684,-8600,297,15000
1787311315270,50120,-8684,-8600,297,15000
1787311315369,50120,-8684,-8600,297,15000
1787311315470,50120,-8684,-8600,297,15000
1787311315570,50120,-8684,-8600,297,15000
1787311315670,50120,-8684,-8600,297,15000
1787311315770,50120,-8684,-8600,297,15000
1787311315870,50120,-8684,-8600,297,15000
1787311315970,50120,-8684,-8600,297,15000
1787311316070,50120,-8684,-8600,297,15000
1787311316170,50120,-8684,-8600,297,15000
1787311316270,50120,-8684,-8500,297,15000
1787311316370,50120,-8684,-8500,297,15000
1787311316470,50120,-8684,-8500,297,15000
1787311316570,50120,-8684,-8500,297,15000
1787311316670,50120,-8684,-8500,297,15000
1787311316770,50120,-8684,-8500,297,15000
1787311316870,50120,-8684,-8500,297,15000
1787311316970,50000,0,-8600,297,15000
1787311317070,50000,0,-8600,297,15000
1787311317170,50000,0,-8600,297,15000
1787311317270,50000,0,-8600,297,15000
1787311317370,50000,0,-8600,297,15000
1787311317469,50000,0,-8600,297,15000
1787311317569,50000,0,-1400,297,15000
1787311317670,50000,0,-1400,297,15000
1787311317770,50000,0,-1400,297,15000
1787311317870,50000,0,-1400,297,15000
1787311317970,50000,0,-1400,297,15000
1787311318070,50000,0,-1400,297,15000
1787311318170,50000,0,0,297,15000
1787311318270,50000,0,0,297,15000
1787311318370,50000,0,0,297,15000
1787311318470,50000,0,0,297,15000
1787311318569,50000,0,0,297,15000
1787311318670,50000,0,0,297,15000
1787311318770,50000,0,0,297,15000
1787311318870,50000,0,0,297,15000
1787311318970,50000,0,0,297,15000
1787311319069,50000,0,0,297,15000
1787311319170,50000,0,0,297,15000
1787311319269,50000,0,0,297,15000
1787311319370,50000,0,0,297,15000
1787311319470,50000,0,0,297,15000
1787311319570,50000,0,0,297,15000
1787311319670,50000,0,0,297,15000
1787311319770,50000,0,0,297,15000
1787311319870,50000,0,0,297,15000
1787311319970,50000,0,0,297,15000
1787311320070,50000,0,0,297,15000
1787311320170,50000,0,0,297,15000
1787311320270,50000,0,0,297,15000
1787311320370,50000,0,0,297,15000
1787311320470,50000,0,0,297,15000
1787311320570,50000,0,0,297,15000
1787311320670,50000,0,0,297,15000
1787311320770,50000,0,0,297,15000
1787311320869,50000,0,0,297,15000
1787311320970,50000,0,0,297,15000
1787311321069,50000,0,0,297,15000
1787311321170,50000,0,0,297,15000
1787311321269,50000,0,0,297,15000
1787311321369,50000,0,0,297,15000
1787311321470,50000,0,0,297,15000
1787311321570,50000,0,0,297,15000
1787311321669,50000,0,0,297,15000
1787311321770,50000,0,0,297,15000
1787311321870,50000,0,0,297,15000
1787311321970,50000,0,0,297,15000
1787311322070,50000,0,0,297,15000
1787311322170,50000,0,0,297,15000
1787311322269,50000,0,0,297,15000
1787311322370,50000,0,0,297,15000
1787311322470,50000,0,0,297,15000
1787311322570,50000,0,0,297,15000
1787311322669,50000,0,0,297,15000
1787311322770,50000,0,0,297,15000
1787311322870,50000,0,0,297,15000
1787311322970,50000,0,0,297,15000
1787311323070,50000,0,0,297,15000
1787311323170,50000,0,0,297,15000
1787311323270,50000,0,0,297,15000
1787311323370,50000,0,0,297,15000
1787311323470,50000,0,0,297,15000
1787311323570,50000,0,0,297,15000
1787311323669,50000,0,0,297,15000
1787311323770,50000,0,0,297,15000
1787311323870,50000,0,0,297,15000
1787311323970,50000,0,0,297,15000
1787311324070,50000,0,0,297,15000
1787311324169,50000,0,0,297,15000
1787311324270,50000,0,0,297,15000
1787311324370,50000,0,0,297,15000
1787311324469,50000,0,0,297,15000
1787311324570,50000,0,0,297,15000
1787311324670,50000,0,0,297,15000
1787311324770,50000,0,0,297,15000
1787311324870,50000,0,0,297,15000
1787311324969,50000,0,0,297,15000
1787311325070,50000,0,0,297,15000
1787311325170,50000,0,0,297,15000
1787311325270,50000,0,0,297,15000
1787311325369,50000,0,0,297,15000
1787311325470,50000,0,0,297,15000
1787311325569,50000,0,0,297,15000
1787311325669,50000,0,0,297,15000
1787311325770,50000,0,0,297,15000
1787311325870,50000,0,0,297,15000
1787311325970,50000,0,0,297,15000
1787311326069,50000,0,0,297,15000
1787311326170,50000,0,0,297,15000
1787311326270,50000,0,0,297,15000
1787311326370,50000,0,0,297,15000
1787311326470,50000,0,0,297,15000
1787311326570,50000,0,0,297,15000
1787311326670,50000,0,0,297,15000
1787311326770,50000,0,0,297,15000
1787311326870,50000,0,0,297,15000
1787311326970,50000,0,0,297,15000
1787311327070,50000,0,0,297,15000
1787311327170,50000,0,0,297,15000
1787311327270,50000,0,0,297,15000
1787311327370,50000,0,0,297,15000
1787311327470,50000,0,0,297,15000
1787311327570,50000,0,0,297,15000
1787311327670,50000,0,0,297,15000
1787311327770,50000,0,0,297,15000
1787311327870,50000,0,0,297,15000
1787311327969,50000,0,0,297,15000
1787311328069,50000,0,0,297,15000
1787311328170,50000,0,0,297,15000
1787311328270,50000,0,0,297,15000
1787311328370,50000,0,0,297,15000
1787311328470,50000,0,0,297,15000
1787311328570,50000,0,0,297,15000
1787311328670,50000,0,0,297,15000
1787311328770,50000,0,0,297,15000
1787311328870,50000,0,0,297,15000
1787311328970,50000,0,0,297,15000
1787311329070,50000,0,0,297,15000
1787311329170,50000,0,0,297,15000
1787311329269,50000,0,0,297,15000
1787311329370,50000,0,0,297,15000
1787311329470,50000,0,0,297,15000
1787311329570,50000,0,0,297,15000
1787311329669,50000,0,0,297,15000
1787311329770,50000,0,0,297,15000
1787311329870,50000,0,0,297,15000
1787311329970,50000,0,0,297,15000
1787311330070,50000,0,0,297,15000
1787311330170,50000,0,0,297,15000
1787311330270,50000,0,0,297,15000
1787311330370,50000,0,0,297,15000
1787311330470,50000,0,0,297,15000
1787311330570,50000,0,0,297,15000
1787311330670,50000,0,0,297,15000
1787311330770,50000,0,0,297,15000
1787311330870,50000,0,0,297,15000
1787311330970,50000,0,0,297,15000
1787311331070,50000,0,0,297,15000
1787311331170,50000,0,0,297,15000
1787311331270,50000,0,0,297,15000
1787311331370,50000,0,0,297,15000
1787311331470,50000,0,0,297,15000
1787311331570,50000,0,0,297,15000
1787311331670,50000,0,0,297,15000
1787311331770,50000,0,0,297,15000
1787311331869,50000,0,0,297,15000
1787311331970,50000,0,0,297,15000
1787311332070,50000,0,0,297,15000
1787311332170,50000,0,0,297,15000
1787311332270,50000,0,0,297,15000
1787311332370,50000,0,0,297,15000
1787311332470,50000,0,0,297,15000
1787311332569,50000,0,0,297,15000
1787311332670,50000,0,0,297,15000
1787311332769,50000,0,0,297,15000
1787311332870,50000,0,0,297,15000
1787311332970,50000,0,0,297,15000
1787311333070,50000,0,0,297,15000
1787311333170,50000,0,0,297,15000
1787311333270,50000,0,0,297,15000
1787311333370,50000,0,0,297,15000
1787311333470,50000,0,0,297,15000
1787311333570,50000,0,0,297,15000
1787311333669,50000,0,0,297,15000
1787311333769,50000,0,0,297,15000
1787311333869,50000,0,0,297,15000
1787311333970,50000,0,0,297,15000
1787311334070,50000,0,0,297,15000
1787311334170,50000,0,0,297,15000
1787311334270,50000,0,0,297,15000
1787311334370,50000,0,0,297,15000
1787311334469,50000,0,0,297,15000
1787311334569,50000,0,0,297,15000
1787311334670,50000,0,0,297,15000
1787311334770,50000,0,0,297,15000
1787311334870,50000,0,0,297,15000
1787311334969,50000,0,0,297,15000
1787311335070,50000,0,0,297,15000
1787311335169,50000,0,0,297,15000
1787311335270,50000,0,0,297,15000
1787311335369,50000,0,0,297,15000
1787311335470,50000,0,0,297,15000
1787311335570,50000,0,0,297,15000
1787311335669,50000,0,0,297,15000
1787311335770,50000,0,0,297,15000
1787311335870,50000,0,0,297,15000
1787311335970,50000,0,0,297,15000
1787311336070,50000,0,0,297,15000
1787311336170,50000,0,0,297,15000
1787311336269,50000,0,0,297,15000
1787311336369,50000,0,0,297,15000
1787311336470,50000,0,0,297,15000
1787311336570,50000,0,0,297,15000
1787311336670,50000,0,0,297,15000
1787311336770,50000,0,0,297,15000
1787311336870,50000,0,0,297,15000
1787311336970,50000,0,0,297,15000
1787311337070,50000,0,0,297,15000
1787311337170,50000,0,0,297,15000
1787311337270,50000,0,0,297,15000
1787311337370,50000,0,0,297,15000
1787311337470,50000,0,0,297,15000
1787311337570,50000,0,0,297,15000
1787311337669,50000,0,0,297,15000
1787311337770,50000,0,0,297,15000
1787311337870,50000,0,0,297,15000
1787311337970,50000,0,0,297,15000
1787311338070,50000,0,0,297,15000
1787311338170,50000,0,0,297,15000
1787311338270,50000,0,0,297,15000
1787311338370,50000,0,0,297,15000
1787311338470,50000,0,0,297,15000
1787311338569,50000,0,0,297,15000
1787311338669,50000,0,0,297,15000
1787311338770,50000,0,0,297,15000
1787311338870,50000,0,0,297,15000
1787311338970,50000,0,0,297,15000
1787311339070,50000,0,0,297,15000
1787311339170,50000,0,0,297,15000
1787311339270,50000,0,0,297,15000
1787311339370,50000,0,0,297,15000
1787311339470,50000,0,0,297,15000
1787311339570,50000,0,0,297,15000
1787311339670,50000,0,0,297,15000
1787311339769,50000,0,0,298,15000
1787311339869,50000,0,0,298,15000
1787311339970,50000,0,0,298,15000
1787311340070,50000,0,0,298,15000
1787311340169,50000,0,0,298,15000
1787311340270,50000,0,0,298,15000
1787311340370,50000,0,0,298,15000
1787311340470,50000,0,0,298,15000
1787311340570,50000,0,0,298,15000
1787311340670,50000,0,0,298,15000
1787311340770,50000,0,0,298,15000
1787311340869,50000,0,0,298,15000
1787311340970,50000,0,0,298,15000
1787311341070,50000,0,0,298,15000
1787311341170,50000,0,0,298,15000
1787311341270,50000,0,0,298,15000
1787311341370,50000,0,0,298,15000
1787311341470,50000,0,0,298,15000
1787311341569,50000,0,0,298,15000
1787311341670,50000,0,0,298,15000
1787311341770,50000,0,0,298,15000
1787311341870,50000,0,0,298,15000
1787311341969,50000,0,0,298,15000
1787311342070,50000,0,0,298,15000
1787311342170,50000,0,0,298,15000
1787311342270,50000,0,0,298,15000
1787311342370,50000,0,0,298,15000
1787311342470,50000,0,0,298,15000
1787311342570,50000,0,0,298,15000
1787311342670,50000,0,0,298,15000
1787311342770,50000,0,0,298,15000
1787311342870,50000,0,0,298,15000
1787311342970,50000,0,0,298,15000
1787311343069,50000,0,0,298,15000
1787311343170,50000,0,0,298,15000
1787311343270,50000,0,0,298,15000
1787311343370,50000,0,0,298,15000
1787311343470,50000,0,0,298,15000
1787311343570,50000,0,0,298,15000
1787311343670,50000,0,0,298,15000
1787311343770,50000,0,0,298,15000
1787311343870,50000,0,0,298,15000
1787311343970,50000,0,0,298,15000
1787311344070,50000,0,0,298,15000
1787311344170,50000,0,0,298,15000
1787311344270,50000,0,0,298,15000
1787311344370,50000,0,0,298,15000
1787311344469,50000,0,0,298,15000
1787311344569,50000,0,0,298,15000
1787311344670,50000,0,0,298,15000
1787311344770,50000,0,0,298,15000
1787311344870,50000,0,0,298,15000
1787311344970,50000,0,0,298,15000
1787311345070,50000,0,0,298,15000
1787311345170,50000,0,0,298,15000
1787311345270,50000,0,0,298,15000
1787311345370,50000,0,0,298,15000
1787311345470,50000,0,0,298,15000
1787311345570,50000,0,0,298,15000
1787311345670,50000,0,0,298,15000
1787311345770,50000,0,0,298,15000
1787311345870,50000,0,0,298,15000
1787311345970,50000,0,0,298,15000
1787311346069,50000,0,0,298,15000
1787311346170,50000,0,0,298,15000
1787311346270,50000,0,0,298,15000
1787311346370,50000,0,0,298,15000
1787311346470,50000,0,0,298,15000
1787311346570,50000,0,0,298,15000
1787311346670,50000,0,0,298,15000
1787311346770,50000,0,0,298,15000
1787311346870,50000,0,0,298,15000
1787311346970,49880,8684,0,298,15000
1787311347070,49880,8684,0,298,15000
1787311347170,49880,8684,0,298,15000
1787311347270,49880,8684,0,298,15000
1787311347370,49880,8684,0,298,15000
1787311347470,49880,8684,0,298,15000
1787311347570,49880,8684,0,298,15000
1787311347670,49880,8684,7500,298,15000
1787311347770,49880,8684,7500,298,15000
1787311347870,49880,8684,7500,298,15000
1787311347970,49880,8684,7500,298,15000
1787311348070,49880,8684,7500,298,15000
1787311348170,49880,8684,7500,298,15000
1787311348270,49880,8684,8500,298,15000
1787311348370,49880,8684,8500,298,15000
1787311348469,49880,8684,8500,298,15000
1787311348570,49880,8684,8500,298,15000
1787311348670,49880,8684,8500,298,15000
1787311348770,49880,8684,8500,298,15000
1787311348870,49880,8684,8500,298,15000
1787311348970,49880,8684,8500,298,15000
1787311349070,49880,8684,8500,298,15000
1787311349170,49880,8684,8500,298,15000
1787311349270,49880,8684,8500,298,15000
1787311349369,49880,8684,8500,298,15000
1787311349470,49880,8684,8500,298,15000
1787311349570,49880,8684,8500,298,15000
1787311349670,49880,8684,8500,298,15000
1787311349770,49880,8684,8500,298,15000
1787311349869,49880,8684,8500,298,15000
1787311349970,49880,8684,8500,298,15000
1787311350070,49880,8684,8500,298,15000
1787311350170,49880,8684,8500,298,15000
1787311350270,49880,8684,8500,298,15000
1787311350370,49880,8684,8500,298,15000
1787311350470,49880,8684,8500,298,15000
1787311350570,49880,8684,8500,298,15000
1787311350670,49880,8684,8500,298,15000
1787311350770,49880,8684,8500,298,15000
1787311350870,49880,8684,8500,298,15000
1787311350970,49880,8684,8500,298,15000
1787311351070,49880,8684,8500,298,15000
1787311351170,49880,8684,8500,298,15000
1787311351269,49880,8684,8500,298,15000
1787311351370,49880,8684,8500,298,15000
1787311351469,49880,8684,8500,298,15000
1787311351570,49880,8684,8500,298,15000
1787311351670,49880,8684,8500,298,15000
1787311351770,49880,8684,8500,298,15000
1787311351870,49880,8684,8500,298,15000
1787311351970,49880,8684,8500,298,15000
1787311352070,49880,8684,8500,298,15000
1787311352170,49880,8684,8500,298,15000
1787311352270,49880,8684,8500,298,15000
1787311352370,49880,8684,8500,298,15000
1787311352470,49880,8684,8500,298,15000
1787311352570,49880,8684,8500,298,15000
1787311352670,49880,8684,8500,298,15000
1787311352770,49880,8684,8500,298,15000
1787311352870,49880,8684,8500,298,15000
1787311352970,49880,8684,8500,298,15000
1787311353070,49880,8684,8500,298,15000
1787311353170,49880,8684,8500,298,15000
1787311353269,49880,8684,8500,298,15000
1787311353370,49880,8684,8500,298,15000
1787311353470,49880,8684,8500,298,15000
1787311353570,49880,8684,8500,298,15000
1787311353669,49880,8684,8600,298,15000
1787311353770,49880,8684,8600,298,15000
1787311353870,49880,8684,8600,298,15000
1787311353970,49880,8684,8600,298,15000
1787311354070,49880,8684,8600,298,15000
1787311354170,49880,8684,8600,298,15000
1787311354270,49880,8684,8600,298,15000
1787311354370,49880,8684,8600,298,15000
1787311354470,49880,8684,8600,298,15000
1787311354570,49880,8684,8600,298,15000
1787311354670,49880,8684,8600,298,15000
1787311354770,49880,8684,8600,298,15000
1787311354870,49880,8684,8600,298,15000
1787311354970,49880,8684,8500,298,15000
1787311355070,49880,8684,8500,298,15000
1787311355170,49880,8684,8500,298,15000
1787311355270,49880,8684,8500,298,15000
1787311355370,49880,8684,8500,298,15000
1787311355469,49880,8684,8500,298,15000
1787311355570,49880,8684,8500,298,15000
1787311355670,49880,8684,8500,298,15000
1787311355770,49880,8684,8500,298,15000
1787311355870,49880,8684,8500,298,15000
1787311355970,49880,8684,8600,298,15000
1787311356069,49880,8684,8600,298,15000
1787311356170,49880,8684,8600,298,15000
1787311356270,49880,8684,8600,298,15000
1787311356370,49880,8684,8600,298,15000
1787311356469,49880,8684,8600,298,15000
1787311356570,49880,8684,8600,298,15000
1787311356669,49880,8684,8500,298,15000
1787311356770,49880,8684,8500,298,15000
1787311356870,49880,8684,8500,298,15000
1787311356970,49880,8684,8500,298,15000
1787311357070,49880,8684,8500,298,15000
1787311357170,49880,8684,8500,298,15000
1787311357269,49880,8684,8500,298,15000
1787311357370,49880,8684,8500,298,15000
1787311357470,49880,8684,8500,298,15000
1787311357570,49880,8684,8500,298,15000
1787311357670,49880,8684,8500,298,15000
1787311357770,49880,8684,8500,298,15000
1787311357870,49880,8684,8500,298,15000
1787311357970,49880,8684,8500,298,15000
1787311358070,49880,8684,8500,298,15000
1787311358170,49880,8684,8500,298,15000
1787311358269,49880,8684,8500,298,15000
1787311358370,49880,8684,8500,298,15000
1787311358470,49880,8684,8500,298,15000
1787311358570,49880,8684,8500,298,15000
1787311358670,49880,8684,8500,298,15000
1787311358770,49880,8684,8500,298,15000
1787311358870,49880,8684,8500,298,15000
1787311358970,49880,8684,8500,298,15000
1787311359070,49880,8684,8500,298,15000
1787311359170,49880,8684,8500,298,15000
1787311359270,49880,8684,8500,298,15000
1787311359370,49880,8684,8500,298,15000
1787311359470,49880,8684,8500,298,15000
1787311359570,49880,8684,8500,298,15000
1787311359670,49880,8684,8500,298,15000
1787311359770,49880,8684,8500,298,15000
1787311359870,49880,8684,8500,298,15000
1787311359969,49880,8684,8500,298,15000
1787311360070,49880,8684,8500,298,15000
1787311360170,49880,8684,8500,298,15000
1787311360270,49880,8684,8500,298,15000
1787311360370,49880,8684,8500,298,15000
1787311360470,49880,8684,8500,298,15000
1787311360570,49880,8684,8500,298,15000
1787311360670,49880,8684,8500,298,15000
1787311360770,49880,8684,8600,298,15000
1787311360870,49880,8684,8600,298,15000
1787311360970,49880,8684,8600,298,15000
1787311361070,49880,8684,8600,298,15000
1787311361170,49880,8684,8600,298,15000
1787311361270,49880,8684,8600,298,15000
1787311361370,49880,8684,8600,298,15000
1787311361470,49880,8684,8500,298,15000
1787311361570,49880,8684,8500,298,15000
1787311361670,49880,8684,8500,298,15000
1787311361770,49880,8684,8500,298,15000
1787311361869,49880,8684,8500,298,15000
1787311361970,49880,8684,8500,298,15000
1787311362069,49880,8684,8600,298,15000
1787311362170,49880,8684,8600,298,15000
1787311362269,49880,8684,8600,298,15000
1787311362370,49880,8684,8600,298,15000
1787311362470,49880,8684,8600,298,15000
1787311362569,49880,8684,8600,298,15000
1787311362670,49880,8684,8500,298,15000
1787311362770,49880,8684,8500,298,15000
1787311362870,49880,8684,8500,298,15000
1787311362969,49880,8684,8500,298,15000
1787311363070,49880,8684,8500,298,15000
1787311363170,49880,8684,8500,298,15000
1787311363270,49880,8684,8500,298,15000
1787311363369,49880,8684,8600,298,15000
1787311363470,49880,8684,8600,298,15000
1787311363570,49880,8684,8600,298,15000
1787311363670,49880,8684,8600,298,15000
1787311363770,49880,8684,8600,298,15000
1787311363870,49880,8684,8600,298,15000
1787311363970,49880,8684,8500,298,15000
1787311364070,49880,8684,8500,298,15000
1787311364169,49880,8684,8500,298,15000
1787311364270,49880,8684,8500,298,15000
1787311364370,49880,8684,8500,298,15000
1787311364470,49880,8684,8500,298,15000
1787311364570,49880,8684,8500,298,15000
1787311364670,49880,8684,8500,298,15000
1787311364770,49880,8684,8500,298,15000
1787311364870,49880,8684,8500,298,15000
1787311364970,49880,8684,8500,298,15000
1787311365070,49880,8684,8500,298,15000
1787311365170,49880,8684,8500,298,15000
1787311365270,49880,8684,8600,298,15000
1787311365370,49880,8684,8600,298,15000
1787311365470,49880,8684,8600,298,15000
1787311365570,49880,8684,8600,298,15000
1787311365670,49880,8684,8600,298,15000
1787311365770,49880,8684,8600,298,15000
1787311365870,49880,8684,8600,298,15000
1787311365970,49880,8684,8600,298,15000
1787311366070,49880,8684,8600,298,15000
1787311366170,49880,8684,8600,298,15000
1787311366270,49880,8684,8500,298,15000
1787311366370,49880,8684,8500,298,15000
1787311366470,49880,8684,8500,298,15000
1787311366570,49880,8684,8500,298,15000
1787311366670,49880,8684,8500,298,15000
1787311366770,49880,8684,8500,298,15000
1787311366870,49880,8684,8500,298,15000
1787311366970,49880,8684,8500,298,15000
1787311367069,49880,8684,8500,298,15000
1787311367170,49880,8684,8500,298,15000
1787311367270,49880,8684,8500,298,15000
1787311367370,49880,8684,8500,298,15000
1787311367470,49880,8684,8500,298,15000
1787311367570,49880,8684,8500,298,15000
1787311367670,49880,8684,8500,298,15000
1787311367770,49880,8684,8500,298,15000
1787311367870,49880,8684,8500,298,15000
1787311367969,49880,8684,8500,298,15000
1787311368069,49880,8684,8500,298,15000
1787311368169,49880,8684,8500,298,15000
1787311368270,49880,8684,8500,298,15000
1787311368370,49880,8684,8500,298,15000
1787311368470,49880,8684,8500,298,15000
1787311368570,49880,8684,8500,298,15000
1787311368669,49880,8684,8500,298,15000
1787311368770,49880,8684,8600,298,15000
1787311368869,49880,8684,8600,298,15000
1787311368969,49880,8684,8600,298,15000
1787311369070,49880,8684,8600,298,15000
1787311369170,49880,8684,8600,298,15000
1787311369270,49880,8684,8600,298,15000
1787311369370,49880,8684,8600,298,15000
1787311369470,49880,8684,8500,298,15000
1787311369570,49880,8684,8500,298,15000
1787311369670,49880,8684,8500,298,15000
1787311369770,49880,8684,8500,298,15000
1787311369870,49880,8684,8500,298,15000
1787311369970,49880,8684,8500,298,15000
1787311370070,49880,8684,8600,298,15000
1787311370170,49880,8684,8600,298,15000
1787311370270,49880,8684,8600,298,15000
1787311370370,49880,8684,8600,298,15000
1787311370469,49880,8684,8500,298,15000
1787311370570,49880,8684,8500,298,15000
1787311370670,49880,8684,8500,298,15000
1787311370770,49880,8684,8500,298,15000
1787311370869,49880,8684,8500,298,15000
1787311370970,49880,8684,8500,298,15000
1787311371069,49880,8684,8500,298,15000
1787311371170,49880,8684,8500,298,15000
1787311371270,49880,8684,8500,298,15000
1787311371370,49880,8684,8500,298,15000
1787311371470,49880,8684,8500,298,15000
1787311371570,49880,8684,8500,298,15000
1787311371670,49880,8684,8500,298,15000
1787311371770,49880,8684,8600,298,15000
1787311371870,49880,8684,8600,298,15000
1787311371970,49880,8684,8600,298,15000
1787311372070,49880,8684,8600,298,15000
1787311372170,49880,8684,8600,298,15000
1787311372270,49880,8684,8600,298,15000
1787311372370,49880,8684,8500,298,15000
1787311372470,49880,8684,8500,298,15000
1787311372569,49880,8684,8500,298,15000
1787311372669,49880,8684,8500,298,15000
1787311372770,49880,8684,8500,298,15000
1787311372870,49880,8684,8500,298,15000
1787311372969,49880,8684,8600,298,15000
1787311373070,49880,8684,8600,298,15000
1787311373170,49880,8684,8600,298,15000
1787311373270,49880,8684,8600,298,15000
1787311373370,49880,8684,8600,298,15000
1787311373470,49880,8684,8600,298,15000
1787311373569,49880,8684,8500,298,15000
1787311373670,49880,8684,8500,298,15000
1787311373770,49880,8684,8500,298,15000
1787311373870,49880,8684,8500,298,15000
1787311373970,49880,8684,8500,298,15000
1787311374070,49880,8684,8500,298,15000
1787311374169,49880,8684,8500,298,15000
1787311374270,49880,8684,8500,298,15000
1787311374370,49880,8684,8500,298,15000
1787311374470,49880,8684,8500,298,15000
1787311374570,49880,8684,8500,298,15000
1787311374670,49880,8684,8500,298,15000
1787311374769,49880,8684,8500,298,15000
1787311374869,49880,8684,8600,298,15000
1787311374970,49880,8684,8600,298,15000
1787311375070,49880,8684,8600,298,15000
1787311375170,49880,8684,8600,298,15000
1787311375270,49880,8684,8600,298,15000
1787311375370,49880,8684,8600,298,15000
1787311375469,49880,8684,8500,298,15000
1787311375570,49880,8684,8500,298,15000
1787311375670,49880,8684,8500,298,15000
1787311375770,49880,8684,8500,298,15000
1787311375870,49880,8684,8500,298,15000
1787311375970,49880,8684,8500,298,15000
1787311376070,49880,8684,8500,298,15000
1787311376170,49880,8684,8500,298,15000
1787311376270,49880,8684,8500,298,15000
1787311376369,49880,8684,8500,298,15000
1787311376469,49880,8684,8600,298,15000
1787311376570,49880,8684,8600,298,15000
1787311376670,49880,8684,8600,298,15000
1787311376770,49880,8684,8600,298,15000
1787311376870,49880,8684,8600,298,15000
1787311376970,49880,8684,8600,298,15000
1787311377069,49880,8684,8600,298,15000
1787311377170,49880,8684,8600,298,15000
1787311377270,49880,8684,8600,298,15000
1787311377370,49880,8684,8600,298,15000
1787311377470,49880,8684,8600,298,15000
1787311377570,49880,8684,8600,298,15000
1787311377670,49880,8684,8600,298,15000
1787311377770,49880,8684,8600,298,15000
1787311377869,49880,8684,8600,298,15000
1787311377970,49880,8684,8600,298,15000
1787311378070,49880,8684,8600,298,15000
1787311378170,49880,8684,8600,298,15000
1787311378270,49880,8684,8600,298,15000
1787311378370,49880,8684,8500,298,15000
1787311378470,49880,8684,8500,298,15000
1787311378570,49880,8684,8500,298,15000
1787311378670,49880,8684,8500,298,15000
1787311378770,49880,8684,8500,298,15000
1787311378869,49880,8684,8500,298,15000
1787311378969,49880,8684,8500,298,15000
1787311379070,49880,8684,8500,298,15000
1787311379170,49880,8684,8500,298,15000
1787311379269,49880,8684,8500,298,15000
1787311379369,49880,8684,8500,298,15000
1787311379470,49880,8684,8500,298,15000
1787311379570,49880,8684,8500,298,15000
1787311379670,49880,8684,8600,298,15000
1787311379770,49880,8684,8600,298,15000
1787311379870,49880,8684,8600,298,15000
1787311379970,49880,8684,8600,298,15000
1787311380070,49880,8684,8600,298,15000
1787311380170,49880,8684,8600,298,15000
1787311380270,49880,8684,8600,298,15000
1787311380370,49880,8684,8600,298,15000
1787311380470,49880,8684,8600,298,15000
1787311380570,49880,8684,8600,298,15000
1787311380669,49880,8684,8600,298,15000
1787311380769,49880,8684,8600,298,15000
1787311380870,49880,8684,8500,298,15000
1787311380969,49880,8684,8500,298,15000
1787311381070,49880,8684,8500,298,15000
1787311381170,49880,8684,8500,298,15000
1787311381270,49880,8684,8500,298,15000
1787311381370,49880,8684,8500,298,15000
1787311381470,49880,8684,8500,298,15000
1787311381570,49880,8684,8500,298,15000
1787311381670,49880,8684,8500,298,15000
1787311381769,49880,8684,8500,298,15000
1787311381870,49880,8684,8500,298,15000
1787311381970,49880,8684,8500,298,15000
1787311382070,49880,8684,8500,298,15000
1787311382170,49880,8684,8500,298,15000
1787311382270,49880,8684,8500,298,15000
1787311382369,49880,8684,8500,298,15000
1787311382470,49880,8684,8500,298,15000
1787311382569,49880,8684,8500,298,15000
1787311382670,49880,8684,8500,298,15000
1787311382770,49880,8684,8500,298,15000
1787311382869,49880,8684,8500,298,15000
1787311382970,49880,8684,8500,298,15000
1787311383070,49880,8684,8500,298,15000
1787311383170,49880,8684,8500,298,15000
1787311383270,49880,8684,8500,298,15000
1787311383370,49880,8684,8500,298,15000
1787311383470,49880,8684,8500,298,15000
1787311383570,49880,8684,8500,298,15000
1787311383670,49880,8684,8500,298,15000
1787311383770,49880,8684,8500,298,15000
1787311383870,49880,8684,8500,298,15000
1787311383970,49880,8684,8500,298,15000
1787311384070,49880,8684,8500,298,15000
1787311384169,49880,8684,8500,298,15000
1787311384270,49880,8684,8500,298,15000
1787311384370,49880,8684,8500,298,15000
1787311384470,49880,8684,8500,298,15000
1787311384570,49880,8684,8500,298,15000
1787311384670,49880,8684,8500,298,15000
1787311384770,49880,8684,8500,298,15000
1787311384870,49880,8684,8500,298,15000
1787311384970,49880,8684,8500,298,15000
1787311385070,49880,8684,8500,298,15000
1787311385170,49880,8684,8500,298,15000
1787311385270,49880,8684,8500,298,15000
1787311385370,49880,8684,8500,298,15000
1787311385469,49880,8684,8500,298,15000
1787311385570,49880,8684,8500,298,15000
1787311385670,49880,8684,8500,298,15000
1787311385770,49880,8684,8500,298,15000
1787311385869,49880,8684,8500,298,15000
1787311385970,49880,8684,8500,298,15000
1787311386069,49880,8684,8500,298,15000
1787311386170,49880,8684,8500,298,15000
1787311386270,49880,8684,8500,298,15000
1787311386370,49880,8684,8500,298,15000
1787311386470,49880,8684,8500,298,15000
1787311386570,49880,8684,8500,298,15000
1787311386670,49880,8684,8500,298,15000
1787311386770,49880,8684,8500,298,15000
1787311386869,49880,8684,8600,298,15000
1787311386970,49880,8684,8600,298,15000
1787311387070,49880,8684,8600,298,15000
1787311387170,49880,8684,8600,298,15000
1787311387270,49880,8684,8600,298,15000
1787311387369,49880,8684,8600,298,15000
1787311387470,49880,8684,8600,298,15000
1787311387570,49880,8684,8500,298,15000
1787311387670,49880,8684,8500,298,15000
1787311387770,49880,8684,8500,298,15000
1787311387870,49880,8684,8500,298,15000
1787311387970,49880,8684,8500,298,15000
1787311388069,49880,8684,8500,298,15000
1787311388170,49880,8684,8500,298,15000
1787311388270,49880,8684,8500,298,15000
1787311388369,49880,8684,8500,298,15000
1787311388469,49880,8684,8500,298,15000
1787311388570,49880,8684,8500,298,15000
1787311388669,49880,8684,8500,298,15000
1787311388770,49880,8684,8500,298,15000
1787311388870,49880,8684,8500,298,15000
1787311388970,49880,8684,8500,298,15000
1787311389070,49880,8684,8500,298,15000
1787311389170,49880,8684,8500,298,15000
1787311389270,49880,8684,8500,298,15000
1787311389369,49880,8684,8500,298,15000
1787311389470,49880,8684,8500,298,15000
1787311389570,49880,8684,8500,298,15000
1787311389670,49880,8684,8500,298,15000
1787311389770,49880,8684,8500,298,15000
1787311389870,49880,8684,8500,298,15000
1787311389969,49880,8684,8500,298,15000
1787311390070,49880,8684,8500,298,15000
1787311390170,49880,8684,8500,298,15000
1787311390269,49880,8684,8500,298,15000
1787311390370,49880,8684,8500,298,15000
1787311390470,49880,8684,8500,298,15000
1787311390570,49880,8684,8500,298,15000
1787311390670,49880,8684,8500,298,15000
1787311390770,49880,8684,8500,298,15000
1787311390870,49880,8684,8500,298,15000
1787311390970,49880,8684,8500,298,15000
1787311391070,49880,8684,8600,298,15000
1787311391170,49880,8684,8600,298,15000
1787311391269,49880,8684,8600,298,15000
1787311391370,49880,8684,8600,298,15000
1787311391470,49880,8684,8600,298,15000
1787311391570,49880,8684,8600,298,15000
1787311391670,49880,8684,8500,298,15000
1787311391770,49880,8684,8500,298,15000
1787311391870,49880,8684,8500,298,15000
1787311391970,49880,8684,8500,298,15000
1787311392070,49880,8684,8500,298,15000
1787311392170,49880,8684,8500,298,15000
1787311392270,49880,8684,8500,298,15000
1787311392370,49880,8684,8500,298,15000
1787311392470,49880,8684,8500,298,15000
1787311392570,49880,8684,8500,298,15000
1787311392670,49880,8684,8500,298,15000
1787311392770,49880,8684,8500,298,15000
1787311392870,49880,8684,8500,298,15000
1787311392970,49880,8684,8500,298,15000
1787311393070,49880,8684,8500,298,15000
1787311393170,49880,8684,8500,298,15000
1787311393269,49880,8684,8500,298,15000
1787311393370,49880,8684,8500,298,15000
1787311393470,49880,8684,8500,298,15000
1787311393570,49880,8684,8500,298,15000
1787311393670,49880,8684,8500,298,15000
1787311393769,49880,8684,8500,298,15000
1787311393870,49880,8684,8500,298,15000
1787311393970,49880,8684,8500,298,15000
1787311394069,49880,8684,8500,298,15000
1787311394170,49880,8684,8500,298,15000
1787311394269,49880,8684,8500,298,15000
1787311394369,49880,8684,8500,298,15000
1787311394470,49880,8684,8500,298,15000
1787311394570,49880,8684,8500,298,15000
1787311394670,49880,8684,8600,298,15000
1787311394770,49880,8684,8600,298,15000
1787311394870,49880,8684,8600,298,15000
1787311394970,49880,8684,8600,298,15000
1787311395070,49880,8684,8600,298,15000
1787311395170,49880,8684,8600,298,15000
1787311395270,49880,8684,8500,298,15000
1787311395369,49880,8684,8500,298,15000
1787311395470,49880,8684,8500,298,15000
1787311395570,49880,8684,8500,298,15000
1787311395670,49880,8684,8500,298,15000
1787311395770,49880,8684,8500,298,15000
1787311395870,49880,8684,8500,298,15000
1787311395970,49880,8684,8500,298,15000
1787311396070,49880,8684,8500,298,15000
1787311396169,49880,8684,8500,298,15000
1787311396269,49880,8684,8500,298,15000
1787311396370,49880,8684,8500,298,15000
1787311396469,49880,8684,8500,298,15000
1787311396570,49880,8684,8500,298,15000
1787311396670,49880,8684,8500,298,15000
1787311396769,49880,8684,8500,298,15000
1787311396870,49880,8684,8500,298,15000
1787311396970,49880,8684,8500,298,15000
1787311397070,49880,8684,8500,298,15000
1787311397170,49880,8684,8500,298,15000
1787311397269,49880,8684,8500,298,15000
1787311397369,49880,8684,8500,298,15000
1787311397470,49880,8684,8500,298,15000
1787311397570,49880,8684,8500,298,15000
1787311397670,49880,8684,8500,298,15000
1787311397770,49880,8684,8400,298,15000
1787311397870,49880,8684,8400,298,15000
1787311397970,49880,8684,8400,298,15000
1787311398070,49880,8684,8400,298,15000
1787311398170,49880,8684,8400,298,15000
1787311398270,49880,8684,8400,298,15000
1787311398370,49880,8684,8500,298,15000
1787311398470,49880,8684,8500,298,15000
1787311398570,49880,8684,8500,298,15000
1787311398670,49880,8684,8500,298,15000
1787311398770,49880,8684,8500,298,15000
1787311398870,49880,8684,8500,298,15000
1787311398970,49880,8684,8600,298,15000
1787311399070,49880,8684,8600,298,15000
1787311399170,49880,8684,8600,298,15000
1787311399270,49880,8684,8600,298,15000
1787311399370,49880,8684,8600,298,15000
1787311399469,49880,8684,8600,298,15000
1787311399570,49880,8684,8600,298,15000
1787311399670,49880,8684,8500,298,15000
1787311399770,49880,8684,8500,298,15000
1787311399869,49880,8684,8500,298,15000
1787311399970,49880,8684,8500,298,15000
1787311400069,49880,8684,8500,298,15000
1787311400170,49880,8684,8500,298,15000
1787311400269,49880,8684,8500,298,15000
1787311400370,49880,8684,8500,298,15000
1787311400470,49880,8684,8500,298,15000
1787311400569,49880,8684,8500,298,15000
1787311400670,49880,8684,8500,298,15000
1787311400770,49880,8684,8500,298,15000
1787311400870,49880,8684,8500,298,15000
1787311400970,49880,8684,8500,298,15000
1787311401069,49880,8684,8500,298,15000
1787311401170,49880,8684,8500,298,15000
1787311401270,49880,8684,8500,298,15000
1787311401370,49880,8684,8500,298,15000
1787311401470,49880,8684,8500,298,15000
1787311401569,49880,8684,8500,298,15000
1787311401670,49880,8684,8500,298,15000
1787311401769,49880,8684,8500,298,15000
1787311401869,49880,8684,8500,298,15000
1787311401970,49880,8684,8500,298,15000
1787311402070,49880,8684,8500,298,15000
1787311402170,49880,8684,8500,298,15000
1787311402269,49880,8684,8500,298,15000
1787311402370,49880,8684,8500,298,15000
1787311402470,49880,8684,8500,298,15000
1787311402570,49880,8684,8500,298,15000
1787311402670,49880,8684,8500,298,15000
1787311402770,49880,8684,8500,298,15000
1787311402869,49880,8684,8500,298,15000
1787311402970,49880,8684,8500,298,15000
1787311403070,49880,8684,8500,298,15000
1787311403170,49880,8684,8500,298,15000
1787311403270,49880,8684,8500,298,15000
1787311403370,49880,8684,8500,298,15000
1787311403470,49880,8684,8500,298,15000
1787311403570,49880,8684,8500,298,15000
1787311403670,49880,8684,8500,298,15000
1787311403770,49880,8684,8500,298,15000
1787311403869,49880,8684,8500,298,15000
1787311403970,49880,8684,8500,298,15000
1787311404070,49880,8684,8500,298,15000
1787311404170,49880,8684,8500,298,15000
1787311404270,49880,8684,8500,298,15000
1787311404370,49880,8684,8500,298,15000
1787311404470,49880,8684,8500,298,15000
1787311404570,49880,8684,8500,298,15000
1787311404670,49880,8684,8500,298,15000
1787311404770,49880,8684,8500,298,15000
1787311404870,49880,8684,8500,298,15000
1787311404970,49880,8684,8500,298,15000
1787311405070,49880,8684,8600,298,15000
1787311405170,49880,8684,8600,298,15000
1787311405270,49880,8684,8600,298,15000
1787311405370,49880,8684,8600,298,15000
1787311405470,49880,8684,8600,298,15000
1787311405570,49880,8684,8600,298,15000
1787311405670,49880,8684,8500,298,15000
1787311405770,49880,8684,8500,298,15000
1787311405870,49880,8684,8500,298,15000
1787311405970,49880,8684,8500,298,15000
1787311406070,49880,8684,8500,298,15000
1787311406170,49880,8684,8500,298,15000
1787311406270,49880,8684,8500,298,15000
1787311406369,49880,8684,8500,298,15000
1787311406470,49880,8684,8500,298,15000
1787311406570,49880,8684,8500,298,15000
1787311406670,49880,8684,8500,298,15000
1787311406769,49880,8684,8500,298,15000
1787311406870,49880,8684,8600,298,15000
1787311406970,49880,8684,8600,298,15000
1787311407070,49880,8684,8600,298,15000
1787311407170,49880,8684,8600,298,15000
1787311407269,49880,8684,8600,298,15000
1787311407370,49880,8684,8600,298,15000
1787311407470,49880,8684,8600,298,15000
1787311407570,49880,8684,8600,298,15000
1787311407670,49880,8684,8600,298,15000
1787311407770,49880,8684,8600,298,15000
1787311407870,49880,8684,8600,298,15000
1787311407970,49880,8684,8500,298,15000
1787311408070,49880,8684,8500,298,15000
1787311408170,49880,8684,8500,298,15000
1787311408270,49880,8684,8500,298,15000
1787311408370,49880,8684,8500,298,15000
1787311408470,49880,8684,8500,298,15000
1787311408570,49880,8684,8500,298,15000
1787311408670,49880,8684,8500,298,15000
1787311408770,49880,8684,8500,298,15000
1787311408870,49880,8684,8500,298,15000
1787311408970,49880,8684,8500,298,15000
1787311409070,49880,8684,8500,298,15000
1787311409170,49880,8684,8500,298,15000
1787311409270,49880,8684,8500,298,15000
1787311409370,49880,8684,8500,298,15000
1787311409469,49880,8684,8500,298,15000
1787311409570,49880,8684,8500,298,15000
1787311409670,49880,8684,8500,298,15000
1787311409770,49880,8684,8500,298,15000
1787311409870,49880,8684,8600,298,15000
1787311409970,49880,8684,8600,298,15000
1787311410070,49880,8684,8600,298,15000
1787311410170,49880,8684,8600,298,15000
1787311410270,49880,8684,8600,298,15000
1787311410370,49880,8684,8600,298,15000
1787311410469,49880,8684,8500,298,15000
1787311410569,49880,8684,8500,298,15000
1787311410670,49880,8684,8500,298,15000
1787311410770,49880,8684,8500,298,15000
1787311410870,49880,8684,8500,298,15000
1787311410970,49880,8684,8500,298,15000
1787311411069,49880,8684,8600,298,15000
1787311411170,49880,8684,8600,298,15000
1787311411269,49880,8684,8600,298,15000
1787311411370,49880,8684,8600,298,15000
1787311411470,49880,8684,8600,298,15000
1787311411569,49880,8684,8600,298,15000
1787311411670,49880,8684,8500,298,15000
1787311411769,49880,8684,8500,298,15000
1787311411869,49880,8684,8500,298,15000
1787311411970,49880,8684,8500,298,15000
1787311412070,49880,8684,8500,298,15000
1787311412170,49880,8684,8500,298,15000
1787311412270,49880,8684,8500,298,15000
1787311412370,49880,8684,8500,298,15000
1787311412470,49880,8684,8500,298,15000
1787311412570,49880,8684,8500,298,15000
1787311412670,49880,8684,8500,298,15000
1787311412770,49880,8684,8500,298,15000
1787311412870,49880,8684,8500,298,15000
1787311412970,49880,8684,8500,298,15000
1787311413069,49880,8684,8500,298,15000
1787311413170,49880,8684,8500,298,15000
1787311413269,49880,8684,8500,298,15000
1787311413370,49880,8684,8500,298,15000
1787311413469,49880,8684,8500,298,15000
1787311413570,49880,8684,8500,298,15000
1787311413670,49880,8684,8500,298,15000
1787311413770,49880,8684,8500,298,15000
1787311413870,49880,8684,8500,298,15000
1787311413970,49880,8684,8600,298,15000
1787311414069,49880,8684,8600,298,15000
1787311414170,49880,8684,8600,298,15000
1787311414270,49880,8684,8600,298,15000
1787311414370,49880,8684,8600,298,15000
1787311414469,49880,8684,8600,298,15000
1787311414570,49880,8684,8600,298,15000
1787311414669,49880,8684,8600,298,15000
1787311414770,49880,8684,8600,298,15000
1787311414870,49880,8684,8600,298,15000
1787311414970,49880,8684,8600,298,15000
1787311415070,49880,8684,8600,298,15000
1787311415170,49880,8684,8600,298,15000
1787311415270,49880,8684,8500,298,15000
1787311415370,49880,8684,8500,298,15000
1787311415470,49880,8684,8500,298,15000
1787311415570,49880,8684,8500,298,15000
1787311415670,49880,8684,8500,298,15000
1787311415770,49880,8684,8500,298,15000
1787311415870,49880,8684,8500,298,15000
1787311415970,49880,8684,8500,298,15000
1787311416069,49880,8684,8500,298,15000
1787311416170,49880,8684,8500,298,15000
1787311416269,49880,8684,8500,298,15000
1787311416370,49880,8684,8500,298,15000
1787311416470,49880,8684,8500,298,15000
1787311416569,49880,8684,8600,298,15000
1787311416669,49880,8684,8600,298,15000
1787311416770,49880,8684,8600,298,15000
1787311416870,49880,8684,8600,298,15000
1787311416970,49880,8684,8600,298,15000
1787311417070,49880,8684,8600,298,15000
1787311417170,49880,8684,8600,298,15000
1787311417270,49880,8684,8600,298,15000
1787311417369,49880,8684,8600,298,15000
1787311417470,49880,8684,8600,298,15000
1787311417570,49880,8684,8600,298,15000
1787311417670,49880,8684,8600,298,15000
1787311417770,49880,8684,8600,298,15000
1787311417870,49880,8684,8600,298,15000
1787311417970,49880,8684,8600,298,15000
1787311418070,49880,8684,8600,298,15000
1787311418170,49880,8684,8500,298,15000
1787311418270,49880,8684,8500,298,15000
1787311418370,49880,8684,8500,298,15000
1787311418470,49880,8684,8500,298,15000
1787311418570,49880,8684,8500,298,15000
1787311418670,49880,8684,8500,298,15000
1787311418770,49880,8684,8500,298,15000
1787311418869,49880,8684,8500,298,15000
1787311418970,49880,8684,8500,298,15000
1787311419070,49880,8684,8500,298,15000
1787311419170,49880,8684,8500,298,15000
1787311419270,49880,8684,8500,298,15000
1787311419370,49880,8684,8500,298,15000
1787311419469,49880,8684,8500,298,15000
1787311419570,49880,8684,8500,298,15000
1787311419670,49880,8684,8500,298,15000
1787311419770,49880,8684,8500,298,15000
1787311419870,49880,8684,8500,298,15000
1787311419970,49880,8684,8500,298,15000
1787311420070,49880,8684,8600,298,15000
1787311420170,49880,8684,8600,298,15000
1787311420269,49880,8684,8600,298,15000
1787311420370,49880,8684,8600,298,15000
1787311420469,49880,8684,8600,298,15000
1787311420570,49880,8684,8600,298,15000
1787311420669,49880,8684,8500,298,15000
1787311420770,49880,8684,8500,298,15000
1787311420870,49880,8684,8500,298,15000
1787311420970,49880,8684,8500,298,15000
1787311421069,49880,8684,8500,298,15000
1787311421170,49880,8684,8500,298,15000
1787311421270,49880,8684,8500,298,15000
1787311421370,49880,8684,8500,298,15000
1787311421470,49880,8684,8500,298,15000
1787311421570,49880,8684,8500,298,15000
1787311421669,49880,8684,8500,298,15000
1787311421770,49880,8684,8500,298,15000
1787311421869,49880,8684,8500,298,15000
1787311421970,49880,8684,8600,298,15000
1787311422070,49880,8684,8600,298,15000
1787311422170,49880,8684,8600,298,15000
1787311422270,49880,8684,8600,298,15000
1787311422370,49880,8684,8600,298,15000
1787311422470,49880,8684,8600,298,15000
1787311422570,49880,8684,8500,298,15000
1787311422670,49880,8684,8500,298,15000
1787311422769,49880,8684,8500,298,15000
1787311422869,49880,8684,8500,298,15000
1787311422970,49880,8684,8500,298,15000
1787311423070,49880,8684,8500,298,15000
1787311423170,49880,8684,8500,298,15000
1787311423270,49880,8684,8500,298,15000
1787311423370,49880,8684,8500,298,15000
1787311423469,49880,8684,8500,298,15000
1787311423570,49880,8684,8500,298,15000
1787311423670,49880,8684,8500,298,15000
1787311423770,49880,8684,8500,298,15000
1787311423870,49880,8684,8500,298,15000
1787311423969,49880,8684,8500,298,15000
1787311424070,49880,8684,8500,298,15000
1787311424170,49880,8684,8500,298,15000
1787311424270,49880,8684,8600,298,15000
1787311424370,49880,8684,8600,298,15000
1787311424470,49880,8684,8600,298,15000
1787311424569,49880,8684,8600,298,15000
1787311424670,49880,8684,8600,298,15000
1787311424770,49880,8684,8600,298,15000
1787311424870,49880,8684,8500,298,15000
1787311424970,49880,8684,8500,298,15000
1787311425070,49880,8684,8500,298,15000
1787311425169,49880,8684,8500,298,15000
1787311425270,49880,8684,8500,298,15000
1787311425370,49880,8684,8500,298,15000
1787311425470,49880,8684,8500,298,15000
1787311425570,49880,8684,8500,298,15000
1787311425670,49880,8684,8500,298,15000
1787311425770,49880,8684,8500,298,15000
1787311425870,49880,8684,8500,298,15000
1787311425970,49880,8684,8500,298,15000
1787311426070,49880,8684,8500,298,15000
1787311426170,49880,8684,8600,298,15000
1787311426270,49880,8684,8600,298,15000
1787311426370,49880,8684,8600,298,15000
1787311426470,49880,8684,8600,298,15000
1787311426569,49880,8684,8600,298,15000
1787311426670,49880,8684,8600,298,15000
1787311426770,49880,8684,8600,298,15000
1787311426870,49880,8684,8600,298,15000
1787311426970,49880,8684,8600,298,15000
1787311427069,49880,8684,8600,298,15000
1787311427170,49880,8684,8600,298,15000
1787311427270,49880,8684,8600,298,15000
1787311427369,49880,8684,8600,298,15000
1787311427470,49880,8684,8600,298,15000
1787311427570,49880,8684,8600,298,15000
1787311427670,49880,8684,8600,298,15000
1787311427770,49880,8684,8600,298,15000
1787311427869,49880,8684,8500,298,15000
1787311427970,49880,8684,8500,298,15000
1787311428070,49880,8684,8500,298,15000
1787311428170,49880,8684,8500,298,15000
1787311428270,49880,8684,8500,298,15000
1787311428370,49880,8684,8500,298,15000
1787311428470,49880,8684,8500,298,15000
1787311428570,49880,8684,8500,298,15000
1787311428670,49880,8684,8500,298,15000
1787311428770,49880,8684,8500,298,15000
1787311428870,49880,8684,8500,298,15000
1787311428970,49880,8684,8500,298,15000
1787311429070,49880,8684,8600,298,15000
1787311429170,49880,8684,8600,298,15000
1787311429270,49880,8684,8600,298,15000
1787311429370,49880,8684,8600,298,15000
1787311429470,49880,8684,8600,298,15000
1787311429570,49880,8684,8600,298,15000
1787311429670,49880,8684,8600,298,15000
1787311429770,49880,8684,8500,298,15000
1787311429870,49880,8684,8500,298,15000
1787311429970,49880,8684,8500,298,15000
1787311430070,49880,8684,8500,298,15000
1787311430170,49880,8684,8500,298,15000
1787311430270,49880,8684,8500,298,15000
1787311430370,49880,8684,8500,298,15000
1787311430470,49880,8684,8500,298,15000
1787311430570,49880,8684,8500,298,15000
1787311430670,49880,8684,8500,298,15000
1787311430770,49880,8684,8500,298,15000
1787311430870,49880,8684,8500,298,15000
1787311430970,49880,8684,8500,298,15000
1787311431070,49880,8684,8500,298,15000
1787311431170,49880,8684,8500,298,15000
1787311431270,49880,8684,8500,298,15000
1787311431370,49880,8684,8500,298,15000
1787311431470,49880,8684,8500,298,15000
1787311431570,49880,8684,8500,298,15000
1787311431670,49880,8684,8500,298,15000
1787311431770,49880,8684,8500,298,15000
1787311431870,49880,8684,8500,298,15000
1787311431970,49880,8684,8500,298,15000
1787311432070,49880,8684,8600,298,15000
1787311432170,49880,8684,8600,298,15000
1787311432270,49880,8684,8600,298,15000
1787311432369,49880,8684,8600,298,15000
1787311432470,49880,8684,8600,298,15000
1787311432570,49880,8684,8600,298,15000
1787311432670,49880,8684,8600,298,15000
1787311432770,49880,8684,8600,298,15000
1787311432870,49880,8684,8600,298,15000
1787311432970,49880,8684,8600,298,15000
1787311433070,49880,8684,8600,298,15000
1787311433170,49880,8684,8600,298,15000
1787311433270,49880,8684,8600,298,15000
1787311433370,49880,8684,8600,298,15000
1787311433469,49880,8684,8600,298,15000
1787311433570,49880,8684,8600,298,15000
1787311433670,49880,8684,8600,298,15000
1787311433770,49880,8684,8600,298,15000
1787311433870,49880,8684,8600,298,15000
1787311433969,49880,8684,8500,298,15000
1787311434070,49880,8684,8500,298,15000
1787311434170,49880,8684,8500,298,15000
1787311434270,49880,8684,8500,298,15000
1787311434370,49880,8684,8500,298,15000
1787311434470,49880,8684,8500,298,15000
1787311434570,49880,8684,8500,298,15000
1787311434669,49880,8684,8500,298,15000
1787311434770,49880,8684,8500,298,15000
1787311434870,49880,8684,8500,298,15000
1787311434970,49880,8684,8500,298,15000
1787311435070,49880,8684,8500,298,15000
1787311435170,49880,8684,8500,298,15000
1787311435270,49880,8684,8500,298,15000
1787311435370,49880,8684,8500,298,15000
1787311435470,49880,8684,8500,298,15000
1787311435570,49880,8684,8500,298,15000
1787311435670,49880,8684,8500,298,15000
1787311435770,49880,8684,8500,298,15000
1787311435870,49880,8684,8500,298,15000
1787311435970,49880,8684,8500,298,15000
1787311436070,49880,8684,8500,298,15000
1787311436170,49880,8684,8500,298,15000
1787311436269,49880,8684,8500,298,15000
1787311436369,49880,8684,8500,298,15000
1787311436470,49880,8684,8500,298,15000
1787311436570,49880,8684,8500,298,15000
1787311436670,49880,8684,8500,298,15000
1787311436770,49880,8684,8500,298,15000
1787311436870,49880,8684,8500,298,15000
1787311436969,49880,8684,8500,298,15000
1787311437070,49880,8684,8500,298,15000
1787311437170,49880,8684,8500,298,15000
1787311437270,49880,8684,8500,298,15000
1787311437370,49880,8684,8500,298,15000
1787311437470,49880,8684,8500,298,15000
1787311437570,49880,8684,8500,298,15000
1787311437669,49880,8684,8500,298,15000
1787311437770,49880,8684,8500,298,15000
1787311437870,49880,8684,8500,298,15000
1787311437970,49880,8684,8500,298,15000
1787311438069,49880,8684,8500,298,15000
1787311438170,49880,8684,8500,298,15000
1787311438270,49880,8684,8500,298,15000
1787311438370,49880,8684,8500,298,15000
1787311438469,49880,8684,8500,298,15000
1787311438570,49880,8684,8500,298,15000
1787311438670,49880,8684,8500,298,15000
1787311438769,49880,8684,8500,298,15000
1787311438870,49880,8684,8600,298,15000
1787311438970,49880,8684,8600,298,15000
1787311439069,49880,8684,8600,298,15000
1787311439170,49880,8684,8600,298,15000
1787311439270,49880,8684,8600,298,15000
1787311439370,49880,8684,8500,298,15000
1787311439470,49880,8684,8500,298,15000
1787311439570,49880,8684,8500,298,15000
1787311439670,49880,8684,8500,298,15000
1787311439770,49880,8684,8500,298,15000
1787311439870,49880,8684,8500,298,15000
1787311439970,49880,8684,8500,298,15000
1787311440069,49880,8684,8500,298,15000
1787311440170,49880,8684,8500,298,15000
1787311440270,49880,8684,8500,298,15000
1787311440370,49880,8684,8500,298,15000
1787311440470,49880,8684,8500,298,15000
1787311440569,49880,8684,8500,298,15000
1787311440670,49880,8684,8500,298,15000
1787311440770,49880,8684,8500,298,15000
1787311440870,49880,8684,8500,298,15000
1787311440970,49880,8684,8500,298,15000
1787311441070,49880,8684,8500,298,15000
1787311441170,49880,8684,8600,298,15000
1787311441270,49880,8684,8600,298,15000
1787311441370,49880,8684,8600,298,15000
1787311441469,49880,8684,8600,298,15000
1787311441570,49880,8684,8600,298,15000
1787311441670,49880,8684,8600,298,15000
1787311441769,49880,8684,8500,298,15000
1787311441870,49880,8684,8500,298,15000
1787311441970,49880,8684,8500,298,15000
1787311442070,49880,8684,8500,298,15000
1787311442170,49880,8684,8500,298,15000
1787311442270,49880,8684,8500,298,15000
1787311442369,49880,8684,8500,298,15000
1787311442470,49880,8684,8600,298,15000
1787311442570,49880,8684,8600,298,15000
1787311442670,49880,8684,8600,298,15000
1787311442769,49880,8684,8600,298,15000
1787311442870,49880,8684,8600,298,15000
1787311442970,49880,8684,8600,298,15000
1787311443069,49880,8684,8500,298,15000
1787311443170,49880,8684,8500,298,15000
1787311443270,49880,8684,8500,298,15000
1787311443369,49880,8684,8500,298,15000
1787311443470,49880,8684,8500,298,15000
1787311443570,49880,8684,8500,298,15000
1787311443669,49880,8684,8500,298,15000
1787311443770,49880,8684,8500,298,15000
1787311443870,49880,8684,8500,298,15000
1787311443969,49880,8684,8500,298,15000
1787311444070,49880,8684,8500,298,15000
1787311444170,49880,8684,8500,298,15000
1787311444269,49880,8684,8500,298,15000
1787311444370,49880,8684,8500,298,15000
1787311444469,49880,8684,8500,298,15000
1787311444569,49880,8684,8500,298,15000
1787311444670,49880,8684,8500,298,15000
1787311444770,49880,8684,8500,298,15000
1787311444869,49880,8684,8500,298,15000
1787311444970,49880,8684,8500,298,15000
1787311445070,49880,8684,8500,298,15000
1787311445170,49880,8684,8500,298,15000
1787311445269,49880,8684,8500,298,15000
1787311445369,49880,8684,8500,298,15000
1787311445470,49880,8684,8500,298,15000
1787311445570,49880,8684,8500,298,15000
1787311445670,49880,8684,8500,298,15000
1787311445770,49880,8684,8500,298,15000
1787311445870,49880,8684,8500,298,15000
1787311445970,49880,8684,8500,298,15000
1787311446070,49880,8684,8500,298,15000
1787311446170,49880,8684,8600,298,15000
1787311446270,49880,8684,8600,298,15000
1787311446370,49880,8684,8600,298,15000
1787311446470,49880,8684,8600,298,15000
1787311446570,49880,8684,8500,298,15000
1787311446670,49880,8684,8500,298,15000
1787311446771,49880,8684,8500,298,15000
1787311446870,49880,8684,8500,298,15000
1787311446970,49880,8684,8500,298,15000
1787311447069,49880,8684,8500,298,15000
1787311447170,49880,8684,8500,298,15000
1787311447270,49880,8684,8500,298,15000
1787311447370,49880,8684,8500,298,15000
1787311447470,49880,8684,8500,298,15000
1787311447570,49880,8684,8500,298,15000
1787311447669,49880,8684,8500,298,15000
1787311447770,49880,8684,8500,298,15000
1787311447870,49880,8684,8500,298,15000
1787311447969,49880,8684,8500,298,15000
1787311448070,49880,8684,8500,298,15000
1787311448169,49880,8684,8500,298,15000
1787311448270,49880,8684,8500,298,15000
1787311448370,49880,8684,8500,298,15000
1787311448470,49880,8684,8500,298,15000
1787311448570,49880,8684,8500,298,15000
1787311448670,49880,8684,8500,298,15000
1787311448770,49880,8684,8500,298,15000
1787311448870,49880,8684,8500,298,15000
1787311448970,49880,8684,8500,298,15000
1787311449070,49880,8684,8500,298,15000
1787311449170,49880,8684,8500,298,15000
1787311449270,49880,8684,8500,298,15000
1787311449370,49880,8684,8500,298,15000
1787311449470,49880,8684,8500,298,15000
1787311449570,49880,8684,8500,298,15000
1787311449670,49880,8684,8500,298,15000
1787311449770,49880,8684,8600,298,15000
1787311449870,49880,8684,8600,298,15000
1787311449969,49880,8684,8600,298,15000
1787311450070,49880,8684,8600,298,15000
1787311450170,49880,8684,8600,298,15000
1787311450270,49880,8684,8600,298,15000
1787311450369,49880,8684,8500,298,15000
1787311450470,49880,8684,8500,298,15000
1787311450570,49880,8684,8500,298,15000
1787311450670,49880,8684,8500,298,15000
1787311450770,49880,8684,8500,298,15000
1787311450870,49880,8684,8500,298,15000
1787311450970,49880,8684,8500,298,15000
1787311451070,49880,8684,8500,298,15000
1787311451170,49880,8684,8500,298,15000
1787311451270,49880,8684,8500,298,15000
1787311451370,49880,8684,8500,298,15000
1787311451470,49880,8684,8500,298,15000
1787311451570,49880,8684,8500,298,15000
1787311451670,49880,8684,8500,298,15000
1787311451769,49880,8684,8500,298,15000
1787311451870,49880,8684,8500,298,15000
1787311451969,49880,8684,8500,298,15000
1787311452070,49880,8684,8500,298,15000
1787311452170,49880,8684,8500,298,15000
1787311452270,49880,8684,8500,298,15000
1787311452370,49880,8684,8500,298,15000
1787311452470,49880,8684,8500,298,15000
1787311452570,49880,8684,8500,298,15000
1787311452670,49880,8684,8500,298,15000
1787311452769,49880,8684,8500,298,15000
1787311452870,49880,8684,8500,298,15000
1787311452970,49880,8684,8500,298,15000
1787311453070,49880,8684,8500,298,15000
1787311453170,49880,8684,8500,298,15000
1787311453270,49880,8684,8600,298,15000
1787311453370,49880,8684,8600,298,15000
1787311453469,49880,8684,8600,298,15000
1787311453570,49880,8684,8600,298,15000
1787311453670,49880,8684,8600,298,15000
1787311453770,49880,8684,8600,298,15000
1787311453870,49880,8684,8600,298,15000
1787311453970,49880,8684,8500,298,15000
1787311454070,49880,8684,8500,298,15000
1787311454170,49880,8684,8500,298,15000
1787311454270,49880,8684,8500,298,15000
1787311454370,49880,8684,8500,298,15000
1787311454470,49880,8684,8500,298,15000
1787311454570,49880,8684,8500,298,15000
1787311454670,49880,8684,8500,298,15000
1787311454769,49880,8684,8500,298,15000
1787311454870,49880,8684,8500,298,15000
1787311454970,49880,8684,8500,298,15000
1787311455070,49880,8684,8500,298,15000
1787311455169,49880,8684,8500,298,15000
1787311455270,49880,8684,8500,298,15000
1787311455370,49880,8684,8500,298,15000
1787311455470,49880,8684,8500,298,15000
1787311455570,49880,8684,8500,298,15000
1787311455669,49880,8684,8500,298,15000
1787311455770,49880,8684,8500,298,15000
1787311455869,49880,8684,8500,298,15000
1787311455970,49880,8684,8500,298,15000
1787311456070,49880,8684,8500,298,15000
1787311456170,49880,8684,8500,298,15000
1787311456269,49880,8684,8500,298,15000
1787311456370,49880,8684,8500,298,15000
1787311456470,49880,8684,8500,298,15000
1787311456569,49880,8684,8500,298,15000
1787311456670,49880,8684,8500,298,15000
1787311456770,49880,8684,8500,298,15000
1787311456870,49880,8684,8500,298,15000
1787311456970,49880,8684,8500,298,15000
1787311457070,49880,8684,8500,298,15000
1787311457170,49880,8684,8500,298,15000
1787311457270,49880,8684,8500,298,15000
1787311457370,49880,8684,8500,298,15000
1787311457470,49880,8684,8500,298,15000
1787311457570,49880,8684,8500,298,15000
1787311457670,49880,8684,8500,298,15000
1787311457770,49880,8684,8500,298,15000
1787311457870,49880,8684,8500,298,15000
1787311457970,49880,8684,8500,298,15000
1787311458070,49880,8684,8600,298,15000
1787311458170,49880,8684,8600,298,15000
1787311458270,49880,8684,8600,298,15000
1787311458370,49880,8684,8600,298,15000
1787311458469,49880,8684,8600,298,15000
1787311458570,49880,8684,8600,298,15000
1787311458670,49880,8684,8500,298,15000
1787311458770,49880,8684,8500,298,15000
1787311458870,49880,8684,8500,298,15000
1787311458970,49880,8684,8500,298,15000
1787311459070,49880,8684,8500,298,15000
1787311459170,49880,8684,8500,298,15000
1787311459270,49880,8684,8600,298,15000
1787311459370,49880,8684,8600,298,15000
1787311459469,49880,8684,8600,298,15000
1787311459570,49880,8684,8600,298,15000
1787311459669,49880,8684,8600,298,15000
1787311459770,49880,8684,8600,298,15000
1787311459870,49880,8684,8600,298,15000
1787311459970,49880,8684,8500,298,15000
1787311460070,49880,8684,8500,298,15000
1787311460170,49880,8684,8500,298,15000
1787311460270,49880,8684,8500,298,15000
1787311460370,49880,8684,8500,298,15000
1787311460470,49880,8684,8500,298,15000
1787311460570,49880,8684,8600,298,15000
1787311460670,49880,8684,8600,298,15000
1787311460770,49880,8684,8600,298,15000
1787311460870,49880,8684,8600,298,15000
1787311460970,49880,8684,8600,298,15000
1787311461070,49880,8684,8600,298,15000
1787311461170,49880,8684,8600,298,15000
1787311461269,49880,8684,8500,298,15000
1787311461369,49880,8684,8500,298,15000
1787311461470,49880,8684,8500,298,15000
1787311461570,49880,8684,8500,298,15000
1787311461670,49880,8684,8500,298,15000
1787311461770,49880,8684,8500,298,15000
1787311461870,49880,8684,8500,298,15000
1787311461970,49880,8684,8500,298,15000
1787311462070,49880,8684,8500,298,15000
1787311462170,49880,8684,8500,298,15000
1787311462270,49880,8684,8500,298,15000
1787311462370,49880,8684,8500,298,15000
1787311462470,49880,8684,8500,298,15000
1787311462570,49880,8684,8500,298,15000
1787311462670,49880,8684,8500,298,15000
1787311462769,49880,8684,8500,298,15000
1787311462870,49880,8684,8500,298,15000
1787311462970,49880,8684,8500,298,15000
1787311463070,49880,8684,8500,298,15000
1787311463169,49880,8684,8500,298,15000
1787311463270,49880,8684,8500,298,15000
1787311463370,49880,8684,8500,298,15000
1787311463470,49880,8684,8500,298,15000
1787311463569,49880,8684,8500,298,15000
1787311463669,49880,8684,8500,298,15000
1787311463769,49880,8684,8500,298,15000
1787311463870,49880,8684,8500,298,15000
1787311463970,49880,8684,8500,298,15000
1787311464070,49880,8684,8500,298,15000
1787311464170,49880,8684,8500,298,15000
1787311464269,49880,8684,8500,298,15000
1787311464370,49880,8684,8500,298,15000
1787311464469,49880,8684,8500,298,15000
1787311464570,49880,8684,8500,298,15000
1787311464670,49880,8684,8500,298,15000
1787311464770,49880,8684,8500,298,15000
1787311464870,49880,8684,8500,298,15000
1787311464970,49880,8684,8500,298,15000
1787311465070,49880,8684,8500,298,15000
1787311465170,49880,8684,8500,298,15000
1787311465270,49880,8684,8500,298,15000
1787311465370,49880,8684,8500,298,15000
1787311465470,49880,8684,8500,298,15000
1787311465570,49880,8684,8500,298,15000
1787311465670,49880,8684,8500,298,15000
1787311465769,49880,8684,8500,298,15000
1787311465870,49880,8684,8500,298,15000
1787311465970,49880,8684,8500,298,15000
1787311466070,49880,8684,8500,298,15000
1787311466170,49880,8684,8500,298,15000
1787311466270,49880,8684,8500,298,15000
1787311466369,49880,8684,8500,298,15000
1787311466470,49880,8684,8500,298,15000
1787311466570,49880,8684,8500,298,15000
1787311466669,49880,8684,8500,298,15000
1787311466770,49880,8684,8500,298,15000
1787311466870,49880,8684,8500,298,15000
1787311466970,50000,0,8500,298,15000
1787311467070,50000,0,8500,298,15000
1787311467170,50000,0,8500,298,15000
1787311467270,50000,0,8500,298,15000
1787311467370,50000,0,8500,298,15000
1787311467470,50000,0,8500,298,15000
1787311467569,50000,0,8500,298,15000
1787311467670,50000,0,8500,298,15000
1787311467769,50000,0,200,298,15000
1787311467870,50000,0,200,298,15000
1787311467970,50000,0,200,298,15000
1787311468070,50000,0,200,298,15000
1787311468170,50000,0,200,298,15000
1787311468269,50000,0,200,298,15000
1787311468369,50000,0,0,298,15000
1787311468470,50000,0,0,298,15000
1787311468570,50000,0,0,298,15000
1787311468670,50000,0,0,298,15000
1787311468770,50000,0,0,298,15000
1787311468870,50000,0,0,298,15000
1787311468970,50000,0,0,298,15000
1787311469070,50000,0,0,298,15000
1787311469170,50000,0,0,298,15000
1787311469270,50000,0,0,298,15000
1787311469370,50000,0,0,298,15000
1787311469470,50000,0,0,298,15000
1787311469570,50000,0,0,298,15000
1787311469670,50000,0,0,298,15000
1787311469770,50000,0,0,298,15000
1787311469870,50000,0,0,298,15000
1787311469970,50000,0,0,298,15000
1787311470070,50000,0,0,298,15000
1787311470170,50000,0,0,298,15000
1787311470269,50000,0,0,298,15000
1787311470370,50000,0,0,298,15000
1787311470470,50000,0,0,298,15000
1787311470569,50000,0,0,298,15000
1787311470670,50000,0,0,298,15000
1787311470770,50000,0,0,298,15000
1787311470870,50000,0,0,298,15000
1787311470969,50000,0,0,298,15000
1787311471070,50000,0,0,298,15000
1787311471170,50000,0,0,298,15000
1787311471270,50000,0,0,298,15000
1787311471370,50000,0,0,298,15000
1787311471470,50000,0,0,298,15000
1787311471570,50000,0,0,298,15000
1787311471670,50000,0,0,298,15000
1787311471770,50000,0,0,298,15000
1787311471870,50000,0,0,298,15000
1787311471969,50000,0,0,298,15000
1787311472070,50000,0,0,298,15000
1787311472170,50000,0,0,298,15000
1787311472269,50000,0,0,298,15000
1787311472370,50000,0,0,298,15000
1787311472469,50000,0,0,298,15000
1787311472570,50000,0,0,298,15000
1787311472670,50000,0,0,298,15000
1787311472770,50000,0,0,298,15000
1787311472869,50000,0,0,298,15000
1787311472970,50000,0,0,298,15000
1787311473070,50000,0,0,298,15000
1787311473170,50000,0,0,298,15000
1787311473270,50000,0,0,298,15000
1787311473370,50000,0,0,298,15000
1787311473470,50000,0,0,298,15000
1787311473569,50000,0,0,298,15000
1787311473670,50000,0,0,298,15000
1787311473769,50000,0,0,298,15000
1787311473870,50000,0,0,298,15000
1787311473970,50000,0,0,298,15000
1787311474070,50000,0,0,298,15000
1787311474170,50000,0,0,298,15000
1787311474269,50000,0,0,298,15000
1787311474370,50000,0,0,298,15000
1787311474470,50000,0,0,298,15000
1787311474570,50000,0,0,298,15000
1787311474670,50000,0,0,298,15000
1787311474770,50000,0,0,298,15000
1787311474870,50000,0,0,298,15000
1787311474969,50000,0,0,298,15000
1787311475070,50000,0,0,298,15000
1787311475169,50000,0,0,298,15000
1787311475270,50000,0,0,298,15000
1787311475369,50000,0,0,298,15000
1787311475470,50000,0,0,298,15000
1787311475570,50000,0,0,298,15000
1787311475670,50000,0,0,298,15000
1787311475770,50000,0,0,298,15000
1787311475870,50000,0,0,298,15000
1787311475970,50000,0,0,298,15000
1787311476069,50000,0,0,298,15000
1787311476170,50000,0,0,298,15000
1787311476270,50000,0,0,298,15000
1787311476370,50000,0,0,298,15000
1787311476470,50000,0,0,298,15000
1787311476570,50000,0,0,298,15000
1787311476670,50000,0,0,298,15000
1787311476770,50000,0,0,298,15000
1787311476870,50000,0,0,298,15000
1787311476970,50000,0,0,298,15000
1787311477070,50000,0,0,298,15000
1787311477170,50000,0,0,298,15000
1787311477270,50000,0,0,298,15000
1787311477370,50000,0,0,298,15000
1787311477470,50000,0,0,298,15000
1787311477569,50000,0,0,298,15000
1787311477669,50000,0,0,298,15000
1787311477769,50000,0,0,298,15000
1787311477870,50000,0,0,298,15000
1787311477969,50000,0,0,298,15000
1787311478070,50000,0,0,298,15000
1787311478170,50000,0,0,298,15000
1787311478270,50000,0,0,298,15000
1787311478369,50000,0,0,298,15000
1787311478469,50000,0,0,298,15000
1787311478570,50000,0,0,298,15000
1787311478670,50000,0,0,298,15000
1787311478770,50000,0,0,298,15000
1787311478869,50000,0,0,298,15000
1787311478970,50000,0,0,298,15000
1787311479070,50000,0,0,298,15000
1787311479170,50000,0,0,298,15000
1787311479270,50000,0,0,298,15000
1787311479370,50000,0,0,298,15000
1787311479470,50000,0,0,298,15000
1787311479570,50000,0,0,298,15000
1787311479670,50000,0,0,298,15000
1787311479770,50000,0,0,298,15000
1787311479870,50000,0,0,298,15000
1787311479969,50000,0,0,298,15000
1787311480070,50000,0,0,298,15000
1787311480170,50000,0,0,298,15000
1787311480270,50000,0,0,298,15000
1787311480370,50000,0,0,298,15000
1787311480470,50000,0,0,298,15000
1787311480570,50000,0,0,298,15000
1787311480670,50000,0,0,298,15000
1787311480770,50000,0,0,298,15000
1787311480870,50000,0,0,298,15000
1787311480970,50000,0,0,298,15000
1787311481070,50000,0,0,298,15000
1787311481170,50000,0,0,298,15000
1787311481270,50000,0,0,298,15000
1787311481369,50000,0,0,298,15000
1787311481470,50000,0,0,298,15000
1787311481570,50000,0,0,298,15000
1787311481669,50000,0,0,298,15000
1787311481770,50000,0,0,298,15000
1787311481870,50000,0,0,298,15000
1787311481969,50000,0,0,298,15000
1787311482070,50000,0,0,298,15000
1787311482170,50000,0,0,298,15000
1787311482269,50000,0,0,298,15000
1787311482369,50000,0,0,298,15000
1787311482470,50000,0,0,298,15000
1787311482570,50000,0,0,298,15000
1787311482670,50000,0,0,298,15000
1787311482770,50000,0,0,298,15000
1787311482870,50000,0,0,298,15000
1787311482970,50000,0,0,298,15000
1787311483070,50000,0,0,298,15000
1787311483170,50000,0,0,298,15000
1787311483270,50000,0,0,298,15000
1787311483370,50000,0,0,298,15000
1787311483469,50000,0,0,298,15000
1787311483570,50000,0,0,298,15000
1787311483670,50000,0,0,298,15000
1787311483770,50000,0,0,298,15000
1787311483870,50000,0,0,298,15000
1787311483970,50000,0,0,298,15000
1787311484070,50000,0,0,298,15000
1787311484170,50000,0,0,298,15000
1787311484270,50000,0,0,298,15000
1787311484370,50000,0,0,298,15000
1787311484470,50000,0,0,298,15000
1787311484570,50000,0,0,298,15000
1787311484670,50000,0,0,298,15000
1787311484770,50000,0,0,298,15000
1787311484869,50000,0,0,298,15000
1787311484970,50000,0,0,298,15000
1787311485070,50000,0,0,298,15000
1787311485170,50000,0,0,298,15000
1787311485270,50000,0,0,298,15000
1787311485370,50000,0,0,298,15000
1787311485470,50000,0,0,298,15000
1787311485570,50000,0,0,298,15000
1787311485669,50000,0,0,298,15000
1787311485770,50000,0,0,298,15000
1787311485870,50000,0,0,298,15000
1787311485969,50000,0,0,298,15000
1787311486070,50000,0,0,298,15000
1787311486170,50000,0,0,298,15000
1787311486269,50000,0,0,298,15000
1787311486370,50000,0,0,298,15000
1787311486470,50000,0,0,298,15000
1787311486570,50000,0,0,298,15000
1787311486669,50000,0,0,298,15000
1787311486769,50000,0,0,298,15000
1787311486869,50000,0,0,298,15000
1787311486970,50000,0,0,298,15000
1787311487070,50000,0,0,298,15000
1787311487170,50000,0,0,298,15000
1787311487270,50000,0,0,298,15000
1787311487369,50000,0,0,298,15000
1787311487470,50000,0,0,298,15000
1787311487570,50000,0,0,298,15000
1787311487670,50000,0,0,298,15000
1787311487769,50000,0,0,298,15000
1787311487870,50000,0,0,298,15000
1787311487970,50000,0,0,298,15000
1787311488070,50000,0,0,298,15000
1787311488170,50000,0,0,298,15000
1787311488270,50000,0,0,298,15000
1787311488370,50000,0,0,298,15000
1787311488470,50000,0,0,298,15000
1787311488570,50000,0,0,298,15000
1787311488670,50000,0,0,297,15000
1787311488770,50000,0,0,297,15000
1787311488870,50000,0,0,297,15000
1787311488969,50000,0,0,297,15000
1787311489070,50000,0,0,297,15000
1787311489170,50000,0,0,297,15000
1787311489270,50000,0,0,297,15000
1787311489369,50000,0,0,297,15000
1787311489470,50000,0,0,297,15000
1787311489569,50000,0,0,297,15000
1787311489670,50000,0,0,297,15000
1787311489770,50000,0,0,297,15000
1787311489870,50000,0,0,297,15000
1787311489970,50000,0,0,297,15000
1787311490070,50000,0,0,297,15000
1787311490170,50000,0,0,297,15000
1787311490270,50000,0,0,297,15000
1787311490370,50000,0,0,297,15000
1787311490470,50000,0,0,297,15000
1787311490570,50000,0,0,297,15000
1787311490670,50000,0,0,297,15000
1787311490770,50000,0,0,297,15000
1787311490870,50000,0,0,297,15000
1787311490970,50000,0,0,297,15000
1787311491070,50000,0,0,297,15000
1787311491170,50000,0,0,297,15000
1787311491269,50000,0,0,297,15000
1787311491370,50000,0,0,297,15000
1787311491470,50000,0,0,297,15000
1787311491570,50000,0,0,297,15000
1787311491670,50000,0,0,297,15000
1787311491770,50000,0,0,297,15000
1787311491870,50000,0,0,297,15000
1787311491970,50000,0,0,297,15000
1787311492070,50000,0,0,297,15000
1787311492170,50000,0,0,297,15000
1787311492270,50000,0,0,297,15000
1787311492370,50000,0,0,297,15000
1787311492470,50000,0,0,297,15000
1787311492570,50000,0,0,297,15000
1787311492670,50000,0,0,297,15000
1787311492770,50000,0,0,297,15000
1787311492870,50000,0,0,297,15000
1787311492970,50000,0,0,297,15000
1787311493070,50000,0,0,297,15000
1787311493170,50000,0,0,297,15000
1787311493270,50000,0,0,297,15000
1787311493370,50000,0,0,297,15000
1787311493470,50000,0,0,297,15000
1787311493570,50000,0,0,297,15000
1787311493670,50000,0,0,297,15000
1787311493770,50000,0,0,297,15000
1787311493870,50000,0,0,297,15000
1787311493970,50000,0,0,297,15000
1787311494070,50000,0,0,297,15000
1787311494170,50000,0,0,297,15000
1787311494270,50000,0,0,297,15000
1787311494370,50000,0,0,297,15000
1787311494470,50000,0,0,297,15000
1787311494570,50000,0,0,297,15000
1787311494670,50000,0,0,297,15000
1787311494770,50000,0,0,297,15000
1787311494870,50000,0,0,297,15000
1787311494970,50000,0,0,297,15000
1787311495070,50000,0,0,297,15000
1787311495170,50000,0,0,297,15000
1787311495269,50000,0,0,297,15000
1787311495370,50000,0,0,297,15000
1787311495469,50000,0,0,297,15000
1787311495569,50000,0,0,297,15000
1787311495670,50000,0,0,297,15000
1787311495770,50000,0,0,297,15000
1787311495869,50000,0,0,297,15000
1787311495970,50000,0,0,297,15000
1787311496070,50000,0,0,297,15000
1787311496170,50000,0,0,297,15000
1787311496270,50000,0,0,297,15000
1787311496370,50000,0,0,297,15000
1787311496470,50000,0,0,297,15000
1787311496570,50000,0,0,297,15000
1787311496670,50000,0,0,297,15000
1787311496770,50000,0,0,297,15000
1787311496870,50000,0,0,297,15000
1787311496970,50160,-11842,0,297,15000
1787311497070,50160,-11842,0,297,15000
1787311497170,50160,-11842,0,297,15000
1787311497269,50160,-11842,0,297,15000
1787311497369,50160,-11842,-1000,297,15000
1787311497470,50160,-11842,-1000,297,15000
1787311497570,50160,-11842,-1000,297,15000
1787311497670,50160,-11842,-1000,297,15000
1787311497770,50160,-11842,-11500,297,15000
1787311497870,50160,-11842,-11500,297,15000
1787311497970,50160,-11842,-11500,297,15000
1787311498070,50160,-11842,-11500,297,15000
1787311498170,50160,-11842,-11500,297,15000
1787311498270,50160,-11842,-11500,297,15000
1787311498370,50160,-11842,-11500,297,15000
1787311498469,50160,-11842,-11700,297,15000
1787311498570,50160,-11842,-11700,297,15000
1787311498670,50160,-11842,-11700,297,15000
1787311498770,50160,-11842,-11700,297,15000
1787311498869,50160,-11842,-11700,297,15000
1787311498970,50160,-11842,-11700,297,15000
1787311499069,50160,-11842,-11800,297,15000
1787311499170,50160,-11842,-11800,297,15000
1787311499270,50160,-11842,-11800,297,15000
1787311499370,50160,-11842,-11800,297,15000
1787311499470,50160,-11842,-11800,297,15000
1787311499570,50160,-11842,-11800,297,15000
1787311499669,50160,-11842,-11800,297,15000
1787311499770,50160,-11842,-11800,297,15000
1787311499870,50160,-11842,-11800,297,15000
1787311499970,50160,-11842,-11800,297,15000
1787311500070,50160,-11842,-11800,297,15000
1787311500170,50160,-11842,-11800,297,15000
1787311500270,50160,-11842,-11800,297,15000
1787311500369,50160,-11842,-11800,297,15000
1787311500470,50160,-11842,-11800,297,15000
1787311500570,50160,-11842,-11800,297,15000
1787311500670,50160,-11842,-11800,297,15000
1787311500770,50160,-11842,-11800,297,15000
1787311500870,50160,-11842,-11800,297,15000
1787311500970,50160,-11842,-11800,297,15000
1787311501070,50160,-11842,-11800,297,15000
1787311501170,50160,-11842,-11800,297,15000
1787311501270,50160,-11842,-11800,297,15000
1787311501370,50160,-11842,-11800,297,15000
1787311501470,50160,-11842,-11800,297,15000
1787311501570,50160,-11842,-11800,297,15000
1787311501670,50160,-11842,-11800,297,15000
1787311501769,50160,-11842,-11800,297,15000
1787311501870,50160,-11842,-11800,297,15000
1787311501970,50160,-11842,-11800,297,15000
1787311502069,50160,-11842,-11800,297,15000
1787311502170,50160,-11842,-11800,297,15000
1787311502270,50160,-11842,-11800,297,15000
1787311502370,50160,-11842,-11800,297,15000
1787311502470,50160,-11842,-11800,297,15000
1787311502570,50160,-11842,-11800,297,15000
1787311502670,50160,-11842,-11800,297,15000
1787311502770,50160,-11842,-11800,297,15000
1787311502869,50160,-11842,-11800,297,15000
1787311502970,50160,-11842,-11800,297,15000
1787311503069,50160,-11842,-11800,297,15000
1787311503170,50160,-11842,-11800,297,15000
1787311503270,50160,-11842,-11800,297,15000
1787311503370,50160,-11842,-11800,297,15000
1787311503470,50160,-11842,-11800,297,15000
1787311503569,50160,-11842,-11800,297,15000
1787311503670,50160,-11842,-11800,297,15000
1787311503770,50160,-11842,-11800,297,15000
1787311503870,50160,-11842,-11800,297,15000
1787311503970,50160,-11842,-11800,297,15000
1787311504069,50160,-11842,-11800,297,15000
1787311504170,50160,-11842,-11800,297,15000
1787311504270,50160,-11842,-11800,297,15000
1787311504369,50160,-11842,-11800,297,15000
1787311504470,50160,-11842,-11800,297,15000
1787311504570,50160,-11842,-11800,297,15000
1787311504670,50160,-11842,-11800,297,15000
1787311504769,50160,-11842,-11800,297,15000
1787311504870,50160,-11842,-11800,297,15000
1787311504970,50160,-11842,-11800,297,15000
1787311505070,50160,-11842,-11800,297,15000
1787311505170,50160,-11842,-11800,297,15000
1787311505270,50160,-11842,-11800,297,15000
1787311505370,50160,-11842,-11800,297,15000
1787311505470,50160,-11842,-11800,297,15000
1787311505570,50160,-11842,-11800,297,15000
1787311505670,50160,-11842,-11800,297,15000
1787311505769,50160,-11842,-11800,297,15000
1787311505870,50160,-11842,-11800,297,15000
1787311505970,50160,-11842,-11800,297,15000
1787311506069,50160,-11842,-11800,297,15000
1787311506170,50160,-11842,-11800,297,15000
1787311506270,50160,-11842,-11800,297,15000
1787311506370,50160,-11842,-11800,297,15000
1787311506470,50160,-11842,-11800,297,15000
1787311506569,50160,-11842,-11800,297,15000
1787311506670,50160,-11842,-11800,297,15000
1787311506769,50160,-11842,-11800,297,15000
1787311506869,50160,-11842,-11800,297,15000
1787311506970,50160,-11842,-11800,297,15000
1787311507070,50160,-11842,-11800,297,15000
1787311507170,50160,-11842,-11800,297,15000
1787311507270,50160,-11842,-11800,297,15000
1787311507370,50160,-11842,-11800,297,15000
1787311507470,50160,-11842,-11800,297,15000
1787311507570,50160,-11842,-11700,297,15000
1787311507669,50160,-11842,-11700,297,15000
1787311507769,50160,-11842,-11700,297,15000
1787311507870,50160,-11842,-11700,297,15000
1787311507969,50160,-11842,-11700,297,15000
1787311508070,50160,-11842,-11700,297,15000
1787311508170,50160,-11842,-11700,297,15000
1787311508270,50160,-11842,-11800,297,15000
1787311508369,50160,-11842,-11800,297,15000
1787311508470,50160,-11842,-11800,297,15000
1787311508570,50160,-11842,-11800,297,15000
1787311508669,50160,-11842,-11800,297,15000
1787311508770,50160,-11842,-11800,297,15000
1787311508869,50160,-11842,-11800,297,15000
1787311508970,50160,-11842,-11800,297,15000
1787311509070,50160,-11842,-11800,297,15000
1787311509169,50160,-11842,-11800,297,15000
1787311509270,50160,-11842,-11800,297,15000
1787311509369,50160,-11842,-11800,297,15000
1787311509470,50160,-11842,-11800,297,15000
1787311509570,50160,-11842,-11800,297,15000
1787311509670,50160,-11842,-11800,297,15000
1787311509770,50160,-11842,-11800,297,15000
1787311509870,50160,-11842,-11800,297,15000
1787311509970,50160,-11842,-11800,297,15000
1787311510070,50160,-11842,-11800,297,15000
1787311510170,50160,-11842,-11800,297,15000
1787311510270,50160,-11842,-11800,297,15000
1787311510370,50160,-11842,-11800,297,15000
1787311510469,50160,-11842,-11800,297,15000
1787311510570,50160,-11842,-11800,297,15000
1787311510670,50160,-11842,-11800,297,15000
1787311510770,50160,-11842,-11800,297,15000
1787311510870,50160,-11842,-11800,297,15000
1787311510970,50160,-11842,-11800,297,15000
1787311511069,50160,-11842,-11800,297,15000
1787311511170,50160,-11842,-11800,297,15000
1787311511270,50160,-11842,-11800,297,15000
1787311511369,50160,-11842,-11800,297,15000
1787311511470,50160,-11842,-11800,297,15000
1787311511569,50160,-11842,-11800,297,15000
1787311511670,50160,-11842,-11800,297,15000
1787311511770,50160,-11842,-11800,297,15000
1787311511870,50160,-11842,-11800,297,15000
1787311511970,50160,-11842,-11800,297,15000
1787311512070,50160,-11842,-11800,297,15000
1787311512170,50160,-11842,-11800,297,15000
1787311512270,50160,-11842,-11800,297,15000
1787311512370,50160,-11842,-11700,297,15000
1787311512470,50160,-11842,-11700,297,15000
1787311512570,50160,-11842,-11700,297,15000
1787311512670,50160,-11842,-11700,297,15000
1787311512770,50160,-11842,-11700,297,15000
1787311512870,50160,-11842,-11700,297,15000
1787311512969,50160,-11842,-11700,297,15000
1787311513070,50160,-11842,-11800,297,15000
1787311513170,50160,-11842,-11800,297,15000
1787311513270,50160,-11842,-11800,297,15000
1787311513370,50160,-11842,-11800,297,15000
1787311513470,50160,-11842,-11800,297,15000
1787311513570,50160,-11842,-11800,297,15000
1787311513669,50160,-11842,-11800,297,15000
1787311513770,50160,-11842,-11800,297,15000
1787311513870,50160,-11842,-11800,297,15000
1787311513970,50160,-11842,-11800,297,15000
1787311514070,50160,-11842,-11800,297,15000
1787311514170,50160,-11842,-11800,297,15000
1787311514270,50160,-11842,-11800,297,15000
1787311514370,50160,-11842,-11800,297,15000
1787311514470,50160,-11842,-11800,297,15000
1787311514570,50160,-11842,-11800,297,15000
1787311514669,50160,-11842,-11800,297,15000
1787311514770,50160,-11842,-11800,297,15000
1787311514869,50160,-11842,-11700,297,15000
1787311514969,50160,-11842,-11700,297,15000
1787311515070,50160,-11842,-11700,297,15000
1787311515170,50160,-11842,-11700,297,15000
1787311515270,50160,-11842,-11700,297,15000
1787311515370,50160,-11842,-11800,297,15000
1787311515470,50160,-11842,-11800,297,15000
1787311515570,50160,-11842,-11800,297,15000
1787311515670,50160,-11842,-11800,297,15000
1787311515770,50160,-11842,-11800,297,15000
1787311515870,50160,-11842,-11800,297,15000
1787311515970,50160,-11842,-11800,297,15000
1787311516069,50160,-11842,-11800,297,15000
1787311516170,50160,-11842,-11800,297,15000
1787311516270,50160,-11842,-11800,297,15000
1787311516370,50160,-11842,-11800,297,15000
1787311516470,50160,-11842,-11800,297,15000
1787311516570,50160,-11842,-11800,297,15000
1787311516669,50160,-11842,-11800,297,15000
1787311516770,50160,-11842,-11800,297,15000
1787311516870,50160,-11842,-11800,297,15000
1787311516969,50160,-11842,-11800,297,15000
1787311517070,50160,-11842,-11800,297,15000
1787311517170,50160,-11842,-11800,297,15000
1787311517270,50160,-11842,-11700,297,15000
1787311517370,50160,-11842,-11700,297,15000
1787311517469,50160,-11842,-11700,297,15000
1787311517570,50160,-11842,-11700,297,15000
1787311517670,50160,-11842,-11700,297,15000
1787311517770,50160,-11842,-11700,297,15000
1787311517870,50160,-11842,-11800,297,15000
1787311517970,50160,-11842,-11800,297,15000
1787311518070,50160,-11842,-11800,297,15000
1787311518170,50160,-11842,-11800,297,15000
1787311518270,50160,-11842,-11800,297,15000
1787311518370,50160,-11842,-11800,297,15000
1787311518470,50160,-11842,-11800,297,15000
1787311518570,50160,-11842,-11800,297,15000
1787311518670,50160,-11842,-11800,297,15000
1787311518770,50160,-11842,-11800,297,15000
1787311518870,50160,-11842,-11800,297,15000
1787311518970,50160,-11842,-11800,297,15000
1787311519070,50160,-11842,-11800,297,15000
1787311519170,50160,-11842,-11800,297,15000
1787311519270,50160,-11842,-11800,297,15000
1787311519370,50160,-11842,-11800,297,15000
1787311519470,50160,-11842,-11800,297,15000
1787311519570,50160,-11842,-11800,297,15000
1787311519670,50160,-11842,-11800,297,15000
1787311519770,50160,-11842,-11800,297,15000
1787311519870,50160,-11842,-11800,297,15000
1787311519970,50160,-11842,-11800,297,15000
1787311520070,50160,-11842,-11800,297,15000
1787311520170,50160,-11842,-11800,297,15000
1787311520269,50160,-11842,-11800,297,15000
1787311520370,50160,-11842,-11700,297,15000
1787311520470,50160,-11842,-11700,297,15000
1787311520570,50160,-11842,-11700,297,15000
1787311520670,50160,-11842,-11700,297,15000
1787311520770,50160,-11842,-11800,297,15000
1787311520870,50160,-11842,-11800,297,15000
1787311520970,50160,-11842,-11800,297,15000
1787311521069,50160,-11842,-11800,297,15000
1787311521170,50160,-11842,-11800,297,15000
1787311521270,50160,-11842,-11800,297,15000
1787311521369,50160,-11842,-11800,297,15000
1787311521470,50160,-11842,-11800,297,15000
1787311521570,50160,-11842,-11800,297,15000
1787311521670,50160,-11842,-11800,297,15000
1787311521769,50160,-11842,-11800,297,15000
1787311521870,50160,-11842,-11800,297,15000
1787311521969,50160,-11842,-11800,297,15000
1787311522070,50160,-11842,-11800,297,15000
1787311522170,50160,-11842,-11800,297,15000
1787311522270,50160,-11842,-11800,297,15000
1787311522370,50160,-11842,-11800,297,15000
1787311522469,50160,-11842,-11800,297,15000
1787311522570,50160,-11842,-11800,297,15000
1787311522670,50160,-11842,-11800,297,15000
1787311522769,50160,-11842,-11800,297,15000
1787311522870,50160,-11842,-11800,297,15000
1787311522970,50160,-11842,-11800,297,15000
1787311523070,50160,-11842,-11800,297,15000
1787311523169,50160,-11842,-11800,297,15000
1787311523270,50160,-11842,-11800,297,15000
1787311523370,50160,-11842,-11800,297,15000
1787311523470,50160,-11842,-11800,297,15000
1787311523570,50160,-11842,-11800,297,15000
1787311523669,50160,-11842,-11800,297,15000
1787311523770,50160,-11842,-11800,297,15000
1787311523870,50160,-11842,-11800,297,15000
1787311523970,50160,-11842,-11800,297,15000
1787311524070,50160,-11842,-11800,297,15000
1787311524170,50160,-11842,-11800,297,15000
1787311524270,50160,-11842,-11800,297,15000
1787311524369,50160,-11842,-11800,297,15000
1787311524470,50160,-11842,-11800,297,15000
1787311524570,50160,-11842,-11800,297,15000
1787311524669,50160,-11842,-11800,297,15000
1787311524770,50160,-11842,-11800,297,15000
1787311524870,50160,-11842,-11800,297,15000
1787311524970,50160,-11842,-11800,297,15000
1787311525070,50160,-11842,-11800,297,15000
1787311525170,50160,-11842,-11800,297,15000
1787311525270,50160,-11842,-11800,297,15000
1787311525370,50160,-11842,-11800,297,15000
1787311525470,50160,-11842,-11800,297,15000
1787311525570,50160,-11842,-11800,297,15000
1787311525670,50160,-11842,-11800,297,15000
1787311525770,50160,-11842,-11800,297,15000
1787311525870,50160,-11842,-11800,297,15000
1787311525970,50160,-11842,-11800,297,15000
1787311526070,50160,-11842,-11800,297,15000
1787311526170,50160,-11842,-11800,297,15000
1787311526270,50160,-11842,-11800,297,15000
1787311526369,50160,-11842,-11800,297,15000
1787311526470,50160,-11842,-11800,297,15000
1787311526570,50160,-11842,-11800,297,15000
1787311526670,50160,-11842,-11800,297,15000
1787311526770,50160,-11842,-11800,297,15000
1787311526870,50160,-11842,-11800,297,15000
1787311526970,50160,-11842,-11700,297,15000
1787311527070,50160,-11842,-11700,297,15000
1787311527170,50160,-11842,-11700,297,15000
1787311527270,50160,-11842,-11700,297,15000
1787311527370,50160,-11842,-11700,297,15000
1787311527470,50160,-11842,-11700,297,15000
1787311527570,50160,-11842,-11700,297,15000
1787311527670,50160,-11842,-11700,297,15000
1787311527770,50160,-11842,-11700,297,15000
1787311527870,50160,-11842,-11700,297,15000
1787311527970,50160,-11842,-11700,297,15000
1787311528070,50160,-11842,-11800,297,15000
1787311528170,50160,-11842,-11800,297,15000
1787311528270,50160,-11842,-11800,297,15000
1787311528369,50160,-11842,-11800,297,15000
1787311528470,50160,-11842,-11800,297,15000
1787311528570,50160,-11842,-11800,297,15000
1787311528670,50160,-11842,-11800,297,15000
1787311528770,50160,-11842,-11800,297,15000
1787311528870,50160,-11842,-11800,297,15000
1787311528969,50160,-11842,-11800,297,15000
1787311529070,50160,-11842,-11800,297,15000
1787311529169,50160,-11842,-11800,297,15000
1787311529270,50160,-11842,-11800,297,15000
1787311529370,50160,-11842,-11800,297,15000
1787311529470,50160,-11842,-11800,297,15000
1787311529570,50160,-11842,-11800,297,15000
1787311529670,50160,-11842,-11800,297,15000
1787311529770,50160,-11842,-11800,297,15000
1787311529870,50160,-11842,-11800,297,15000
1787311529970,50160,-11842,-11800,297,15000
1787311530070,50160,-11842,-11800,297,15000
1787311530170,50160,-11842,-11800,297,15000
1787311530270,50160,-11842,-11800,297,15000
1787311530370,50160,-11842,-11800,297,15000
1787311530469,50160,-11842,-11800,297,15000
1787311530570,50160,-11842,-11800,297,15000
1787311530669,50160,-11842,-11800,297,15000
1787311530769,50160,-11842,-11800,297,15000
1787311530869,50160,-11842,-11800,297,15000
1787311530970,50160,-11842,-11800,297,15000
1787311531070,50160,-11842,-11800,297,15000
1787311531170,50160,-11842,-11800,297,15000
1787311531270,50160,-11842,-11800,297,15000
1787311531369,50160,-11842,-11800,297,15000
1787311531470,50160,-11842,-11800,297,15000
1787311531570,50160,-11842,-11800,297,15000
1787311531670,50160,-11842,-11800,297,15000
1787311531770,50160,-11842,-11800,297,15000
1787311531870,50160,-11842,-11800,297,15000
1787311531970,50160,-11842,-11800,297,15000
1787311532069,50160,-11842,-11800,297,15000
1787311532170,50160,-11842,-11800,297,15000
1787311532270,50160,-11842,-11800,297,15000
1787311532369,50160,-11842,-11800,297,15000
1787311532470,50160,-11842,-11800,297,15000
1787311532570,50160,-11842,-11800,297,15000
1787311532670,50160,-11842,-11800,297,15000
1787311532769,50160,-11842,-11800,297,15000
1787311532870,50160,-11842,-11800,297,15000
1787311532970,50160,-11842,-11800,297,15000
1787311533070,50160,-11842,-11800,297,15000
1787311533170,50160,-11842,-11800,297,15000
1787311533270,50160,-11842,-11800,297,15000
1787311533370,50160,-11842,-11800,297,15000
1787311533470,50160,-11842,-11800,297,15000
1787311533570,50160,-11842,-11800,297,15000
1787311533669,50160,-11842,-11800,297,15000
1787311533770,50160,-11842,-11800,297,15000
1787311533869,50160,-11842,-11800,297,15000
1787311533969,50160,-11842,-11800,297,15000
1787311534070,50160,-11842,-11800,297,15000
1787311534170,50160,-11842,-11800,297,15000
1787311534269,50160,-11842,-11800,297,15000
1787311534370,50160,-11842,-11800,297,15000
1787311534470,50160,-11842,-11800,297,15000
1787311534570,50160,-11842,-11800,297,15000
1787311534670,50160,-11842,-11800,297,15000
1787311534769,50160,-11842,-11800,297,15000
1787311534869,50160,-11842,-11800,297,15000
1787311534970,50160,-11842,-11800,297,15000
1787311535070,50160,-11842,-11800,297,15000
1787311535170,50160,-11842,-11800,297,15000
1787311535269,50160,-11842,-11800,297,15000
1787311535370,50160,-11842,-11800,297,15000
1787311535470,50160,-11842,-11800,297,15000
1787311535570,50160,-11842,-11800,297,15000
1787311535670,50160,-11842,-11800,297,15000
1787311535770,50160,-11842,-11800,297,15000
1787311535870,50160,-11842,-11800,297,15000
1787311535970,50160,-11842,-11800,297,15000
1787311536070,50160,-11842,-11800,297,15000
1787311536170,50160,-11842,-11800,297,15000
1787311536270,50160,-11842,-11800,297,15000
1787311536370,50160,-11842,-11800,297,15000
1787311536469,50160,-11842,-11800,297,15000
1787311536570,50160,-11842,-11800,297,15000
1787311536670,50160,-11842,-11800,297,15000
1787311536770,50160,-11842,-11800,297,15000
1787311536869,50160,-11842,-11800,297,15000
1787311536970,50160,-11842,-11800,297,15000
1787311537069,50160,-11842,-11800,297,15000
1787311537170,50160,-11842,-11800,297,15000
1787311537270,50160,-11842,-11800,297,15000
1787311537369,50160,-11842,-11800,297,15000
1787311537470,50160,-11842,-11800,297,15000
1787311537570,50160,-11842,-11800,297,15000
1787311537669,50160,-11842,-11800,297,15000
1787311537769,50160,-11842,-11800,297,15000
1787311537870,50160,-11842,-11800,297,15000
1787311537970,50160,-11842,-11800,297,15000
1787311538070,50160,-11842,-11800,297,15000
1787311538170,50160,-11842,-11800,297,15000
1787311538270,50160,-11842,-11800,297,15000
1787311538369,50160,-11842,-11800,297,15000
1787311538469,50160,-11842,-11800,297,15000
1787311538570,50160,-11842,-11800,297,15000
1787311538670,50160,-11842,-11800,297,15000
1787311538770,50160,-11842,-11800,297,15000
1787311538870,50160,-11842,-11800,297,15000
1787311538970,50160,-11842,-11800,297,15000
1787311539069,50160,-11842,-11800,297,15000
1787311539170,50160,-11842,-11800,297,15000
1787311539269,50160,-11842,-11800,297,15000
1787311539370,50160,-11842,-11800,297,15000
1787311539470,50160,-11842,-11800,297,15000
1787311539570,50160,-11842,-11800,297,15000
1787311539670,50160,-11842,-11800,297,15000
1787311539770,50160,-11842,-11800,297,15000
1787311539870,50160,-11842,-11800,297,15000
1787311539970,50160,-11842,-11800,297,15000
1787311540070,50160,-11842,-11800,297,15000
1787311540170,50160,-11842,-11700,297,15000
1787311540270,50160,-11842,-11700,297,15000
1787311540370,50160,-11842,-11700,297,15000
1787311540470,50160,-11842,-11700,297,15000
1787311540569,50160,-11842,-11700,297,15000
1787311540669,50160,-11842,-11700,297,15000
1787311540770,50160,-11842,-11700,297,15000
1787311540869,50160,-11842,-11700,297,15000
1787311540970,50160,-11842,-11700,297,15000
1787311541070,50160,-11842,-11700,297,15000
1787311541170,50160,-11842,-11700,297,15000
1787311541270,50160,-11842,-11700,297,15000
1787311541369,50160,-11842,-11800,297,15000
1787311541469,50160,-11842,-11800,297,15000
1787311541570,50160,-11842,-11800,297,15000
1787311541670,50160,-11842,-11800,297,15000
1787311541770,50160,-11842,-11800,297,15000
1787311541870,50160,-11842,-11800,297,15000
1787311541970,50160,-11842,-11800,297,15000
1787311542070,50160,-11842,-11800,297,15000
1787311542170,50160,-11842,-11800,297,15000
1787311542270,50160,-11842,-11800,297,15000
1787311542369,50160,-11842,-11800,297,15000
1787311542470,50160,-11842,-11800,297,15000
1787311542570,50160,-11842,-11800,297,15000
1787311542669,50160,-11842,-11800,297,15000
1787311542770,50160,-11842,-11800,297,15000
1787311542870,50160,-11842,-11800,297,15000
1787311542969,50160,-11842,-11800,297,15000
1787311543069,50160,-11842,-11800,297,15000
1787311543170,50160,-11842,-11800,297,15000
1787311543270,50160,-11842,-11800,297,15000
1787311543370,50160,-11842,-11800,297,15000
1787311543470,50160,-11842,-11800,297,15000
1787311543570,50160,-11842,-11800,297,15000
1787311543670,50160,-11842,-11800,297,15000
1787311543769,50160,-11842,-11800,297,15000
1787311543870,50160,-11842,-11800,297,15000
1787311543970,50160,-11842,-11800,297,15000
1787311544070,50160,-11842,-11800,297,15000
1787311544170,50160,-11842,-11800,297,15000
1787311544270,50160,-11842,-11800,297,15000
1787311544370,50160,-11842,-11800,297,15000
1787311544470,50160,-11842,-11800,297,15000
1787311544570,50160,-11842,-11800,297,15000
1787311544670,50160,-11842,-11800,297,15000
1787311544770,50160,-11842,-11800,297,15000
1787311544870,50160,-11842,-11800,297,15000
1787311544969,50160,-11842,-11800,297,15000
1787311545070,50160,-11842,-11800,297,15000
1787311545170,50160,-11842,-11800,297,15000
1787311545270,50160,-11842,-11800,297,15000
1787311545370,50160,-11842,-11800,297,15000
1787311545470,50160,-11842,-11800,297,15000
1787311545569,50160,-11842,-11800,297,15000
1787311545669,50160,-11842,-11800,297,15000
1787311545770,50160,-11842,-11800,297,15000
1787311545870,50160,-11842,-11800,297,15000
1787311545970,50160,-11842,-11800,297,15000
1787311546070,50160,-11842,-11800,297,15000
1787311546169,50160,-11842,-11800,297,15000
1787311546270,50160,-11842,-11800,297,15000
1787311546370,50160,-11842,-11800,297,15000
1787311546470,50160,-11842,-11800,297,15000
1787311546570,50160,-11842,-11800,297,15000
1787311546669,50160,-11842,-11800,297,15000
1787311546770,50160,-11842,-11800,297,15000
1787311546870,50160,-11842,-11800,297,15000
1787311546970,50160,-11842,-11800,297,15000
1787311547070,50160,-11842,-11800,297,15000
1787311547170,50160,-11842,-11800,297,15000
1787311547270,50160,-11842,-11800,297,15000
1787311547369,50160,-11842,-11800,297,15000
1787311547470,50160,-11842,-11800,297,15000
1787311547570,50160,-11842,-11800,297,15000
1787311547670,50160,-11842,-11800,297,15000
1787311547769,50160,-11842,-11800,297,15000
1787311547870,50160,-11842,-11800,297,15000
1787311547970,50160,-11842,-11800,297,15000
1787311548070,50160,-11842,-11700,297,15000
1787311548170,50160,-11842,-11700,297,15000
1787311548270,50160,-11842,-11700,297,15000
1787311548370,50160,-11842,-11700,297,15000
1787311548470,50160,-11842,-11700,297,15000
1787311548570,50160,-11842,-11700,297,15000
1787311548669,50160,-11842,-11800,297,15000
1787311548769,50160,-11842,-11800,297,15000
1787311548870,50160,-11842,-11800,297,15000
1787311548970,50160,-11842,-11800,297,15000
1787311549070,50160,-11842,-11800,297,15000
1787311549169,50160,-11842,-11800,297,15000
1787311549270,50160,-11842,-11800,297,15000
1787311549370,50160,-11842,-11800,297,15000
1787311549470,50160,-11842,-11800,297,15000
1787311549570,50160,-11842,-11800,297,15000
1787311549670,50160,-11842,-11800,297,15000
1787311549770,50160,-11842,-11800,297,15000
1787311549869,50160,-11842,-11800,297,15000
1787311549969,50160,-11842,-11800,297,15000
1787311550070,50160,-11842,-11800,297,15000
1787311550170,50160,-11842,-11800,297,15000
1787311550270,50160,-11842,-11800,297,15000
1787311550370,50160,-11842,-11800,297,15000
1787311550469,50160,-11842,-11800,297,15000
1787311550570,50160,-11842,-11800,297,15000
1787311550670,50160,-11842,-11800,297,15000
1787311550770,50160,-11842,-11800,297,15000
1787311550870,50160,-11842,-11800,297,15000
1787311550970,50160,-11842,-11800,297,15000
1787311551070,50160,-11842,-11800,297,15000
1787311551170,50160,-11842,-11800,297,15000
1787311551270,50160,-11842,-11800,297,15000
1787311551370,50160,-11842,-11800,297,15000
1787311551470,50160,-11842,-11800,297,15000
1787311551570,50160,-11842,-11800,297,15000
1787311551670,50160,-11842,-11800,297,15000
1787311551770,50160,-11842,-11800,297,15000
1787311551870,50160,-11842,-11800,297,15000
1787311551970,50160,-11842,-11800,297,15000
1787311552070,50160,-11842,-11800,297,15000
1787311552170,50160,-11842,-11800,297,15000
1787311552270,50160,-11842,-11800,297,15000
1787311552369,50160,-11842,-11800,297,15000
1787311552470,50160,-11842,-11800,297,15000
1787311552570,50160,-11842,-11800,297,15000
1787311552670,50160,-11842,-11800,297,15000
1787311552770,50160,-11842,-11800,297,15000
1787311552870,50160,-11842,-11800,297,15000
1787311552970,50160,-11842,-11800,297,15000
1787311553070,50160,-11842,-11800,297,15000
1787311553170,50160,-11842,-11800,297,15000
1787311553270,50160,-11842,-11800,297,15000
1787311553370,50160,-11842,-11800,297,15000
1787311553470,50160,-11842,-11800,297,15000
1787311553570,50160,-11842,-11800,297,15000
1787311553670,50160,-11842,-11800,297,15000
1787311553769,50160,-11842,-11800,297,15000
1787311553869,50160,-11842,-11800,297,15000
1787311553970,50160,-11842,-11800,297,15000
1787311554070,50160,-11842,-11800,297,15000
1787311554170,50160,-11842,-11800,297,15000
1787311554270,50160,-11842,-11800,297,15000
1787311554370,50160,-11842,-11800,297,15000
1787311554470,50160,-11842,-11800,297,15000
1787311554569,50160,-11842,-11800,297,15000
1787311554670,50160,-11842,-11800,297,15000
1787311554770,50160,-11842,-11700,297,15000
1787311554869,50160,-11842,-11700,297,15000
1787311554970,50160,-11842,-11700,297,15000
1787311555070,50160,-11842,-11700,297,15000
1787311555170,50160,-11842,-11700,297,15000
1787311555270,50160,-11842,-11700,297,15000
1787311555369,50160,-11842,-11700,297,15000
1787311555470,50160,-11842,-11700,297,15000
1787311555570,50160,-11842,-11700,297,15000
1787311555670,50160,-11842,-11700,297,15000
1787311555770,50160,-11842,-11800,297,15000
1787311555870,50160,-11842,-11800,297,15000
1787311555970,50160,-11842,-11800,297,15000
1787311556070,50160,-11842,-11800,297,15000
1787311556170,50160,-11842,-11800,297,15000
1787311556270,50160,-11842,-11800,297,15000
1787311556370,50160,-11842,-11800,297,15000
1787311556469,50160,-11842,-11700,297,15000
1787311556569,50160,-11842,-11700,297,15000
1787311556670,50160,-11842,-11700,297,15000
1787311556770,50160,-11842,-11700,297,15000
1787311556870,50160,-11842,-11700,297,15000
1787311556970,50160,-11842,-11700,297,15000
1787311557069,50160,-11842,-11800,297,15000
1787311557170,50160,-11842,-11800,297,15000
1787311557269,50160,-11842,-11800,297,15000
1787311557369,50160,-11842,-11800,297,15000
1787311557470,50160,-11842,-11800,297,15000
1787311557570,50160,-11842,-11800,297,15000
1787311557670,50160,-11842,-11800,297,15000
1787311557769,50160,-11842,-11800,297,15000
1787311557870,50160,-11842,-11800,297,15000
1787311557970,50160,-11842,-11800,297,15000
1787311558070,50160,-11842,-11800,297,15000
1787311558170,50160,-11842,-11800,297,15000
1787311558270,50160,-11842,-11800,297,15000
1787311558370,50160,-11842,-11800,297,15000
1787311558470,50160,-11842,-11800,297,15000
1787311558570,50160,-11842,-11800,297,15000
1787311558669,50160,-11842,-11800,297,15000
1787311558770,50160,-11842,-11800,297,15000
1787311558870,50160,-11842,-11800,297,15000
1787311558970,50160,-11842,-11800,297,15000
1787311559070,50160,-11842,-11800,297,15000
1787311559170,50160,-11842,-11800,297,15000
1787311559270,50160,-11842,-11800,297,15000
1787311559369,50160,-11842,-11800,297,15000
1787311559470,50160,-11842,-11800,297,15000
1787311559569,50160,-11842,-11800,297,15000
1787311559670,50160,-11842,-11800,297,15000
1787311559770,50160,-11842,-11800,297,15000
1787311559870,50160,-11842,-11800,297,15000
1787311559970,50160,-11842,-11800,297,15000
1787311560070,50160,-11842,-11800,297,15000
1787311560170,50160,-11842,-11800,297,15000
1787311560270,50160,-11842,-11800,297,15000
1787311560370,50160,-11842,-11800,297,15000
1787311560470,50160,-11842,-11800,297,15000
1787311560569,50160,-11842,-11800,297,15000
1787311560669,50160,-11842,-11800,297,15000
1787311560770,50160,-11842,-11800,297,15000
1787311560870,50160,-11842,-11800,297,15000
1787311560970,50160,-11842,-11800,297,15000
1787311561069,50160,-11842,-11800,297,15000
1787311561170,50160,-11842,-11800,297,15000
1787311561270,50160,-11842,-11800,297,15000
1787311561370,50160,-11842,-11800,297,15000
1787311561470,50160,-11842,-11800,297,15000
1787311561570,50160,-11842,-11800,297,15000
1787311561669,50160,-11842,-11800,297,15000
1787311561770,50160,-11842,-11800,297,15000
1787311561870,50160,-11842,-11800,297,15000
1787311561970,50160,-11842,-11800,297,15000
1787311562070,50160,-11842,-11800,297,15000
1787311562170,50160,-11842,-11800,297,15000
1787311562270,50160,-11842,-11800,297,15000
1787311562370,50160,-11842,-11800,297,15000
1787311562470,50160,-11842,-11800,297,15000
1787311562569,50160,-11842,-11800,297,15000
1787311562670,50160,-11842,-11800,297,15000
1787311562770,50160,-11842,-11800,297,15000
1787311562870,50160,-11842,-11800,297,15000
1787311562970,50160,-11842,-11800,297,15000
1787311563070,50160,-11842,-11800,297,15000
1787311563170,50160,-11842,-11800,297,15000
1787311563269,50160,-11842,-11800,297,15000
1787311563370,50160,-11842,-11800,297,15000
1787311563470,50160,-11842,-11800,297,15000
1787311563570,50160,-11842,-11800,297,15000
1787311563670,50160,-11842,-11800,297,15000
1787311563770,50160,-11842,-11800,297,15000
1787311563870,50160,-11842,-11800,297,15000
1787311563970,50160,-11842,-11800,297,15000
1787311564070,50160,-11842,-11800,297,15000
1787311564170,50160,-11842,-11800,297,15000
1787311564270,50160,-11842,-11800,297,15000
1787311564370,50160,-11842,-11800,297,15000
1787311564470,50160,-11842,-11800,297,15000
1787311564570,50160,-11842,-11800,297,15000
1787311564670,50160,-11842,-11800,297,15000
1787311564770,50160,-11842,-11800,297,15000
1787311564870,50160,-11842,-11800,297,15000
1787311564970,50160,-11842,-11800,297,15000
1787311565070,50160,-11842,-11800,297,15000
1787311565170,50160,-11842,-11800,297,15000
1787311565270,50160,-11842,-11800,297,15000
1787311565370,50160,-11842,-11800,297,15000
1787311565470,50160,-11842,-11800,297,15000
1787311565570,50160,-11842,-11800,297,15000
1787311565670,50160,-11842,-11800,297,15000
1787311565769,50160,-11842,-11800,297,15000
1787311565870,50160,-11842,-11800,297,15000
1787311565970,50160,-11842,-11800,297,15000
1787311566070,50160,-11842,-11800,297,15000
1787311566170,50160,-11842,-11800,297,15000
1787311566270,50160,-11842,-11800,297,15000
1787311566370,50160,-11842,-11800,297,15000
1787311566469,50160,-11842,-11800,297,15000
1787311566570,50160,-11842,-11800,297,15000
1787311566670,50160,-11842,-11800,297,15000
1787311566770,50160,-11842,-11800,297,15000
1787311566870,50160,-11842,-11800,297,15000
1787311566970,50160,-11842,-11800,297,15000
1787311567070,50160,-11842,-11800,297,15000
1787311567170,50160,-11842,-11800,297,15000
1787311567270,50160,-11842,-11800,297,15000
1787311567370,50160,-11842,-11800,297,15000
1787311567470,50160,-11842,-11800,297,15000
1787311567570,50160,-11842,-11800,297,15000
1787311567670,50160,-11842,-11800,297,15000
1787311567769,50160,-11842,-11800,297,15000
1787311567870,50160,-11842,-11800,297,15000
1787311567970,50160,-11842,-11800,297,15000
1787311568070,50160,-11842,-11800,297,15000
1787311568170,50160,-11842,-11800,297,15000
1787311568270,50160,-11842,-11800,297,15000
1787311568370,50160,-11842,-11800,297,15000
1787311568470,50160,-11842,-11800,297,15000
1787311568570,50160,-11842,-11700,297,15000
1787311568670,50160,-11842,-11700,297,15000
1787311568770,50160,-11842,-11700,297,15000
1787311568870,50160,-11842,-11700,297,15000
1787311568970,50160,-11842,-11700,297,15000
1787311569070,50160,-11842,-11700,297,15000
1787311569170,50160,-11842,-11700,297,15000
1787311569269,50160,-11842,-11700,297,15000
1787311569370,50160,-11842,-11700,297,15000
1787311569470,50160,-11842,-11700,297,15000
1787311569570,50160,-11842,-11700,297,15000
1787311569670,50160,-11842,-11700,297,15000
1787311569770,50160,-11842,-11700,297,15000
1787311569870,50160,-11842,-11800,297,15000
1787311569970,50160,-11842,-11800,297,15000
1787311570070,50160,-11842,-11800,297,15000
1787311570170,50160,-11842,-11800,297,15000
1787311570269,50160,-11842,-11800,297,15000
1787311570370,50160,-11842,-11800,297,15000
1787311570470,50160,-11842,-11800,297,15000
1787311570570,50160,-11842,-11800,297,15000
1787311570670,50160,-11842,-11800,297,15000
1787311570769,50160,-11842,-11800,297,15000
1787311570870,50160,-11842,-11800,297,15000
1787311570970,50160,-11842,-11800,297,15000
1787311571070,50160,-11842,-11800,297,15000
1787311571170,50160,-11842,-11800,297,15000
1787311571270,50160,-11842,-11800,297,15000
1787311571369,50160,-11842,-11800,297,15000
1787311571470,50160,-11842,-11800,297,15000
1787311571570,50160,-11842,-11800,297,15000
1787311571669,50160,-11842,-11800,297,15000
1787311571770,50160,-11842,-11800,297,15000
1787311571870,50160,-11842,-11800,297,15000
1787311571970,50160,-11842,-11800,297,15000
1787311572070,50160,-11842,-11800,297,15000
1787311572170,50160,-11842,-11800,297,15000
1787311572270,50160,-11842,-11800,297,15000
1787311572370,50160,-11842,-11800,297,15000
1787311572470,50160,-11842,-11800,297,15000
1787311572570,50160,-11842,-11800,297,15000
1787311572670,50160,-11842,-11800,297,15000
1787311572770,50160,-11842,-11700,297,15000
1787311572870,50160,-11842,-11700,297,15000
1787311572970,50160,-11842,-11700,297,15000
1787311573070,50160,-11842,-11700,297,15000
1787311573170,50160,-11842,-11700,297,15000
1787311573270,50160,-11842,-11700,297,15000
1787311573370,50160,-11842,-11800,297,15000
1787311573470,50160,-11842,-11800,297,15000
1787311573570,50160,-11842,-11800,297,15000
1787311573670,50160,-11842,-11800,297,15000
1787311573770,50160,-11842,-11800,297,15000
1787311573870,50160,-11842,-11800,297,15000
1787311573969,50160,-11842,-11800,297,15000
1787311574070,50160,-11842,-11800,297,15000
1787311574170,50160,-11842,-11800,297,15000
1787311574270,50160,-11842,-11800,297,15000
1787311574370,50160,-11842,-11800,297,15000
1787311574470,50160,-11842,-11800,297,15000
1787311574570,50160,-11842,-11800,297,15000
1787311574670,50160,-11842,-11800,297,15000
1787311574770,50160,-11842,-11800,297,15000
1787311574870,50160,-11842,-11800,297,15000
1787311574969,50160,-11842,-11800,297,15000
1787311575070,50160,-11842,-11800,297,15000
1787311575170,50160,-11842,-11800,297,15000
1787311575270,50160,-11842,-11800,297,15000
1787311575370,50160,-11842,-11800,297,15000
1787311575470,50160,-11842,-11800,297,15000
1787311575570,50160,-11842,-11800,297,15000
1787311575670,50160,-11842,-11800,297,15000
1787311575770,50160,-11842,-11800,297,15000
1787311575870,50160,-11842,-11800,297,15000
1787311575970,50160,-11842,-11800,297,15000
1787311576070,50160,-11842,-11800,297,15000
1787311576170,50160,-11842,-11800,297,15000
1787311576270,50160,-11842,-11800,297,15000
1787311576369,50160,-11842,-11800,297,15000
1787311576470,50160,-11842,-11800,297,15000
1787311576570,50160,-11842,-11800,297,15000
1787311576670,50160,-11842,-11800,297,15000
1787311576770,50160,-11842,-11800,297,15000
1787311576870,50160,-11842,-11800,297,15000
1787311576970,50160,-11842,-11700,297,15000
1787311577070,50160,-11842,-11700,297,15000
1787311577170,50160,-11842,-11700,297,15000
1787311577270,50160,-11842,-11700,297,15000
1787311577370,50160,-11842,-11700,297,15000
1787311577470,50160,-11842,-11700,297,15000
1787311577570,50160,-11842,-11800,297,15000
1787311577669,50160,-11842,-11800,297,15000
1787311577770,50160,-11842,-11800,297,15000
1787311577869,50160,-11842,-11800,297,15000
1787311577970,50160,-11842,-11800,297,15000
1787311578070,50160,-11842,-11800,297,15000
1787311578170,50160,-11842,-11800,297,15000
1787311578270,50160,-11842,-11800,297,15000
1787311578370,50160,-11842,-11800,297,15000
1787311578470,50160,-11842,-11800,297,15000
1787311578570,50160,-11842,-11800,297,15000
1787311578669,50160,-11842,-11800,297,15000
1787311578770,50160,-11842,-11800,297,15000
1787311578870,50160,-11842,-11800,297,15000
1787311578970,50160,-11842,-11800,297,15000
1787311579070,50160,-11842,-11800,297,15000
1787311579170,50160,-11842,-11800,297,15000
1787311579270,50160,-11842,-11800,297,15000
1787311579370,50160,-11842,-11800,297,15000
1787311579470,50160,-11842,-11800,297,15000
1787311579569,50160,-11842,-11800,297,15000
1787311579670,50160,-11842,-11800,297,15000
1787311579770,50160,-11842,-11800,297,15000
1787311579870,50160,-11842,-11800,297,15000
1787311579970,50160,-11842,-11800,297,15000
1787311580069,50160,-11842,-11800,297,15000
1787311580170,50160,-11842,-11800,297,15000
1787311580270,50160,-11842,-11800,297,15000
1787311580369,50160,-11842,-11800,297,15000
1787311580470,50160,-11842,-11800,297,15000
1787311580570,50160,-11842,-11800,297,15000
1787311580670,50160,-11842,-11800,297,15000
1787311580770,50160,-11842,-11800,297,15000
1787311580870,50160,-11842,-11800,297,15000
1787311580970,50160,-11842,-11800,297,15000
1787311581070,50160,-11842,-11800,297,15000
1787311581170,50160,-11842,-11800,297,15000
1787311581269,50160,-11842,-11800,297,15000
1787311581370,50160,-11842,-11800,297,15000
1787311581470,50160,-11842,-11800,297,15000
1787311581570,50160,-11842,-11800,297,15000
1787311581670,50160,-11842,-11800,297,15000
1787311581770,50160,-11842,-11800,297,15000
1787311581870,50160,-11842,-11800,297,15000
1787311581970,50160,-11842,-11800,297,15000
1787311582070,50160,-11842,-11800,297,15000
1787311582170,50160,-11842,-11800,297,15000
1787311582270,50160,-11842,-11800,297,15000
1787311582370,50160,-11842,-11800,297,15000
1787311582470,50160,-11842,-11800,297,15000
1787311582570,50160,-11842,-11800,297,15000
1787311582669,50160,-11842,-11800,297,15000
1787311582770,50160,-11842,-11800,297,15000
1787311582870,50160,-11842,-11800,297,15000
1787311582970,50160,-11842,-11800,297,15000
1787311583070,50160,-11842,-11800,297,15000
1787311583170,50160,-11842,-11800,297,15000
1787311583269,50160,-11842,-11800,297,15000
1787311583370,50160,-11842,-11800,297,15000
1787311583470,50160,-11842,-11800,297,15000
1787311583570,50160,-11842,-11800,297,15000
1787311583669,50160,-11842,-11800,297,15000
1787311583770,50160,-11842,-11800,297,15000
1787311583869,50160,-11842,-11800,297,15000
1787311583970,50160,-11842,-11800,297,15000
1787311584070,50160,-11842,-11800,297,15000
1787311584169,50160,-11842,-11800,297,15000
1787311584270,50160,-11842,-11700,297,15000
1787311584370,50160,-11842,-11700,297,15000
1787311584470,50160,-11842,-11700,297,15000
1787311584570,50160,-11842,-11700,297,15000
1787311584670,50160,-11842,-11700,297,15000
1787311584769,50160,-11842,-11700,297,15000
1787311584870,50160,-11842,-11700,297,15000
1787311584969,50160,-11842,-11700,297,15000
1787311585070,50160,-11842,-11700,297,15000
1787311585170,50160,-11842,-11700,297,15000
1787311585270,50160,-11842,-11700,297,15000
1787311585370,50160,-11842,-11700,297,15000
1787311585469,50160,-11842,-11800,297,15000
1787311585570,50160,-11842,-11800,297,15000
1787311585670,50160,-11842,-11800,297,15000
1787311585770,50160,-11842,-11800,297,15000
1787311585870,50160,-11842,-11800,297,15000
1787311585970,50160,-11842,-11800,297,15000
1787311586070,50160,-11842,-11800,297,15000
1787311586170,50160,-11842,-11800,297,15000
1787311586270,50160,-11842,-11800,297,15000
1787311586370,50160,-11842,-11800,297,15000
1787311586470,50160,-11842,-11800,297,15000
1787311586570,50160,-11842,-11800,297,15000
1787311586670,50160,-11842,-11800,297,15000
1787311586770,50160,-11842,-11800,297,15000
1787311586870,50160,-11842,-11800,297,15000
1787311586970,50160,-11842,-11800,297,15000
1787311587070,50160,-11842,-11800,297,15000
1787311587170,50160,-11842,-11800,297,15000
1787311587270,50160,-11842,-11800,297,15000
1787311587370,50160,-11842,-11800,297,15000
1787311587470,50160,-11842,-11800,297,15000
1787311587570,50160,-11842,-11800,297,15000
1787311587670,50160,-11842,-11800,297,15000
1787311587770,50160,-11842,-11800,297,15000
1787311587870,50160,-11842,-11800,297,15000
1787311587970,50160,-11842,-11800,297,15000
1787311588070,50160,-11842,-11800,297,15000
1787311588170,50160,-11842,-11800,297,15000
1787311588270,50160,-11842,-11800,297,15000
1787311588370,50160,-11842,-11800,297,15000
1787311588470,50160,-11842,-11800,297,15000
1787311588570,50160,-11842,-11800,297,15000
1787311588670,50160,-11842,-11800,297,15000
1787311588770,50160,-11842,-11800,297,15000
1787311588869,50160,-11842,-11800,297,15000
1787311588970,50160,-11842,-11800,297,15000
1787311589070,50160,-11842,-11800,297,15000
1787311589170,50160,-11842,-11800,297,15000
1787311589270,50160,-11842,-11800,297,15000
1787311589370,50160,-11842,-11800,297,15000
1787311589470,50160,-11842,-11800,297,15000
1787311589570,50160,-11842,-11800,297,15000
1787311589670,50160,-11842,-11800,297,15000
1787311589770,50160,-11842,-11800,297,15000
1787311589870,50160,-11842,-11800,297,15000
1787311589969,50160,-11842,-11800,297,15000
1787311590070,50160,-11842,-11800,297,15000
1787311590170,50160,-11842,-11800,297,15000
1787311590269,50160,-11842,-11800,297,15000
1787311590370,50160,-11842,-11800,297,15000
1787311590470,50160,-11842,-11800,297,15000
1787311590570,50160,-11842,-11800,297,15000
1787311590670,50160,-11842,-11800,297,15000
1787311590770,50160,-11842,-11800,297,15000
1787311590870,50160,-11842,-11700,297,15000
1787311590970,50160,-11842,-11700,297,15000
1787311591069,50160,-11842,-11700,297,15000
1787311591170,50160,-11842,-11700,297,15000
1787311591270,50160,-11842,-11700,297,15000
1787311591369,50160,-11842,-11700,297,15000
1787311591470,50160,-11842,-11800,297,15000
1787311591570,50160,-11842,-11800,297,15000
1787311591669,50160,-11842,-11800,297,15000
1787311591770,50160,-11842,-11800,297,15000
1787311591870,50160,-11842,-11800,297,15000
1787311591970,50160,-11842,-11800,297,15000
1787311592069,50160,-11842,-11800,297,15000
1787311592170,50160,-11842,-11800,297,15000
1787311592270,50160,-11842,-11800,297,15000
1787311592370,50160,-11842,-11800,297,15000
1787311592470,50160,-11842,-11800,297,15000
1787311592570,50160,-11842,-11800,297,15000
1787311592670,50160,-11842,-11800,297,15000
1787311592770,50160,-11842,-11700,297,15000
1787311592870,50160,-11842,-11700,297,15000
1787311592969,50160,-11842,-11700,297,15000
1787311593070,50160,-11842,-11700,297,15000
1787311593170,50160,-11842,-11700,297,15000
1787311593270,50160,-11842,-11700,297,15000
1787311593370,50160,-11842,-11800,297,15000
1787311593470,50160,-11842,-11800,297,15000
1787311593570,50160,-11842,-11800,297,15000
1787311593670,50160,-11842,-11800,297,15000
1787311593770,50160,-11842,-11800,297,15000
1787311593870,50160,-11842,-11800,297,15000
1787311593970,50160,-11842,-11800,297,15000
1787311594070,50160,-11842,-11800,297,15000
1787311594170,50160,-11842,-11800,297,15000
1787311594270,50160,-11842,-11800,297,15000
1787311594370,50160,-11842,-11800,297,15000
1787311594470,50160,-11842,-11800,297,15000
1787311594570,50160,-11842,-11800,297,15000
1787311594669,50160,-11842,-11800,297,15000
1787311594770,50160,-11842,-11800,297,15000
1787311594870,50160,-11842,-11800,297,15000
1787311594970,50160,-11842,-11800,297,15000
1787311595069,50160,-11842,-11800,297,15000
1787311595170,50160,-11842,-11800,297,15000
1787311595270,50160,-11842,-11800,297,15000
1787311595369,50160,-11842,-11800,297,15000
1787311595469,50160,-11842,-11800,297,15000
1787311595570,50160,-11842,-11800,297,15000
1787311595669,50160,-11842,-11800,297,15000
1787311595770,50160,-11842,-11800,297,15000
1787311595870,50160,-11842,-11800,297,15000
1787311595970,50160,-11842,-11800,297,15000
1787311596069,50160,-11842,-11800,297,15000
1787311596170,50160,-11842,-11800,297,15000
1787311596270,50160,-11842,-11800,297,15000
1787311596370,50160,-11842,-11800,297,15000
1787311596470,50160,-11842,-11800,297,15000
1787311596570,50160,-11842,-11800,297,15000
1787311596670,50160,-11842,-11800,297,15000
1787311596770,50160,-11842,-11800,297,15000
1787311596870,50160,-11842,-11800,297,15000
1787311596970,50160,-11842,-11700,297,15000
1787311597069,50160,-11842,-11700,297,15000
1787311597170,50160,-11842,-11700,297,15000
1787311597270,50160,-11842,-11700,297,15000
1787311597370,50160,-11842,-11700,297,15000
1787311597470,50160,-11842,-11700,297,15000
1787311597570,50160,-11842,-11800,297,15000
1787311597670,50160,-11842,-11800,297,15000
1787311597770,50160,-11842,-11800,297,15000
1787311597870,50160,-11842,-11800,297,15000
1787311597969,50160,-11842,-11800,297,15000
1787311598070,50160,-11842,-11800,297,15000
1787311598170,50160,-11842,-11800,297,15000
1787311598270,50160,-11842,-11800,297,15000
1787311598370,50160,-11842,-11800,297,15000
1787311598470,50160,-11842,-11800,297,15000
1787311598569,50160,-11842,-11800,297,15000
1787311598670,50160,-11842,-11800,297,15000
1787311598769,50160,-11842,-11800,297,15000
1787311598870,50160,-11842,-11800,297,15000
1787311598969,50160,-11842,-11800,297,15000
1787311599070,50160,-11842,-11800,297,15000
1787311599170,50160,-11842,-11800,297,15000
1787311599270,50160,-11842,-11800,297,15000
1787311599370,50160,-11842,-11800,297,15000
1787311599470,50160,-11842,-11700,297,15000
1787311599570,50160,-11842,-11700,297,15000
1787311599670,50160,-11842,-11700,297,15000
1787311599770,50160,-11842,-11700,297,15000
1787311599870,50160,-11842,-11700,297,15000
1787311599969,50160,-11842,-11700,297,15000
1787311600069,50160,-11842,-11700,297,15000
1787311600170,50160,-11842,-11700,297,15000
1787311600270,50160,-11842,-11700,297,15000
1787311600370,50160,-11842,-11700,297,15000
1787311600470,50160,-11842,-11700,297,15000
1787311600570,50160,-11842,-11800,297,15000
1787311600670,50160,-11842,-11800,297,15000
1787311600770,50160,-11842,-11800,297,15000
1787311600870,50160,-11842,-11800,297,15000
1787311600970,50160,-11842,-11800,297,15000
1787311601070,50160,-11842,-11800,297,15000
1787311601170,50160,-11842,-11800,297,15000
1787311601270,50160,-11842,-11800,297,15000
1787311601370,50160,-11842,-11800,297,15000
1787311601470,50160,-11842,-11800,297,15000
1787311601570,50160,-11842,-11800,297,15000
1787311601670,50160,-11842,-11800,297,15000
1787311601770,50160,-11842,-11700,297,15000
1787311601870,50160,-11842,-11700,297,15000
1787311601970,50160,-11842,-11700,297,15000
1787311602070,50160,-11842,-11700,297,15000
1787311602170,50160,-11842,-11700,297,15000
1787311602270,50160,-11842,-11700,297,15000
1787311602370,50160,-11842,-11700,297,15000
1787311602469,50160,-11842,-11800,297,15000
1787311602570,50160,-11842,-11800,297,15000
1787311602670,50160,-11842,-11800,297,15000
1787311602770,50160,-11842,-11800,297,15000
1787311602870,50160,-11842,-11800,297,15000
1787311602970,50160,-11842,-11800,297,15000
1787311603070,50160,-11842,-11800,297,15000
1787311603170,50160,-11842,-11800,297,15000
1787311603269,50160,-11842,-11800,297,15000
1787311603369,50160,-11842,-11800,297,15000
1787311603470,50160,-11842,-11800,297,15000
1787311603570,50160,-11842,-11800,297,15000
1787311603670,50160,-11842,-11800,297,15000
1787311603770,50160,-11842,-11800,297,15000
1787311603870,50160,-11842,-11800,297,15000
1787311603970,50160,-11842,-11800,297,15000
1787311604069,50160,-11842,-11800,297,15000
1787311604170,50160,-11842,-11800,297,15000
1787311604270,50160,-11842,-11800,297,15000
1787311604370,50160,-11842,-11800,297,15000
1787311604470,50160,-11842,-11800,297,15000
1787311604569,50160,-11842,-11800,297,15000
1787311604670,50160,-11842,-11800,297,15000
1787311604770,50160,-11842,-11800,297,15000
1787311604870,50160,-11842,-11800,297,15000
1787311604970,50160,-11842,-11800,297,15000
1787311605070,50160,-11842,-11800,297,15000
1787311605170,50160,-11842,-11800,297,15000
1787311605270,50160,-11842,-11800,297,15000
1787311605370,50160,-11842,-11800,297,15000
1787311605470,50160,-11842,-11800,297,15000
1787311605570,50160,-11842,-11800,297,15000
1787311605670,50160,-11842,-11800,297,15000
1787311605770,50160,-11842,-11800,297,15000
1787311605870,50160,-11842,-11800,297,15000
1787311605970,50160,-11842,-11800,297,15000
1787311606070,50160,-11842,-11800,297,15000
1787311606170,50160,-11842,-11800,297,15000
1787311606270,50160,-11842,-11800,297,15000
1787311606370,50160,-11842,-11800,297,15000
1787311606470,50160,-11842,-11800,297,15000
1787311606570,50160,-11842,-11800,297,15000
1787311606670,50160,-11842,-11800,297,15000
1787311606769,50160,-11842,-11800,297,15000
1787311606870,50160,-11842,-11800,297,15000
1787311606970,50160,-11842,-11800,297,15000
1787311607070,50160,-11842,-11800,297,15000
1787311607170,50160,-11842,-11700,297,15000
1787311607270,50160,-11842,-11700,297,15000
1787311607370,50160,-11842,-11700,297,15000
1787311607469,50160,-11842,-11700,297,15000
1787311607570,50160,-11842,-11700,297,15000
1787311607670,50160,-11842,-11700,297,15000
1787311607770,50160,-11842,-11700,297,15000
1787311607870,50160,-11842,-11800,297,15000
1787311607970,50160,-11842,-11800,297,15000
1787311608070,50160,-11842,-11800,297,15000
1787311608170,50160,-11842,-11800,297,15000
1787311608270,50160,-11842,-11800,297,15000
1787311608370,50160,-11842,-11800,297,15000
1787311608470,50160,-11842,-11800,297,15000
1787311608570,50160,-11842,-11800,297,15000
1787311608670,50160,-11842,-11800,297,15000
1787311608770,50160,-11842,-11800,297,15000
1787311608869,50160,-11842,-11800,297,15000
1787311608970,50160,-11842,-11800,297,15000
1787311609070,50160,-11842,-11800,297,15000
1787311609170,50160,-11842,-11800,297,15000
1787311609270,50160,-11842,-11800,297,15000
1787311609370,50160,-11842,-11800,297,15000
1787311609470,50160,-11842,-11800,297,15000
1787311609570,50160,-11842,-11800,297,15000
1787311609669,50160,-11842,-11800,297,15000
1787311609770,50160,-11842,-11800,297,15000
1787311609869,50160,-11842,-11800,297,15000
1787311609970,50160,-11842,-11800,297,15000
1787311610070,50160,-11842,-11800,297,15000
1787311610170,50160,-11842,-11800,297,15000
1787311610269,50160,-11842,-11800,297,15000
1787311610370,50160,-11842,-11800,297,15000
1787311610470,50160,-11842,-11800,297,15000
1787311610570,50160,-11842,-11800,297,15000
1787311610670,50160,-11842,-11800,297,15000
1787311610770,50160,-11842,-11800,297,15000
1787311610870,50160,-11842,-11800,297,15000
1787311610970,50160,-11842,-11800,297,15000
1787311611070,50160,-11842,-11800,297,15000
1787311611170,50160,-11842,-11800,297,15000
1787311611270,50160,-11842,-11800,297,15000
1787311611370,50160,-11842,-11700,297,15000
1787311611469,50160,-11842,-11700,297,15000
1787311611570,50160,-11842,-11700,297,15000
1787311611670,50160,-11842,-11700,297,15000
1787311611769,50160,-11842,-11700,297,15000
1787311611870,50160,-11842,-11700,297,15000
1787311611970,50160,-11842,-11800,297,15000
1787311612070,50160,-11842,-11800,297,15000
1787311612170,50160,-11842,-11800,297,15000
1787311612270,50160,-11842,-11800,297,15000
1787311612370,50160,-11842,-11800,297,15000
1787311612470,50160,-11842,-11800,297,15000
1787311612570,50160,-11842,-11800,297,15000
1787311612670,50160,-11842,-11800,297,15000
1787311612770,50160,-11842,-11800,297,15000
1787311612870,50160,-11842,-11800,297,15000
1787311612970,50160,-11842,-11800,297,15000
1787311613069,50160,-11842,-11800,297,15000
1787311613170,50160,-11842,-11800,297,15000
1787311613270,50160,-11842,-11800,297,15000
1787311613370,50160,-11842,-11800,297,15000
1787311613469,50160,-11842,-11800,297,15000
1787311613570,50160,-11842,-11800,297,15000
1787311613670,50160,-11842,-11800,297,15000
1787311613770,50160,-11842,-11800,297,15000
1787311613869,50160,-11842,-11800,297,15000
1787311613970,50160,-11842,-11800,297,15000
1787311614070,50160,-11842,-11800,297,15000
1787311614170,50160,-11842,-11800,297,15000
1787311614270,50160,-11842,-11800,297,15000
1787311614370,50160,-11842,-11800,297,15000
1787311614469,50160,-11842,-11800,297,15000
1787311614570,50160,-11842,-11800,297,15000
1787311614669,50160,-11842,-11800,297,15000
1787311614770,50160,-11842,-11800,297,15000
1787311614870,50160,-11842,-11800,297,15000
1787311614970,50160,-11842,-11800,297,15000
1787311615070,50160,-11842,-11800,297,15000
1787311615170,50160,-11842,-11800,297,15000
1787311615270,50160,-11842,-11800,297,15000
1787311615369,50160,-11842,-11800,297,15000
1787311615470,50160,-11842,-11800,297,15000
1787311615570,50160,-11842,-11700,297,15000
1787311615670,50160,-11842,-11700,297,15000
1787311615769,50160,-11842,-11700,297,15000
1787311615870,50160,-11842,-11700,297,15000
1787311615970,50160,-11842,-11700,297,15000
1787311616070,50160,-11842,-11700,297,15000
1787311616170,50160,-11842,-11700,297,15000
1787311616269,50160,-11842,-11700,297,15000
1787311616370,50160,-11842,-11700,297,15000
1787311616470,50160,-11842,-11700,297,15000
1787311616569,50160,-11842,-11700,297,15000
1787311616670,50160,-11842,-11700,297,15000
1787311616770,50160,-11842,-11700,297,15000
1787311616870,50160,-11842,-11800,297,15000
1787311616970,50000,0,-11800,297,15000
1787311617070,50000,0,-11800,297,15000
1787311617170,50000,0,-11800,297,15000
1787311617270,50000,0,-11800,297,15000
1787311617370,50000,0,-11800,297,15000
1787311617470,50000,0,-2800,297,15000
1787311617570,50000,0,-2800,297,15000
1787311617670,50000,0,-2800,297,15000
1787311617770,50000,0,-2800,297,15000
1787311617870,50000,0,-2800,297,15000
1787311617970,50000,0,-2800,297,15000
1787311618070,50000,0,-2800,297,15000
1787311618170,50000,0,0,297,15000
1787311618270,50000,0,0,297,15000
1787311618370,50000,0,0,297,15000
1787311618470,50000,0,0,297,15000
1787311618570,50000,0,0,297,15000
1787311618670,50000,0,0,297,15000
1787311618770,50000,0,0,297,15000
1787311618870,50000,0,0,297,15000
1787311618970,50000,0,0,297,15000
1787311619070,50000,0,0,297,15000
1787311619170,50000,0,0,297,15000
1787311619270,50000,0,0,297,15000
1787311619370,50000,0,0,297,15000
1787311619470,50000,0,0,297,15000
1787311619570,50000,0,0,297,15000
1787311619670,50000,0,0,297,15000
1787311619770,50000,0,0,297,15000
1787311619870,50000,0,0,297,15000
1787311619970,50000,0,0,297,15000
1787311620070,50000,0,0,297,15000
1787311620170,50000,0,0,297,15000
1787311620270,50000,0,0,297,15000
1787311620369,50000,0,0,297,15000
1787311620470,50000,0,0,297,15000
1787311620569,50000,0,0,297,15000
1787311620670,50000,0,0,297,15000
1787311620770,50000,0,0,297,15000
1787311620870,50000,0,0,297,15000
1787311620970,50000,0,0,297,15000
1787311621069,50000,0,0,297,15000
1787311621170,50000,0,0,297,15000
1787311621270,50000,0,0,297,15000
1787311621370,50000,0,0,297,15000
1787311621470,50000,0,0,297,15000
1787311621570,50000,0,0,297,15000
1787311621670,50000,0,0,297,15000
1787311621770,50000,0,0,297,15000
1787311621870,50000,0,0,297,15000
1787311621970,50000,0,0,297,15000
1787311622069,50000,0,0,297,15000
1787311622170,50000,0,0,297,15000
1787311622270,50000,0,0,297,15000
1787311622370,50000,0,0,297,15000
1787311622470,50000,0,0,297,15000
1787311622570,50000,0,0,297,15000
1787311622670,50000,0,0,297,15000
1787311622770,50000,0,0,297,15000
1787311622869,50000,0,0,297,15000
1787311622970,50000,0,0,297,15000
1787311623070,50000,0,0,297,15000
1787311623169,50000,0,0,297,15000
1787311623269,50000,0,0,297,15000
1787311623370,50000,0,0,297,15000
1787311623470,50000,0,0,297,15000
1787311623570,50000,0,0,297,15000
1787311623670,50000,0,0,297,15000
1787311623769,50000,0,0,297,15000
1787311623870,50000,0,0,297,15000
1787311623970,50000,0,0,297,15000
1787311624070,50000,0,0,297,15000
1787311624170,50000,0,0,297,15000
1787311624270,50000,0,0,297,15000
1787311624370,50000,0,0,297,15000
1787311624470,50000,0,0,297,15000
1787311624569,50000,0,0,297,15000
1787311624669,50000,0,0,297,15000
1787311624770,50000,0,0,297,15000
1787311624870,50000,0,0,297,15000
1787311624970,50000,0,0,297,15000
1787311625070,50000,0,0,297,15000
1787311625170,50000,0,0,297,15000
1787311625270,50000,0,0,297,15000
1787311625370,50000,0,0,297,15000
1787311625470,50000,0,0,297,15000
1787311625570,50000,0,0,297,15000
1787311625669,50000,0,0,297,15000
1787311625770,50000,0,0,297,15000
1787311625869,50000,0,0,297,15000
1787311625970,50000,0,0,297,15000
1787311626070,50000,0,0,297,15000
1787311626170,50000,0,0,297,15000
1787311626270,50000,0,0,297,15000
1787311626370,50000,0,0,297,15000
1787311626470,50000,0,0,297,15000
1787311626570,50000,0,0,297,15000
1787311626670,50000,0,0,297,15000
1787311626770,50000,0,0,297,15000
1787311626870,50000,0,0,297,15000
1787311626970,50000,0,0,297,15000
1787311627070,50000,0,0,297,15000
1787311627170,50000,0,0,297,15000
1787311627270,50000,0,0,297,15000
1787311627370,50000,0,0,297,15000
1787311627469,50000,0,0,297,15000
1787311627570,50000,0,0,297,15000
1787311627670,50000,0,0,297,15000
1787311627770,50000,0,0,297,15000
1787311627870,50000,0,0,297,15000
1787311627970,50000,0,0,297,15000
1787311628070,50000,0,0,297,15000
1787311628170,50000,0,0,297,15000
1787311628270,50000,0,0,297,15000
1787311628370,50000,0,0,297,15000
1787311628470,50000,0,0,297,15000
1787311628570,50000,0,0,297,15000
1787311628670,50000,0,0,297,15000
1787311628770,50000,0,0,297,15000
1787311628870,50000,0,0,297,15000
1787311628970,50000,0,0,297,15000
1787311629070,50000,0,0,297,15000
1787311629170,50000,0,0,297,15000
1787311629269,50000,0,0,297,15000
1787311629369,50000,0,0,297,15000
1787311629469,50000,0,0,297,15000
1787311629570,50000,0,0,297,15000
1787311629670,50000,0,0,297,15000
1787311629770,50000,0,0,297,15000
1787311629870,50000,0,0,297,15000
1787311629970,50000,0,0,297,15000
1787311630069,50000,0,0,297,15000
1787311630170,50000,0,0,297,15000
1787311630270,50000,0,0,297,15000
1787311630370,50000,0,0,297,15000
1787311630470,50000,0,0,297,15000
1787311630570,50000,0,0,297,15000
1787311630669,50000,0,0,297,15000
1787311630770,50000,0,0,297,15000
1787311630870,50000,0,0,297,15000
1787311630970,50000,0,0,297,15000
1787311631070,50000,0,0,297,15000
1787311631170,50000,0,0,297,15000
1787311631270,50000,0,0,297,15000
1787311631369,50000,0,0,297,15000
1787311631470,50000,0,0,297,15000
1787311631569,50000,0,0,297,15000
1787311631670,50000,0,0,297,15000
1787311631770,50000,0,0,297,15000
1787311631870,50000,0,0,297,15000
1787311631970,50000,0,0,297,15000
1787311632070,50000,0,0,297,15000
1787311632170,50000,0,0,297,15000
1787311632270,50000,0,0,297,15000
1787311632370,50000,0,0,297,15000
1787311632469,50000,0,0,297,15000
1787311632570,50000,0,0,297,15000
1787311632670,50000,0,0,297,15000
1787311632770,50000,0,0,297,15000
1787311632870,50000,0,0,297,15000
1787311632970,50000,0,0,297,15000
1787311633070,50000,0,0,297,15000
1787311633170,50000,0,0,297,15000
1787311633270,50000,0,0,297,15000
1787311633370,50000,0,0,297,15000
1787311633470,50000,0,0,297,15000
1787311633570,50000,0,0,297,15000
1787311633670,50000,0,0,297,15000
1787311633769,50000,0,0,297,15000
1787311633869,50000,0,0,297,15000
1787311633970,50000,0,0,297,15000
1787311634069,50000,0,0,297,15000
1787311634170,50000,0,0,297,15000
1787311634270,50000,0,0,297,15000
1787311634370,50000,0,0,297,15000
1787311634469,50000,0,0,297,15000
1787311634570,50000,0,0,297,15000
1787311634670,50000,0,0,297,15000
1787311634770,50000,0,0,297,15000
1787311634870,50000,0,0,297,15000
1787311634970,50000,0,0,297,15000
1787311635070,50000,0,0,297,15000
1787311635170,50000,0,0,297,15000
1787311635269,50000,0,0,297,15000
1787311635370,50000,0,0,297,15000
1787311635469,50000,0,0,297,15000
1787311635570,50000,0,0,297,15000
1787311635670,50000,0,0,297,15000
1787311635770,50000,0,0,297,15000
1787311635870,50000,0,0,297,15000
1787311635970,50000,0,0,297,15000
1787311636070,50000,0,0,297,15000
1787311636170,50000,0,0,297,15000
1787311636270,50000,0,0,297,15000
1787311636369,50000,0,0,297,15000
1787311636470,50000,0,0,297,15000
1787311636569,50000,0,0,297,15000
1787311636669,50000,0,0,297,15000
1787311636770,50000,0,0,297,15000
1787311636870,50000,0,0,297,15000
1787311636970,50000,0,0,297,15000
1787311637070,50000,0,0,297,15000
1787311637170,50000,0,0,297,15000
1787311637270,50000,0,0,297,15000
1787311637370,50000,0,0,297,15000
1787311637470,50000,0,0,297,15000
1787311637570,50000,0,0,297,15000
1787311637670,50000,0,0,297,15000
1787311637770,50000,0,0,297,15000
1787311637870,50000,0,0,297,15000
1787311637969,50000,0,0,297,15000
1787311638070,50000,0,0,297,15000
1787311638170,50000,0,0,297,15000
1787311638270,50000,0,0,297,15000
1787311638370,50000,0,0,297,15000
1787311638470,50000,0,0,297,15000
1787311638570,50000,0,0,297,15000
1787311638669,50000,0,0,297,15000
1787311638770,50000,0,0,297,15000
1787311638870,50000,0,0,297,15000
1787311638970,50000,0,0,297,15000
1787311639070,50000,0,0,297,15000
1787311639170,50000,0,0,297,15000
1787311639270,50000,0,0,297,15000
1787311639370,50000,0,0,297,15000
1787311639470,50000,0,0,299,15000
1787311639570,50000,0,0,299,15000
1787311639670,50000,0,0,299,15000
1787311639770,50000,0,0,299,15000
1787311639870,50000,0,0,299,15000
1787311639970,50000,0,0,299,15000
1787311640070,50000,0,0,299,15000
1787311640170,50000,0,0,299,15000
1787311640270,50000,0,0,299,15000
1787311640370,50000,0,0,299,15000
1787311640469,50000,0,0,299,15000
1787311640570,50000,0,0,299,15000
1787311640670,50000,0,0,299,15000
1787311640770,50000,0,0,299,15000
1787311640870,50000,0,0,299,15000
1787311640970,50000,0,0,299,15000
1787311641070,50000,0,0,299,15000
1787311641170,50000,0,0,299,15000
1787311641270,50000,0,0,299,15000
1787311641370,50000,0,0,299,15000
1787311641469,50000,0,0,299,15000
1787311641570,50000,0,0,299,15000
1787311641670,50000,0,0,299,15000
1787311641770,50000,0,0,299,15000
1787311641870,50000,0,0,299,15000
1787311641970,50000,0,0,299,15000
1787311642069,50000,0,0,299,15000
1787311642170,50000,0,0,299,15000
1787311642270,50000,0,0,299,15000
1787311642370,50000,0,0,299,15000
1787311642469,50000,0,0,299,15000
1787311642569,50000,0,0,299,15000
1787311642670,50000,0,0,299,15000
1787311642770,50000,0,0,299,15000
1787311642870,50000,0,0,299,15000
1787311642969,50000,0,0,299,15000
1787311643069,50000,0,0,299,15000
1787311643170,50000,0,0,299,15000
1787311643269,50000,0,0,299,15000
1787311643370,50000,0,0,299,15000
1787311643470,50000,0,0,299,15000
1787311643570,50000,0,0,299,15000
1787311643670,50000,0,0,299,15000
1787311643770,50000,0,0,299,15000
1787311643870,50000,0,0,299,15000
1787311643970,50000,0,0,299,15000
1787311644070,50000,0,0,299,15000
1787311644170,50000,0,0,299,15000
1787311644270,50000,0,0,299,15000
1787311644370,50000,0,0,299,15000
1787311644469,50000,0,0,299,15000
1787311644570,50000,0,0,299,15000
1787311644670,50000,0,0,299,15000
1787311644770,50000,0,0,299,15000
1787311644869,50000,0,0,299,15000
1787311644970,50000,0,0,299,15000
1787311645069,50000,0,0,299,15000
1787311645170,50000,0,0,299,15000
1787311645270,50000,0,0,299,15000
1787311645370,50000,0,0,299,15000
1787311645470,50000,0,0,299,15000
1787311645570,50000,0,0,299,15000
1787311645670,50000,0,0,299,15000
1787311645770,50000,0,0,299,15000
1787311645870,50000,0,0,299,15000
1787311645970,50000,0,0,299,15000
1787311646070,50000,0,0,299,15000
1787311646170,50000,0,0,299,15000
1787311646270,50000,0,0,299,15000
1787311646369,50000,0,0,299,15000
1787311646470,50000,0,0,299,15000
1787311646569,50000,0,0,299,15000
1787311646670,50000,0,0,299,15000
1787311646770,50000,0,0,299,15000
1787311646870,50000,0,0,299,15000
1787311646970,49840,11842,0,299,15000
1787311647070,49840,11842,0,299,15000
1787311647169,49840,11842,0,299,15000
1787311647270,49840,11842,0,299,15000
1787311647370,49840,11842,0,299,15000
1787311647470,49840,11842,0,299,15000
1787311647569,49840,11842,10000,299,15000
1787311647670,49840,11842,10000,299,15000
1787311647770,49840,11842,10000,299,15000
1787311647870,49840,11842,10000,299,15000
1787311647970,49840,11842,10000,299,15000
1787311648070,49840,11842,10000,299,15000
1787311648170,49840,11842,10000,299,15000
1787311648270,49840,11842,11700,299,15000
1787311648370,49840,11842,11700,299,15000
1787311648470,49840,11842,11700,299,15000
1787311648570,49840,11842,11700,299,15000
1787311648670,49840,11842,11700,299,15000
1787311648770,49840,11842,11700,299,15000
1787311648870,49840,11842,11700,299,15000
1787311648970,49840,11842,11700,299,15000
1787311649069,49840,11842,11700,299,15000
1787311649170,49840,11842,11700,299,15000
1787311649270,49840,11842,11700,299,15000
1787311649370,49840,11842,11700,299,15000
1787311649470,49840,11842,11700,299,15000
1787311649570,49840,11842,11700,299,15000
1787311649669,49840,11842,11700,299,15000
1787311649770,49840,11842,11700,299,15000
1787311649870,49840,11842,11700,299,15000
1787311649970,49840,11842,11600,299,15000
1787311650070,49840,11842,11600,299,15000
1787311650170,49840,11842,11600,299,15000
1787311650270,49840,11842,11600,299,15000
1787311650370,49840,11842,11600,299,15000
1787311650470,49840,11842,11600,299,15000
1787311650570,49840,11842,11700,299,15000
1787311650670,49840,11842,11700,299,15000
1787311650770,49840,11842,11700,299,15000
1787311650870,49840,11842,11700,299,15000
1787311650970,49840,11842,11700,299,15000
1787311651070,49840,11842,11700,299,15000
1787311651170,49840,11842,11700,299,15000
1787311651270,49840,11842,11700,299,15000
1787311651370,49840,11842,11700,299,15000
1787311651470,49840,11842,11700,299,15000
1787311651570,49840,11842,11700,299,15000
1787311651670,49840,11842,11700,299,15000
1787311651770,49840,11842,11700,299,15000
1787311651870,49840,11842,11700,299,15000
1787311651969,49840,11842,11700,299,15000
1787311652070,49840,11842,11700,299,15000
1787311652170,49840,11842,11700,299,15000
1787311652269,49840,11842,11700,299,15000
1787311652370,49840,11842,11700,299,15000
1787311652470,49840,11842,11700,299,15000
1787311652570,49840,11842,11700,299,15000
1787311652670,49840,11842,11700,299,15000
1787311652770,49840,11842,11700,299,15000
1787311652870,49840,11842,11700,299,15000
1787311652970,49840,11842,11700,299,15000
1787311653069,49840,11842,11700,299,15000
1787311653170,49840,11842,11700,299,15000
1787311653270,49840,11842,11700,299,15000
1787311653370,49840,11842,11700,299,15000
1787311653470,49840,11842,11700,299,15000
1787311653570,49840,11842,11700,299,15000
1787311653669,49840,11842,11700,299,15000
1787311653770,49840,11842,11700,299,15000
1787311653870,49840,11842,11700,299,15000
1787311653970,49840,11842,11700,299,15000
1787311654070,49840,11842,11700,299,15000
1787311654170,49840,11842,11700,299,15000
1787311654270,49840,11842,11700,299,15000
1787311654370,49840,11842,11700,299,15000
1787311654470,49840,11842,11700,299,15000
1787311654570,49840,11842,11700,299,15000
1787311654670,49840,11842,11700,299,15000
1787311654770,49840,11842,11700,299,15000
1787311654870,49840,11842,11700,299,15000
1787311654970,49840,11842,11700,299,15000
1787311655070,49840,11842,11700,299,15000
1787311655170,49840,11842,11700,299,15000
1787311655270,49840,11842,11700,299,15000
1787311655370,49840,11842,11700,299,15000
1787311655470,49840,11842,11700,299,15000
1787311655570,49840,11842,11700,299,15000
1787311655670,49840,11842,11700,299,15000
1787311655770,49840,11842,11700,299,15000
1787311655870,49840,11842,11700,299,15000
1787311655970,49840,11842,11700,299,15000
1787311656070,49840,11842,11700,299,15000
1787311656170,49840,11842,11700,299,15000
1787311656270,49840,11842,11700,299,15000
1787311656370,49840,11842,11700,299,15000
1787311656470,49840,11842,11700,299,15000
1787311656570,49840,11842,11700,299,15000
1787311656670,49840,11842,11700,299,15000
1787311656770,49840,11842,11700,299,15000
1787311656870,49840,11842,11700,299,15000
1787311656970,49840,11842,11700,299,15000
1787311657070,49840,11842,11700,299,15000
1787311657170,49840,11842,11700,299,15000
1787311657270,49840,11842,11700,299,15000
1787311657370,49840,11842,11700,299,15000
1787311657470,49840,11842,11700,299,15000
1787311657570,49840,11842,11700,299,15000
1787311657670,49840,11842,11700,299,15000
1787311657770,49840,11842,11700,299,15000
1787311657870,49840,11842,11700,299,15000
1787311657970,49840,11842,11700,299,15000
1787311658070,49840,11842,11700,299,15000
1787311658170,49840,11842,11700,299,15000
1787311658270,49840,11842,11700,299,15000
1787311658370,49840,11842,11700,299,15000
1787311658470,49840,11842,11700,299,15000
1787311658570,49840,11842,11700,299,15000
1787311658670,49840,11842,11700,299,15000
1787311658770,49840,11842,11700,299,15000
1787311658869,49840,11842,11700,299,15000
1787311658970,49840,11842,11700,299,15000
1787311659070,49840,11842,11700,299,15000
1787311659170,49840,11842,11700,299,15000
1787311659270,49840,11842,11700,299,15000
1787311659370,49840,11842,11700,299,15000
1787311659470,49840,11842,11700,299,15000
1787311659570,49840,11842,11700,299,15000
1787311659670,49840,11842,11700,299,15000
1787311659770,49840,11842,11700,299,15000
1787311659870,49840,11842,11700,299,15000
1787311659970,49840,11842,11700,299,15000
1787311660070,49840,11842,11700,299,15000
1787311660170,49840,11842,11700,299,15000
1787311660270,49840,11842,11700,299,15000
1787311660370,49840,11842,11700,299,15000
1787311660469,49840,11842,11700,299,15000
1787311660569,49840,11842,11700,299,15000
1787311660670,49840,11842,11700,299,15000
1787311660770,49840,11842,11700,299,15000
1787311660870,49840,11842,11700,299,15000
1787311660970,49840,11842,11700,299,15000
1787311661070,49840,11842,11700,299,15000
1787311661170,49840,11842,11700,299,15000
1787311661269,49840,11842,11700,299,15000
1787311661370,49840,11842,11700,299,15000
1787311661470,49840,11842,11600,299,15000
1787311661570,49840,11842,11600,299,15000
1787311661669,49840,11842,11600,299,15000
1787311661770,49840,11842,11600,299,15000
1787311661870,49840,11842,11600,299,15000
1787311661970,49840,11842,11600,299,15000
1787311662070,49840,11842,11700,299,15000
1787311662170,49840,11842,11700,299,15000
1787311662270,49840,11842,11700,299,15000
1787311662370,49840,11842,11700,299,15000
1787311662470,49840,11842,11700,299,15000
1787311662570,49840,11842,11700,299,15000
1787311662670,49840,11842,11700,299,15000
1787311662769,49840,11842,11700,299,15000
1787311662870,49840,11842,11700,299,15000
1787311662969,49840,11842,11700,299,15000
1787311663070,49840,11842,11700,299,15000
1787311663170,49840,11842,11700,299,15000
1787311663270,49840,11842,11700,299,15000
1787311663369,49840,11842,11700,299,15000
1787311663469,49840,11842,11700,299,15000
1787311663570,49840,11842,11700,299,15000
1787311663670,49840,11842,11700,299,15000
1787311663770,49840,11842,11700,299,15000
1787311663870,49840,11842,11700,299,15000
1787311663970,49840,11842,11700,299,15000
1787311664070,49840,11842,11700,299,15000
1787311664170,49840,11842,11700,299,15000
1787311664270,49840,11842,11700,299,15000
1787311664370,49840,11842,11700,299,15000
1787311664470,49840,11842,11700,299,15000
1787311664570,49840,11842,11700,299,15000
1787311664670,49840,11842,11700,299,15000
1787311664770,49840,11842,11700,299,15000
1787311664870,49840,11842,11700,299,15000
1787311664970,49840,11842,11700,299,15000
1787311665070,49840,11842,11700,299,15000
1787311665170,49840,11842,11700,299,15000
1787311665270,49840,11842,11700,299,15000
1787311665370,49840,11842,11700,299,15000
1787311665470,49840,11842,11700,299,15000
1787311665569,49840,11842,11700,299,15000
1787311665670,49840,11842,11700,299,15000
1787311665770,49840,11842,11700,299,15000
1787311665870,49840,11842,11700,299,15000
1787311665970,49840,11842,11700,299,15000
1787311666070,49840,11842,11700,299,15000
1787311666170,49840,11842,11700,299,15000
1787311666270,49840,11842,11700,299,15000
1787311666370,49840,11842,11700,299,15000
1787311666470,49840,11842,11700,299,15000
1787311666569,49840,11842,11700,299,15000
1787311666670,49840,11842,11700,299,15000
1787311666770,49840,11842,11700,299,15000
1787311666870,49840,11842,11700,299,15000
1787311666970,49840,11842,11700,299,15000
1787311667070,49840,11842,11700,299,15000
1787311667170,49840,11842,11700,299,15000
1787311667270,49840,11842,11700,299,15000
1787311667370,49840,11842,11700,299,15000
1787311667469,49840,11842,11700,299,15000
1787311667570,49840,11842,11700,299,15000
1787311667670,49840,11842,11700,299,15000
1787311667770,49840,11842,11700,299,15000
1787311667870,49840,11842,11700,299,15000
1787311667970,49840,11842,11700,299,15000
1787311668070,49840,11842,11700,299,15000
1787311668170,49840,11842,11700,299,15000
1787311668270,49840,11842,11700,299,15000
1787311668369,49840,11842,11700,299,15000
1787311668469,49840,11842,11700,299,15000
1787311668570,49840,11842,11700,299,15000
1787311668670,49840,11842,11700,299,15000
1787311668769,49840,11842,11700,299,15000
1787311668870,49840,11842,11700,299,15000
1787311668970,49840,11842,11700,299,15000
1787311669070,49840,11842,11700,299,15000
1787311669170,49840,11842,11700,299,15000
1787311669270,49840,11842,11700,299,15000
1787311669370,49840,11842,11700,299,15000
1787311669469,49840,11842,11700,299,15000
1787311669570,49840,11842,11700,299,15000
1787311669669,49840,11842,11700,299,15000
1787311669770,49840,11842,11700,299,15000
1787311669870,49840,11842,11700,299,15000
1787311669970,49840,11842,11700,299,15000
1787311670070,49840,11842,11700,299,15000
1787311670170,49840,11842,11700,299,15000
1787311670270,49840,11842,11700,299,15000
1787311670370,49840,11842,11700,299,15000
1787311670470,49840,11842,11700,299,15000
1787311670570,49840,11842,11700,299,15000
1787311670670,49840,11842,11700,299,15000
1787311670770,49840,11842,11700,299,15000
1787311670870,49840,11842,11700,299,15000
1787311670970,49840,11842,11700,299,15000
1787311671070,49840,11842,11700,299,15000
1787311671170,49840,11842,11700,299,15000
1787311671269,49840,11842,11700,299,15000
1787311671370,49840,11842,11700,299,15000
1787311671470,49840,11842,11700,299,15000
1787311671570,49840,11842,11700,299,15000
1787311671670,49840,11842,11700,299,15000
1787311671770,49840,11842,11700,299,15000
1787311671870,49840,11842,11700,299,15000
1787311671970,49840,11842,11700,299,15000
1787311672070,49840,11842,11700,299,15000
1787311672170,49840,11842,11700,299,15000
1787311672269,49840,11842,11700,299,15000
1787311672370,49840,11842,11700,299,15000
1787311672469,49840,11842,11700,299,15000
1787311672570,49840,11842,11700,299,15000
1787311672669,49840,11842,11700,299,15000
1787311672770,49840,11842,11700,299,15000
1787311672870,49840,11842,11700,299,15000
1787311672970,49840,11842,11700,299,15000
1787311673069,49840,11842,11700,299,15000
1787311673170,49840,11842,11700,299,15000
1787311673270,49840,11842,11700,299,15000
1787311673370,49840,11842,11700,299,15000
1787311673470,49840,11842,11700,299,15000
1787311673570,49840,11842,11700,299,15000
1787311673670,49840,11842,11700,299,15000
1787311673769,49840,11842,11700,299,15000
1787311673870,49840,11842,11700,299,15000
1787311673970,49840,11842,11700,299,15000
1787311674070,49840,11842,11700,299,15000
1787311674170,49840,11842,11700,299,15000
1787311674270,49840,11842,11700,299,15000
1787311674370,49840,11842,11700,299,15000
1787311674470,49840,11842,11700,299,15000
1787311674570,49840,11842,11700,299,15000
1787311674670,49840,11842,11700,299,15000
1787311674770,49840,11842,11700,299,15000
1787311674870,49840,11842,11700,299,15000
1787311674969,49840,11842,11700,299,15000
1787311675069,49840,11842,11700,299,15000
1787311675170,49840,11842,11700,299,15000
1787311675270,49840,11842,11700,299,15000
1787311675370,49840,11842,11700,299,15000
1787311675469,49840,11842,11700,299,15000
1787311675570,49840,11842,11700,299,15000
1787311675670,49840,11842,11700,299,15000
1787311675770,49840,11842,11700,299,15000
1787311675870,49840,11842,11700,299,15000
1787311675970,49840,11842,11700,299,15000
1787311676070,49840,11842,11700,299,15000
1787311676170,49840,11842,11700,299,15000
1787311676270,49840,11842,11700,299,15000
1787311676370,49840,11842,11700,299,15000
1787311676470,49840,11842,11700,299,15000
1787311676570,49840,11842,11700,299,15000
1787311676670,49840,11842,11700,299,15000
1787311676770,49840,11842,11700,299,15000
1787311676870,49840,11842,11700,299,15000
1787311676969,49840,11842,11700,299,15000
1787311677070,49840,11842,11700,299,15000
1787311677170,49840,11842,11700,299,15000
1787311677270,49840,11842,11700,299,15000
1787311677369,49840,11842,11700,299,15000
1787311677469,49840,11842,11700,299,15000
1787311677570,49840,11842,11700,299,15000
1787311677670,49840,11842,11700,299,15000
1787311677770,49840,11842,11700,299,15000
1787311677870,49840,11842,11700,299,15000
1787311677969,49840,11842,11700,299,15000
1787311678070,49840,11842,11700,299,15000
1787311678170,49840,11842,11700,299,15000
1787311678270,49840,11842,11700,299,15000
1787311678370,49840,11842,11700,299,15000
1787311678470,49840,11842,11700,299,15000
1787311678570,49840,11842,11700,299,15000
1787311678670,49840,11842,11700,299,15000
1787311678770,49840,11842,11700,299,15000
1787311678870,49840,11842,11700,299,15000
1787311678970,49840,11842,11700,299,15000
1787311679070,49840,11842,11700,299,15000
1787311679170,49840,11842,11700,299,15000
1787311679270,49840,11842,11700,299,15000
1787311679370,49840,11842,11700,299,15000
1787311679469,49840,11842,11700,299,15000
1787311679570,49840,11842,11700,299,15000
1787311679669,49840,11842,11700,299,15000
1787311679770,49840,11842,11700,299,15000
1787311679870,49840,11842,11700,299,15000
1787311679970,49840,11842,11700,299,15000
1787311680070,49840,11842,11700,299,15000
1787311680170,49840,11842,11700,299,15000
1787311680270,49840,11842,11700,299,15000
1787311680370,49840,11842,11700,299,15000
1787311680469,49840,11842,11700,299,15000
1787311680570,49840,11842,11700,299,15000
1787311680670,49840,11842,11700,299,15000
1787311680770,49840,11842,11700,299,15000
1787311680870,49840,11842,11700,299,15000
1787311680969,49840,11842,11700,299,15000
1787311681070,49840,11842,11700,299,15000
1787311681170,49840,11842,11700,299,15000
1787311681270,49840,11842,11700,299,15000
1787311681370,49840,11842,11700,299,15000
1787311681470,49840,11842,11700,299,15000
1787311681570,49840,11842,11700,299,15000
1787311681670,49840,11842,11700,299,15000
1787311681770,49840,11842,11700,299,15000
1787311681870,49840,11842,11700,299,15000
1787311681970,49840,11842,11700,299,15000
1787311682070,49840,11842,11700,299,15000
1787311682170,49840,11842,11700,299,15000
1787311682270,49840,11842,11700,299,15000
1787311682370,49840,11842,11700,299,15000
1787311682470,49840,11842,11700,299,15000
1787311682570,49840,11842,11700,299,15000
1787311682670,49840,11842,11700,299,15000
1787311682769,49840,11842,11700,299,15000
1787311682870,49840,11842,11700,299,15000
1787311682970,49840,11842,11700,299,15000
1787311683070,49840,11842,11700,299,15000
1787311683170,49840,11842,11700,299,15000
1787311683270,49840,11842,11700,299,15000
1787311683370,49840,11842,11700,299,15000
1787311683470,49840,11842,11700,299,15000
1787311683570,49840,11842,11700,299,15000
1787311683670,49840,11842,11700,299,15000
1787311683769,49840,11842,11700,299,15000
1787311683870,49840,11842,11700,299,15000
1787311683970,49840,11842,11700,299,15000
1787311684070,49840,11842,11700,299,15000
1787311684169,49840,11842,11700,299,15000
1787311684270,49840,11842,11700,299,15000
1787311684370,49840,11842,11700,299,15000
1787311684470,49840,11842,11700,299,15000
1787311684570,49840,11842,11700,299,15000
1787311684670,49840,11842,11700,299,15000
1787311684770,49840,11842,11700,299,15000
1787311684869,49840,11842,11700,299,15000
1787311684970,49840,11842,11700,299,15000
1787311685069,49840,11842,11700,299,15000
1787311685170,49840,11842,11700,299,15000
1787311685270,49840,11842,11700,299,15000
1787311685370,49840,11842,11700,299,15000
1787311685470,49840,11842,11700,299,15000
1787311685570,49840,11842,11700,299,15000
1787311685670,49840,11842,11700,299,15000
1787311685770,49840,11842,11700,299,15000
1787311685870,49840,11842,11700,299,15000
1787311685970,49840,11842,11700,299,15000
1787311686070,49840,11842,11700,299,15000
1787311686169,49840,11842,11700,299,15000
1787311686270,49840,11842,11700,299,15000
1787311686370,49840,11842,11700,299,15000
1787311686469,49840,11842,11700,299,15000
1787311686570,49840,11842,11700,299,15000
1787311686670,49840,11842,11700,299,15000
1787311686770,49840,11842,11700,299,15000
1787311686870,49840,11842,11700,299,15000
1787311686970,49840,11842,11700,299,15000
1787311687070,49840,11842,11700,299,15000
1787311687170,49840,11842,11700,299,15000
1787311687269,49840,11842,11700,299,15000
1787311687370,49840,11842,11700,299,15000
1787311687470,49840,11842,11700,299,15000
1787311687570,49840,11842,11700,299,15000
1787311687670,49840,11842,11700,299,15000
1787311687769,49840,11842,11700,299,15000
1787311687870,49840,11842,11700,299,15000
1787311687970,49840,11842,11700,299,15000
1787311688070,49840,11842,11700,299,15000
1787311688170,49840,11842,11700,299,15000
1787311688270,49840,11842,11700,299,15000
1787311688370,49840,11842,11700,299,15000
1787311688470,49840,11842,11700,299,15000
1787311688570,49840,11842,11700,299,15000
1787311688670,49840,11842,11700,299,15000
1787311688770,49840,11842,11700,299,15000
1787311688870,49840,11842,11700,299,15000
1787311688970,49840,11842,11700,299,15000
1787311689070,49840,11842,11700,299,15000
1787311689170,49840,11842,11700,299,15000
1787311689269,49840,11842,11700,299,15000
1787311689370,49840,11842,11700,299,15000
1787311689470,49840,11842,11700,299,15000
1787311689570,49840,11842,11700,299,15000
1787311689670,49840,11842,11700,299,15000
1787311689770,49840,11842,11700,299,15000
1787311689870,49840,11842,11700,299,15000
1787311689970,49840,11842,11700,299,15000
1787311690069,49840,11842,11700,299,15000
1787311690170,49840,11842,11700,299,15000
1787311690270,49840,11842,11700,299,15000
1787311690370,49840,11842,11700,299,15000
1787311690470,49840,11842,11700,299,15000
1787311690570,49840,11842,11700,299,15000
1787311690670,49840,11842,11700,299,15000
1787311690770,49840,11842,11700,299,15000
1787311690870,49840,11842,11700,299,15000
1787311690970,49840,11842,11700,299,15000
1787311691070,49840,11842,11700,299,15000
1787311691169,49840,11842,11700,299,15000
1787311691269,49840,11842,11700,299,15000
1787311691370,49840,11842,11700,299,15000
1787311691470,49840,11842,11700,299,15000
1787311691570,49840,11842,11700,299,15000
1787311691670,49840,11842,11700,299,15000
1787311691770,49840,11842,11700,299,15000
1787311691870,49840,11842,11700,299,15000
1787311691970,49840,11842,11700,299,15000
1787311692070,49840,11842,11700,299,15000
1787311692170,49840,11842,11700,299,15000
1787311692270,49840,11842,11700,299,15000
1787311692370,49840,11842,11700,299,15000
1787311692470,49840,11842,11700,299,15000
1787311692570,49840,11842,11700,299,15000
1787311692670,49840,11842,11700,299,15000
1787311692770,49840,11842,11700,299,15000
1787311692869,49840,11842,11700,299,15000
1787311692970,49840,11842,11700,299,15000
1787311693070,49840,11842,11700,299,15000
1787311693170,49840,11842,11700,299,15000
1787311693269,49840,11842,11700,299,15000
1787311693370,49840,11842,11700,299,15000
1787311693470,49840,11842,11700,299,15000
1787311693570,49840,11842,11700,299,15000
1787311693670,49840,11842,11700,299,15000
1787311693770,49840,11842,11700,299,15000
1787311693870,49840,11842,11700,299,15000
1787311693970,49840,11842,11700,299,15000
1787311694070,49840,11842,11700,299,15000
1787311694170,49840,11842,11700,299,15000
1787311694269,49840,11842,11700,299,15000
1787311694370,49840,11842,11700,299,15000
1787311694470,49840,11842,11700,299,15000
1787311694570,49840,11842,11700,299,15000
1787311694670,49840,11842,11700,299,15000
1787311694770,49840,11842,11700,299,15000
1787311694870,49840,11842,11700,299,15000
1787311694970,49840,11842,11700,299,15000
1787311695070,49840,11842,11700,299,15000
1787311695170,49840,11842,11700,299,15000
1787311695270,49840,11842,11700,299,15000
1787311695370,49840,11842,11700,299,15000
1787311695469,49840,11842,11700,299,15000
1787311695570,49840,11842,11700,299,15000
1787311695669,49840,11842,11700,299,15000
1787311695770,49840,11842,11700,299,15000
1787311695869,49840,11842,11700,299,15000
1787311695970,49840,11842,11700,299,15000
1787311696070,49840,11842,11700,299,15000
1787311696169,49840,11842,11700,299,15000
1787311696270,49840,11842,11700,299,15000
1787311696370,49840,11842,11700,299,15000
1787311696470,49840,11842,11700,299,15000
1787311696570,49840,11842,11700,299,15000
1787311696670,49840,11842,11700,299,15000
1787311696769,49840,11842,11700,299,15000
1787311696870,49840,11842,11700,299,15000
1787311696970,49840,11842,11700,299,15000
1787311697070,49840,11842,11700,299,15000
1787311697170,49840,11842,11700,299,15000
1787311697270,49840,11842,11700,299,15000
1787311697370,49840,11842,11700,299,15000
1787311697470,49840,11842,11700,299,15000
1787311697570,49840,11842,11700,299,15000
1787311697670,49840,11842,11700,299,15000
1787311697770,49840,11842,11700,299,15000
1787311697870,49840,11842,11700,299,15000
1787311697970,49840,11842,11700,299,15000
1787311698069,49840,11842,11700,299,15000
1787311698170,49840,11842,11700,299,15000
1787311698270,49840,11842,11700,299,15000
1787311698370,49840,11842,11700,299,15000
1787311698470,49840,11842,11700,299,15000
1787311698570,49840,11842,11700,299,15000
1787311698670,49840,11842,11700,299,15000
1787311698769,49840,11842,11700,299,15000
1787311698870,49840,11842,11700,299,15000
1787311698970,49840,11842,11700,299,15000
1787311699070,49840,11842,11700,299,15000
1787311699170,49840,11842,11700,299,15000
1787311699270,49840,11842,11700,299,15000
1787311699370,49840,11842,11700,299,15000
1787311699470,49840,11842,11700,299,15000
1787311699570,49840,11842,11700,299,15000
1787311699670,49840,11842,11700,299,15000
1787311699770,49840,11842,11700,299,15000
1787311699870,49840,11842,11700,299,15000
1787311699970,49840,11842,11700,299,15000
1787311700070,49840,11842,11700,299,15000
1787311700170,49840,11842,11700,299,15000
1787311700270,49840,11842,11700,299,15000
1787311700370,49840,11842,11700,299,15000
1787311700470,49840,11842,11700,299,15000
1787311700570,49840,11842,11700,299,15000
1787311700669,49840,11842,11700,299,15000
1787311700770,49840,11842,11700,299,15000
1787311700870,49840,11842,11700,299,15000
1787311700970,49840,11842,11700,299,15000
1787311701070,49840,11842,11700,299,15000
1787311701170,49840,11842,11700,299,15000
1787311701270,49840,11842,11700,299,15000
1787311701370,49840,11842,11700,299,15000
1787311701470,49840,11842,11700,299,15000
1787311701570,49840,11842,11700,299,15000
1787311701670,49840,11842,11700,299,15000
1787311701770,49840,11842,11700,299,15000
1787311701870,49840,11842,11700,299,15000
1787311701969,49840,11842,11700,299,15000
1787311702070,49840,11842,11700,299,15000
1787311702170,49840,11842,11700,299,15000
1787311702270,49840,11842,11700,299,15000
1787311702370,49840,11842,11700,299,15000
1787311702470,49840,11842,11700,299,15000
1787311702570,49840,11842,11700,299,15000
1787311702669,49840,11842,11700,299,15000
1787311702770,49840,11842,11700,299,15000
1787311702870,49840,11842,11700,299,15000
1787311702969,49840,11842,11700,299,15000
1787311703070,49840,11842,11700,299,15000
1787311703170,49840,11842,11700,299,15000
1787311703270,49840,11842,11700,299,15000
1787311703369,49840,11842,11700,299,15000
1787311703470,49840,11842,11700,299,15000
1787311703570,49840,11842,11700,299,15000
1787311703670,49840,11842,11700,299,15000
1787311703770,49840,11842,11700,299,15000
1787311703870,49840,11842,11700,299,15000
1787311703970,49840,11842,11700,299,15000
1787311704069,49840,11842,11700,299,15000
1787311704170,49840,11842,11700,299,15000
1787311704270,49840,11842,11700,299,15000
1787311704370,49840,11842,11700,299,15000
1787311704470,49840,11842,11700,299,15000
1787311704569,49840,11842,11700,299,15000
1787311704670,49840,11842,11700,299,15000
1787311704770,49840,11842,11700,299,15000
1787311704870,49840,11842,11700,299,15000
1787311704970,49840,11842,11700,299,15000
1787311705070,49840,11842,11700,299,15000
1787311705170,49840,11842,11700,299,15000
1787311705270,49840,11842,11700,299,15000
1787311705370,49840,11842,11700,299,15000
1787311705470,49840,11842,11700,299,15000
1787311705570,49840,11842,11700,299,15000
1787311705670,49840,11842,11700,299,15000
1787311705770,49840,11842,11700,299,15000
1787311705869,49840,11842,11700,299,15000
1787311705970,49840,11842,11700,299,15000
1787311706070,49840,11842,11700,299,15000
1787311706170,49840,11842,11700,299,15000
1787311706270,49840,11842,11700,299,15000
1787311706369,49840,11842,11700,299,15000
1787311706470,49840,11842,11700,299,15000
1787311706570,49840,11842,11700,299,15000
1787311706670,49840,11842,11700,299,15000
1787311706770,49840,11842,11700,299,15000
1787311706870,49840,11842,11700,299,15000
1787311706970,49840,11842,11700,299,15000
1787311707070,49840,11842,11700,299,15000
1787311707170,49840,11842,11700,299,15000
1787311707270,49840,11842,11700,299,15000
1787311707370,49840,11842,11700,299,15000
1787311707470,49840,11842,11700,299,15000
1787311707569,49840,11842,11700,299,15000
1787311707669,49840,11842,11700,299,15000
1787311707770,49840,11842,11700,299,15000
1787311707870,49840,11842,11700,299,15000
1787311707970,49840,11842,11700,299,15000
1787311708069,49840,11842,11700,299,15000
1787311708170,49840,11842,11700,299,15000
1787311708270,49840,11842,11700,299,15000
1787311708370,49840,11842,11700,299,15000
1787311708470,49840,11842,11700,299,15000
1787311708570,49840,11842,11700,299,15000
1787311708670,49840,11842,11700,299,15000
1787311708770,49840,11842,11700,299,15000
1787311708870,49840,11842,11700,299,15000
1787311708970,49840,11842,11700,299,15000
1787311709070,49840,11842,11700,299,15000
1787311709170,49840,11842,11700,299,15000
1787311709269,49840,11842,11700,299,15000
1787311709370,49840,11842,11700,299,15000
1787311709470,49840,11842,11700,299,15000
1787311709569,49840,11842,11700,299,15000
1787311709670,49840,11842,11700,299,15000
1787311709770,49840,11842,11700,299,15000
1787311709870,49840,11842,11700,299,15000
1787311709970,49840,11842,11700,299,15000
1787311710070,49840,11842,11700,299,15000
1787311710170,49840,11842,11700,299,15000
1787311710270,49840,11842,11700,299,15000
1787311710370,49840,11842,11700,299,15000
1787311710470,49840,11842,11700,299,15000
1787311710570,49840,11842,11700,299,15000
1787311710670,49840,11842,11700,299,15000
1787311710770,49840,11842,11700,299,15000
1787311710870,49840,11842,11700,299,15000
1787311710970,49840,11842,11700,299,15000
1787311711070,49840,11842,11700,299,15000
1787311711170,49840,11842,11700,299,15000
1787311711270,49840,11842,11700,299,15000
1787311711370,49840,11842,11700,299,15000
1787311711469,49840,11842,11700,299,15000
1787311711569,49840,11842,11700,299,15000
1787311711670,49840,11842,11700,299,15000
1787311711770,49840,11842,11700,299,15000
1787311711870,49840,11842,11700,299,15000
1787311711969,49840,11842,11700,299,15000
1787311712070,49840,11842,11700,299,15000
1787311712170,49840,11842,11700,299,15000
1787311712270,49840,11842,11700,299,15000
1787311712370,49840,11842,11700,299,15000
1787311712470,49840,11842,11700,299,15000
1787311712569,49840,11842,11700,299,15000
1787311712670,49840,11842,11700,299,15000
1787311712770,49840,11842,11700,299,15000
1787311712870,49840,11842,11700,299,15000
1787311712970,49840,11842,11700,299,15000
1787311713070,49840,11842,11700,299,15000
1787311713170,49840,11842,11700,299,15000
1787311713269,49840,11842,11700,299,15000
1787311713370,49840,11842,11700,299,15000
1787311713470,49840,11842,11700,299,15000
1787311713570,49840,11842,11700,299,15000
1787311713670,49840,11842,11700,299,15000
1787311713769,49840,11842,11700,299,15000
1787311713870,49840,11842,11700,299,15000
1787311713970,49840,11842,11700,299,15000
1787311714070,49840,11842,11700,299,15000
1787311714170,49840,11842,11700,299,15000
1787311714270,49840,11842,11700,299,15000
1787311714369,49840,11842,11700,299,15000
1787311714470,49840,11842,11700,299,15000
1787311714570,49840,11842,11700,299,15000
1787311714669,49840,11842,11700,299,15000
1787311714770,49840,11842,11700,299,15000
1787311714870,49840,11842,11700,299,15000
1787311714970,49840,11842,11700,299,15000
1787311715070,49840,11842,11700,299,15000
1787311715170,49840,11842,11700,299,15000
1787311715270,49840,11842,11700,299,15000
1787311715369,49840,11842,11700,299,15000
1787311715470,49840,11842,11700,299,15000
1787311715570,49840,11842,11700,299,15000
1787311715670,49840,11842,11700,299,15000
1787311715770,49840,11842,11700,299,15000
1787311715870,49840,11842,11700,299,15000
1787311715970,49840,11842,11700,299,15000
1787311716070,49840,11842,11700,299,15000
1787311716170,49840,11842,11700,299,15000
1787311716270,49840,11842,11700,299,15000
1787311716369,49840,11842,11700,299,15000
1787311716470,49840,11842,11700,299,15000
1787311716570,49840,11842,11700,299,15000
1787311716670,49840,11842,11700,299,15000
1787311716770,49840,11842,11700,299,15000
1787311716870,49840,11842,11700,299,15000
1787311716970,49840,11842,11700,299,15000
1787311717070,49840,11842,11700,299,15000
1787311717170,49840,11842,11700,299,15000
1787311717270,49840,11842,11700,299,15000
1787311717370,49840,11842,11700,299,15000
1787311717469,49840,11842,11700,299,15000
1787311717570,49840,11842,11700,299,15000
1787311717670,49840,11842,11700,299,15000
1787311717770,49840,11842,11700,299,15000
1787311717870,49840,11842,11700,299,15000
1787311717970,49840,11842,11700,299,15000
1787311718070,49840,11842,11700,299,15000
1787311718170,49840,11842,11700,299,15000
1787311718270,49840,11842,11700,299,15000
1787311718370,49840,11842,11700,299,15000
1787311718469,49840,11842,11700,299,15000
1787311718570,49840,11842,11700,299,15000
1787311718670,49840,11842,11700,299,15000
1787311718770,49840,11842,11700,299,15000
1787311718869,49840,11842,11700,299,15000
1787311718970,49840,11842,11700,299,15000
1787311719070,49840,11842,11700,299,15000
1787311719170,49840,11842,11700,299,15000
1787311719270,49840,11842,11700,299,15000
1787311719370,49840,11842,11700,299,15000
1787311719470,49840,11842,11700,299,15000
1787311719570,49840,11842,11700,299,15000
1787311719670,49840,11842,11700,299,15000
1787311719770,49840,11842,11700,299,15000
1787311719870,49840,11842,11700,299,15000
1787311719970,49840,11842,11700,299,15000
1787311720070,49840,11842,11700,299,15000
1787311720170,49840,11842,11700,299,15000
1787311720270,49840,11842,11700,299,15000
1787311720370,49840,11842,11700,299,15000
1787311720470,49840,11842,11700,299,15000
1787311720570,49840,11842,11700,299,15000
1787311720669,49840,11842,11700,299,15000
1787311720770,49840,11842,11700,299,15000
1787311720870,49840,11842,11700,299,15000
1787311720970,49840,11842,11700,299,15000
1787311721069,49840,11842,11700,299,15000
1787311721170,49840,11842,11700,299,15000
1787311721270,49840,11842,11700,299,15000
1787311721370,49840,11842,11700,299,15000
1787311721470,49840,11842,11700,299,15000
1787311721569,49840,11842,11700,299,15000
1787311721670,49840,11842,11700,299,15000
1787311721770,49840,11842,11700,299,15000
1787311721870,49840,11842,11700,299,15000
1787311721969,49840,11842,11700,299,15000
1787311722070,49840,11842,11700,299,15000
1787311722170,49840,11842,11700,299,15000
1787311722270,49840,11842,11700,299,15000
1787311722370,49840,11842,11700,299,15000
1787311722470,49840,11842,11700,299,15000
1787311722569,49840,11842,11700,299,15000
1787311722670,49840,11842,11700,299,15000
1787311722770,49840,11842,11700,299,15000
1787311722869,49840,11842,11700,299,15000
1787311722970,49840,11842,11700,299,15000
1787311723069,49840,11842,11700,299,15000
1787311723170,49840,11842,11700,299,15000
1787311723269,49840,11842,11700,299,15000
1787311723370,49840,11842,11700,299,15000
1787311723469,49840,11842,11700,299,15000
1787311723570,49840,11842,11700,299,15000
1787311723670,49840,11842,11700,299,15000
1787311723770,49840,11842,11700,299,15000
1787311723870,49840,11842,11700,299,15000
1787311723970,49840,11842,11700,299,15000
1787311724070,49840,11842,11700,299,15000
1787311724170,49840,11842,11700,299,15000
1787311724270,49840,11842,11700,299,15000
1787311724370,49840,11842,11700,299,15000
1787311724470,49840,11842,11700,299,15000
1787311724570,49840,11842,11700,299,15000
1787311724670,49840,11842,11700,299,15000
1787311724769,49840,11842,11700,299,15000
1787311724870,49840,11842,11700,299,15000
1787311724970,49840,11842,11700,299,15000
1787311725070,49840,11842,11700,299,15000
1787311725170,49840,11842,11700,299,15000
1787311725270,49840,11842,11700,299,15000
1787311725370,49840,11842,11700,299,15000
1787311725470,49840,11842,11700,299,15000
1787311725569,49840,11842,11700,299,15000
1787311725670,49840,11842,11700,299,15000
1787311725770,49840,11842,11700,299,15000
1787311725870,49840,11842,11700,299,15000
1787311725970,49840,11842,11700,299,15000
1787311726070,49840,11842,11700,299,15000
1787311726170,49840,11842,11700,299,15000
1787311726270,49840,11842,11700,299,15000
1787311726370,49840,11842,11700,299,15000
1787311726469,49840,11842,11700,299,15000
1787311726569,49840,11842,11700,299,15000
1787311726669,49840,11842,11700,299,15000
1787311726770,49840,11842,11700,299,15000
1787311726870,49840,11842,11700,299,15000
1787311726969,49840,11842,11700,299,15000
1787311727070,49840,11842,11700,299,15000
1787311727170,49840,11842,11600,299,15000
1787311727270,49840,11842,11600,299,15000
1787311727370,49840,11842,11600,299,15000
1787311727470,49840,11842,11600,299,15000
1787311727570,49840,11842,11600,299,15000
1787311727670,49840,11842,11600,299,15000
1787311727770,49840,11842,11600,299,15000
1787311727869,49840,11842,11600,299,15000
1787311727969,49840,11842,11600,299,15000
1787311728070,49840,11842,11600,299,15000
1787311728169,49840,11842,11600,299,15000
1787311728270,49840,11842,11600,299,15000
1787311728370,49840,11842,11600,299,15000
1787311728470,49840,11842,11600,299,15000
1787311728570,49840,11842,11600,299,15000
1787311728670,49840,11842,11600,299,15000
1787311728770,49840,11842,11600,299,15000
1787311728870,49840,11842,11600,299,15000
1787311728970,49840,11842,11600,299,15000
1787311729070,49840,11842,11700,299,15000
1787311729170,49840,11842,11700,299,15000
1787311729270,49840,11842,11700,299,15000
1787311729370,49840,11842,11700,299,15000
1787311729470,49840,11842,11700,299,15000
1787311729570,49840,11842,11700,299,15000
1787311729670,49840,11842,11700,299,15000
1787311729770,49840,11842,11700,299,15000
1787311729870,49840,11842,11700,299,15000
1787311729970,49840,11842,11700,299,15000
1787311730070,49840,11842,11700,299,15000
1787311730170,49840,11842,11700,299,15000
1787311730270,49840,11842,11700,299,15000
1787311730370,49840,11842,11700,299,15000
1787311730469,49840,11842,11700,299,15000
1787311730570,49840,11842,11700,299,15000
1787311730670,49840,11842,11700,299,15000
1787311730770,49840,11842,11700,299,15000
1787311730870,49840,11842,11700,299,15000
1787311730970,49840,11842,11700,299,15000
1787311731070,49840,11842,11700,299,15000
1787311731170,49840,11842,11700,299,15000
1787311731269,49840,11842,11700,299,15000
1787311731370,49840,11842,11700,299,15000
1787311731470,49840,11842,11700,299,15000
1787311731570,49840,11842,11700,299,15000
1787311731670,49840,11842,11700,299,15000
1787311731770,49840,11842,11700,299,15000
1787311731870,49840,11842,11700,299,15000
1787311731970,49840,11842,11700,299,15000
1787311732070,49840,11842,11700,299,15000
1787311732170,49840,11842,11700,299,15000
1787311732270,49840,11842,11700,299,15000
1787311732370,49840,11842,11700,299,15000
1787311732469,49840,11842,11700,299,15000
1787311732570,49840,11842,11700,299,15000
1787311732670,49840,11842,11700,299,15000
1787311732769,49840,11842,11700,299,15000
1787311732870,49840,11842,11700,299,15000
1787311732970,49840,11842,11700,299,15000
1787311733070,49840,11842,11700,299,15000
1787311733170,49840,11842,11700,299,15000
1787311733270,49840,11842,11700,299,15000
1787311733369,49840,11842,11700,299,15000
1787311733470,49840,11842,11700,299,15000
1787311733570,49840,11842,11700,299,15000
1787311733670,49840,11842,11700,299,15000
1787311733770,49840,11842,11700,299,15000
1787311733870,49840,11842,11700,299,15000
1787311733970,49840,11842,11700,299,15000
1787311734070,49840,11842,11700,299,15000
1787311734170,49840,11842,11700,299,15000
1787311734270,49840,11842,11700,299,15000
1787311734370,49840,11842,11700,299,15000
1787311734470,49840,11842,11700,299,15000
1787311734569,49840,11842,11700,299,15000
1787311734670,49840,11842,11700,299,15000
1787311734770,49840,11842,11700,299,15000
1787311734869,49840,11842,11700,299,15000
1787311734970,49840,11842,11700,299,15000
1787311735070,49840,11842,11700,299,15000
1787311735170,49840,11842,11700,299,15000
1787311735270,49840,11842,11700,299,15000
1787311735370,49840,11842,11700,299,15000
1787311735470,49840,11842,11700,299,15000
1787311735570,49840,11842,11700,299,15000
1787311735670,49840,11842,11700,299,15000
1787311735770,49840,11842,11700,299,15000
1787311735870,49840,11842,11700,299,15000
1787311735970,49840,11842,11700,299,15000
1787311736070,49840,11842,11700,299,15000
1787311736170,49840,11842,11700,299,15000
1787311736270,49840,11842,11700,299,15000
1787311736370,49840,11842,11700,299,15000
1787311736470,49840,11842,11700,299,15000
1787311736570,49840,11842,11700,299,15000
1787311736670,49840,11842,11700,299,15000
1787311736770,49840,11842,11700,299,15000
1787311736870,49840,11842,11700,299,15000
1787311736970,49840,11842,11700,299,15000
1787311737069,49840,11842,11700,299,15000
1787311737170,49840,11842,11700,299,15000
1787311737269,49840,11842,11700,299,15000
1787311737370,49840,11842,11700,299,15000
1787311737470,49840,11842,11700,299,15000
1787311737570,49840,11842,11700,299,15000
1787311737670,49840,11842,11700,299,15000
1787311737770,49840,11842,11700,299,15000
1787311737870,49840,11842,11700,299,15000
1787311737970,49840,11842,11700,299,15000
1787311738069,49840,11842,11700,299,15000
1787311738170,49840,11842,11700,299,15000
1787311738270,49840,11842,11700,299,15000
1787311738370,49840,11842,11700,299,15000
1787311738470,49840,11842,11700,299,15000
1787311738570,49840,11842,11700,299,15000
1787311738670,49840,11842,11800,299,15000
1787311738770,49840,11842,11800,299,15000
1787311738870,49840,11842,11800,299,15000
1787311738970,49840,11842,11800,299,15000
1787311739070,49840,11842,11800,299,15000
1787311739170,49840,11842,11800,299,15000
1787311739270,49840,11842,11700,299,15000
1787311739370,49840,11842,11700,299,15000
1787311739470,49840,11842,11700,299,15000
1787311739570,49840,11842,11700,299,15000
1787311739670,49840,11842,11700,299,15000
1787311739770,49840,11842,11700,299,15000
1787311739870,49840,11842,11600,299,15000
1787311739970,49840,11842,11600,299,15000
1787311740070,49840,11842,11600,299,15000
1787311740170,49840,11842,11600,299,15000
1787311740270,49840,11842,11600,299,15000
1787311740370,49840,11842,11600,299,15000
1787311740469,49840,11842,11700,299,15000
1787311740570,49840,11842,11700,299,15000
1787311740670,49840,11842,11700,299,15000
1787311740770,49840,11842,11700,299,15000
1787311740869,49840,11842,11700,299,15000
1787311740970,49840,11842,11700,299,15000
1787311741070,49840,11842,11700,299,15000
1787311741170,49840,11842,11700,299,15000
1787311741270,49840,11842,11700,299,15000
1787311741370,49840,11842,11700,299,15000
1787311741470,49840,11842,11700,299,15000
1787311741570,49840,11842,11700,299,15000
1787311741669,49840,11842,11700,299,15000
1787311741770,49840,11842,11700,299,15000
1787311741870,49840,11842,11700,299,15000
1787311741970,49840,11842,11700,299,15000
1787311742070,49840,11842,11700,299,15000
1787311742170,49840,11842,11700,299,15000
1787311742269,49840,11842,11700,299,15000
1787311742370,49840,11842,11600,299,15000
1787311742470,49840,11842,11600,299,15000
1787311742570,49840,11842,11600,299,15000
1787311742670,49840,11842,11600,299,15000
1787311742769,49840,11842,11600,299,15000
1787311742870,49840,11842,11600,299,15000
1787311742970,49840,11842,11700,299,15000
1787311743070,49840,11842,11700,299,15000
1787311743170,49840,11842,11700,299,15000
1787311743270,49840,11842,11700,299,15000
1787311743370,49840,11842,11700,299,15000
1787311743470,49840,11842,11700,299,15000
1787311743570,49840,11842,11700,299,15000
1787311743669,49840,11842,11700,299,15000
1787311743770,49840,11842,11700,299,15000
1787311743870,49840,11842,11700,299,15000
1787311743970,49840,11842,11700,299,15000
1787311744070,49840,11842,11700,299,15000
1787311744170,49840,11842,11700,299,15000
1787311744270,49840,11842,11700,299,15000
1787311744370,49840,11842,11700,299,15000
1787311744470,49840,11842,11700,299,15000
1787311744569,49840,11842,11700,299,15000
1787311744669,49840,11842,11700,299,15000
1787311744769,49840,11842,11700,299,15000
1787311744870,49840,11842,11700,299,15000
1787311744970,49840,11842,11700,299,15000
1787311745070,49840,11842,11700,299,15000
1787311745170,49840,11842,11700,299,15000
1787311745270,49840,11842,11700,299,15000
1787311745370,49840,11842,11700,299,15000
1787311745470,49840,11842,11700,299,15000
1787311745570,49840,11842,11700,299,15000
1787311745670,49840,11842,11700,299,15000
1787311745770,49840,11842,11700,299,15000
1787311745870,49840,11842,11700,299,15000
1787311745970,49840,11842,11700,299,15000
1787311746070,49840,11842,11700,299,15000
1787311746170,49840,11842,11700,299,15000
1787311746270,49840,11842,11700,299,15000
1787311746370,49840,11842,11700,299,15000
1787311746470,49840,11842,11700,299,15000
1787311746570,49840,11842,11700,299,15000
1787311746670,49840,11842,11700,299,15000
1787311746769,49840,11842,11700,299,15000
1787311746869,49840,11842,11700,299,15000
1787311746970,49840,11842,11700,299,15000
1787311747070,49840,11842,11700,299,15000
1787311747170,49840,11842,11700,299,15000
1787311747269,49840,11842,11700,299,15000
1787311747370,49840,11842,11700,299,15000
1787311747470,49840,11842,11700,299,15000
1787311747570,49840,11842,11700,299,15000
1787311747670,49840,11842,11700,299,15000
1787311747770,49840,11842,11700,299,15000
1787311747870,49840,11842,11700,299,15000
1787311747970,49840,11842,11700,299,15000
1787311748070,49840,11842,11700,299,15000
1787311748170,49840,11842,11700,299,15000
1787311748270,49840,11842,11700,299,15000
1787311748370,49840,11842,11700,299,15000
1787311748470,49840,11842,11700,299,15000
1787311748570,49840,11842,11700,299,15000
1787311748670,49840,11842,11700,299,15000
1787311748769,49840,11842,11700,299,15000
1787311748870,49840,11842,11700,299,15000
1787311748970,49840,11842,11700,299,15000
1787311749070,49840,11842,11700,299,15000
1787311749170,49840,11842,11700,299,15000
1787311749269,49840,11842,11700,299,15000
1787311749370,49840,11842,11700,299,15000
1787311749470,49840,11842,11700,299,15000
1787311749570,49840,11842,11700,299,15000
1787311749670,49840,11842,11700,299,15000
1787311749770,49840,11842,11700,299,15000
1787311749870,49840,11842,11700,299,15000
1787311749970,49840,11842,11700,299,15000
1787311750070,49840,11842,11700,299,15000
1787311750170,49840,11842,11700,299,15000
1787311750270,49840,11842,11700,299,15000
1787311750370,49840,11842,11700,299,15000
1787311750470,49840,11842,11700,299,15000
1787311750570,49840,11842,11700,299,15000
1787311750670,49840,11842,11700,299,15000
1787311750770,49840,11842,11700,299,15000
1787311750870,49840,11842,11700,299,15000
1787311750970,49840,11842,11700,299,15000
1787311751070,49840,11842,11700,299,15000
1787311751169,49840,11842,11700,299,15000
1787311751270,49840,11842,11700,299,15000
1787311751369,49840,11842,11700,299,15000
1787311751470,49840,11842,11700,299,15000
1787311751570,49840,11842,11700,299,15000
1787311751669,49840,11842,11700,299,15000
1787311751770,49840,11842,11700,299,15000
1787311751870,49840,11842,11700,299,15000
1787311751969,49840,11842,11700,299,15000
1787311752070,49840,11842,11700,299,15000
1787311752170,49840,11842,11700,299,15000
1787311752270,49840,11842,11700,299,15000
1787311752370,49840,11842,11700,299,15000
1787311752470,49840,11842,11700,299,15000
1787311752570,49840,11842,11700,299,15000
1787311752670,49840,11842,11700,299,15000
1787311752770,49840,11842,11700,299,15000
1787311752870,49840,11842,11700,299,15000
1787311752970,49840,11842,11700,299,15000
1787311753069,49840,11842,11700,299,15000
1787311753170,49840,11842,11700,299,15000
1787311753270,49840,11842,11700,299,15000
1787311753370,49840,11842,11700,299,15000
1787311753470,49840,11842,11700,299,15000
1787311753569,49840,11842,11700,299,15000
1787311753670,49840,11842,11700,299,15000
1787311753770,49840,11842,11700,299,15000
1787311753870,49840,11842,11700,299,15000
1787311753970,49840,11842,11700,299,15000
1787311754069,49840,11842,11700,299,15000
1787311754170,49840,11842,11700,299,15000
1787311754270,49840,11842,11700,299,15000
1787311754370,49840,11842,11700,299,15000
1787311754469,49840,11842,11700,299,15000
1787311754570,49840,11842,11700,299,15000
1787311754669,49840,11842,11700,299,15000
1787311754770,49840,11842,11700,299,15000
1787311754870,49840,11842,11700,299,15000
1787311754970,49840,11842,11700,299,15000
1787311755069,49840,11842,11700,299,15000
1787311755170,49840,11842,11700,299,15000
1787311755270,49840,11842,11700,299,15000
1787311755369,49840,11842,11700,299,15000
1787311755470,49840,11842,11700,299,15000
1787311755569,49840,11842,11700,299,15000
1787311755670,49840,11842,11700,299,15000
1787311755770,49840,11842,11700,299,15000
1787311755869,49840,11842,11700,299,15000
1787311755970,49840,11842,11700,299,15000
1787311756070,49840,11842,11700,299,15000
1787311756170,49840,11842,11700,299,15000
1787311756270,49840,11842,11700,299,15000
1787311756370,49840,11842,11700,299,15000
1787311756469,49840,11842,11700,299,15000
1787311756570,49840,11842,11700,299,15000
1787311756669,49840,11842,11700,299,15000
1787311756770,49840,11842,11800,299,15000
1787311756870,49840,11842,11800,299,15000
1787311756970,49840,11842,11800,299,15000
1787311757070,49840,11842,11800,299,15000
1787311757170,49840,11842,11800,299,15000
1787311757270,49840,11842,11800,299,15000
1787311757370,49840,11842,11800,299,15000
1787311757470,49840,11842,11700,299,15000
1787311757570,49840,11842,11700,299,15000
1787311757670,49840,11842,11700,299,15000
1787311757770,49840,11842,11700,299,15000
1787311757870,49840,11842,11700,299,15000
1787311757970,49840,11842,11700,299,15000
1787311758070,49840,11842,11700,299,15000
1787311758170,49840,11842,11700,299,15000
1787311758270,49840,11842,11700,299,15000
1787311758370,49840,11842,11700,299,15000
1787311758470,49840,11842,11700,299,15000
1787311758570,49840,11842,11700,299,15000
1787311758670,49840,11842,11700,299,15000
1787311758770,49840,11842,11700,299,15000
1787311758870,49840,11842,11700,299,15000
1787311758969,49840,11842,11700,299,15000
1787311759070,49840,11842,11700,299,15000
1787311759170,49840,11842,11700,299,15000
1787311759270,49840,11842,11700,299,15000
1787311759369,49840,11842,11700,299,15000
1787311759470,49840,11842,11700,299,15000
1787311759570,49840,11842,11700,299,15000
1787311759670,49840,11842,11700,299,15000
1787311759770,49840,11842,11700,299,15000
1787311759870,49840,11842,11700,299,15000
1787311759969,49840,11842,11700,299,15000
1787311760070,49840,11842,11700,299,15000
1787311760170,49840,11842,11700,299,15000
1787311760270,49840,11842,11700,299,15000
1787311760370,49840,11842,11700,299,15000
1787311760470,49840,11842,11700,299,15000
1787311760569,49840,11842,11700,299,15000
1787311760669,49840,11842,11700,299,15000
1787311760769,49840,11842,11700,299,15000
1787311760870,49840,11842,11700,299,15000
1787311760970,49840,11842,11700,299,15000
1787311761070,49840,11842,11700,299,15000
1787311761170,49840,11842,11700,299,15000
1787311761270,49840,11842,11700,299,15000
1787311761370,49840,11842,11700,299,15000
1787311761470,49840,11842,11700,299,15000
1787311761570,49840,11842,11600,299,15000
1787311761670,49840,11842,11600,299,15000
1787311761770,49840,11842,11600,299,15000
1787311761870,49840,11842,11600,299,15000
1787311761970,49840,11842,11600,299,15000
1787311762070,49840,11842,11600,299,15000
1787311762170,49840,11842,11700,299,15000
1787311762270,49840,11842,11700,299,15000
1787311762370,49840,11842,11700,299,15000
1787311762469,49840,11842,11700,299,15000
1787311762570,49840,11842,11700,299,15000
1787311762670,49840,11842,11700,299,15000
1787311762770,49840,11842,11700,299,15000
1787311762870,49840,11842,11600,299,15000
1787311762970,49840,11842,11600,299,15000
1787311763070,49840,11842,11600,299,15000
1787311763170,49840,11842,11600,299,15000
1787311763269,49840,11842,11600,299,15000
1787311763370,49840,11842,11600,299,15000
1787311763470,49840,11842,11600,299,15000
1787311763570,49840,11842,11600,299,15000
1787311763670,49840,11842,11600,299,15000
1787311763770,49840,11842,11600,299,15000
1787311763870,49840,11842,11600,299,15000
1787311763969,49840,11842,11600,299,15000
1787311764070,49840,11842,11700,299,15000
1787311764170,49840,11842,11700,299,15000
1787311764270,49840,11842,11700,299,15000
1787311764370,49840,11842,11700,299,15000
1787311764469,49840,11842,11700,299,15000
1787311764570,49840,11842,11700,299,15000
1787311764669,49840,11842,11700,299,15000
1787311764770,49840,11842,11700,299,15000
1787311764869,49840,11842,11700,299,15000
1787311764969,49840,11842,11700,299,15000
1787311765070,49840,11842,11700,299,15000
1787311765170,49840,11842,11700,299,15000
1787311765270,49840,11842,11700,299,15000
1787311765370,49840,11842,11600,299,15000
1787311765470,49840,11842,11600,299,15000
1787311765570,49840,11842,11600,299,15000
1787311765670,49840,11842,11600,299,15000
1787311765770,49840,11842,11600,299,15000
1787311765870,49840,11842,11600,299,15000
1787311765969,49840,11842,11700,299,15000
1787311766070,49840,11842,11700,299,15000
1787311766170,49840,11842,11700,299,15000
1787311766269,49840,11842,11700,299,15000
1787311766370,49840,11842,11700,299,15000
1787311766469,49840,11842,11700,299,15000
1787311766570,49840,11842,11700,299,15000
1787311766670,49840,11842,11700,299,15000
1787311766770,49840,11842,11700,299,15000
1787311766870,49840,11842,11700,299,15000
1787311766970,50000,0,11700,299,15000
1787311767069,50000,0,11700,299,15000
1787311767170,50000,0,11700,299,15000
1787311767270,50000,0,11700,299,15000
1787311767370,50000,0,11700,299,15000
1787311767470,50000,0,11700,299,15000
1787311767570,50000,0,11700,299,15000
1787311767670,50000,0,500,299,15000
1787311767770,50000,0,500,299,15000
1787311767869,50000,0,500,299,15000
1787311767970,50000,0,500,299,15000
1787311768070,50000,0,500,299,15000
1787311768170,50000,0,500,299,15000
1787311768269,50000,0,0,299,15000
1787311768370,50000,0,0,299,15000
1787311768470,50000,0,0,299,15000
1787311768570,50000,0,0,299,15000
1787311768669,50000,0,0,299,15000
1787311768769,50000,0,0,299,15000
1787311768870,50000,0,0,299,15000
1787311768970,50000,0,0,299,15000
1787311769070,50000,0,0,299,15000
1787311769170,50000,0,0,299,15000
1787311769270,50000,0,0,299,15000
1787311769370,50000,0,0,299,15000
1787311769469,50000,0,0,299,15000
1787311769570,50000,0,0,299,15000
1787311769670,50000,0,0,299,15000
1787311769770,50000,0,0,299,15000
1787311769870,50000,0,0,299,15000
1787311769970,50000,0,0,299,15000
1787311770070,50000,0,0,299,15000
1787311770170,50000,0,0,299,15000
1787311770270,50000,0,0,299,15000
1787311770370,50000,0,0,299,15000
1787311770469,50000,0,0,299,15000
1787311770570,50000,0,0,299,15000
1787311770669,50000,0,0,299,15000
1787311770770,50000,0,0,299,15000
1787311770870,50000,0,0,299,15000
1787311770970,50000,0,0,299,15000
1787311771070,50000,0,0,299,15000
1787311771170,50000,0,0,299,15000
1787311771270,50000,0,0,299,15000
1787311771370,50000,0,0,299,15000
1787311771470,50000,0,0,299,15000
1787311771570,50000,0,0,299,15000
1787311771670,50000,0,0,299,15000
1787311771769,50000,0,0,299,15000
1787311771869,50000,0,0,299,15000
1787311771970,50000,0,0,299,15000
1787311772070,50000,0,0,299,15000
1787311772170,50000,0,0,299,15000
1787311772270,50000,0,0,299,15000
1787311772369,50000,0,0,299,15000
1787311772470,50000,0,0,299,15000
1787311772570,50000,0,0,299,15000
1787311772669,50000,0,0,299,15000
1787311772770,50000,0,0,299,15000
1787311772870,50000,0,0,299,15000
1787311772970,50000,0,0,299,15000
1787311773070,50000,0,0,299,15000
1787311773170,50000,0,0,299,15000
1787311773269,50000,0,0,299,15000
1787311773370,50000,0,0,299,15000
1787311773470,50000,0,0,299,15000
1787311773570,50000,0,0,299,15000
1787311773670,50000,0,0,299,15000
1787311773769,50000,0,0,299,15000
1787311773870,50000,0,0,299,15000
1787311773970,50000,0,0,299,15000
1787311774070,50000,0,0,299,15000
1787311774170,50000,0,0,299,15000
1787311774270,50000,0,0,299,15000
1787311774369,50000,0,0,299,15000
1787311774470,50000,0,0,299,15000
1787311774570,50000,0,0,299,15000
1787311774670,50000,0,0,299,15000
1787311774769,50000,0,0,299,15000
1787311774869,50000,0,0,299,15000
1787311774970,50000,0,0,299,15000
1787311775070,50000,0,0,299,15000
1787311775170,50000,0,0,299,15000
1787311775270,50000,0,0,299,15000
1787311775370,50000,0,0,299,15000
1787311775470,50000,0,0,299,15000
1787311775570,50000,0,0,299,15000
1787311775669,50000,0,0,299,15000
1787311775770,50000,0,0,299,15000
1787311775870,50000,0,0,299,15000
1787311775969,50000,0,0,299,15000
1787311776070,50000,0,0,299,15000
1787311776170,50000,0,0,299,15000
1787311776270,50000,0,0,299,15000
1787311776370,50000,0,0,299,15000
1787311776470,50000,0,0,299,15000
1787311776570,50000,0,0,299,15000
1787311776670,50000,0,0,299,15000
1787311776770,50000,0,0,299,15000
1787311776870,50000,0,0,299,15000
1787311776970,50000,0,0,299,15000
1787311777070,50000,0,0,299,15000
1787311777170,50000,0,0,299,15000
1787311777270,50000,0,0,299,15000
1787311777370,50000,0,0,299,15000
1787311777470,50000,0,0,299,15000
1787311777570,50000,0,0,299,15000
1787311777669,50000,0,0,299,15000
1787311777769,50000,0,0,299,15000
1787311777870,50000,0,0,299,15000
1787311777969,50000,0,0,299,15000
1787311778070,50000,0,0,299,15000
1787311778170,50000,0,0,299,15000
1787311778270,50000,0,0,299,15000
1787311778370,50000,0,0,299,15000
1787311778470,50000,0,0,299,15000
1787311778570,50000,0,0,299,15000
1787311778670,50000,0,0,299,15000
1787311778770,50000,0,0,299,15000
1787311778870,50000,0,0,299,15000
1787311778970,50000,0,0,299,15000
1787311779070,50000,0,0,299,15000
1787311779170,50000,0,0,299,15000
1787311779270,50000,0,0,299,15000
1787311779369,50000,0,0,299,15000
1787311779470,50000,0,0,299,15000
1787311779570,50000,0,0,299,15000
1787311779670,50000,0,0,299,15000
1787311779770,50000,0,0,299,15000
1787311779870,50000,0,0,299,15000
1787311779970,50000,0,0,299,15000
1787311780070,50000,0,0,299,15000
1787311780169,50000,0,0,299,15000
1787311780270,50000,0,0,299,15000
1787311780369,50000,0,0,299,15000
1787311780470,50000,0,0,299,15000
1787311780570,50000,0,0,299,15000
1787311780669,50000,0,0,299,15000
1787311780770,50000,0,0,299,15000
1787311780870,50000,0,0,299,15000
1787311780970,50000,0,0,299,15000
1787311781069,50000,0,0,299,15000
1787311781170,50000,0,0,299,15000
1787311781270,50000,0,0,299,15000
1787311781370,50000,0,0,299,15000
1787311781470,50000,0,0,299,15000
1787311781570,50000,0,0,299,15000
1787311781670,50000,0,0,299,15000
1787311781770,50000,0,0,299,15000
1787311781870,50000,0,0,299,15000
1787311781970,50000,0,0,299,15000
1787311782070,50000,0,0,299,15000
1787311782170,50000,0,0,299,15000
1787311782270,50000,0,0,299,15000
1787311782370,50000,0,0,299,15000
1787311782470,50000,0,0,299,15000
1787311782570,50000,0,0,299,15000
1787311782670,50000,0,0,299,15000
1787311782770,50000,0,0,299,15000
1787311782870,50000,0,0,299,15000
1787311782970,50000,0,0,299,15000
1787311783070,50000,0,0,299,15000
1787311783170,50000,0,0,299,15000
1787311783270,50000,0,0,299,15000
1787311783369,50000,0,0,299,15000
1787311783470,50000,0,0,299,15000
1787311783570,50000,0,0,299,15000
1787311783670,50000,0,0,299,15000
1787311783770,50000,0,0,299,15000
1787311783870,50000,0,0,299,15000
1787311783970,50000,0,0,299,15000
1787311784070,50000,0,0,299,15000
1787311784170,50000,0,0,299,15000
1787311784270,50000,0,0,299,15000
1787311784370,50000,0,0,299,15000
1787311784469,50000,0,0,299,15000
1787311784570,50000,0,0,299,15000
1787311784669,50000,0,0,299,15000
1787311784770,50000,0,0,299,15000
1787311784870,50000,0,0,299,15000
1787311784970,50000,0,0,299,15000
1787311785070,50000,0,0,299,15000
1787311785170,50000,0,0,299,15000
1787311785270,50000,0,0,299,15000
1787311785370,50000,0,0,299,15000
1787311785470,50000,0,0,299,15000
1787311785570,50000,0,0,299,15000
1787311785669,50000,0,0,299,15000
1787311785770,50000,0,0,299,15000
1787311785869,50000,0,0,299,15000
1787311785970,50000,0,0,299,15000
1787311786070,50000,0,0,299,15000
1787311786170,50000,0,0,299,15000
1787311786270,50000,0,0,299,15000
1787311786370,50000,0,0,299,15000
1787311786470,50000,0,0,299,15000
1787311786570,50000,0,0,299,15000
1787311786670,50000,0,0,299,15000
1787311786769,50000,0,0,299,15000
1787311786870,50000,0,0,299,15000
1787311786970,50000,0,0,299,15000
1787311787070,50000,0,0,299,15000
1787311787170,50000,0,0,299,15000
1787311787269,50000,0,0,299,15000
1787311787370,50000,0,0,299,15000
1787311787470,50000,0,0,299,15000
1787311787569,50000,0,0,299,15000
1787311787670,50000,0,0,299,15000
1787311787770,50000,0,0,299,15000
1787311787870,50000,0,0,299,15000
1787311787970,50000,0,0,299,15000
1787311788070,50000,0,0,299,15000
1787311788170,50000,0,0,299,15000
1787311788270,50000,0,0,299,15000
1787311788369,50000,0,0,299,15000
1787311788470,50000,0,0,299,15000
1787311788570,50000,0,0,299,15000
1787311788670,50000,0,0,299,15000
1787311788770,50000,0,0,299,15000
1787311788870,50000,0,0,299,15000
1787311788969,50000,0,0,299,15000
1787311789070,50000,0,0,299,15000
1787311789170,50000,0,0,299,15000
1787311789270,50000,0,0,299,15000
1787311789370,50000,0,0,299,15000
1787311789470,50000,0,0,299,15000
1787311789570,50000,0,0,299,15000
1787311789670,50000,0,0,299,15000
1787311789770,50000,0,0,299,15000
1787311789870,50000,0,0,299,15000
1787311789969,50000,0,0,299,15000
1787311790069,50000,0,0,299,15000
1787311790170,50000,0,0,299,15000
1787311790270,50000,0,0,299,15000
1787311790370,50000,0,0,299,15000
1787311790470,50000,0,0,299,15000
1787311790570,50000,0,0,299,15000
1787311790670,50000,0,0,299,15000
1787311790770,50000,0,0,299,15000
1787311790870,50000,0,0,299,15000
1787311790970,50000,0,0,299,15000
1787311791070,50000,0,0,299,15000
1787311791170,50000,0,0,299,15000
1787311791270,50000,0,0,299,15000
1787311791370,50000,0,0,299,15000
1787311791470,50000,0,0,299,15000
1787311791570,50000,0,0,299,15000
1787311791669,50000,0,0,299,15000
1787311791770,50000,0,0,299,15000
1787311791870,50000,0,0,299,15000
1787311791969,50000,0,0,299,15000
1787311792070,50000,0,0,299,15000
1787311792170,50000,0,0,299,15000
1787311792269,50000,0,0,299,15000
1787311792370,50000,0,0,299,15000
1787311792470,50000,0,0,299,15000
1787311792570,50000,0,0,299,15000
1787311792670,50000,0,0,299,15000
1787311792769,50000,0,0,299,15000
1787311792870,50000,0,0,299,15000
1787311792969,50000,0,0,299,15000
1787311793070,50000,0,0,299,15000
1787311793170,50000,0,0,299,15000
1787311793269,50000,0,0,299,15000
1787311793370,50000,0,0,299,15000
1787311793470,50000,0,0,299,15000
1787311793570,50000,0,0,299,15000
1787311793670,50000,0,0,299,15000
1787311793770,50000,0,0,299,15000
1787311793870,50000,0,0,299,15000
1787311793970,50000,0,0,299,15000
1787311794070,50000,0,0,299,15000
1787311794170,50000,0,0,299,15000
1787311794270,50000,0,0,299,15000
1787311794370,50000,0,0,299,15000
1787311794470,50000,0,0,299,15000
1787311794570,50000,0,0,299,15000
1787311794670,50000,0,0,299,15000
1787311794770,50000,0,0,299,15000
1787311794869,50000,0,0,299,15000
1787311794969,50000,0,0,299,15000
1787311795070,50000,0,0,299,15000
1787311795170,50000,0,0,299,15000
1787311795270,50000,0,0,299,15000
1787311795369,50000,0,0,299,15000
1787311795470,50000,0,0,299,15000
1787311795569,50000,0,0,299,15000
1787311795670,50000,0,0,299,15000
1787311795770,50000,0,0,299,15000
1787311795869,50000,0,0,299,15000
1787311795970,50000,0,0,299,15000
1787311796069,50000,0,0,299,15000
1787311796170,50000,0,0,299,15000
1787311796270,50000,0,0,299,15000
1787311796370,50000,0,0,299,15000
1787311796470,50000,0,0,299,15000
1787311796570,50000,0,0,299,15000
1787311796670,50000,0,0,299,15000
1787311796770,50000,0,0,299,15000
1787311796870,50000,0,0,299,15000
1787311796969,50000,0,0,299,15000
1787311797069,50000,0,0,299,15000
1787311797170,50000,0,0,299,15000
1787311797270,50000,0,0,299,15000
1787311797370,50000,0,0,299,15000
1787311797470,50000,0,0,299,15000
1787311797569,50000,0,0,299,15000
1787311797669,50000,0,0,299,15000
1787311797770,50000,0,0,299,15000
1787311797870,50000,0,0,299,15000
1787311797969,50000,0,0,299,15000
1787311798070,50000,0,0,299,15000
1787311798169,50000,0,0,299,15000
1787311798270,50000,0,0,299,15000
1787311798370,50000,0,0,299,15000
1787311798470,50000,0,0,299,15000
1787311798570,50000,0,0,299,15000
1787311798670,50000,0,0,299,15000
1787311798770,50000,0,0,299,15000
1787311798870,50000,0,0,299,15000
1787311798969,50000,0,0,299,15000
1787311799070,50000,0,0,299,15000
1787311799170,50000,0,0,299,15000
1787311799270,50000,0,0,299,15000
1787311799370,50000,0,0,299,15000
1787311799470,50000,0,0,299,15000
1787311799570,50000,0,0,299,15000
1787311799670,50000,0,0,299,15000
1787311799770,50000,0,0,299,15000
1787311799870,50000,0,0,299,15000
1787311799970,50000,0,0,299,15000
1787311800070,50000,0,0,299,15000
1787311800170,50000,0,0,299,15000
1787311800269,50000,0,0,299,15000
1787311800370,50000,0,0,297,15000
1787311800470,50000,0,0,297,15000
1787311800570,50000,0,0,297,15000
1787311800670,50000,-15000,0,297,15000
1787311800770,50000,-15000,0,297,15000
1787311800869,50000,-15000,0,297,15000
1787311800970,50000,-15000,0,297,15000
1787311801069,50000,-15000,0,297,15000
1787311801170,50000,-15000,0,297,15000
1787311801270,50000,-15000,-14100,297,15000
1787311801370,50000,-15000,-14100,297,15000
1787311801469,50000,-15000,-14100,297,15000
1787311801570,50000,-15000,-14100,297,15000
1787311801670,50000,-15000,-14100,297,15000
1787311801769,50000,-15000,-14100,297,15000
1787311801870,50000,-15000,-14100,297,15000
1787311801970,50000,-15000,-14900,297,15000
1787311802070,50000,-15000,-14900,297,15000
1787311802170,50000,-15000,-14900,297,15000
1787311802270,50000,-15000,-14900,297,15000
1787311802370,50000,-15000,-14900,297,15000
1787311802469,50000,-15000,-14900,297,15000
1787311802569,50000,-15000,-15000,297,15000
1787311802670,50000,-15000,-15000,297,15000
1787311802770,50000,-15000,-15000,297,15000
1787311802870,50000,-15000,-15000,297,15000
1787311802970,50000,-15000,-15000,297,15000
1787311803070,50000,-15000,-15000,297,15000
1787311803170,50000,-15000,-15000,297,15000
1787311803270,50000,-15000,-15000,297,15000
1787311803370,50000,-15000,-15000,297,15000
1787311803469,50000,-15000,-15000,297,15000
1787311803570,50000,-15000,-15000,297,15000
1787311803670,50000,-15000,-15000,297,15000
1787311803769,50000,-15000,-15000,297,15000
1787311803869,50000,-15000,-15000,297,15000
1787311803970,50000,-15000,-15000,297,15000
1787311804070,50000,-15000,-15000,297,15000
1787311804170,50000,-15000,-15000,297,15000
1787311804270,50000,-15000,-15000,297,15000
1787311804370,50000,-15000,-15000,297,15000
1787311804470,50000,-15000,-15000,297,15000
1787311804570,50000,-15000,-15000,297,15000
1787311804670,50000,-15000,-15000,297,15000
1787311804770,50000,-15000,-15000,297,15000
1787311804870,50000,-15000,-15000,297,15000
1787311804970,50000,-15000,-15000,297,15000
1787311805070,50000,-15000,-15000,297,15000
1787311805170,50000,-15000,-15000,297,15000
1787311805270,50000,-15000,-15000,297,15000
1787311805370,50000,-15000,-15000,297,15000
1787311805469,50000,-15000,-15000,297,15000
1787311805570,50000,-15000,-15000,297,15000
1787311805670,50000,-15000,-15000,297,15000
1787311805770,50000,-15000,-15000,297,15000
1787311805870,50000,-15000,-15000,297,15000
1787311805969,50000,-15000,-15000,297,15000
1787311806070,50000,-15000,-15000,297,15000
1787311806170,50000,-15000,-15000,297,15000
1787311806270,50000,-15000,-15000,297,15000
1787311806370,50000,-15000,-15000,297,15000
1787311806470,50000,-15000,-15000,297,15000
1787311806569,50000,-15000,-15000,297,15000
1787311806669,50000,-15000,-15000,297,15000
1787311806770,50000,-15000,-15000,297,15000
1787311806870,50000,-15000,-15000,297,15000
1787311806970,50000,-15000,-15000,297,15000
1787311807070,50000,-15000,-15000,297,15000
1787311807170,50000,-15000,-15000,297,15000
1787311807270,50000,-15000,-15000,297,15000
1787311807370,50000,-15000,-15000,297,15000
1787311807470,50000,-15000,-15000,297,15000
1787311807570,50000,-15000,-15000,297,15000
1787311807670,50000,-15000,-15000,297,15000
1787311807770,50000,-15000,-15000,297,15000
1787311807870,50000,-15000,-15000,297,15000
1787311807970,50000,-15000,-15000,297,15000
1787311808070,50000,-15000,-15000,297,15000
1787311808170,50000,-15000,-15000,297,15000
1787311808270,50000,-15000,-15000,297,15000
1787311808370,50000,-15000,-15000,297,15000
1787311808470,50000,-15000,-15000,297,15000
1787311808570,50000,-15000,-15000,297,15000
1787311808669,50000,-15000,-15000,297,15000
1787311808770,50000,-15000,-15000,297,15000
1787311808870,50000,-15000,-15000,297,15000
1787311808970,50000,-15000,-15000,297,15000
1787311809070,50000,-15000,-15000,297,15000
1787311809170,50000,-15000,-15000,297,15000
1787311809270,50000,-15000,-15000,297,15000
1787311809369,50000,-15000,-15000,297,15000
1787311809470,50000,-15000,-15000,297,15000
1787311809569,50000,-15000,-15000,297,15000
1787311809670,50000,-15000,-15000,297,15000
1787311809770,50000,-15000,-15000,297,15000
1787311809869,50000,-15000,-15000,297,15000
1787311809970,50000,-15000,-15000,297,15000
1787311810070,50000,-15000,-15000,297,15000
1787311810170,50000,-15000,-15000,297,15000
1787311810270,50000,-15000,-15000,297,15000
1787311810370,50000,-15000,-15000,297,15000
1787311810470,50000,-15000,-15000,297,15000
1787311810570,50000,-15000,-15000,297,15000
1787311810670,50000,-15000,-15000,297,15000
1787311810770,50000,-15000,-15000,297,15000
1787311810869,50000,-15000,-15000,297,15000
1787311810970,50000,-15000,-15000,297,15000
1787311811070,50000,-15000,-15000,297,15000
1787311811169,50000,-15000,-15000,297,15000
1787311811270,50000,-15000,-15000,297,15000
1787311811370,50000,-15000,-15000,297,15000
1787311811470,50000,-15000,-15000,297,15000
1787311811570,50000,-15000,-15000,297,15000
1787311811669,50000,-15000,-15000,297,15000
1787311811769,50000,-15000,-15000,297,15000
1787311811870,50000,-15000,-15000,297,15000
1787311811970,50000,-15000,-15000,297,15000
1787311812070,50000,-15000,-15000,297,15000
1787311812170,50000,-15000,-15000,297,15000
1787311812270,50000,-15000,-15000,297,15000
1787311812370,50000,-15000,-15000,297,15000
1787311812470,50000,-15000,-15000,297,15000
1787311812570,50000,-15000,-15000,297,15000
1787311812670,50000,-15000,-15000,297,15000
1787311812769,50000,-15000,-15000,297,15000
1787311812870,50000,-15000,-15000,297,15000
1787311812969,50000,-15000,-15000,297,15000
1787311813070,50000,-15000,-15000,297,15000
1787311813170,50000,-15000,-15000,297,15000
1787311813270,50000,-15000,-15000,297,15000
1787311813370,50000,-15000,-15000,297,15000
1787311813470,50000,-15000,-15000,297,15000
1787311813570,50000,-15000,-15000,297,15000
1787311813670,50000,-15000,-15000,297,15000
1787311813770,50000,-15000,-15000,297,15000
1787311813870,50000,-15000,-15000,297,15000
1787311813970,50000,-15000,-15000,297,15000
1787311814070,50000,-15000,-15000,297,15000
1787311814170,50000,-15000,-15000,297,15000
1787311814270,50000,-15000,-15000,297,15000
1787311814369,50000,-15000,-15000,297,15000
1787311814470,50000,-15000,-15000,297,15000
1787311814570,50000,-15000,-15000,297,15000
1787311814670,50000,-15000,-15000,297,15000
1787311814770,50000,-15000,-15000,297,15000
1787311814870,50000,-15000,-15000,297,15000
1787311814970,50000,-15000,-15000,297,15000
1787311815070,50000,-15000,-15000,297,15000
1787311815169,50000,-15000,-15000,297,15000
1787311815270,50000,-15000,-15000,297,15000
1787311815369,50000,-15000,-15000,297,15000
1787311815469,50000,-15000,-15000,297,15000
1787311815570,50000,-15000,-15000,297,15000
1787311815670,50000,-15000,-15000,297,15000
1787311815770,50000,-15000,-15000,297,15000
1787311815870,50000,-15000,-15000,297,15000
1787311815970,50000,-15000,-15000,297,15000
1787311816070,50000,-15000,-15000,297,15000
1787311816170,50000,-15000,-15000,297,15000
1787311816270,50000,-15000,-15000,297,15000
1787311816370,50000,-15000,-15000,297,15000
1787311816469,50000,-15000,-15000,297,15000
1787311816570,50000,-15000,-15000,297,15000
1787311816670,50000,-15000,-15000,297,15000
1787311816770,50000,-15000,-15000,297,15000
1787311816870,50000,-15000,-15000,297,15000
1787311816970,50000,-15000,-15000,297,15000
1787311817070,50000,-15000,-15000,297,15000
1787311817170,50000,-15000,-15000,297,15000
1787311817269,50000,-15000,-15000,297,15000
1787311817370,50000,-15000,-15000,297,15000
1787311817470,50000,-15000,-15000,297,15000
1787311817569,50000,-15000,-15000,297,15000
1787311817670,50000,-15000,-15000,297,15000
1787311817770,50000,-15000,-15000,297,15000
1787311817870,50000,-15000,-15000,297,15000
1787311817970,50000,-15000,-15000,297,15000
1787311818070,50000,-15000,-15000,297,15000
1787311818170,50000,-15000,-15000,297,15000
1787311818270,50000,-15000,-15000,297,15000
1787311818370,50000,-15000,-15000,297,15000
1787311818470,50000,-15000,-15000,297,15000
1787311818570,50000,-15000,-15000,297,15000
1787311818669,50000,-15000,-15000,297,15000
1787311818770,50000,-15000,-15000,297,15000
1787311818870,50000,-15000,-15000,297,15000
1787311818970,50000,-15000,-15000,297,15000
1787311819070,50000,-15000,-15000,297,15000
1787311819169,50000,-15000,-15000,297,15000
1787311819270,50000,-15000,-15000,297,15000
1787311819370,50000,-15000,-15000,297,15000
1787311819470,50000,-15000,-15000,297,15000
1787311819569,50000,-15000,-15000,297,15000
1787311819670,50000,-15000,-15000,297,15000
1787311819770,50000,-15000,-15000,297,15000
1787311819870,50000,-15000,-15000,297,15000
1787311819970,50000,-15000,-15000,297,15000
1787311820070,50000,-15000,-15000,297,15000
1787311820170,50000,-15000,-15000,297,15000
1787311820270,50000,-15000,-15000,297,15000
1787311820369,50000,-15000,-15000,297,15000
1787311820470,50000,-15000,-15000,297,15000
1787311820570,50000,-15000,-15000,297,15000
1787311820669,50000,-15000,-15000,297,15000
1787311820770,50000,-15000,-15000,297,15000
1787311820870,50000,-15000,-15000,297,15000
1787311820970,50000,-15000,-15000,297,15000
1787311821070,50000,-15000,-15000,297,15000
1787311821170,50000,-15000,-15000,297,15000
1787311821270,50000,-15000,-15000,297,15000
1787311821370,50000,-15000,-15000,297,15000
1787311821470,50000,-15000,-15000,297,15000
1787311821570,50000,-15000,-15000,297,15000
1787311821670,50000,-15000,-15000,297,15000
1787311821770,50000,-15000,-15000,297,15000
1787311821870,50000,-15000,-15000,297,15000
1787311821970,50000,-15000,-15000,297,15000
1787311822069,50000,-15000,-15000,297,15000
1787311822170,50000,-15000,-15000,297,15000
1787311822270,50000,-15000,-15000,297,15000
1787311822370,50000,-15000,-15000,297,15000
1787311822469,50000,-15000,-15000,297,15000
1787311822569,50000,-15000,-15000,297,15000
1787311822670,50000,-15000,-15000,297,15000
1787311822769,50000,-15000,-15000,297,15000
1787311822869,50000,-15000,-15000,297,15000
1787311822970,50000,-15000,-15000,297,15000
1787311823069,50000,-15000,-15000,297,15000
1787311823170,50000,-15000,-15000,297,15000
1787311823270,50000,-15000,-15000,297,15000
1787311823370,50000,-15000,-15000,297,15000
1787311823470,50000,-15000,-15000,297,15000
1787311823570,50000,-15000,-15000,297,15000
1787311823670,50000,-15000,-15000,297,15000
1787311823770,50000,-15000,-15000,297,15000
1787311823870,50000,-15000,-15000,297,15000
1787311823970,50000,-15000,-15000,297,15000
1787311824070,50000,-15000,-15000,297,15000
1787311824170,50000,-15000,-15000,297,15000
1787311824270,50000,-15000,-15000,297,15000
1787311824370,50000,-15000,-15000,297,15000
1787311824470,50000,-15000,-15000,297,15000
1787311824570,50000,-15000,-15000,297,15000
1787311824670,50000,-15000,-15000,297,15000
1787311824770,50000,-15000,-15000,297,15000
1787311824870,50000,-15000,-15000,297,15000
1787311824970,50000,-15000,-15000,297,15000
1787311825070,50000,-15000,-15000,297,15000
1787311825170,50000,-15000,-15000,297,15000
1787311825270,50000,-15000,-15000,297,15000
1787311825370,50000,-15000,-15000,297,15000
1787311825470,50000,-15000,-15000,297,15000
1787311825570,50000,-15000,-15000,297,15000
1787311825670,50000,-15000,-15000,297,15000
1787311825770,50000,-15000,-15000,297,15000
1787311825870,50000,-15000,-15000,297,15000
1787311825970,50000,-15000,-15000,297,15000
1787311826070,50000,-15000,-15000,297,15000
1787311826170,50000,-15000,-15000,297,15000
1787311826269,50000,-15000,-15000,297,15000
1787311826370,50000,-15000,-15000,297,15000
1787311826470,50000,-15000,-15000,297,15000
1787311826570,50000,-15000,-15000,297,15000
1787311826670,50000,-15000,-15000,297,15000
1787311826770,50000,-15000,-15000,297,15000
1787311826870,50000,-15000,-15000,297,15000
1787311826970,50000,-15000,-15000,297,15000
1787311827070,50000,-15000,-15000,297,15000
1787311827169,50000,-15000,-15000,297,15000
1787311827270,50000,-15000,-15000,297,15000
1787311827370,50000,-15000,-15000,297,15000
1787311827470,50000,-15000,-15000,297,15000
1787311827570,50000,-15000,-15000,297,15000
1787311827670,50000,-15000,-15000,297,15000
1787311827770,50000,-15000,-15000,297,15000
1787311827870,50000,-15000,-15000,297,15000
1787311827969,50000,-15000,-15000,297,15000
1787311828070,50000,-15000,-15000,297,15000
1787311828170,50000,-15000,-15000,297,15000
1787311828269,50000,-15000,-15000,297,15000
1787311828370,50000,-15000,-15000,297,15000
1787311828470,50000,-15000,-15000,297,15000
1787311828570,50000,-15000,-15000,297,15000
1787311828669,50000,-15000,-15000,297,15000
1787311828770,50000,-15000,-15000,297,15000
1787311828870,50000,-15000,-15000,297,15000
1787311828970,50000,-15000,-15000,297,15000
1787311829070,50000,-15000,-15000,297,15000
1787311829170,50000,-15000,-15000,297,15000
1787311829270,50000,-15000,-15000,297,15000
1787311829369,50000,-15000,-15000,297,15000
1787311829469,50000,-15000,-15000,297,15000
1787311829570,50000,-15000,-15000,297,15000
1787311829670,50000,-15000,-15000,297,15000
1787311829770,50000,-15000,-15000,297,15000
1787311829870,50000,-15000,-15000,297,15000
1787311829970,50000,-15000,-15000,297,15000
1787311830070,50000,-15000,-15000,297,15000
1787311830170,50000,-15000,-15000,297,15000
1787311830269,50000,-15000,-15000,297,15000
1787311830369,50000,-15000,-15000,297,15000
1787311830470,50000,-15000,-15000,297,15000
1787311830570,50000,-15000,-15000,297,15000
1787311830670,50000,-15000,-15000,297,15000
1787311830770,50000,-15000,-15000,297,15000
1787311830869,50000,-15000,-15000,297,15000
1787311830970,50000,-15000,-15000,297,15000
1787311831070,50000,-15000,-15000,297,15000
1787311831170,50000,-15000,-15000,297,15000
1787311831269,50000,-15000,-15000,297,15000
1787311831370,50000,-15000,-15000,297,15000
1787311831470,50000,-15000,-15000,297,15000
1787311831570,50000,-15000,-15000,297,15000
1787311831669,50000,-15000,-15000,297,15000
1787311831770,50000,-15000,-15000,297,15000
1787311831870,50000,-15000,-15000,297,15000
1787311831970,50000,-15000,-15000,297,15000
1787311832070,50000,-15000,-15000,297,15000
1787311832170,50000,-15000,-15000,297,15000
1787311832269,50000,-15000,-15000,297,15000
1787311832370,50000,-15000,-15000,297,15000
1787311832470,50000,-15000,-15000,297,15000
1787311832570,50000,-15000,-15000,297,15000
1787311832670,50000,-15000,-15000,297,15000
1787311832770,50000,-15000,-15000,297,15000
1787311832870,50000,-15000,-15000,297,15000
1787311832970,50000,-15000,-15000,297,15000
1787311833070,50000,-15000,-15000,297,15000
1787311833170,50000,-15000,-15000,297,15000
1787311833269,50000,-15000,-15000,297,15000
1787311833370,50000,-15000,-15000,297,15000
1787311833470,50000,-15000,-15000,297,15000
1787311833570,50000,-15000,-15000,297,15000
1787311833670,50000,-15000,-15000,297,15000
1787311833770,50000,-15000,-15000,297,15000
1787311833870,50000,-15000,-15000,297,15000
1787311833970,50000,-15000,-15000,297,15000
1787311834070,50000,-15000,-15000,297,15000
1787311834169,50000,-15000,-15000,297,15000
1787311834270,50000,-15000,-15000,297,15000
1787311834369,50000,-15000,-15000,297,15000
1787311834470,50000,-15000,-15000,297,15000
1787311834570,50000,-15000,-15000,297,15000
1787311834670,50000,-15000,-15000,297,15000
1787311834770,50000,-15000,-15000,297,15000
1787311834870,50000,-15000,-15000,297,15000
1787311834969,50000,-15000,-15000,297,15000
1787311835070,50000,-15000,-15000,297,15000
1787311835169,50000,-15000,-15000,297,15000
1787311835269,50000,-15000,-15000,297,15000
1787311835370,50000,-15000,-15000,297,15000
1787311835470,50000,-15000,-15000,297,15000
1787311835570,50000,-15000,-15000,297,15000
1787311835670,50000,-15000,-15000,297,15000
1787311835769,50000,-15000,-15000,297,15000
1787311835870,50000,-15000,-15000,297,15000
1787311835970,50000,-15000,-15000,297,15000
1787311836070,50000,-15000,-15000,297,15000
1787311836170,50000,-15000,-15000,297,15000
1787311836270,50000,-15000,-15000,297,15000
1787311836370,50000,-15000,-15000,297,15000
1787311836470,50000,-15000,-15000,297,15000
1787311836570,50000,-15000,-15000,297,15000
1787311836670,50000,-15000,-15000,297,15000
1787311836770,50000,-15000,-15000,297,15000
1787311836870,50000,-15000,-15000,297,15000
1787311836970,50000,-15000,-15000,297,15000
1787311837070,50000,-15000,-15000,297,15000
1787311837170,50000,-15000,-15000,297,15000
1787311837270,50000,-15000,-15000,297,15000
1787311837370,50000,-15000,-15000,297,15000
1787311837469,50000,-15000,-15000,297,15000
1787311837570,50000,-15000,-15000,297,15000
1787311837670,50000,-15000,-15000,297,15000
1787311837769,50000,-15000,-15000,297,15000
1787311837870,50000,-15000,-15000,297,15000
1787311837970,50000,-15000,-15000,297,15000
1787311838070,50000,-15000,-15000,297,15000
1787311838169,50000,-15000,-15000,297,15000
1787311838270,50000,-15000,-15000,297,15000
1787311838370,50000,-15000,-15000,297,15000
1787311838469,50000,-15000,-15000,297,15000
1787311838570,50000,-15000,-15000,297,15000
1787311838670,50000,-15000,-15000,297,15000
1787311838770,50000,-15000,-15000,297,15000
1787311838870,50000,-15000,-15000,297,15000
1787311838969,50000,-15000,-15000,297,15000
1787311839070,50000,-15000,-15000,297,15000
1787311839170,50000,-15000,-15000,297,15000
1787311839270,50000,-15000,-15000,297,15000
1787311839370,50000,-15000,-15000,297,15000
1787311839470,50000,-15000,-15000,297,15000
1787311839570,50000,-15000,-15000,297,15000
1787311839670,50000,-15000,-15000,297,15000
1787311839770,50000,-15000,-15000,297,15000
1787311839870,50000,-15000,-15000,297,15000
1787311839970,50000,-15000,-15000,297,15000
1787311840069,50000,-15000,-15000,297,15000
1787311840170,50000,-15000,-15000,297,15000
1787311840270,50000,-15000,-15000,297,15000
1787311840370,50000,-15000,-15000,297,15000
1787311840469,50000,-15000,-15000,297,15000
1787311840570,50000,-15000,-15000,297,15000
1787311840670,50000,-15000,-15000,297,15000
1787311840770,50000,-15000,-15000,297,15000
1787311840869,50000,-15000,-15000,297,15000
1787311840970,50000,-15000,-15000,297,15000
1787311841070,50000,-15000,-15000,297,15000
1787311841170,50000,-15000,-15000,297,15000
1787311841270,50000,-15000,-15000,297,15000
1787311841370,50000,-15000,-15000,297,15000
1787311841469,50000,-15000,-15000,297,15000
1787311841570,50000,-15000,-15000,297,15000
1787311841670,50000,-15000,-15000,297,15000
1787311841770,50000,-15000,-15000,297,15000
1787311841870,50000,-15000,-15000,297,15000
1787311841970,50000,-15000,-15000,297,15000
1787311842070,50000,-15000,-15000,297,15000
1787311842170,50000,-15000,-15000,297,15000
1787311842270,50000,-15000,-15000,297,15000
1787311842370,50000,-15000,-15000,297,15000
1787311842470,50000,-15000,-15000,297,15000
1787311842570,50000,-15000,-15000,297,15000
1787311842669,50000,-15000,-15000,297,15000
1787311842769,50000,-15000,-15000,297,15000
1787311842869,50000,-15000,-15000,297,15000
1787311842970,50000,-15000,-15000,297,15000
1787311843069,50000,-15000,-15000,297,15000
1787311843170,50000,-15000,-15000,297,15000
1787311843270,50000,-15000,-15000,297,15000
1787311843369,50000,-15000,-15000,297,15000
1787311843470,50000,-15000,-15000,297,15000
1787311843570,50000,-15000,-15000,297,15000
1787311843670,50000,-15000,-15000,297,15000
1787311843770,50000,-15000,-15000,297,15000
1787311843870,50000,-15000,-15000,297,15000
1787311843970,50000,-15000,-15000,297,15000
1787311844070,50000,-15000,-15000,297,15000
1787311844170,50000,-15000,-15000,297,15000
1787311844269,50000,-15000,-15000,297,15000
1787311844370,50000,-15000,-15000,297,15000
1787311844470,50000,-15000,-15000,297,15000
1787311844570,50000,-15000,-15000,297,15000
1787311844670,50000,-15000,-15000,297,15000
1787311844769,50000,-15000,-15000,297,15000
1787311844870,50000,-15000,-15000,297,15000
1787311844970,50000,-15000,-15000,297,15000
1787311845070,50000,-15000,-15000,297,15000
1787311845170,50000,-15000,-15000,297,15000
1787311845270,50000,-15000,-15000,297,15000
1787311845370,50000,-15000,-15000,297,15000
1787311845470,50000,-15000,-15000,297,15000
1787311845569,50000,-15000,-15000,297,15000
1787311845670,50000,-15000,-15000,297,15000
1787311845770,50000,-15000,-15000,297,15000
1787311845870,50000,-15000,-15000,297,15000
1787311845969,50000,-15000,-15000,297,15000
1787311846070,50000,-15000,-15000,297,15000
1787311846170,50000,-15000,-15000,297,15000
1787311846269,50000,-15000,-15000,297,15000
1787311846370,50000,-15000,-15000,297,15000
1787311846470,50000,-15000,-15000,297,15000
1787311846570,50000,-15000,-15000,297,15000
1787311846669,50000,-15000,-15000,297,15000
1787311846770,50000,-15000,-15000,297,15000
1787311846869,50000,-15000,-15000,297,15000
1787311846970,50000,-15000,-15000,297,15000
1787311847070,50000,-15000,-15000,297,15000
1787311847170,50000,-15000,-15000,297,15000
1787311847270,50000,-15000,-15000,297,15000
1787311847370,50000,-15000,-15000,297,15000
1787311847470,50000,-15000,-15000,297,15000
1787311847570,50000,-15000,-15000,297,15000
1787311847669,50000,-15000,-15000,297,15000
1787311847770,50000,-15000,-15000,297,15000
1787311847870,50000,-15000,-15000,297,15000
1787311847969,50000,-15000,-15000,297,15000
1787311848070,50000,-15000,-15000,297,15000
1787311848170,50000,-15000,-15000,297,15000
1787311848270,50000,-15000,-15000,297,15000
1787311848369,50000,-15000,-15000,297,15000
1787311848470,50000,-15000,-15000,297,15000
1787311848570,50000,-15000,-15000,297,15000
1787311848669,50000,-15000,-15000,297,15000
1787311848770,50000,-15000,-15000,297,15000
1787311848870,50000,-15000,-15000,297,15000
1787311848970,50000,-15000,-15000,297,15000
1787311849070,50000,-15000,-15000,297,15000
1787311849169,50000,-15000,-15000,297,15000
1787311849270,50000,-15000,-15000,297,15000
1787311849370,50000,-15000,-15000,297,15000
1787311849470,50000,-15000,-15000,297,15000
1787311849570,50000,-15000,-15000,297,15000
1787311849670,50000,-15000,-15000,297,15000
1787311849770,50000,-15000,-15000,297,15000
1787311849869,50000,-15000,-15000,297,15000
1787311849970,50000,-15000,-15000,297,15000
1787311850070,50000,-15000,-15000,297,15000
1787311850170,50000,-15000,-15000,297,15000
1787311850270,50000,-15000,-15000,297,15000
1787311850370,50000,-15000,-15000,297,15000
1787311850470,50000,-15000,-15000,297,15000
1787311850570,50000,-15000,-15000,297,15000
1787311850670,50000,-15000,-15000,297,15000
1787311850770,50000,-15000,-15000,297,15000
1787311850870,50000,-15000,-15000,297,15000
1787311850970,50000,-15000,-15000,297,15000
1787311851070,50000,-15000,-15000,297,15000
1787311851169,50000,-15000,-15000,297,15000
1787311851270,50000,-15000,-15000,297,15000
1787311851369,50000,-15000,-15000,297,15000
1787311851469,50000,-15000,-15000,297,15000
1787311851570,50000,-15000,-15000,297,15000
1787311851669,50000,-15000,-15000,297,15000
1787311851770,50000,-15000,-15000,297,15000
1787311851870,50000,-15000,-15000,297,15000
1787311851970,50000,-15000,-15000,297,15000
1787311852069,50000,-15000,-15000,297,15000
1787311852169,50000,-15000,-15000,297,15000
1787311852270,50000,-15000,-15000,297,15000
1787311852370,50000,-15000,-15000,297,15000
1787311852470,50000,-15000,-15000,297,15000
1787311852570,50000,-15000,-15000,297,15000
1787311852670,50000,-15000,-15000,297,15000
1787311852770,50000,-15000,-15000,297,15000
1787311852870,50000,-15000,-15000,297,15000
1787311852970,50000,-15000,-15000,297,15000
1787311853070,50000,-15000,-15000,297,15000
1787311853170,50000,-15000,-15000,297,15000
1787311853269,50000,-15000,-15000,297,15000
1787311853370,50000,-15000,-15000,297,15000
1787311853469,50000,-15000,-15000,297,15000
1787311853570,50000,-15000,-15000,297,15000
1787311853670,50000,-15000,-15000,297,15000
1787311853770,50000,-15000,-15000,297,15000
1787311853870,50000,-15000,-15000,297,15000
1787311853970,50000,-15000,-15000,297,15000
1787311854070,50000,-15000,-15000,297,15000
1787311854169,50000,-15000,-15000,297,15000
1787311854270,50000,-15000,-15000,297,15000
1787311854370,50000,-15000,-15000,297,15000
1787311854470,50000,-15000,-15000,297,15000
1787311854570,50000,-15000,-15000,297,15000
1787311854670,50000,-15000,-15000,297,15000
1787311854770,50000,-15000,-15000,297,15000
1787311854870,50000,-15000,-15000,297,15000
1787311854970,50000,-15000,-15000,297,15000
1787311855070,50000,-15000,-15000,297,15000
1787311855169,50000,-15000,-15000,297,15000
1787311855270,50000,-15000,-15000,297,15000
1787311855370,50000,-15000,-15000,297,15000
1787311855470,50000,-15000,-15000,297,15000
1787311855570,50000,-15000,-15000,297,15000
1787311855670,50000,-15000,-15000,297,15000
1787311855770,50000,-15000,-15000,297,15000
1787311855870,50000,-15000,-15000,297,15000
1787311855969,50000,-15000,-15000,297,15000
