ts_ms,freq_mhz,requested_w,actual_w,soc_pml,p_avail_w
1787551690095,50000,0,0,391,15000
1787551690195,50000,0,0,391,15000
1787551690295,50000,0,0,391,15000
1787551690395,50000,0,0,391,15000
1787551690495,50000,0,0,391,15000
1787551690595,50000,0,0,391,15000
1787551690695,50000,0,0,391,15000
1787551690795,50000,0,0,391,15000
1787551690895,50000,0,0,391,15000
1787551690995,50000,0,0,391,15000
1787551691095,50000,0,0,391,15000
1787551691195,50000,0,0,391,15000
1787551691295,50000,0,0,391,15000
1787551691395,50000,0,0,391,15000
1787551691495,50000,0,0,391,15000
1787551691595,50000,0,0,391,15000
1787551691695,50000,0,0,391,15000
1787551691795,50000,0,0,391,15000
1787551691895,50000,0,0,391,15000
1787551691995,50000,0,0,391,15000
1787551692095,50000,0,0,391,15000
1787551692195,50000,0,0,391,15000
1787551692295,50000,0,0,391,15000
1787551692395,50000,0,0,391,15000
1787551692495,50000,0,0,391,15000
1787551692595,50000,0,0,391,15000
1787551692695,50000,0,0,391,15000
1787551692795,50000,0,0,391,15000
1787551692895,50000,0,0,391,15000
1787551692995,50000,0,0,391,15000
1787551693095,50000,0,0,391,15000
1787551693195,50000,0,0,391,15000
1787551693295,50000,0,0,391,15000
1787551693395,50000,0,0,391,15000
1787551693495,50000,0,0,391,15000
1787551693595,50000,0,0,391,15000
1787551693695,50000,0,0,391,15000
1787551693795,50000,0,0,391,15000
1787551693895,50000,0,0,391,15000
1787551693995,50000,0,0,391,15000
1787551694095,50000,0,0,391,15000
1787551694195,50000,0,0,391,15000
1787551694295,50000,0,0,391,15000
1787551694395,50000,0,0,391,15000
1787551694495,50000,0,0,391,15000
1787551694595,50000,0,0,391,15000
1787551694695,50000,0,0,391,15000
1787551694795,50000,0,0,391,15000
1787551694895,50000,0,0,391,15000
1787551694995,50000,0,0,391,15000
1787551695095,50000,0,0,391,15000
1787551695195,50000,0,0,391,15000
1787551695295,50000,0,0,391,15000
1787551695395,50000,0,0,391,15000
1787551695495,50000,0,0,391,15000
1787551695595,50000,0,0,391,15000
1787551695695,50000,0,0,391,15000
1787551695795,50000,0,0,391,15000
1787551695895,50000,0,0,391,15000
1787551695995,50000,0,0,391,15000
1787551696096,50000,0,0,391,15000
1787551696195,50000,0,0,391,15000
1787551696295,50000,0,0,391,15000
1787551696395,50000,0,0,391,15000
1787551696495,50000,0,0,391,15000
1787551696595,50000,0,0,391,15000
1787551696695,50000,0,0,391,15000
1787551696795,50000,0,0,391,15000
1787551696895,50000,0,0,391,15000
1787551696995,50000,0,0,391,15000
1787551697095,50000,0,0,391,15000
1787551697195,50000,0,0,391,15000
1787551697295,50000,0,0,391,15000
1787551697395,50000,0,0,391,15000
1787551697495,50000,0,0,391,15000
1787551697595,50000,0,0,391,15000
1787551697695,50000,0,0,391,15000
1787551697795,50000,0,0,391,15000
1787551697895,50000,0,0,391,15000
1787551697995,50000,0,0,391,15000
1787551698095,50000,0,0,391,15000
1787551698195,50000,0,0,391,15000
1787551698295,50000,0,0,391,15000
1787551698395,50000,0,0,391,15000
1787551698495,50000,0,0,391,15000
1787551698595,50000,0,0,391,15000
1787551698695,50000,0,0,391,15000
1787551698795,50000,0,0,391,15000
1787551698895,50000,0,0,391,15000
1787551698995,50000,0,0,391,15000
1787551699095,50000,0,0,391,15000
1787551699195,50000,0,0,391,15000
1787551699295,50000,0,0,391,15000
1787551699395,50000,0,0,391,15000
1787551699495,50000,0,0,391,15000
1787551699595,50000,0,0,391,15000
1787551699695,50000,0,0,391,15000
1787551699795,50000,0,0,391,15000
1787551699895,50000,0,0,391,15000
1787551699995,50000,0,0,391,15000
1787551700095,50000,0,0,391,15000
1787551700195,50000,0,0,391,15000
1787551700295,50000,0,0,391,15000
1787551700395,50000,0,0,391,15000
1787551700495,50000,0,0,391,15000
1787551700595,50000,0,0,391,15000
1787551700695,50000,0,0,391,15000
1787551700795,50000,0,0,391,15000
1787551700895,50000,0,0,391,15000
1787551700995,50000,0,0,391,15000
1787551701095,50000,0,0,391,15000
1787551701195,50000,0,0,391,15000
1787551701295,50000,0,0,391,15000
1787551701395,50000,0,0,391,15000
1787551701495,50000,0,0,391,15000
1787551701595,50000,0,0,391,15000
1787551701695,50000,0,0,391,15000
1787551701795,50000,0,0,391,15000
1787551701895,50000,0,0,391,15000
1787551701995,50000,0,0,391,15000
1787551702095,50000,0,0,391,15000
1787551702195,50000,0,0,391,15000
1787551702295,50000,0,0,391,15000
1787551702395,50000,0,0,391,15000
1787551702495,50000,0,0,391,15000
1787551702595,50000,0,0,391,15000
1787551702695,50000,0,0,391,15000
1787551702795,50000,0,0,391,15000
1787551702895,50000,0,0,391,15000
1787551702995,50000,0,0,391,15000
1787551703095,50000,0,0,391,15000
1787551703195,50000,0,0,391,15000
1787551703295,50000,0,0,391,15000
1787551703395,50000,0,0,391,15000
1787551703495,50000,0,0,391,15000
1787551703595,50000,0,0,391,15000
1787551703695,50000,0,0,391,15000
1787551703795,50000,0,0,391,15000
1787551703895,50000,0,0,391,15000
1787551703995,50000,0,0,391,15000
1787551704095,50000,0,0,391,15000
1787551704195,50000,0,0,391,15000
1787551704295,50000,0,0,391,15000
1787551704395,50000,0,0,391,15000
1787551704495,50000,0,0,391,15000
1787551704595,50000,0,0,391,15000
1787551704695,50000,0,0,391,15000
1787551704795,50000,0,0,391,15000
1787551704895,50000,0,0,391,15000
1787551704995,50000,0,0,391,15000
1787551705095,50000,0,0,391,15000
1787551705195,50000,0,0,391,15000
1787551705295,50000,0,0,391,15000
1787551705395,50000,0,0,391,15000
1787551705495,50000,0,0,391,15000
1787551705595,50000,0,0,391,15000
1787551705695,50000,0,0,391,15000
1787551705795,50000,0,0,391,15000
1787551705895,50000,0,0,391,15000
1787551705995,50000,0,0,391,15000
1787551706095,50000,0,0,391,15000
1787551706195,50000,0,0,391,15000
1787551706295,50000,0,0,391,15000
1787551706395,50000,0,0,391,15000
1787551706495,50000,0,0,391,15000
1787551706596,50000,0,0,391,15000
1787551706695,50000,0,0,391,15000
1787551706795,50000,0,0,391,15000
1787551706895,50000,0,0,391,15000
1787551706995,50000,0,0,391,15000
1787551707095,50000,0,0,391,15000
1787551707195,50000,0,0,391,15000
1787551707295,50000,0,0,391,15000
1787551707395,50000,0,0,391,15000
1787551707495,50000,0,0,391,15000
1787551707595,50000,0,0,391,15000
1787551707695,50000,0,0,391,15000
1787551707795,50000,0,0,391,15000
1787551707895,50000,0,0,391,15000
1787551707995,50000,0,0,391,15000
1787551708095,50000,0,0,391,15000
1787551708195,50000,0,0,391,15000
1787551708295,50000,0,0,391,15000
1787551708395,50000,0,0,391,15000
1787551708495,50000,0,0,391,15000
1787551708595,50000,0,0,391,15000
1787551708695,50000,0,0,391,15000
1787551708795,50000,0,0,391,15000
1787551708895,50000,0,0,391,15000
1787551708995,50000,0,0,391,15000
1787551709095,50000,0,0,391,15000
1787551709195,50000,0,0,391,15000
1787551709295,50000,0,0,391,15000
1787551709395,50000,0,0,391,15000
1787551709495,50000,0,0,391,15000
1787551709595,50000,0,0,391,15000
1787551709695,50000,0,0,391,15000
1787551709795,50000,0,0,391,15000
1787551709895,50000,0,0,391,15000
1787551709995,50000,0,0,391,15000
1787551710095,50000,0,0,391,15000
1787551710195,50000,0,0,391,15000
1787551710295,50000,0,0,391,15000
1787551710395,50000,0,0,391,15000
1787551710495,50000,0,0,391,15000
1787551710595,50000,0,0,391,15000
1787551710695,50000,0,0,391,15000
1787551710795,50000,0,0,391,15000
1787551710895,50000,0,0,391,15000
1787551710995,50000,0,0,391,15000
1787551711095,50000,0,0,391,15000
1787551711195,50000,0,0,391,15000
1787551711295,50000,0,0,391,15000
1787551711395,50000,0,0,391,15000
1787551711495,50000,0,0,391,15000
1787551711595,50000,0,0,391,15000
1787551711695,50000,0,0,391,15000
1787551711795,50000,0,0,391,15000
1787551711895,50000,0,0,391,15000
1787551711995,50000,0,0,391,15000
1787551712095,50000,0,0,391,15000
1787551712195,50000,0,0,391,15000
1787551712295,50000,0,0,391,15000
1787551712395,50000,0,0,391,15000
1787551712495,50000,0,0,391,15000
1787551712595,50000,0,0,391,15000
1787551712695,50000,0,0,391,15000
1787551712795,50000,0,0,391,15000
1787551712895,50000,0,0,391,15000
1787551712995,50000,0,0,391,15000
1787551713095,50000,0,0,391,15000
1787551713195,50000,0,0,391,15000
1787551713295,50000,0,0,391,15000
1787551713395,50000,0,0,391,15000
1787551713495,50000,0,0,391,15000
1787551713595,50000,0,0,391,15000
1787551713695,50000,0,0,391,15000
1787551713795,50000,0,0,391,15000
1787551713895,50000,0,0,391,15000
1787551713995,50000,0,0,391,15000
1787551714095,50000,0,0,391,15000
1787551714195,50000,0,0,391,15000
1787551714295,50000,0,0,391,15000
1787551714395,50000,0,0,391,15000
1787551714495,50000,0,0,391,15000
1787551714595,50000,0,0,391,15000
1787551714695,50000,0,0,391,15000
1787551714795,50000,0,0,391,15000
1787551714895,50000,0,0,391,15000
1787551714995,50000,0,0,391,15000
1787551715095,50000,0,0,391,15000
1787551715195,50000,0,0,391,15000
1787551715295,50000,0,0,391,15000
1787551715395,50000,0,0,391,15000
1787551715495,50000,0,0,391,15000
1787551715595,50000,0,0,391,15000
1787551715695,50000,0,0,391,15000
1787551715795,50000,0,0,391,15000
1787551715896,50000,0,0,391,15000
1787551715995,50000,0,0,391,15000
1787551716095,50000,0,0,391,15000
1787551716195,50000,0,0,391,15000
1787551716295,50000,0,0,391,15000
1787551716395,50000,0,0,391,15000
1787551716495,50000,0,0,391,15000
1787551716595,50000,0,0,391,15000
1787551716695,50000,0,0,391,15000
1787551716795,50000,0,0,391,15000
1787551716895,50000,0,0,391,15000
1787551716995,50000,0,0,391,15000
1787551717095,50000,0,0,391,15000
1787551717195,50000,0,0,391,15000
1787551717295,50000,0,0,391,15000
1787551717395,50000,0,0,391,15000
1787551717495,50000,0,0,391,15000
1787551717595,50000,0,0,391,15000
1787551717695,50000,0,0,391,15000
1787551717795,50000,0,0,391,15000
1787551717895,50000,0,0,391,15000
1787551717995,50000,0,0,391,15000
1787551718095,50000,0,0,391,15000
1787551718195,50000,0,0,391,15000
1787551718295,50000,0,0,391,15000
1787551718395,50000,0,0,391,15000
1787551718495,50000,0,0,391,15000
1787551718595,50000,0,0,391,15000
1787551718695,50000,0,0,391,15000
1787551718795,50000,0,0,391,15000
1787551718895,50000,0,0,391,15000
1787551718995,50000,0,0,391,15000
1787551719095,50000,0,0,391,15000
1787551719195,50000,0,0,391,15000
1787551719295,50000,0,0,391,15000
1787551719395,50000,0,0,391,15000
1787551719495,50000,0,0,391,15000
1787551719595,50000,0,0,391,15000
1787551719695,50000,0,0,391,15000
1787551719795,50000,0,0,391,15000
1787551719895,50000,0,0,391,15000
1787551719995,50000,0,0,391,15000
1787551720095,50000,0,0,391,15000
1787551720195,50000,0,0,391,15000
1787551720295,50000,0,0,391,15000
1787551720395,50000,0,0,391,15000
1787551720495,50000,0,0,391,15000
1787551720595,50000,0,0,391,15000
1787551720695,50000,0,0,391,15000
1787551720801,50000,0,0,391,15000
1787551720902,50000,0,0,391,15000
1787551721002,50000,0,0,391,15000
1787551721102,50000,0,0,391,15000
1787551721202,50000,0,0,391,15000
1787551721302,50000,0,0,391,15000
1787551721402,50000,0,0,391,15000
1787551721502,50000,0,0,391,15000
1787551721602,50000,0,0,391,15000
1787551721702,50000,0,0,391,15000
1787551721802,50000,0,0,391,15000
1787551721902,50000,0,0,391,15000
1787551722002,50000,0,0,391,15000
1787551722102,50000,0,0,391,15000
1787551722202,50000,0,0,391,15000
1787551722302,50000,0,0,391,15000
1787551722402,50000,0,0,391,15000
1787551722502,50000,0,0,391,15000
1787551722602,50000,0,0,391,15000
1787551722702,50000,0,0,391,15000
1787551722802,50000,0,0,391,15000
1787551722902,50000,0,0,391,15000
1787551723002,50000,0,0,391,15000
1787551723102,50000,0,0,391,15000
1787551723202,50000,0,0,391,15000
1787551723302,50000,0,0,391,15000
1787551723402,50000,0,0,391,15000
1787551723502,50000,0,0,391,15000
1787551723602,50000,0,0,391,15000
1787551723702,50000,0,0,391,15000
1787551723802,50000,0,0,391,15000
1787551723902,50000,0,0,391,15000
1787551724002,50000,0,0,391,15000
1787551724102,50000,0,0,391,15000
1787551724202,50000,0,0,391,15000
1787551724302,50000,0,0,391,15000
1787551724402,50000,0,0,391,15000
1787551724502,50000,0,0,391,15000
1787551724602,50000,0,0,391,15000
1787551724702,50000,0,0,391,15000
1787551724802,50000,0,0,391,15000
1787551724902,50000,0,0,391,15000
1787551725002,50000,0,0,391,15000
1787551725102,50000,0,0,391,15000
1787551725202,50000,0,0,391,15000
1787551725302,50000,0,0,391,15000
1787551725402,50000,0,0,391,15000
1787551725502,50000,0,0,391,15000
1787551725602,50000,0,0,391,15000
1787551725702,50000,0,0,391,15000
1787551725803,50000,0,0,391,15000
1787551725902,50000,0,0,391,15000
1787551726002,50000,0,0,391,15000
1787551726102,50000,0,0,391,15000
1787551726202,50000,0,0,391,15000
1787551726302,50000,0,0,391,15000
1787551726402,50000,0,0,391,15000
1787551726502,50000,0,0,391,15000
1787551726602,50000,0,0,391,15000
1787551726702,50000,0,0,391,15000
1787551726802,50000,0,0,391,15000
1787551726902,50000,0,0,391,15000
1787551727002,50000,0,0,391,15000
1787551727102,50000,0,0,391,15000
1787551727202,50000,0,0,391,15000
1787551727302,50000,0,0,391,15000
1787551727402,50000,0,0,391,15000
1787551727502,50000,0,0,391,15000
1787551727602,50000,0,0,391,15000
1787551727702,50000,0,0,391,15000
1787551727802,50000,0,0,391,15000
1787551727902,50000,0,0,391,15000
1787551728002,50000,0,0,391,15000
1787551728102,50000,0,0,391,15000
1787551728202,50000,0,0,391,15000
1787551728302,50000,0,0,391,15000
1787551728402,50000,0,0,391,15000
1787551728502,50000,0,0,391,15000
1787551728602,50000,0,0,391,15000
1787551728702,50000,0,0,391,15000
1787551728802,50000,0,0,391,15000
1787551728902,50000,0,0,391,15000
1787551729002,50000,0,0,391,15000
1787551729102,50000,0,0,391,15000
1787551729202,50000,0,0,391,15000
1787551729302,50000,0,0,391,15000
1787551729402,50000,0,0,391,15000
1787551729502,50000,0,0,391,15000
1787551729602,50000,0,0,391,15000
1787551729702,50000,0,0,391,15000
1787551729802,50000,0,0,391,15000
1787551729902,50000,0,0,391,15000
1787551730002,50000,0,0,391,15000
1787551730102,50000,0,0,391,15000
1787551730202,50000,0,0,391,15000
1787551730302,50000,0,0,391,15000
1787551730402,50000,0,0,391,15000
1787551730502,50000,0,0,391,15000
1787551730602,50000,0,0,391,15000
1787551730702,50000,0,0,391,15000
1787551730802,50000,0,0,391,15000
1787551730902,50000,0,0,391,15000
1787551731003,50000,0,0,391,15000
1787551731102,50000,0,0,391,15000
1787551731202,50000,0,0,391,15000
1787551731302,50000,0,0,391,15000
1787551731402,50000,0,0,391,15000
1787551731502,50000,0,0,391,15000
1787551731602,50000,0,0,391,15000
1787551731702,50000,0,0,391,15000
1787551731802,50000,0,0,391,15000
1787551731902,50000,0,0,391,15000
1787551732002,50000,0,0,391,15000
1787551732102,50000,0,0,391,15000
1787551732202,50000,0,0,391,15000
1787551732302,50000,0,0,391,15000
1787551732402,50000,0,0,391,15000
1787551732502,50000,0,0,391,15000
1787551732602,50000,0,0,391,15000
1787551732702,50000,0,0,391,15000
1787551732802,50000,0,0,391,15000
1787551732902,50000,0,0,391,15000
1787551733002,50000,0,0,391,15000
1787551733102,50000,0,0,391,15000
1787551733202,50000,0,0,391,15000
1787551733302,50000,0,0,391,15000
1787551733402,50000,0,0,391,15000
1787551733502,50000,0,0,391,15000
1787551733602,50000,0,0,391,15000
1787551733702,50000,0,0,391,15000
1787551733802,50000,0,0,391,15000
1787551733902,50000,0,0,391,15000
1787551734002,50000,0,0,391,15000
1787551734102,50000,0,0,391,15000
1787551734202,50000,0,0,391,15000
1787551734302,50000,0,0,391,15000
1787551734402,50000,0,0,391,15000
1787551734502,50000,0,0,391,15000
1787551734602,50000,0,0,391,15000
1787551734702,50000,0,0,391,15000
1787551734802,50000,0,0,391,15000
1787551734902,50000,0,0,391,15000
1787551735002,50000,0,0,391,15000
1787551735102,50000,0,0,391,15000
1787551735202,50000,0,0,391,15000
1787551735302,50000,0,0,391,15000
1787551735402,50000,0,0,391,15000
1787551735502,50000,0,0,391,15000
1787551735602,50000,0,0,391,15000
1787551735702,50000,0,0,391,15000
1787551735802,50000,0,0,391,15000
1787551735902,50000,0,0,391,15000
1787551736002,50000,0,0,391,15000
1787551736102,50000,0,0,391,15000
1787551736202,50000,0,0,391,15000
1787551736302,50000,0,0,391,15000
1787551736402,50000,0,0,391,15000
1787551736502,50000,0,0,391,15000
1787551736602,50000,0,0,391,15000
1787551736702,50000,0,0,391,15000
1787551736802,50000,0,0,391,15000
1787551736902,50000,0,0,391,15000
1787551737002,50000,0,0,391,15000
1787551737102,50000,0,0,391,15000
1787551737202,50000,0,0,391,15000
1787551737302,50000,0,0,391,15000
1787551737402,50000,0,0,391,15000
1787551737502,50000,0,0,391,15000
1787551737602,50000,0,0,391,15000
1787551737702,50000,0,0,391,15000
1787551737802,50000,0,0,391,15000
1787551737902,50000,0,0,391,15000
1787551738002,50000,0,0,391,15000
1787551738102,50000,0,0,391,15000
1787551738202,50000,0,0,391,15000
1787551738302,50000,0,0,391,15000
1787551738402,50000,0,0,391,15000
1787551738502,50000,0,0,391,15000
1787551738602,50000,0,0,391,15000
1787551738702,50000,0,0,391,15000
1787551738802,50000,0,0,391,15000
1787551738902,50000,0,0,391,15000
1787551739002,50000,0,0,391,15000
1787551739102,50000,0,0,391,15000
1787551739202,50000,0,0,391,15000
1787551739302,50000,0,0,391,15000
1787551739402,50000,0,0,391,15000
1787551739502,50000,0,0,391,15000
1787551739602,50000,0,0,391,15000
1787551739702,50000,0,0,391,15000
1787551739802,50000,0,0,391,15000
1787551739902,50000,0,0,391,15000
1787551740002,50000,0,0,391,15000
1787551740102,50000,0,0,391,15000
1787551740202,50000,0,0,391,15000
1787551740302,50000,0,0,391,15000
1787551740402,50000,0,0,391,15000
1787551740502,50000,0,0,391,15000
1787551740602,50000,0,0,391,15000
1787551740702,50000,0,0,391,15000
1787551740802,50000,0,0,391,15000
1787551740902,50000,0,0,391,15000
1787551741002,50000,0,0,391,15000
1787551741102,50000,0,0,391,15000
1787551741202,50000,0,0,391,15000
1787551741302,50000,0,0,391,15000
1787551741402,50000,0,0,391,15000
1787551741502,50000,0,0,391,15000
1787551741602,50000,0,0,391,15000
1787551741702,50000,0,0,391,15000
1787551741802,50000,0,0,391,15000
1787551741902,50000,0,0,391,15000
1787551742002,50000,0,0,391,15000
1787551742102,50000,0,0,391,15000
1787551742202,50000,0,0,391,15000
1787551742302,50000,0,0,391,15000
1787551742402,50000,0,0,391,15000
1787551742502,50000,0,0,391,15000
1787551742602,50000,0,0,391,15000
1787551742702,50000,0,0,391,15000
1787551742802,50000,0,0,391,15000
1787551742902,50000,0,0,391,15000
1787551743002,50000,0,0,391,15000
1787551743102,50000,0,0,391,15000
1787551743202,50000,0,0,391,15000
1787551743302,50000,0,0,391,15000
1787551743402,50000,0,0,391,15000
1787551743502,50000,0,0,391,15000
1787551743602,50000,0,0,391,15000
1787551743702,50000,0,0,391,15000
1787551743802,50000,0,0,391,15000
1787551743902,50000,0,0,391,15000
1787551744002,50000,0,0,391,15000
1787551744102,50000,0,0,391,15000
1787551744202,50000,0,0,391,15000
1787551744302,50000,0,0,391,15000
1787551744402,50000,0,0,391,15000
1787551744502,50000,0,0,391,15000
1787551744602,50000,0,0,391,15000
1787551744702,50000,0,0,391,15000
1787551744802,50000,0,0,391,15000
1787551744902,50000,0,0,391,15000
1787551745002,50000,0,0,391,15000
1787551745102,50000,0,0,391,15000
1787551745202,50000,0,0,391,15000
1787551745302,50000,0,0,391,15000
1787551745402,50000,0,0,391,15000
1787551745502,50000,0,0,391,15000
1787551745602,50000,0,0,391,15000
1787551745702,50000,0,0,391,15000
1787551745802,50000,0,0,391,15000
1787551745902,50000,0,0,391,15000
1787551746002,50000,0,0,391,15000
1787551746102,50000,0,0,391,15000
1787551746202,50000,0,0,391,15000
1787551746302,50000,0,0,391,15000
1787551746402,50000,0,0,391,15000
1787551746502,50000,0,0,391,15000
1787551746602,50000,0,0,391,15000
1787551746702,50000,0,0,391,15000
1787551746802,50000,0,0,391,15000
1787551746902,50000,0,0,391,15000
1787551747002,50000,0,0,391,15000
1787551747102,50000,0,0,391,15000
1787551747202,50000,0,0,391,15000
1787551747302,50000,0,0,391,15000
1787551747401,50000,0,0,391,15000
1787551747502,50000,0,0,391,15000
1787551747602,50000,0,0,391,15000
1787551747702,50000,0,0,391,15000
1787551747802,50000,0,0,391,15000
1787551747902,50000,0,0,391,15000
1787551748002,50000,0,0,391,15000
1787551748102,50000,0,0,391,15000
1787551748202,50000,0,0,391,15000
1787551748302,50000,0,0,391,15000
1787551748402,50000,0,0,391,15000
1787551748502,50000,0,0,391,15000
1787551748602,50000,0,0,391,15000
1787551748702,50000,0,0,391,15000
1787551748802,50000,0,0,391,15000
1787551748902,50000,0,0,391,15000
1787551749002,50000,0,0,391,15000
1787551749102,50000,0,0,391,15000
1787551749202,50000,0,0,391,15000
1787551749302,50000,0,0,391,15000
1787551749402,50000,0,0,391,15000
1787551749502,50000,0,0,391,15000
1787551749602,50000,0,0,391,15000
1787551749702,50000,0,0,391,15000
1787551749802,50000,0,0,391,15000
1787551749902,50000,0,0,391,15000
1787551750002,50000,0,0,391,15000
1787551750102,50000,0,0,391,15000
1787551750202,50000,0,0,391,15000
1787551750302,50000,0,0,391,15000
1787551750402,50000,0,0,391,15000
1787551750502,50000,0,0,391,15000
1787551750602,50000,0,0,391,15000
1787551750702,50000,0,0,391,15000
1787551750802,50000,0,0,391,15000
1787551750902,50000,0,0,391,15000
1787551751002,50000,0,0,391,15000
1787551751102,50000,0,0,391,15000
1787551751202,50000,0,0,391,15000
1787551751302,50000,0,0,391,15000
1787551751402,50000,0,0,391,15000
1787551751502,50000,0,0,391,15000
1787551751602,50000,0,0,391,15000
1787551751702,50000,0,0,391,15000
1787551751802,50000,0,0,391,15000
1787551751902,50000,0,0,391,15000
1787551752002,50000,0,0,391,15000
1787551752102,50000,0,0,391,15000
1787551752202,50000,0,0,391,15000
1787551752302,50000,0,0,391,15000
1787551752402,50000,0,0,391,15000
1787551752502,50000,0,0,391,15000
1787551752602,50000,0,0,391,15000
1787551752702,50000,0,0,391,15000
1787551752802,50000,0,0,391,15000
1787551752902,50000,0,0,391,15000
1787551753002,50000,0,0,391,15000
1787551753102,50000,0,0,391,15000
1787551753202,50000,0,0,391,15000
1787551753302,50000,0,0,391,15000
1787551753402,50000,0,0,391,15000
1787551753502,50000,0,0,391,15000
1787551753602,50000,0,0,391,15000
1787551753702,50000,0,0,391,15000
1787551753802,50000,0,0,391,15000
1787551753902,50000,0,0,391,15000
1787551754002,50000,0,0,391,15000
1787551754102,50000,0,0,391,15000
1787551754201,50000,0,0,391,15000
1787551754302,50000,0,0,391,15000
1787551754402,50000,0,0,391,15000
1787551754502,50000,0,0,391,15000
1787551754602,50000,0,0,391,15000
1787551754702,50000,0,0,391,15000
1787551754802,50000,0,0,391,15000
1787551754902,50000,0,0,391,15000
1787551755002,50000,0,0,391,15000
1787551755102,50000,0,0,391,15000
1787551755202,50000,0,0,391,15000
1787551755302,50000,0,0,391,15000
1787551755402,50000,0,0,391,15000
1787551755502,50000,0,0,391,15000
1787551755602,50000,0,0,391,15000
1787551755702,50000,0,0,391,15000
1787551755802,50000,0,0,391,15000
1787551755902,50000,0,0,391,15000
1787551756002,50000,0,0,391,15000
1787551756102,50000,0,0,391,15000
1787551756202,50000,0,0,391,15000
1787551756302,50000,0,0,391,15000
1787551756402,50000,0,0,391,15000
1787551756502,50000,0,0,391,15000
1787551756602,50000,0,0,391,15000
1787551756702,50000,0,0,391,15000
1787551756802,50000,0,0,391,15000
1787551756902,50000,0,0,391,15000
1787551757002,50000,0,0,391,15000
1787551757102,50000,0,0,391,15000
1787551757202,50000,0,0,391,15000
1787551757302,50000,0,0,391,15000
1787551757402,50000,0,0,391,15000
1787551757502,50000,0,0,391,15000
1787551757602,50000,0,0,391,15000
1787551757702,50000,0,0,391,15000
1787551757802,50000,0,0,391,15000
1787551757902,50000,0,0,391,15000
1787551758002,50000,0,0,391,15000
1787551758102,50000,0,0,391,15000
1787551758202,50000,0,0,391,15000
1787551758302,50000,0,0,391,15000
1787551758402,50000,0,0,391,15000
1787551758502,50000,0,0,391,15000
1787551758602,50000,0,0,391,15000
1787551758702,50000,0,0,391,15000
1787551758802,50000,0,0,391,15000
1787551758902,50000,0,0,391,15000
1787551759002,50000,0,0,391,15000
1787551759102,50000,0,0,391,15000
1787551759202,50000,0,0,391,15000
1787551759302,50000,0,0,391,15000
1787551759402,50000,0,0,391,15000
1787551759502,50000,0,0,391,15000
1787551759602,50000,0,0,391,15000
1787551759702,50000,0,0,391,15000
1787551759802,50000,0,0,391,15000
1787551759902,50000,0,0,391,15000
1787551760002,50000,0,0,391,15000
1787551760102,50000,0,0,391,15000
1787551760202,50000,0,0,391,15000
1787551760302,50000,0,0,391,15000
1787551760402,50000,0,0,391,15000
1787551760502,50000,0,0,391,15000
1787551760602,50000,0,0,391,15000
1787551760702,50000,0,0,391,15000
1787551760802,50000,0,0,391,15000
1787551760902,50000,0,0,391,15000
1787551761002,50000,0,0,391,15000
1787551761102,50000,0,0,391,15000
1787551761202,50000,0,0,391,15000
1787551761302,50000,0,0,391,15000
1787551761402,50000,0,0,391,15000
1787551761502,50000,0,0,391,15000
1787551761602,50000,0,0,391,15000
1787551761702,50000,0,0,391,15000
1787551761802,50000,0,0,391,15000
1787551761902,50000,0,0,391,15000
1787551762002,50000,0,0,391,15000
1787551762102,50000,0,0,391,15000
1787551762202,50000,0,0,391,15000
1787551762302,50000,0,0,391,15000
1787551762402,50000,0,0,391,15000
1787551762502,50000,0,0,391,15000
1787551762602,50000,0,0,391,15000
1787551762701,50000,0,0,391,15000
1787551762802,50000,0,0,391,15000
1787551762902,50000,0,0,391,15000
1787551763002,50000,0,0,391,15000
1787551763102,50000,0,0,391,15000
1787551763202,50000,0,0,391,15000
1787551763303,50000,0,0,391,15000
1787551763402,50000,0,0,391,15000
1787551763502,50000,0,0,391,15000
1787551763602,50000,0,0,391,15000
1787551763702,50000,0,0,391,15000
1787551763802,50000,0,0,391,15000
1787551763902,50000,0,0,391,15000
1787551764002,50000,0,0,391,15000
1787551764102,50000,0,0,391,15000
1787551764202,50000,0,0,391,15000
1787551764302,50000,0,0,391,15000
1787551764402,50000,0,0,391,15000
1787551764502,50000,0,0,391,15000
1787551764602,50000,0,0,391,15000
1787551764702,50000,0,0,391,15000
1787551764802,50000,0,0,391,15000
1787551764902,50000,0,0,391,15000
1787551765002,50000,0,0,391,15000
1787551765102,50000,0,0,391,15000
1787551765202,50000,0,0,391,15000
1787551765302,50000,0,0,391,15000
1787551765402,50000,0,0,391,15000
1787551765502,50000,0,0,391,15000
1787551765602,50000,0,0,391,15000
1787551765702,50000,0,0,391,15000
1787551765802,50000,0,0,391,15000
1787551765902,50000,0,0,391,15000
1787551766002,50000,0,0,391,15000
1787551766102,50000,0,0,391,15000
1787551766202,50000,0,0,391,15000
1787551766302,50000,0,0,391,15000
1787551766402,50000,0,0,391,15000
1787551766502,50000,0,0,391,15000
1787551766602,50000,0,0,391,15000
1787551766702,50000,0,0,391,15000
1787551766802,50000,0,0,391,15000
1787551766902,50000,0,0,391,15000
1787551767002,50000,0,0,391,15000
1787551767102,50000,0,0,391,15000
1787551767202,50000,0,0,391,15000
1787551767302,50000,0,0,391,15000
1787551767402,50000,0,0,391,15000
1787551767502,50000,0,0,391,15000
1787551767602,50000,0,0,391,15000
1787551767702,50000,0,0,391,15000
1787551767802,50000,0,0,391,15000
1787551767902,50000,0,0,391,15000
1787551768002,50000,0,0,391,15000
1787551768102,50000,0,0,391,15000
1787551768202,50000,0,0,391,15000
1787551768302,50000,0,0,391,15000
1787551768402,50000,0,0,391,15000
1787551768502,50000,0,0,391,15000
1787551768602,50000,0,0,391,15000
1787551768702,50000,0,0,391,15000
1787551768802,50000,0,0,391,15000
1787551768902,50000,0,0,391,15000
1787551769002,50000,0,0,391,15000
1787551769102,50000,0,0,391,15000
1787551769202,50000,0,0,391,15000
1787551769302,50000,0,0,391,15000
1787551769402,50000,0,0,391,15000
1787551769502,50000,0,0,391,15000
1787551769602,50000,0,0,391,15000
1787551769702,50000,0,0,391,15000
1787551769802,50000,0,0,391,15000
1787551769902,50000,0,0,391,15000
1787551770002,50000,0,0,391,15000
1787551770102,50000,0,0,391,15000
1787551770202,50000,0,0,391,15000
1787551770302,50000,0,0,391,15000
1787551770402,50000,0,0,391,15000
1787551770502,50000,0,0,391,15000
1787551770602,50000,0,0,391,15000
1787551770702,50000,0,0,391,15000
1787551770802,50000,0,0,391,15000
1787551770902,50000,0,0,391,15000
1787551771002,50000,0,0,391,15000
1787551771102,50000,0,0,391,15000
1787551771202,50000,0,0,391,15000
1787551771302,50000,0,0,391,15000
1787551771402,50000,0,0,391,15000
1787551771502,50000,0,0,391,15000
1787551771602,50000,0,0,391,15000
1787551771702,50000,0,0,391,15000
1787551771802,50000,0,0,391,15000
1787551771902,50000,0,0,391,15000
1787551772002,50000,0,0,391,15000
1787551772102,50000,0,0,391,15000
1787551772202,50000,0,0,391,15000
1787551772302,50000,0,0,391,15000
1787551772402,50000,0,0,391,15000
1787551772502,50000,0,0,391,15000
1787551772602,50000,0,0,391,15000
1787551772702,50000,0,0,391,15000
1787551772802,50000,0,0,391,15000
1787551772902,50000,0,0,391,15000
1787551773002,50000,0,0,391,15000
1787551773102,50000,0,0,391,15000
1787551773202,50000,0,0,391,15000
1787551773303,50000,0,0,391,15000
1787551773402,50000,0,0,391,15000
1787551773502,50000,0,0,391,15000
1787551773602,50000,0,0,391,15000
1787551773703,50000,0,0,391,15000
1787551773802,50000,0,0,391,15000
1787551773902,50000,0,0,391,15000
1787551774002,50000,0,0,391,15000
1787551774102,50000,0,0,391,15000
1787551774202,50000,0,0,391,15000
1787551774302,50000,0,0,391,15000
1787551774402,50000,0,0,391,15000
1787551774502,50000,0,0,391,15000
1787551774602,50000,0,0,391,15000
1787551774702,50000,0,0,391,15000
1787551774802,50000,0,0,391,15000
1787551774902,50000,0,0,391,15000
1787551775002,50000,0,0,391,15000
1787551775102,50000,0,0,391,15000
1787551775202,50000,0,0,391,15000
1787551775302,50000,0,0,391,15000
1787551775402,50000,0,0,391,15000
1787551775502,50000,0,0,391,15000
1787551775602,50000,0,0,391,15000
1787551775702,50000,0,0,391,15000
1787551775802,50000,0,0,391,15000
1787551775902,50000,0,0,391,15000
1787551776002,50000,0,0,391,15000
1787551776102,50000,0,0,391,15000
1787551776202,50000,0,0,391,15000
1787551776302,50000,0,0,391,15000
1787551776402,50000,0,0,391,15000
1787551776502,50000,0,0,391,15000
1787551776602,50000,0,0,391,15000
1787551776702,50000,0,0,391,15000
1787551776802,50000,0,0,391,15000
1787551776902,50000,0,0,391,15000
1787551777002,50000,0,0,391,15000
1787551777102,50000,0,0,391,15000
1787551777202,50000,0,0,391,15000
1787551777302,50000,0,0,391,15000
1787551777402,50000,0,0,391,15000
1787551777502,50000,0,0,391,15000
1787551777602,50000,0,0,391,15000
1787551777702,50000,0,0,391,15000
1787551777802,50000,0,0,391,15000
1787551777902,50000,0,0,391,15000
1787551778002,50000,0,0,391,15000
1787551778102,50000,0,0,391,15000
1787551778202,50000,0,0,391,15000
1787551778302,50000,0,0,391,15000
1787551778402,50000,0,0,391,15000
1787551778502,50000,0,0,391,15000
1787551778602,50000,0,0,391,15000
1787551778702,50000,0,0,391,15000
1787551778802,50000,0,0,391,15000
1787551778902,50000,0,0,391,15000
1787551779002,50000,0,0,391,15000
1787551779102,50000,0,0,391,15000
1787551779202,50000,0,0,391,15000
1787551779302,50000,0,0,391,15000
1787551779402,50000,0,0,391,15000
1787551779502,50000,0,0,391,15000
1787551779602,50000,0,0,391,15000
1787551779702,50000,0,0,391,15000
1787551779802,50000,0,0,391,15000
1787551779902,50000,0,0,391,15000
1787551780002,50000,0,0,391,15000
1787551780102,50000,0,0,391,15000
1787551780202,50000,0,0,391,15000
1787551780302,50000,0,0,391,15000
1787551780402,50000,0,0,391,15000
1787551780502,50000,0,0,391,15000
1787551780602,49950,1578,0,391,15000
1787551780702,49950,1578,0,391,15000
1787551780802,49950,1578,0,391,15000
1787551780902,49950,1578,0,391,15000
1787551781002,49950,1578,0,391,15000
1787551781102,49950,1578,0,391,15000
1787551781202,49950,1578,0,391,15000
1787551781302,49950,1578,1300,391,15000
1787551781402,49950,1578,1300,391,15000
1787551781502,49950,1578,1300,391,15000
1787551781602,49950,1578,1300,391,15000
1787551781702,49950,1578,1300,391,15000
1787551781802,49950,1578,1300,391,15000
1787551781902,49950,1578,1500,391,15000
1787551782002,49950,1578,1500,391,15000
1787551782102,49950,1578,1500,391,15000
1787551782202,49950,1578,1500,391,15000
1787551782302,49950,1578,1500,391,15000
1787551782402,49950,1578,1500,391,15000
1787551782502,49950,1578,1600,391,15000
1787551782602,49950,1578,1600,391,15000
1787551782702,49950,1578,1600,391,15000
1787551782802,49950,1578,1600,391,15000
1787551782902,49950,1578,1600,391,15000
1787551783002,49950,1578,1600,391,15000
1787551783102,49950,1578,1600,391,15000
1787551783202,49950,1578,1600,391,15000
1787551783302,49950,1578,1600,391,15000
1787551783402,49950,1578,1600,391,15000
1787551783502,49950,1578,1600,391,15000
1787551783602,49950,1578,1500,391,15000
1787551783702,49950,1578,1500,391,15000
1787551783802,49950,1578,1500,391,15000
1787551783902,49950,1578,1500,391,15000
1787551784002,49950,1578,1500,391,15000
1787551784102,49950,1578,1500,391,15000
1787551784202,49950,1578,1500,391,15000
1787551784302,49950,1578,1500,391,15000
1787551784402,49950,1578,1500,391,15000
1787551784502,49950,1578,1500,391,15000
1787551784602,49950,1578,1500,391,15000
1787551784702,49950,1578,1500,391,15000
1787551784802,49950,1578,1500,391,15000
1787551784902,49950,1578,1500,391,15000
1787551785002,49950,1578,1500,391,15000
1787551785102,49950,1578,1500,391,15000
1787551785202,49950,1578,1500,391,15000
1787551785302,49950,1578,1500,391,15000
1787551785402,49950,1578,1500,391,15000
1787551785502,49950,1578,1500,391,15000
1787551785602,49950,1578,1500,391,15000
1787551785702,49950,1578,1500,391,15000
1787551785802,49950,1578,1500,391,15000
1787551785902,49950,1578,1500,391,15000
1787551786002,49950,1578,1500,391,15000
1787551786102,49950,1578,1500,391,15000
1787551786202,49950,1578,1500,391,15000
1787551786302,49950,1578,1500,391,15000
1787551786402,49950,1578,1500,391,15000
1787551786502,49950,1578,1500,391,15000
1787551786602,49950,1578,1500,391,15000
1787551786702,49950,1578,1500,391,15000
1787551786802,49950,1578,1500,391,15000
1787551786902,49950,1578,1500,391,15000
1787551787002,49950,1578,1500,391,15000
1787551787102,49950,1578,1500,391,15000
1787551787202,49950,1578,1500,391,15000
1787551787302,49950,1578,1500,391,15000
1787551787402,49950,1578,1500,391,15000
1787551787502,49950,1578,1500,391,15000
1787551787602,49950,1578,1500,391,15000
1787551787702,49950,1578,1500,391,15000
1787551787802,49950,1578,1500,391,15000
1787551787902,49950,1578,1500,391,15000
1787551788002,49950,1578,1500,391,15000
1787551788102,49950,1578,1500,391,15000
1787551788202,49950,1578,1500,391,15000
1787551788302,49950,1578,1500,391,15000
1787551788402,49950,1578,1500,391,15000
1787551788502,49950,1578,1500,391,15000
1787551788602,49950,1578,1500,391,15000
1787551788702,49950,1578,1500,391,15000
1787551788802,49950,1578,1500,391,15000
1787551788902,49950,1578,1500,391,15000
1787551789002,49950,1578,1500,391,15000
1787551789102,49950,1578,1500,391,15000
1787551789202,49950,1578,1500,391,15000
1787551789302,49950,1578,1500,391,15000
1787551789402,49950,1578,1500,391,15000
1787551789502,49950,1578,1500,391,15000
1787551789602,49950,1578,1500,391,15000
1787551789702,49950,1578,1500,391,15000
1787551789802,49950,1578,1500,391,15000
1787551789902,49950,1578,1500,391,15000
1787551790002,49950,1578,1500,391,15000
1787551790102,49950,1578,1500,391,15000
1787551790202,49950,1578,1500,391,15000
1787551790302,49950,1578,1500,391,15000
1787551790402,49950,1578,1500,391,15000
1787551790502,49950,1578,1500,391,15000
1787551790602,49950,1578,1500,391,15000
1787551790702,49950,1578,1500,391,15000
1787551790802,49950,1578,1500,391,15000
1787551790902,49950,1578,1500,391,15000
1787551791002,49950,1578,1500,391,15000
1787551791102,49950,1578,1500,391,15000
1787551791202,49950,1578,1500,391,15000
1787551791302,49950,1578,1500,391,15000
1787551791402,49950,1578,1500,391,15000
1787551791502,49950,1578,1500,391,15000
1787551791602,49950,1578,1500,391,15000
1787551791702,49950,1578,1500,391,15000
1787551791802,49950,1578,1500,391,15000
1787551791902,49950,1578,1500,391,15000
1787551792002,49950,1578,1500,391,15000
1787551792102,49950,1578,1500,391,15000
1787551792202,49950,1578,1500,391,15000
1787551792302,49950,1578,1500,391,15000
1787551792402,49950,1578,1500,391,15000
1787551792502,49950,1578,1500,391,15000
1787551792602,49950,1578,1500,391,15000
1787551792702,49950,1578,1500,391,15000
1787551792802,49950,1578,1500,391,15000
1787551792902,49950,1578,1500,391,15000
1787551793002,49950,1578,1500,391,15000
1787551793102,49950,1578,1500,391,15000
1787551793202,49950,1578,1500,391,15000
1787551793302,49950,1578,1500,391,15000
1787551793402,49950,1578,1500,391,15000
1787551793502,49950,1578,1500,391,15000
1787551793602,49950,1578,1500,391,15000
1787551793702,49950,1578,1500,391,15000
1787551793802,49950,1578,1500,391,15000
1787551793902,49950,1578,1500,391,15000
1787551794002,49950,1578,1500,391,15000
1787551794102,49950,1578,1500,391,15000
1787551794202,49950,1578,1500,391,15000
1787551794302,49950,1578,1500,391,15000
1787551794402,49950,1578,1500,391,15000
1787551794502,49950,1578,1500,391,15000
1787551794602,49950,1578,1500,391,15000
1787551794702,49950,1578,1500,391,15000
1787551794802,49950,1578,1500,391,15000
1787551794902,49950,1578,1500,391,15000
1787551795002,49950,1578,1500,391,15000
1787551795102,49950,1578,1500,391,15000
1787551795202,49950,1578,1500,391,15000
1787551795302,49950,1578,1500,391,15000
1787551795402,49950,1578,1500,391,15000
1787551795502,49950,1578,1500,391,15000
1787551795602,49950,1578,1500,391,15000
1787551795702,49950,1578,1500,391,15000
1787551795802,49950,1578,1500,391,15000
1787551795902,49950,1578,1500,391,15000
1787551796002,49950,1578,1500,391,15000
1787551796102,49950,1578,1500,391,15000
1787551796202,49950,1578,1500,391,15000
1787551796302,49950,1578,1500,391,15000
1787551796402,49950,1578,1500,391,15000
1787551796502,49950,1578,1500,391,15000
1787551796602,49950,1578,1500,391,15000
1787551796702,49950,1578,1500,391,15000
1787551796802,49950,1578,1500,391,15000
1787551796902,49950,1578,1500,391,15000
1787551797002,49950,1578,1500,391,15000
1787551797102,49950,1578,1500,391,15000
1787551797202,49950,1578,1500,391,15000
1787551797302,49950,1578,1500,391,15000
1787551797402,49950,1578,1500,391,15000
1787551797502,49950,1578,1500,391,15000
1787551797602,49950,1578,1500,391,15000
1787551797702,49950,1578,1500,391,15000
1787551797802,49950,1578,1500,391,15000
1787551797902,49950,1578,1500,391,15000
1787551798002,49950,1578,1500,391,15000
1787551798102,49950,1578,1500,391,15000
1787551798202,49950,1578,1600,391,15000
1787551798302,49950,1578,1600,391,15000
1787551798402,49950,1578,1600,391,15000
1787551798502,49950,1578,1600,391,15000
1787551798602,49950,1578,1500,391,15000
1787551798702,49950,1578,1500,391,15000
1787551798802,49950,1578,1500,391,15000
1787551798902,49950,1578,1500,391,15000
1787551799002,49950,1578,1500,391,15000
1787551799102,49950,1578,1500,391,15000
1787551799202,49950,1578,1500,391,15000
1787551799302,49950,1578,1500,391,15000
1787551799402,49950,1578,1500,391,15000
1787551799502,49950,1578,1500,391,15000
1787551799602,49950,1578,1500,391,15000
1787551799702,49950,1578,1500,391,15000
1787551799802,49950,1578,1500,391,15000
1787551799902,49950,1578,1500,391,15000
1787551800003,49950,1578,1500,391,15000
1787551800102,49950,1578,1500,391,15000
1787551800201,49950,1578,1500,391,15000
1787551800302,49950,1578,1500,391,15000
1787551800402,49950,1578,1500,391,15000
1787551800502,49950,1578,1500,391,15000
1787551800602,49950,1578,1500,391,15000
1787551800702,49950,1578,1500,391,15000
1787551800802,49950,1578,1500,391,15000
1787551800902,49950,1578,1500,391,15000
1787551801002,49950,1578,1500,391,15000
1787551801102,49950,1578,1500,391,15000
1787551801202,49950,1578,1500,391,15000
1787551801302,49950,1578,1500,391,15000
1787551801402,49950,1578,1500,391,15000
1787551801502,49950,1578,1500,391,15000
1787551801602,49950,1578,1500,391,15000
1787551801702,49950,1578,1500,391,15000
1787551801802,49950,1578,1500,391,15000
1787551801902,49950,1578,1500,391,15000
1787551802002,49950,1578,1500,391,15000
1787551802103,49950,1578,1500,391,15000
1787551802202,49950,1578,1500,391,15000
1787551802302,49950,1578,1500,391,15000
1787551802402,49950,1578,1500,391,15000
1787551802502,49950,1578,1500,391,15000
1787551802602,49950,1578,1500,391,15000
1787551802702,49950,1578,1500,391,15000
1787551802802,49950,1578,1500,391,15000
1787551802902,49950,1578,1500,391,15000
1787551803002,49950,1578,1500,391,15000
1787551803102,49950,1578,1500,391,15000
1787551803202,49950,1578,1500,391,15000
1787551803302,49950,1578,1500,391,15000
1787551803402,49950,1578,1500,391,15000
1787551803502,49950,1578,1500,391,15000
1787551803602,49950,1578,1500,391,15000
1787551803702,49950,1578,1500,391,15000
1787551803802,49950,1578,1500,391,15000
1787551803902,49950,1578,1500,391,15000
1787551804002,49950,1578,1500,391,15000
1787551804102,49950,1578,1500,391,15000
1787551804202,49950,1578,1500,391,15000
1787551804302,49950,1578,1500,391,15000
1787551804402,49950,1578,1500,391,15000
1787551804502,49950,1578,1500,391,15000
1787551804602,49950,1578,1500,391,15000
1787551804702,49950,1578,1500,391,15000
1787551804802,49950,1578,1500,391,15000
1787551804902,49950,1578,1500,391,15000
1787551805002,49950,1578,1500,391,15000
1787551805102,49950,1578,1500,391,15000
1787551805202,49950,1578,1500,391,15000
1787551805302,49950,1578,1500,391,15000
1787551805402,49950,1578,1500,391,15000
1787551805502,49950,1578,1500,391,15000
1787551805602,49950,1578,1500,391,15000
1787551805702,49950,1578,1500,391,15000
1787551805802,49950,1578,1500,391,15000
1787551805902,49950,1578,1500,391,15000
1787551806002,49950,1578,1500,391,15000
1787551806102,49950,1578,1500,391,15000
1787551806202,49950,1578,1500,391,15000
1787551806302,49950,1578,1500,391,15000
1787551806402,49950,1578,1500,391,15000
1787551806502,49950,1578,1600,391,15000
1787551806602,49950,1578,1600,391,15000
1787551806702,49950,1578,1600,391,15000
1787551806802,49950,1578,1600,391,15000
1787551806902,49950,1578,1600,391,15000
1787551807002,49950,1578,1600,391,15000
1787551807102,49950,1578,1500,391,15000
1787551807202,49950,1578,1500,391,15000
1787551807302,49950,1578,1500,391,15000
1787551807402,49950,1578,1500,391,15000
1787551807502,49950,1578,1500,391,15000
1787551807602,49950,1578,1500,391,15000
1787551807702,49950,1578,1500,391,15000
1787551807802,49950,1578,1500,391,15000
1787551807902,49950,1578,1500,391,15000
1787551808002,49950,1578,1500,391,15000
1787551808102,49950,1578,1500,391,15000
1787551808202,49950,1578,1500,391,15000
1787551808302,49950,1578,1500,391,15000
1787551808402,49950,1578,1500,391,15000
1787551808502,49950,1578,1500,391,15000
1787551808602,49950,1578,1500,391,15000
1787551808702,49950,1578,1500,391,15000
1787551808802,49950,1578,1500,391,15000
1787551808902,49950,1578,1500,391,15000
1787551809002,49950,1578,1500,391,15000
1787551809102,49950,1578,1500,391,15000
1787551809202,49950,1578,1500,391,15000
1787551809302,49950,1578,1500,391,15000
1787551809402,49950,1578,1500,391,15000
1787551809502,49950,1578,1500,391,15000
1787551809602,49950,1578,1500,391,15000
1787551809702,49950,1578,1500,391,15000
1787551809802,49950,1578,1500,391,15000
1787551809902,49950,1578,1500,391,15000
1787551810002,49950,1578,1500,391,15000
1787551810102,49950,1578,1500,391,15000
1787551810202,49950,1578,1500,391,15000
1787551810302,49950,1578,1500,391,15000
1787551810402,49950,1578,1500,391,15000
1787551810502,49950,1578,1500,391,15000
1787551810602,49950,1578,1500,391,15000
1787551810702,49950,1578,1600,391,15000
1787551810802,49950,1578,1600,391,15000
1787551810902,49950,1578,1600,391,15000
1787551811002,49950,1578,1600,391,15000
1787551811102,49950,1578,1600,391,15000
1787551811202,49950,1578,1600,391,15000
1787551811302,49950,1578,1500,391,15000
1787551811402,49950,1578,1500,391,15000
1787551811502,49950,1578,1500,391,15000
1787551811602,49950,1578,1500,391,15000
1787551811702,49950,1578,1500,391,15000
1787551811802,49950,1578,1500,391,15000
1787551811902,49950,1578,1500,391,15000
1787551812002,49950,1578,1500,391,15000
1787551812102,49950,1578,1500,391,15000
1787551812202,49950,1578,1500,391,15000
1787551812302,49950,1578,1500,391,15000
1787551812402,49950,1578,1500,391,15000
1787551812502,49950,1578,1500,391,15000
1787551812602,49950,1578,1500,391,15000
1787551812702,49950,1578,1500,391,15000
1787551812802,49950,1578,1500,391,15000
1787551812902,49950,1578,1500,391,15000
1787551813002,49950,1578,1500,391,15000
1787551813102,49950,1578,1500,391,15000
1787551813202,49950,1578,1500,391,15000
1787551813302,49950,1578,1500,391,15000
1787551813402,49950,1578,1500,391,15000
1787551813502,49950,1578,1500,391,15000
1787551813602,49950,1578,1500,391,15000
1787551813702,49950,1578,1500,391,15000
1787551813802,49950,1578,1500,391,15000
1787551813902,49950,1578,1500,391,15000
1787551814002,49950,1578,1500,391,15000
1787551814102,49950,1578,1500,391,15000
1787551814202,49950,1578,1500,391,15000
1787551814302,49950,1578,1500,391,15000
1787551814402,49950,1578,1500,391,15000
1787551814502,49950,1578,1500,391,15000
1787551814602,49950,1578,1500,391,15000
1787551814702,49950,1578,1500,391,15000
1787551814802,49950,1578,1500,391,15000
1787551814902,49950,1578,1500,391,15000
1787551815002,49950,1578,1500,391,15000
1787551815102,49950,1578,1500,391,15000
1787551815202,49950,1578,1500,391,15000
1787551815302,49950,1578,1500,391,15000
1787551815402,49950,1578,1500,391,15000
1787551815502,49950,1578,1500,391,15000
1787551815602,49950,1578,1500,391,15000
1787551815702,49950,1578,1500,391,15000
1787551815802,49950,1578,1500,391,15000
1787551815902,49950,1578,1500,391,15000
1787551816002,49950,1578,1500,391,15000
1787551816102,49950,1578,1500,391,15000
1787551816202,49950,1578,1500,391,15000
1787551816302,49950,1578,1500,391,15000
1787551816402,49950,1578,1500,391,15000
1787551816502,49950,1578,1500,391,15000
1787551816602,49950,1578,1500,391,15000
1787551816702,49950,1578,1500,391,15000
1787551816802,49950,1578,1500,391,15000
1787551816902,49950,1578,1500,391,15000
1787551817002,49950,1578,1500,391,15000
1787551817102,49950,1578,1500,391,15000
1787551817202,49950,1578,1500,391,15000
1787551817302,49950,1578,1500,391,15000
1787551817402,49950,1578,1500,391,15000
1787551817502,49950,1578,1500,391,15000
1787551817602,49950,1578,1500,391,15000
1787551817702,49950,1578,1500,391,15000
1787551817802,49950,1578,1500,391,15000
1787551817902,49950,1578,1500,391,15000
1787551818002,49950,1578,1500,391,15000
1787551818102,49950,1578,1500,391,15000
1787551818202,49950,1578,1500,391,15000
1787551818302,49950,1578,1500,391,15000
1787551818402,49950,1578,1500,391,15000
1787551818502,49950,1578,1500,391,15000
1787551818602,49950,1578,1500,391,15000
1787551818702,49950,1578,1500,391,15000
1787551818802,49950,1578,1500,391,15000
1787551818902,49950,1578,1500,391,15000
1787551819002,49950,1578,1500,391,15000
1787551819102,49950,1578,1500,391,15000
1787551819202,49950,1578,1500,391,15000
1787551819302,49950,1578,1500,391,15000
1787551819402,49950,1578,1500,391,15000
1787551819502,49950,1578,1500,391,15000
1787551819602,49950,1578,1500,391,15000
1787551819702,49950,1578,1500,391,15000
1787551819802,49950,1578,1500,391,15000
1787551819902,49950,1578,1500,391,15000
1787551820002,49950,1578,1500,391,15000
1787551820102,49950,1578,1500,391,15000
1787551820202,49950,1578,1500,391,15000
1787551820302,49950,1578,1500,391,15000
1787551820402,49950,1578,1500,391,15000
1787551820502,49950,1578,1500,391,15000
1787551820602,49950,1578,1500,391,15000
1787551820702,49950,1578,1500,391,15000
1787551820802,49950,1578,1500,391,15000
1787551820902,49950,1578,1500,391,15000
1787551821002,49950,1578,1500,391,15000
1787551821102,49950,1578,1500,391,15000
1787551821202,49950,1578,1500,391,15000
1787551821302,49950,1578,1500,391,15000
1787551821402,49950,1578,1500,391,15000
1787551821502,49950,1578,1500,391,15000
1787551821602,49950,1578,1500,391,15000
1787551821702,49950,1578,1500,391,15000
1787551821802,49950,1578,1500,391,15000
1787551821902,49950,1578,1500,391,15000
1787551822002,49950,1578,1500,391,15000
1787551822102,49950,1578,1500,391,15000
1787551822202,49950,1578,1500,391,15000
1787551822302,49950,1578,1500,391,15000
1787551822402,49950,1578,1500,391,15000
1787551822502,49950,1578,1500,391,15000
1787551822602,49950,1578,1500,391,15000
1787551822702,49950,1578,1500,391,15000
1787551822802,49950,1578,1500,391,15000
1787551822902,49950,1578,1500,391,15000
1787551823002,49950,1578,1500,391,15000
1787551823102,49950,1578,1500,391,15000
1787551823202,49950,1578,1500,391,15000
1787551823302,49950,1578,1500,391,15000
1787551823402,49950,1578,1500,391,15000
1787551823502,49950,1578,1500,391,15000
1787551823602,49950,1578,1500,391,15000
1787551823702,49950,1578,1500,391,15000
1787551823802,49950,1578,1500,391,15000
1787551823902,49950,1578,1500,391,15000
1787551824002,49950,1578,1500,391,15000
1787551824102,49950,1578,1500,391,15000
1787551824202,49950,1578,1500,391,15000
1787551824302,49950,1578,1500,391,15000
1787551824402,49950,1578,1500,391,15000
1787551824502,49950,1578,1500,391,15000
1787551824602,49950,1578,1500,391,15000
1787551824702,49950,1578,1500,391,15000
1787551824802,49950,1578,1500,391,15000
1787551824902,49950,1578,1500,391,15000
1787551825002,49950,1578,1500,391,15000
1787551825102,49950,1578,1500,391,15000
1787551825202,49950,1578,1500,391,15000
1787551825302,49950,1578,1500,391,15000
1787551825402,49950,1578,1500,391,15000
1787551825502,49950,1578,1500,391,15000
1787551825602,49950,1578,1500,391,15000
1787551825702,49950,1578,1500,391,15000
1787551825802,49950,1578,1500,391,15000
1787551825902,49950,1578,1500,391,15000
1787551826002,49950,1578,1500,391,15000
1787551826102,49950,1578,1500,391,15000
1787551826202,49950,1578,1500,391,15000
1787551826302,49950,1578,1500,391,15000
1787551826402,49950,1578,1600,391,15000
1787551826502,49950,1578,1600,391,15000
1787551826602,49950,1578,1600,391,15000
1787551826702,49950,1578,1600,391,15000
1787551826802,49950,1578,1600,391,15000
1787551826902,49950,1578,1600,391,15000
1787551827002,49950,1578,1500,391,15000
1787551827102,49950,1578,1500,391,15000
1787551827202,49950,1578,1500,391,15000
1787551827302,49950,1578,1500,391,15000
1787551827402,49950,1578,1500,391,15000
1787551827502,49950,1578,1500,391,15000
1787551827602,49950,1578,1500,391,15000
1787551827702,49950,1578,1500,391,15000
1787551827802,49950,1578,1500,391,15000
1787551827902,49950,1578,1500,391,15000
1787551828002,49950,1578,1500,391,15000
1787551828102,49950,1578,1500,391,15000
1787551828202,49950,1578,1500,391,15000
1787551828302,49950,1578,1500,391,15000
1787551828402,49950,1578,1500,391,15000
1787551828502,49950,1578,1500,391,15000
1787551828602,49950,1578,1500,391,15000
1787551828702,49950,1578,1500,391,15000
1787551828802,49950,1578,1500,391,15000
1787551828902,49950,1578,1500,391,15000
1787551829002,49950,1578,1500,391,15000
1787551829102,49950,1578,1500,391,15000
1787551829202,49950,1578,1500,391,15000
1787551829302,49950,1578,1500,391,15000
1787551829402,49950,1578,1500,391,15000
1787551829502,49950,1578,1600,391,15000
1787551829602,49950,1578,1600,391,15000
1787551829702,49950,1578,1600,391,15000
1787551829802,49950,1578,1600,391,15000
1787551829902,49950,1578,1600,391,15000
1787551830002,49950,1578,1600,391,15000
1787551830102,49950,1578,1600,391,15000
1787551830202,49950,1578,1500,391,15000
1787551830302,49950,1578,1500,391,15000
1787551830402,49950,1578,1500,391,15000
1787551830502,49950,1578,1500,391,15000
1787551830602,49950,1578,1500,391,15000
1787551830702,49950,1578,1500,391,15000
1787551830802,49950,1578,1500,391,15000
1787551830902,49950,1578,1500,391,15000
1787551831002,49950,1578,1500,391,15000
1787551831102,49950,1578,1500,391,15000
1787551831202,49950,1578,1500,391,15000
1787551831302,49950,1578,1500,391,15000
1787551831402,49950,1578,1500,391,15000
1787551831502,49950,1578,1500,391,15000
1787551831602,49950,1578,1500,391,15000
1787551831702,49950,1578,1500,391,15000
1787551831802,49950,1578,1500,391,15000
1787551831902,49950,1578,1500,391,15000
1787551832002,49950,1578,1500,391,15000
1787551832102,49950,1578,1500,391,15000
1787551832202,49950,1578,1500,391,15000
1787551832302,49950,1578,1500,391,15000
1787551832402,49950,1578,1500,391,15000
1787551832502,49950,1578,1500,391,15000
1787551832602,49950,1578,1500,391,15000
1787551832702,49950,1578,1500,391,15000
1787551832802,49950,1578,1500,391,15000
1787551832902,49950,1578,1500,391,15000
1787551833002,49950,1578,1500,391,15000
1787551833102,49950,1578,1500,391,15000
1787551833203,49950,1578,1500,391,15000
1787551833302,49950,1578,1500,391,15000
1787551833402,49950,1578,1500,391,15000
1787551833502,49950,1578,1500,391,15000
1787551833602,49950,1578,1500,391,15000
1787551833702,49950,1578,1500,391,15000
1787551833802,49950,1578,1500,391,15000
1787551833902,49950,1578,1500,391,15000
1787551834002,49950,1578,1500,391,15000
1787551834102,49950,1578,1500,391,15000
1787551834202,49950,1578,1500,391,15000
1787551834302,49950,1578,1500,391,15000
1787551834402,49950,1578,1500,391,15000
1787551834502,49950,1578,1500,391,15000
1787551834602,49950,1578,1500,391,15000
1787551834702,49950,1578,1500,391,15000
1787551834802,49950,1578,1500,391,15000
1787551834902,49950,1578,1500,391,15000
1787551835002,49950,1578,1500,391,15000
1787551835102,49950,1578,1500,391,15000
1787551835202,49950,1578,1500,391,15000
1787551835302,49950,1578,1500,391,15000
1787551835402,49950,1578,1500,391,15000
1787551835502,49950,1578,1500,391,15000
1787551835602,49950,1578,1500,391,15000
1787551835702,49950,1578,1500,391,15000
1787551835802,49950,1578,1500,391,15000
1787551835902,49950,1578,1500,391,15000
1787551836002,49950,1578,1500,391,15000
1787551836102,49950,1578,1500,391,15000
1787551836202,49950,1578,1500,391,15000
1787551836302,49950,1578,1500,391,15000
1787551836402,49950,1578,1500,391,15000
1787551836502,49950,1578,1500,391,15000
1787551836602,49950,1578,1500,391,15000
1787551836702,49950,1578,1500,391,15000
1787551836802,49950,1578,1500,391,15000
1787551836902,49950,1578,1500,391,15000
1787551837002,49950,1578,1500,391,15000
1787551837102,49950,1578,1500,391,15000
1787551837202,49950,1578,1500,391,15000
1787551837302,49950,1578,1500,391,15000
1787551837402,49950,1578,1500,391,15000
1787551837502,49950,1578,1500,391,15000
1787551837602,49950,1578,1500,391,15000
1787551837702,49950,1578,1500,391,15000
1787551837802,49950,1578,1500,391,15000
1787551837902,49950,1578,1500,391,15000
1787551838002,49950,1578,1500,391,15000
1787551838102,49950,1578,1500,391,15000
1787551838202,49950,1578,1500,391,15000
1787551838302,49950,1578,1500,391,15000
1787551838402,49950,1578,1500,391,15000
1787551838502,49950,1578,1500,391,15000
1787551838602,49950,1578,1500,391,15000
1787551838702,49950,1578,1500,391,15000
1787551838802,49950,1578,1500,391,15000
1787551838902,49950,1578,1500,391,15000
1787551839002,49950,1578,1500,391,15000
1787551839102,49950,1578,1500,391,15000
1787551839202,49950,1578,1500,391,15000
1787551839302,49950,1578,1500,391,15000
1787551839402,49950,1578,1500,391,15000
1787551839502,49950,1578,1500,391,15000
1787551839602,49950,1578,1500,391,15000
1787551839702,49950,1578,1500,391,15000
1787551839802,49950,1578,1500,391,15000
1787551839902,49950,1578,1500,391,15000
1787551840002,49950,1578,1500,391,15000
1787551840102,49950,1578,1500,391,15000
1787551840202,49950,1578,1500,391,15000
1787551840303,49950,1578,1500,391,15000
1787551840402,49950,1578,1500,391,15000
1787551840502,49950,1578,1500,391,15000
1787551840602,49950,1578,1500,391,15000
1787551840702,49950,1578,1500,391,15000
1787551840802,49950,1578,1500,391,15000
1787551840902,49950,1578,1500,391,15000
1787551841002,49950,1578,1500,391,15000
1787551841102,49950,1578,1500,391,15000
1787551841202,49950,1578,1500,391,15000
1787551841302,49950,1578,1500,391,15000
1787551841402,49950,1578,1500,391,15000
1787551841502,49950,1578,1500,391,15000
1787551841602,49950,1578,1500,391,15000
1787551841702,49950,1578,1500,391,15000
1787551841801,49950,1578,1500,391,15000
1787551841902,49950,1578,1500,391,15000
1787551842002,49950,1578,1500,391,15000
1787551842102,49950,1578,1500,391,15000
1787551842202,49950,1578,1500,391,15000
1787551842302,49950,1578,1500,391,15000
1787551842402,49950,1578,1500,391,15000
1787551842502,49950,1578,1500,391,15000
1787551842602,49950,1578,1500,391,15000
1787551842702,49950,1578,1500,391,15000
1787551842802,49950,1578,1500,391,15000
1787551842902,49950,1578,1500,391,15000
1787551843002,49950,1578,1500,391,15000
1787551843102,49950,1578,1500,391,15000
1787551843202,49950,1578,1500,391,15000
1787551843302,49950,1578,1500,391,15000
1787551843402,49950,1578,1500,391,15000
1787551843502,49950,1578,1500,391,15000
1787551843602,49950,1578,1500,391,15000
1787551843702,49950,1578,1500,391,15000
1787551843802,49950,1578,1500,391,15000
1787551843902,49950,1578,1500,391,15000
1787551844002,49950,1578,1500,391,15000
1787551844102,49950,1578,1500,391,15000
1787551844202,49950,1578,1500,391,15000
1787551844302,49950,1578,1500,391,15000
1787551844402,49950,1578,1500,391,15000
1787551844502,49950,1578,1500,391,15000
1787551844602,49950,1578,1500,391,15000
1787551844702,49950,1578,1500,391,15000
1787551844802,49950,1578,1500,391,15000
1787551844902,49950,1578,1500,391,15000
1787551845002,49950,1578,1500,391,15000
1787551845102,49950,1578,1500,391,15000
1787551845202,49950,1578,1500,391,15000
1787551845302,49950,1578,1500,391,15000
1787551845402,49950,1578,1500,391,15000
1787551845502,49950,1578,1500,391,15000
1787551845602,49950,1578,1500,391,15000
1787551845702,49950,1578,1500,391,15000
1787551845802,49950,1578,1500,391,15000
1787551845902,49950,1578,1500,391,15000
1787551846002,49950,1578,1500,391,15000
1787551846102,49950,1578,1500,391,15000
1787551846202,49950,1578,1500,391,15000
1787551846302,49950,1578,1500,391,15000
1787551846402,49950,1578,1500,391,15000
1787551846502,49950,1578,1500,391,15000
1787551846602,49950,1578,1500,391,15000
1787551846702,49950,1578,1500,391,15000
1787551846802,49950,1578,1500,391,15000
1787551846902,49950,1578,1500,391,15000
1787551847002,49950,1578,1500,391,15000
1787551847102,49950,1578,1500,391,15000
1787551847202,49950,1578,1500,391,15000
1787551847302,49950,1578,1500,391,15000
1787551847402,49950,1578,1500,391,15000
1787551847502,49950,1578,1500,391,15000
1787551847602,49950,1578,1500,391,15000
1787551847702,49950,1578,1500,391,15000
1787551847802,49950,1578,1500,391,15000
1787551847902,49950,1578,1500,391,15000
1787551848002,49950,1578,1500,391,15000
1787551848102,49950,1578,1500,391,15000
1787551848202,49950,1578,1500,391,15000
1787551848302,49950,1578,1500,391,15000
1787551848402,49950,1578,1500,391,15000
1787551848502,49950,1578,1500,391,15000
1787551848602,49950,1578,1500,391,15000
1787551848702,49950,1578,1500,391,15000
1787551848802,49950,1578,1500,391,15000
1787551848902,49950,1578,1500,391,15000
1787551849002,49950,1578,1500,391,15000
1787551849102,49950,1578,1500,391,15000
1787551849202,49950,1578,1500,391,15000
1787551849302,49950,1578,1500,391,15000
1787551849402,49950,1578,1500,391,15000
1787551849502,49950,1578,1500,391,15000
1787551849602,49950,1578,1500,391,15000
1787551849702,49950,1578,1500,391,15000
1787551849802,49950,1578,1500,391,15000
1787551849902,49950,1578,1500,391,15000
1787551850002,49950,1578,1500,391,15000
1787551850102,49950,1578,1500,391,15000
1787551850202,49950,1578,1500,391,15000
1787551850302,49950,1578,1500,391,15000
1787551850402,49950,1578,1500,391,15000
1787551850502,49950,1578,1500,391,15000
1787551850602,49950,1578,1500,391,15000
1787551850702,49950,1578,1500,391,15000
1787551850802,49950,1578,1500,391,15000
1787551850902,49950,1578,1500,391,15000
1787551851002,49950,1578,1500,391,15000
1787551851102,49950,1578,1500,391,15000
1787551851202,49950,1578,1500,391,15000
1787551851302,49950,1578,1500,391,15000
1787551851402,49950,1578,1500,391,15000
1787551851502,49950,1578,1500,391,15000
1787551851602,49950,1578,1500,391,15000
1787551851702,49950,1578,1500,391,15000
1787551851802,49950,1578,1500,391,15000
1787551851902,49950,1578,1500,391,15000
1787551852002,49950,1578,1500,391,15000
1787551852102,49950,1578,1500,391,15000
1787551852202,49950,1578,1500,391,15000
1787551852302,49950,1578,1500,391,15000
1787551852402,49950,1578,1500,391,15000
1787551852502,49950,1578,1500,391,15000
1787551852602,49950,1578,1500,391,15000
1787551852702,49950,1578,1500,391,15000
1787551852802,49950,1578,1500,391,15000
1787551852902,49950,1578,1500,391,15000
1787551853002,49950,1578,1500,391,15000
1787551853102,49950,1578,1500,391,15000
1787551853202,49950,1578,1500,391,15000
1787551853302,49950,1578,1500,391,15000
1787551853402,49950,1578,1500,391,15000
1787551853502,49950,1578,1500,391,15000
1787551853602,49950,1578,1500,391,15000
1787551853702,49950,1578,1500,391,15000
1787551853802,49950,1578,1500,391,15000
1787551853902,49950,1578,1500,391,15000
1787551854002,49950,1578,1500,391,15000
1787551854102,49950,1578,1500,391,15000
1787551854202,49950,1578,1500,391,15000
1787551854302,49950,1578,1500,391,15000
1787551854403,49950,1578,1500,391,15000
1787551854502,49950,1578,1500,391,15000
1787551854602,49950,1578,1500,391,15000
1787551854702,49950,1578,1500,391,15000
1787551854802,49950,1578,1500,391,15000
1787551854902,49950,1578,1500,391,15000
1787551855002,49950,1578,1500,391,15000
1787551855102,49950,1578,1500,391,15000
1787551855202,49950,1578,1500,391,15000
1787551855302,49950,1578,1500,391,15000
1787551855402,49950,1578,1500,391,15000
1787551855502,49950,1578,1500,391,15000
1787551855602,49950,1578,1500,391,15000
1787551855702,49950,1578,1500,391,15000
1787551855802,49950,1578,1500,391,15000
1787551855903,49950,1578,1500,391,15000
1787551856002,49950,1578,1500,391,15000
1787551856102,49950,1578,1500,391,15000
1787551856202,49950,1578,1500,391,15000
1787551856302,49950,1578,1500,391,15000
1787551856402,49950,1578,1500,391,15000
1787551856502,49950,1578,1500,391,15000
1787551856602,49950,1578,1500,391,15000
1787551856702,49950,1578,1500,391,15000
1787551856802,49950,1578,1500,391,15000
1787551856902,49950,1578,1500,391,15000
1787551857002,49950,1578,1500,391,15000
1787551857102,49950,1578,1500,391,15000
1787551857202,49950,1578,1500,391,15000
1787551857302,49950,1578,1500,391,15000
1787551857402,49950,1578,1500,391,15000
1787551857502,49950,1578,1500,391,15000
1787551857602,49950,1578,1500,391,15000
1787551857702,49950,1578,1500,391,15000
1787551857802,49950,1578,1500,391,15000
1787551857902,49950,1578,1500,391,15000
1787551858002,49950,1578,1500,391,15000
1787551858102,49950,1578,1500,391,15000
1787551858202,49950,1578,1500,391,15000
1787551858302,49950,1578,1500,391,15000
1787551858402,49950,1578,1500,391,15000
1787551858502,49950,1578,1500,391,15000
1787551858602,49950,1578,1500,391,15000
1787551858702,49950,1578,1500,391,15000
1787551858802,49950,1578,1500,391,15000
1787551858902,49950,1578,1500,391,15000
1787551859002,49950,1578,1500,391,15000
1787551859102,49950,1578,1500,391,15000
1787551859202,49950,1578,1500,391,15000
1787551859302,49950,1578,1500,391,15000
1787551859402,49950,1578,1500,391,15000
1787551859502,49950,1578,1500,391,15000
1787551859602,49950,1578,1500,391,15000
1787551859702,49950,1578,1500,391,15000
1787551859802,49950,1578,1500,391,15000
1787551859902,49950,1578,1500,391,15000
1787551860002,49950,1578,1500,391,15000
1787551860102,49950,1578,1500,391,15000
1787551860202,49950,1578,1500,391,15000
1787551860302,49950,1578,1500,391,15000
1787551860402,49950,1578,1500,391,15000
1787551860502,49950,1578,1500,391,15000
1787551860602,49950,1578,1500,391,15000
1787551860702,49950,1578,1500,391,15000
1787551860803,49950,1578,1500,391,15000
1787551860902,49950,1578,1500,391,15000
1787551861002,49950,1578,1500,391,15000
1787551861102,49950,1578,1500,391,15000
1787551861202,49950,1578,1500,391,15000
1787551861302,49950,1578,1500,391,15000
1787551861402,49950,1578,1500,391,15000
1787551861502,49950,1578,1500,391,15000
1787551861602,49950,1578,1500,391,15000
1787551861702,49950,1578,1500,391,15000
1787551861802,49950,1578,1500,391,15000
1787551861902,49950,1578,1500,391,15000
1787551862002,49950,1578,1500,391,15000
1787551862102,49950,1578,1500,391,15000
1787551862202,49950,1578,1500,391,15000
1787551862302,49950,1578,1500,391,15000
1787551862402,49950,1578,1500,391,15000
1787551862502,49950,1578,1500,391,15000
1787551862602,49950,1578,1500,391,15000
1787551862702,49950,1578,1500,391,15000
1787551862802,49950,1578,1500,391,15000
1787551862902,49950,1578,1500,391,15000
1787551863002,49950,1578,1500,391,15000
1787551863102,49950,1578,1500,391,15000
1787551863202,49950,1578,1500,391,15000
1787551863302,49950,1578,1500,391,15000
1787551863402,49950,1578,1500,391,15000
1787551863502,49950,1578,1500,391,15000
1787551863602,49950,1578,1500,391,15000
1787551863702,49950,1578,1500,391,15000
1787551863802,49950,1578,1500,391,15000
1787551863902,49950,1578,1500,391,15000
1787551864002,49950,1578,1500,391,15000
1787551864102,49950,1578,1500,391,15000
1787551864202,49950,1578,1500,391,15000
1787551864302,49950,1578,1500,391,15000
1787551864402,49950,1578,1500,391,15000
1787551864502,49950,1578,1500,391,15000
1787551864602,49950,1578,1500,391,15000
1787551864702,49950,1578,1500,391,15000
1787551864802,49950,1578,1500,391,15000
1787551864902,49950,1578,1500,391,15000
1787551865002,49950,1578,1500,391,15000
1787551865102,49950,1578,1500,391,15000
1787551865202,49950,1578,1500,391,15000
1787551865302,49950,1578,1500,391,15000
1787551865402,49950,1578,1500,391,15000
1787551865502,49950,1578,1500,391,15000
1787551865602,49950,1578,1500,391,15000
1787551865702,49950,1578,1500,391,15000
1787551865802,49950,1578,1500,391,15000
1787551865902,49950,1578,1500,391,15000
1787551866002,49950,1578,1500,391,15000
1787551866102,49950,1578,1500,391,15000
1787551866202,49950,1578,1500,391,15000
1787551866302,49950,1578,1500,391,15000
1787551866402,49950,1578,1500,391,15000
1787551866502,49950,1578,1500,391,15000
1787551866602,49950,1578,1500,391,15000
1787551866702,49950,1578,1500,391,15000
1787551866802,49950,1578,1500,391,15000
1787551866902,49950,1578,1500,391,15000
1787551867002,49950,1578,1500,391,15000
1787551867102,49950,1578,1500,391,15000
1787551867202,49950,1578,1500,391,15000
1787551867302,49950,1578,1500,391,15000
1787551867402,49950,1578,1500,391,15000
1787551867502,49950,1578,1500,391,15000
1787551867602,49950,1578,1500,391,15000
1787551867702,49950,1578,1500,391,15000
1787551867802,49950,1578,1500,391,15000
1787551867903,49950,1578,1500,391,15000
1787551868002,49950,1578,1500,391,15000
1787551868102,49950,1578,1500,391,15000
1787551868202,49950,1578,1500,391,15000
1787551868302,49950,1578,1500,391,15000
1787551868402,49950,1578,1500,391,15000
1787551868502,49950,1578,1500,391,15000
1787551868602,49950,1578,1500,391,15000
1787551868702,49950,1578,1500,391,15000
1787551868802,49950,1578,1500,391,15000
1787551868902,49950,1578,1500,391,15000
1787551869002,49950,1578,1500,391,15000
1787551869102,49950,1578,1500,391,15000
1787551869202,49950,1578,1500,391,15000
1787551869302,49950,1578,1500,391,15000
1787551869402,49950,1578,1500,391,15000
1787551869502,49950,1578,1500,391,15000
1787551869602,49950,1578,1500,391,15000
1787551869702,49950,1578,1500,391,15000
1787551869802,49950,1578,1500,391,15000
1787551869902,49950,1578,1500,391,15000
1787551870002,49950,1578,1500,391,15000
1787551870102,49950,1578,1500,391,15000
1787551870202,49950,1578,1500,391,15000
1787551870302,49950,1578,1500,391,15000
1787551870402,49950,1578,1500,391,15000
1787551870502,49950,1578,1500,391,15000
1787551870602,49950,1578,1500,391,15000
1787551870702,49950,1578,1500,391,15000
1787551870802,49950,1578,1500,391,15000
1787551870902,49950,1578,1500,391,15000
1787551871003,49950,1578,1500,391,15000
1787551871102,49950,1578,1500,391,15000
1787551871202,49950,1578,1500,391,15000
1787551871302,49950,1578,1500,391,15000
1787551871402,49950,1578,1500,391,15000
1787551871502,49950,1578,1500,391,15000
1787551871602,49950,1578,1500,391,15000
1787551871702,49950,1578,1500,391,15000
1787551871802,49950,1578,1500,391,15000
1787551871902,49950,1578,1500,391,15000
1787551872002,49950,1578,1500,391,15000
1787551872102,49950,1578,1500,391,15000
1787551872202,49950,1578,1500,391,15000
1787551872302,49950,1578,1500,391,15000
1787551872402,49950,1578,1600,391,15000
1787551872502,49950,1578,1600,391,15000
1787551872602,49950,1578,1600,391,15000
1787551872702,49950,1578,1600,391,15000
1787551872802,49950,1578,1600,391,15000
1787551872902,49950,1578,1600,391,15000
1787551873002,49950,1578,1500,391,15000
1787551873102,49950,1578,1500,391,15000
1787551873202,49950,1578,1500,391,15000
1787551873302,49950,1578,1500,391,15000
1787551873402,49950,1578,1500,391,15000
1787551873502,49950,1578,1500,391,15000
1787551873602,49950,1578,1500,391,15000
1787551873702,49950,1578,1500,391,15000
1787551873802,49950,1578,1500,391,15000
1787551873903,49950,1578,1500,391,15000
1787551874002,49950,1578,1500,391,15000
1787551874102,49950,1578,1500,391,15000
1787551874202,49950,1578,1500,391,15000
1787551874302,49950,1578,1500,391,15000
1787551874402,49950,1578,1500,391,15000
1787551874502,49950,1578,1500,391,15000
1787551874602,49950,1578,1500,391,15000
1787551874702,49950,1578,1500,391,15000
1787551874802,49950,1578,1500,391,15000
1787551874902,49950,1578,1500,391,15000
1787551875002,49950,1578,1500,391,15000
1787551875102,49950,1578,1500,391,15000
1787551875202,49950,1578,1500,391,15000
1787551875302,49950,1578,1500,391,15000
1787551875402,49950,1578,1500,391,15000
1787551875502,49950,1578,1500,391,15000
1787551875602,49950,1578,1500,391,15000
1787551875702,49950,1578,1500,391,15000
1787551875802,49950,1578,1500,391,15000
1787551875902,49950,1578,1500,391,15000
1787551876002,49950,1578,1500,391,15000
1787551876102,49950,1578,1500,391,15000
1787551876202,49950,1578,1500,391,15000
1787551876302,49950,1578,1500,391,15000
1787551876402,49950,1578,1500,391,15000
1787551876502,49950,1578,1500,391,15000
1787551876602,49950,1578,1500,391,15000
1787551876702,49950,1578,1500,391,15000
1787551876802,49950,1578,1500,391,15000
1787551876903,49950,1578,1500,391,15000
1787551877002,49950,1578,1500,391,15000
1787551877102,49950,1578,1500,391,15000
1787551877202,49950,1578,1500,391,15000
1787551877302,49950,1578,1500,391,15000
1787551877402,49950,1578,1500,391,15000
1787551877502,49950,1578,1500,391,15000
1787551877602,49950,1578,1500,391,15000
1787551877702,49950,1578,1500,391,15000
1787551877802,49950,1578,1600,391,15000
1787551877902,49950,1578,1600,391,15000
1787551878002,49950,1578,1600,391,15000
1787551878102,49950,1578,1600,391,15000
1787551878202,49950,1578,1600,391,15000
1787551878302,49950,1578,1600,391,15000
1787551878402,49950,1578,1500,391,15000
1787551878502,49950,1578,1500,391,15000
1787551878602,49950,1578,1500,391,15000
1787551878702,49950,1578,1500,391,15000
1787551878802,49950,1578,1500,391,15000
1787551878902,49950,1578,1500,391,15000
1787551879002,49950,1578,1500,391,15000
1787551879102,49950,1578,1500,391,15000
1787551879202,49950,1578,1500,391,15000
1787551879302,49950,1578,1500,391,15000
1787551879402,49950,1578,1500,391,15000
1787551879502,49950,1578,1500,391,15000
1787551879602,49950,1578,1500,391,15000
1787551879702,49950,1578,1500,391,15000
1787551879802,49950,1578,1500,391,15000
1787551879902,49950,1578,1500,391,15000
1787551880002,49950,1578,1500,391,15000
1787551880102,49950,1578,1500,391,15000
1787551880202,49950,1578,1500,391,15000
1787551880302,49950,1578,1500,391,15000
1787551880402,49950,1578,1500,391,15000
1787551880502,49950,1578,1500,391,15000
1787551880602,49950,1578,1500,391,15000
1787551880702,49950,1578,1500,391,15000
1787551880802,49950,1578,1500,391,15000
1787551880902,49950,1578,1500,391,15000
1787551881002,49950,1578,1500,391,15000
1787551881102,49950,1578,1500,391,15000
1787551881202,49950,1578,1500,391,15000
1787551881302,49950,1578,1500,391,15000
1787551881402,49950,1578,1500,391,15000
1787551881502,49950,1578,1500,391,15000
1787551881602,49950,1578,1500,391,15000
1787551881702,49950,1578,1500,391,15000
1787551881802,49950,1578,1500,391,15000
1787551881902,49950,1578,1500,391,15000
1787551882002,49950,1578,1500,391,15000
1787551882102,49950,1578,1500,391,15000
1787551882202,49950,1578,1500,391,15000
1787551882302,49950,1578,1500,391,15000
1787551882402,49950,1578,1500,391,15000
1787551882502,49950,1578,1500,391,15000
1787551882602,49950,1578,1500,391,15000
1787551882702,49950,1578,1500,391,15000
1787551882802,49950,1578,1500,391,15000
1787551882902,49950,1578,1500,391,15000
1787551883002,49950,1578,1500,391,15000
1787551883102,49950,1578,1500,391,15000
1787551883202,49950,1578,1500,391,15000
1787551883302,49950,1578,1500,391,15000
1787551883402,49950,1578,1500,391,15000
1787551883502,49950,1578,1500,391,15000
1787551883602,49950,1578,1500,391,15000
1787551883702,49950,1578,1500,391,15000
1787551883802,49950,1578,1500,391,15000
1787551883902,49950,1578,1500,391,15000
1787551884002,49950,1578,1500,391,15000
1787551884102,49950,1578,1500,391,15000
1787551884202,49950,1578,1500,391,15000
1787551884302,49950,1578,1500,391,15000
1787551884402,49950,1578,1500,391,15000
1787551884502,49950,1578,1500,391,15000
1787551884602,49950,1578,1500,391,15000
1787551884702,49950,1578,1500,391,15000
1787551884802,49950,1578,1500,391,15000
1787551884902,49950,1578,1500,391,15000
1787551885002,49950,1578,1500,391,15000
1787551885102,49950,1578,1500,391,15000
1787551885202,49950,1578,1500,391,15000
1787551885302,49950,1578,1500,391,15000
1787551885402,49950,1578,1500,391,15000
1787551885502,49950,1578,1500,391,15000
1787551885602,49950,1578,1500,391,15000
1787551885702,49950,1578,1500,391,15000
1787551885802,49950,1578,1500,391,15000
1787551885902,49950,1578,1500,391,15000
1787551886002,49950,1578,1500,391,15000
1787551886102,49950,1578,1500,391,15000
1787551886202,49950,1578,1500,391,15000
1787551886302,49950,1578,1500,391,15000
1787551886402,49950,1578,1500,391,15000
1787551886502,49950,1578,1500,391,15000
1787551886602,49950,1578,1500,391,15000
1787551886702,49950,1578,1500,391,15000
1787551886802,49950,1578,1500,391,15000
1787551886902,49950,1578,1500,391,15000
1787551887002,49950,1578,1500,391,15000
1787551887102,49950,1578,1500,391,15000
1787551887202,49950,1578,1500,391,15000
1787551887302,49950,1578,1500,391,15000
1787551887402,49950,1578,1500,391,15000
1787551887502,49950,1578,1500,391,15000
1787551887602,49950,1578,1500,391,15000
1787551887702,49950,1578,1500,391,15000
1787551887802,49950,1578,1500,391,15000
1787551887902,49950,1578,1500,391,15000
1787551888002,49950,1578,1500,391,15000
1787551888102,49950,1578,1500,391,15000
1787551888202,49950,1578,1500,391,15000
1787551888302,49950,1578,1500,391,15000
1787551888402,49950,1578,1500,391,15000
1787551888502,49950,1578,1500,391,15000
1787551888602,49950,1578,1500,391,15000
1787551888702,49950,1578,1500,391,15000
1787551888802,49950,1578,1500,391,15000
1787551888902,49950,1578,1500,391,15000
1787551889002,49950,1578,1500,391,15000
1787551889102,49950,1578,1500,391,15000
1787551889202,49950,1578,1500,391,15000
1787551889302,49950,1578,1500,391,15000
1787551889402,49950,1578,1500,391,15000
1787551889502,49950,1578,1500,391,15000
1787551889602,49950,1578,1500,391,15000
1787551889702,49950,1578,1500,391,15000
1787551889802,49950,1578,1500,391,15000
1787551889902,49950,1578,1500,391,15000
1787551890002,49950,1578,1500,391,15000
1787551890102,49950,1578,1500,391,15000
1787551890202,49950,1578,1500,391,15000
1787551890302,49950,1578,1500,391,15000
1787551890402,49950,1578,1500,391,15000
1787551890502,49950,1578,1500,391,15000
1787551890602,49950,1578,1500,391,15000
1787551890702,49950,1578,1500,391,15000
1787551890802,49950,1578,1500,391,15000
1787551890902,49950,1578,1500,391,15000
1787551891002,49950,1578,1500,391,15000
1787551891102,49950,1578,1500,391,15000
1787551891202,49950,1578,1500,391,15000
1787551891302,49950,1578,1500,391,15000
1787551891402,49950,1578,1500,391,15000
1787551891502,49950,1578,1500,391,15000
1787551891602,49950,1578,1500,391,15000
1787551891702,49950,1578,1500,391,15000
1787551891802,49950,1578,1500,391,15000
1787551891902,49950,1578,1500,391,15000
1787551892002,49950,1578,1500,391,15000
1787551892102,49950,1578,1500,391,15000
1787551892202,49950,1578,1500,391,15000
1787551892302,49950,1578,1500,391,15000
1787551892402,49950,1578,1500,391,15000
1787551892502,49950,1578,1500,391,15000
1787551892602,49950,1578,1500,391,15000
1787551892702,49950,1578,1500,391,15000
1787551892802,49950,1578,1500,391,15000
1787551892902,49950,1578,1500,391,15000
1787551893002,49950,1578,1500,391,15000
1787551893102,49950,1578,1500,391,15000
1787551893202,49950,1578,1500,391,15000
1787551893302,49950,1578,1500,391,15000
1787551893402,49950,1578,1500,391,15000
1787551893502,49950,1578,1500,391,15000
1787551893602,49950,1578,1500,391,15000
1787551893702,49950,1578,1500,391,15000
1787551893802,49950,1578,1500,391,15000
1787551893902,49950,1578,1500,391,15000
1787551894002,49950,1578,1500,391,15000
1787551894102,49950,1578,1500,391,15000
1787551894202,49950,1578,1500,391,15000
1787551894302,49950,1578,1500,391,15000
1787551894402,49950,1578,1500,391,15000
1787551894502,49950,1578,1500,391,15000
1787551894602,49950,1578,1500,391,15000
1787551894702,49950,1578,1500,391,15000
1787551894802,49950,1578,1500,391,15000
1787551894902,49950,1578,1500,391,15000
1787551895002,49950,1578,1500,391,15000
1787551895102,49950,1578,1500,391,15000
1787551895202,49950,1578,1500,391,15000
1787551895302,49950,1578,1500,391,15000
1787551895402,49950,1578,1500,391,15000
1787551895502,49950,1578,1500,391,15000
1787551895602,49950,1578,1500,391,15000
1787551895702,49950,1578,1500,391,15000
1787551895802,49950,1578,1500,391,15000
1787551895902,49950,1578,1500,391,15000
1787551896002,49950,1578,1500,391,15000
1787551896102,49950,1578,1500,391,15000
1787551896202,49950,1578,1500,391,15000
1787551896302,49950,1578,1500,391,15000
1787551896402,49950,1578,1500,391,15000
1787551896502,49950,1578,1500,391,15000
1787551896602,49950,1578,1500,391,15000
1787551896702,49950,1578,1500,391,15000
1787551896802,49950,1578,1500,391,15000
1787551896902,49950,1578,1500,391,15000
1787551897002,49950,1578,1500,391,15000
1787551897102,49950,1578,1500,391,15000
1787551897202,49950,1578,1500,391,15000
1787551897302,49950,1578,1500,391,15000
1787551897402,49950,1578,1500,391,15000
1787551897502,49950,1578,1500,391,15000
1787551897602,49950,1578,1500,391,15000
1787551897702,49950,1578,1500,391,15000
1787551897802,49950,1578,1500,391,15000
1787551897902,49950,1578,1500,391,15000
1787551898002,49950,1578,1500,391,15000
1787551898102,49950,1578,1500,391,15000
1787551898202,49950,1578,1500,391,15000
1787551898302,49950,1578,1500,391,15000
1787551898402,49950,1578,1500,391,15000
1787551898502,49950,1578,1500,391,15000
1787551898602,49950,1578,1500,391,15000
1787551898702,49950,1578,1500,391,15000
1787551898802,49950,1578,1500,391,15000
1787551898902,49950,1578,1500,391,15000
1787551899002,49950,1578,1500,391,15000
1787551899102,49950,1578,1500,391,15000
1787551899202,49950,1578,1500,391,15000
1787551899302,49950,1578,1500,391,15000
1787551899402,49950,1578,1500,391,15000
1787551899502,49950,1578,1500,391,15000
1787551899602,49950,1578,1500,391,15000
1787551899702,49950,1578,1500,391,15000
1787551899802,49950,1578,1500,391,15000
1787551899902,49950,1578,1500,391,15000
1787551900002,49950,1578,1500,391,15000
1787551900102,49950,1578,1500,391,15000
1787551900202,49950,1578,1500,391,15000
1787551900302,49950,1578,1500,391,15000
1787551900402,49950,1578,1500,391,15000
1787551900502,49950,1578,1500,391,15000
1787551900602,49950,1578,1500,391,15000
1787551900702,49950,1578,1500,391,15000
1787551900802,49950,1578,1500,391,15000
1787551900902,49950,1578,1500,391,15000
1787551901002,49950,1578,1500,391,15000
1787551901102,49950,1578,1500,391,15000
1787551901202,49950,1578,1500,391,15000
1787551901302,49950,1578,1500,391,15000
1787551901402,49950,1578,1500,391,15000
1787551901502,49950,1578,1500,391,15000
1787551901602,49950,1578,1500,391,15000
1787551901702,49950,1578,1500,391,15000
1787551901802,49950,1578,1500,391,15000
1787551901902,49950,1578,1500,391,15000
1787551902002,49950,1578,1600,391,15000
1787551902102,49950,1578,1600,391,15000
1787551902202,49950,1578,1600,391,15000
1787551902302,49950,1578,1600,391,15000
1787551902402,49950,1578,1600,391,15000
1787551902502,49950,1578,1600,391,15000
1787551902602,49950,1578,1600,391,15000
1787551902702,49950,1578,1500,391,15000
1787551902802,49950,1578,1500,391,15000
1787551902902,49950,1578,1500,391,15000
1787551903002,49950,1578,1500,391,15000
1787551903102,49950,1578,1500,391,15000
1787551903202,49950,1578,1500,391,15000
1787551903302,49950,1578,1600,391,15000
1787551903402,49950,1578,1600,391,15000
1787551903502,49950,1578,1600,391,15000
1787551903602,49950,1578,1600,391,15000
1787551903702,49950,1578,1600,391,15000
1787551903802,49950,1578,1600,391,15000
1787551903902,49950,1578,1500,391,15000
1787551904002,49950,1578,1500,391,15000
1787551904102,49950,1578,1500,391,15000
1787551904202,49950,1578,1500,391,15000
1787551904302,49950,1578,1500,391,15000
1787551904402,49950,1578,1500,391,15000
1787551904502,49950,1578,1500,391,15000
1787551904602,49950,1578,1500,391,15000
1787551904702,49950,1578,1500,391,15000
1787551904802,49950,1578,1500,391,15000
1787551904902,49950,1578,1500,391,15000
1787551905002,49950,1578,1500,391,15000
1787551905102,49950,1578,1500,391,15000
1787551905202,49950,1578,1500,391,15000
1787551905303,49950,1578,1500,391,15000
1787551905402,49950,1578,1500,391,15000
1787551905502,49950,1578,1500,391,15000
1787551905602,49950,1578,1600,391,15000
1787551905702,49950,1578,1600,391,15000
1787551905802,49950,1578,1600,391,15000
1787551905902,49950,1578,1600,391,15000
1787551906002,49950,1578,1600,391,15000
1787551906102,49950,1578,1600,391,15000
1787551906202,49950,1578,1500,391,15000
1787551906302,49950,1578,1500,391,15000
1787551906402,49950,1578,1500,391,15000
1787551906503,49950,1578,1500,391,15000
1787551906602,49950,1578,1500,391,15000
1787551906702,49950,1578,1500,391,15000
1787551906802,49950,1578,1500,391,15000
1787551906902,49950,1578,1500,391,15000
1787551907002,49950,1578,1500,391,15000
1787551907102,49950,1578,1500,391,15000
1787551907202,49950,1578,1500,391,15000
1787551907302,49950,1578,1500,391,15000
1787551907402,49950,1578,1500,391,15000
1787551907502,49950,1578,1500,391,15000
1787551907602,49950,1578,1500,391,15000
1787551907702,49950,1578,1500,391,15000
1787551907802,49950,1578,1500,391,15000
1787551907902,49950,1578,1500,391,15000
1787551908002,49950,1578,1500,391,15000
1787551908102,49950,1578,1500,391,15000
1787551908202,49950,1578,1500,391,15000
1787551908302,49950,1578,1500,391,15000
1787551908402,49950,1578,1500,391,15000
1787551908502,49950,1578,1500,391,15000
1787551908602,49950,1578,1500,391,15000
1787551908702,49950,1578,1500,391,15000
1787551908802,49950,1578,1500,391,15000
1787551908902,49950,1578,1500,391,15000
1787551909002,49950,1578,1500,391,15000
1787551909102,49950,1578,1500,391,15000
1787551909202,49950,1578,1500,391,15000
1787551909302,49950,1578,1500,391,15000
1787551909402,49950,1578,1500,391,15000
1787551909502,49950,1578,1500,391,15000
1787551909602,49950,1578,1500,391,15000
1787551909702,49950,1578,1500,391,15000
1787551909802,49950,1578,1500,391,15000
1787551909902,49950,1578,1500,391,15000
1787551910002,49950,1578,1500,391,15000
1787551910102,49950,1578,1500,391,15000
1787551910202,49950,1578,1500,391,15000
1787551910302,49950,1578,1500,391,15000
1787551910402,49950,1578,1500,391,15000
1787551910502,49950,1578,1500,391,15000
1787551910602,49950,1578,1500,391,15000
1787551910702,49950,1578,1500,391,15000
1787551910802,49950,1578,1500,391,15000
1787551910902,49950,1578,1500,391,15000
1787551911002,49950,1578,1500,391,15000
1787551911102,49950,1578,1500,391,15000
1787551911202,49950,1578,1500,391,15000
1787551911302,49950,1578,1500,391,15000
1787551911402,49950,1578,1500,391,15000
1787551911502,49950,1578,1500,391,15000
1787551911602,49950,1578,1500,391,15000
1787551911702,49950,1578,1500,391,15000
1787551911802,49950,1578,1500,391,15000
1787551911902,49950,1578,1500,391,15000
1787551912002,49950,1578,1500,391,15000
1787551912102,49950,1578,1500,391,15000
1787551912202,49950,1578,1500,391,15000
1787551912302,49950,1578,1500,391,15000
1787551912402,49950,1578,1500,391,15000
1787551912502,49950,1578,1500,391,15000
1787551912602,49950,1578,1500,391,15000
1787551912703,49950,1578,1500,391,15000
1787551912802,49950,1578,1500,391,15000
1787551912902,49950,1578,1500,391,15000
1787551913002,49950,1578,1500,391,15000
1787551913102,49950,1578,1500,391,15000
1787551913202,49950,1578,1500,391,15000
1787551913302,49950,1578,1500,391,15000
1787551913402,49950,1578,1500,391,15000
1787551913502,49950,1578,1500,391,15000
1787551913602,49950,1578,1500,391,15000
1787551913702,49950,1578,1500,391,15000
1787551913802,49950,1578,1500,391,15000
1787551913902,49950,1578,1500,391,15000
1787551914002,49950,1578,1500,391,15000
1787551914102,49950,1578,1500,391,15000
1787551914202,49950,1578,1600,391,15000
1787551914302,49950,1578,1600,391,15000
1787551914402,49950,1578,1600,391,15000
1787551914502,49950,1578,1600,391,15000
1787551914602,49950,1578,1600,391,15000
1787551914702,49950,1578,1600,391,15000
1787551914802,49950,1578,1500,391,15000
1787551914902,49950,1578,1500,391,15000
1787551915002,49950,1578,1500,391,15000
1787551915102,49950,1578,1500,391,15000
1787551915202,49950,1578,1500,391,15000
1787551915302,49950,1578,1500,391,15000
1787551915402,49950,1578,1500,391,15000
1787551915502,49950,1578,1500,391,15000
1787551915602,49950,1578,1500,391,15000
1787551915702,49950,1578,1500,391,15000
1787551915802,49950,1578,1500,391,15000
1787551915902,49950,1578,1500,391,15000
1787551916002,49950,1578,1500,391,15000
1787551916102,49950,1578,1500,391,15000
1787551916202,49950,1578,1500,391,15000
1787551916302,49950,1578,1500,391,15000
1787551916402,49950,1578,1500,391,15000
1787551916502,49950,1578,1500,391,15000
1787551916602,49950,1578,1500,391,15000
1787551916703,49950,1578,1500,391,15000
1787551916802,49950,1578,1500,391,15000
1787551916902,49950,1578,1500,391,15000
1787551917002,49950,1578,1500,391,15000
1787551917102,49950,1578,1500,391,15000
1787551917202,49950,1578,1500,391,15000
1787551917302,49950,1578,1500,391,15000
1787551917402,49950,1578,1500,391,15000
1787551917502,49950,1578,1500,391,15000
1787551917602,49950,1578,1500,391,15000
1787551917702,49950,1578,1500,391,15000
1787551917802,49950,1578,1500,391,15000
1787551917902,49950,1578,1500,391,15000
1787551918002,49950,1578,1500,391,15000
1787551918102,49950,1578,1500,391,15000
1787551918202,49950,1578,1500,391,15000
1787551918302,49950,1578,1500,391,15000
1787551918402,49950,1578,1500,391,15000
1787551918502,49950,1578,1500,391,15000
1787551918602,49950,1578,1500,391,15000
1787551918702,49950,1578,1500,391,15000
1787551918802,49950,1578,1500,391,15000
1787551918902,49950,1578,1500,391,15000
1787551919002,49950,1578,1500,391,15000
1787551919102,49950,1578,1500,391,15000
1787551919202,49950,1578,1500,391,15000
1787551919302,49950,1578,1500,391,15000
1787551919402,49950,1578,1500,391,15000
1787551919502,49950,1578,1500,391,15000
1787551919602,49950,1578,1500,391,15000
1787551919702,49950,1578,1500,391,15000
1787551919802,49950,1578,1500,391,15000
1787551919902,49950,1578,1500,391,15000
1787551920002,49950,1578,1500,391,15000
1787551920102,49950,1578,1500,391,15000
1787551920202,49950,1578,1500,391,15000
1787551920302,49950,1578,1500,391,15000
1787551920402,49950,1578,1500,391,15000
1787551920502,49950,1578,1500,391,15000
1787551920602,49950,1578,1500,391,15000
1787551920702,49950,1578,1500,391,15000
1787551920802,49950,1578,1500,391,15000
1787551920902,49950,1578,1500,391,15000
1787551921002,49950,1578,1500,391,15000
1787551921102,49950,1578,1500,391,15000
1787551921202,49950,1578,1500,391,15000
1787551921302,49950,1578,1500,391,15000
1787551921402,49950,1578,1500,391,15000
1787551921503,49950,1578,1500,391,15000
1787551921602,49950,1578,1500,391,15000
1787551921702,49950,1578,1500,391,15000
1787551921802,49950,1578,1500,391,15000
1787551921902,49950,1578,1500,391,15000
1787551922002,49950,1578,1500,391,15000
1787551922102,49950,1578,1600,391,15000
1787551922202,49950,1578,1600,391,15000
1787551922302,49950,1578,1600,391,15000
1787551922402,49950,1578,1600,391,15000
1787551922502,49950,1578,1600,391,15000
1787551922602,49950,1578,1600,391,15000
1787551922702,49950,1578,1500,391,15000
1787551922802,49950,1578,1500,391,15000
1787551922902,49950,1578,1500,391,15000
1787551923002,49950,1578,1500,391,15000
1787551923102,49950,1578,1500,391,15000
1787551923202,49950,1578,1500,391,15000
1787551923302,49950,1578,1500,391,15000
1787551923402,49950,1578,1500,391,15000
1787551923502,49950,1578,1500,391,15000
1787551923602,49950,1578,1500,391,15000
1787551923702,49950,1578,1500,391,15000
1787551923802,49950,1578,1500,391,15000
1787551923902,49950,1578,1600,391,15000
1787551924002,49950,1578,1600,391,15000
1787551924102,49950,1578,1600,391,15000
1787551924202,49950,1578,1600,391,15000
1787551924302,49950,1578,1600,391,15000
1787551924402,49950,1578,1500,391,15000
1787551924502,49950,1578,1500,391,15000
1787551924602,49950,1578,1500,391,15000
1787551924702,49950,1578,1500,391,15000
1787551924802,49950,1578,1500,391,15000
1787551924902,49950,1578,1500,391,15000
1787551925002,49950,1578,1500,391,15000
1787551925102,49950,1578,1500,391,15000
1787551925202,49950,1578,1500,391,15000
1787551925302,49950,1578,1500,391,15000
1787551925402,49950,1578,1500,391,15000
1787551925502,49950,1578,1500,391,15000
1787551925602,49950,1578,1500,391,15000
1787551925702,49950,1578,1500,391,15000
1787551925802,49950,1578,1500,391,15000
1787551925902,49950,1578,1500,391,15000
1787551926002,49950,1578,1500,391,15000
1787551926102,49950,1578,1500,391,15000
1787551926202,49950,1578,1500,391,15000
1787551926302,49950,1578,1500,391,15000
1787551926402,49950,1578,1500,391,15000
1787551926502,49950,1578,1500,391,15000
1787551926602,49950,1578,1500,391,15000
1787551926702,49950,1578,1500,391,15000
1787551926802,49950,1578,1500,391,15000
1787551926902,49950,1578,1600,391,15000
1787551927002,49950,1578,1600,391,15000
1787551927102,49950,1578,1600,391,15000
1787551927202,49950,1578,1600,391,15000
1787551927302,49950,1578,1600,391,15000
1787551927402,49950,1578,1600,391,15000
1787551927502,49950,1578,1500,391,15000
1787551927602,49950,1578,1500,391,15000
1787551927702,49950,1578,1500,391,15000
1787551927802,49950,1578,1500,391,15000
1787551927902,49950,1578,1500,391,15000
1787551928002,49950,1578,1500,391,15000
1787551928102,49950,1578,1500,391,15000
1787551928202,49950,1578,1500,391,15000
1787551928302,49950,1578,1500,391,15000
1787551928402,49950,1578,1500,391,15000
1787551928502,49950,1578,1500,391,15000
1787551928602,49950,1578,1500,391,15000
1787551928702,49950,1578,1500,391,15000
1787551928802,49950,1578,1500,391,15000
1787551928902,49950,1578,1500,391,15000
1787551929002,49950,1578,1500,391,15000
1787551929102,49950,1578,1500,391,15000
1787551929202,49950,1578,1500,391,15000
1787551929302,49950,1578,1500,391,15000
1787551929402,49950,1578,1500,391,15000
1787551929502,49950,1578,1500,391,15000
1787551929602,49950,1578,1500,391,15000
1787551929702,49950,1578,1500,391,15000
1787551929802,49950,1578,1500,391,15000
1787551929902,49950,1578,1500,391,15000
1787551930002,49950,1578,1500,391,15000
1787551930102,49950,1578,1500,391,15000
1787551930202,49950,1578,1500,391,15000
1787551930302,49950,1578,1500,391,15000
1787551930402,49950,1578,1500,391,15000
1787551930502,49950,1578,1500,391,15000
1787551930602,49950,1578,1500,391,15000
1787551930702,49950,1578,1500,391,15000
1787551930802,49950,1578,1500,391,15000
1787551930902,49950,1578,1500,391,15000
1787551931002,49950,1578,1500,391,15000
1787551931102,49950,1578,1500,391,15000
1787551931202,49950,1578,1500,391,15000
1787551931302,49950,1578,1500,391,15000
1787551931402,49950,1578,1500,391,15000
1787551931502,49950,1578,1500,391,15000
1787551931602,49950,1578,1500,391,15000
1787551931702,49950,1578,1500,391,15000
1787551931802,49950,1578,1500,391,15000
1787551931902,49950,1578,1500,391,15000
1787551932002,49950,1578,1500,391,15000
1787551932102,49950,1578,1500,391,15000
1787551932202,49950,1578,1500,391,15000
1787551932302,49950,1578,1500,391,15000
1787551932402,49950,1578,1500,391,15000
1787551932502,49950,1578,1500,391,15000
1787551932602,49950,1578,1500,391,15000
1787551932702,49950,1578,1500,391,15000
1787551932802,49950,1578,1500,391,15000
1787551932902,49950,1578,1500,391,15000
1787551933002,49950,1578,1500,391,15000
1787551933102,49950,1578,1500,391,15000
1787551933202,49950,1578,1500,391,15000
1787551933302,49950,1578,1500,391,15000
1787551933402,49950,1578,1500,391,15000
1787551933502,49950,1578,1500,391,15000
1787551933602,49950,1578,1500,391,15000
1787551933702,49950,1578,1500,391,15000
1787551933802,49950,1578,1500,391,15000
1787551933902,49950,1578,1500,391,15000
1787551934002,49950,1578,1500,391,15000
1787551934102,49950,1578,1500,391,15000
1787551934202,49950,1578,1500,391,15000
1787551934302,49950,1578,1500,391,15000
1787551934402,49950,1578,1500,391,15000
1787551934502,49950,1578,1500,391,15000
1787551934602,49950,1578,1500,391,15000
1787551934702,49950,1578,1500,391,15000
1787551934802,49950,1578,1500,391,15000
1787551934902,49950,1578,1500,391,15000
1787551935002,49950,1578,1500,391,15000
1787551935102,49950,1578,1500,391,15000
1787551935202,49950,1578,1500,391,15000
1787551935302,49950,1578,1500,391,15000
1787551935402,49950,1578,1500,391,15000
1787551935503,49950,1578,1500,391,15000
1787551935602,49950,1578,1500,391,15000
1787551935702,49950,1578,1500,391,15000
1787551935802,49950,1578,1500,391,15000
1787551935902,49950,1578,1500,391,15000
1787551936002,49950,1578,1500,391,15000
1787551936102,49950,1578,1500,391,15000
1787551936202,49950,1578,1500,391,15000
1787551936302,49950,1578,1500,391,15000
1787551936402,49950,1578,1500,391,15000
1787551936502,49950,1578,1500,391,15000
1787551936602,49950,1578,1500,391,15000
1787551936702,49950,1578,1500,391,15000
1787551936802,49950,1578,1500,391,15000
1787551936902,49950,1578,1500,391,15000
1787551937002,49950,1578,1500,391,15000
1787551937102,49950,1578,1500,391,15000
1787551937202,49950,1578,1500,391,15000
1787551937302,49950,1578,1500,391,15000
1787551937402,49950,1578,1500,391,15000
1787551937502,49950,1578,1500,391,15000
1787551937602,49950,1578,1500,391,15000
1787551937702,49950,1578,1500,391,15000
1787551937802,49950,1578,1500,391,15000
1787551937902,49950,1578,1500,391,15000
1787551938002,49950,1578,1500,391,15000
1787551938102,49950,1578,1500,391,15000
1787551938202,49950,1578,1500,391,15000
1787551938302,49950,1578,1500,391,15000
1787551938402,49950,1578,1600,391,15000
1787551938502,49950,1578,1600,391,15000
1787551938602,49950,1578,1600,391,15000
1787551938702,49950,1578,1600,391,15000
1787551938802,49950,1578,1600,391,15000
1787551938902,49950,1578,1600,391,15000
1787551939002,49950,1578,1500,391,15000
1787551939102,49950,1578,1500,391,15000
1787551939202,49950,1578,1500,391,15000
1787551939302,49950,1578,1500,391,15000
1787551939402,49950,1578,1500,391,15000
1787551939502,49950,1578,1500,391,15000
1787551939602,49950,1578,1500,391,15000
1787551939702,49950,1578,1500,391,15000
1787551939802,49950,1578,1500,391,15000
1787551939902,49950,1578,1500,391,15000
1787551940002,49950,1578,1500,391,15000
1787551940102,49950,1578,1500,391,15000
1787551940202,49950,1578,1500,391,15000
1787551940302,49950,1578,1500,391,15000
1787551940402,49950,1578,1500,391,15000
1787551940502,49950,1578,1500,391,15000
1787551940602,49950,1578,1500,391,15000
1787551940702,49950,1578,1500,391,15000
1787551940802,49950,1578,1500,391,15000
1787551940902,49950,1578,1500,391,15000
1787551941002,49950,1578,1500,391,15000
1787551941102,49950,1578,1500,391,15000
1787551941202,49950,1578,1500,391,15000
1787551941302,49950,1578,1500,391,15000
1787551941402,49950,1578,1500,391,15000
1787551941502,49950,1578,1500,391,15000
1787551941602,49950,1578,1500,391,15000
1787551941702,49950,1578,1500,391,15000
1787551941802,49950,1578,1500,391,15000
1787551941902,49950,1578,1500,391,15000
1787551942002,49950,1578,1500,391,15000
1787551942102,49950,1578,1500,391,15000
1787551942202,49950,1578,1500,391,15000
1787551942302,49950,1578,1500,391,15000
1787551942402,49950,1578,1500,391,15000
1787551942502,49950,1578,1500,391,15000
1787551942602,49950,1578,1500,391,15000
1787551942702,49950,1578,1500,391,15000
1787551942802,49950,1578,1500,391,15000
1787551942902,49950,1578,1500,391,15000
1787551943002,49950,1578,1500,391,15000
1787551943102,49950,1578,1500,391,15000
1787551943202,49950,1578,1500,391,15000
1787551943302,49950,1578,1500,391,15000
1787551943402,49950,1578,1500,391,15000
1787551943502,49950,1578,1500,391,15000
1787551943602,49950,1578,1500,391,15000
1787551943702,49950,1578,1500,391,15000
1787551943802,49950,1578,1500,391,15000
1787551943902,49950,1578,1500,391,15000
1787551944002,49950,1578,1500,391,15000
1787551944102,49950,1578,1500,391,15000
1787551944202,49950,1578,1500,391,15000
1787551944302,49950,1578,1500,391,15000
1787551944402,49950,1578,1500,391,15000
1787551944502,49950,1578,1500,391,15000
1787551944602,49950,1578,1500,391,15000
1787551944702,49950,1578,1500,391,15000
1787551944802,49950,1578,1500,391,15000
1787551944902,49950,1578,1500,391,15000
1787551945002,49950,1578,1500,391,15000
1787551945102,49950,1578,1500,391,15000
1787551945202,49950,1578,1500,391,15000
1787551945302,49950,1578,1500,391,15000
1787551945402,49950,1578,1500,391,15000
1787551945502,49950,1578,1500,391,15000
1787551945602,49950,1578,1500,391,15000
1787551945702,49950,1578,1500,391,15000
1787551945802,49950,1578,1500,391,15000
1787551945902,49950,1578,1500,391,15000
1787551946002,49950,1578,1500,391,15000
1787551946102,49950,1578,1500,391,15000
1787551946202,49950,1578,1500,391,15000
1787551946302,49950,1578,1500,391,15000
1787551946402,49950,1578,1500,391,15000
1787551946502,49950,1578,1500,391,15000
1787551946602,49950,1578,1500,391,15000
1787551946702,49950,1578,1500,391,15000
1787551946802,49950,1578,1500,391,15000
1787551946902,49950,1578,1500,391,15000
1787551947002,49950,1578,1500,391,15000
1787551947102,49950,1578,1500,391,15000
1787551947202,49950,1578,1500,391,15000
1787551947302,49950,1578,1500,391,15000
1787551947402,49950,1578,1500,391,15000
1787551947502,49950,1578,1500,391,15000
1787551947602,49950,1578,1500,391,15000
1787551947702,49950,1578,1500,391,15000
1787551947802,49950,1578,1500,391,15000
1787551947902,49950,1578,1500,391,15000
1787551948002,49950,1578,1500,391,15000
1787551948102,49950,1578,1500,391,15000
1787551948202,49950,1578,1500,391,15000
1787551948302,49950,1578,1500,391,15000
1787551948402,49950,1578,1500,391,15000
1787551948502,49950,1578,1500,391,15000
1787551948602,49950,1578,1500,391,15000
1787551948702,49950,1578,1500,391,15000
1787551948802,49950,1578,1500,391,15000
1787551948902,49950,1578,1500,391,15000
1787551949002,49950,1578,1500,391,15000
1787551949102,49950,1578,1500,391,15000
1787551949202,49950,1578,1500,391,15000
1787551949302,49950,1578,1500,391,15000
1787551949402,49950,1578,1500,391,15000
1787551949502,49950,1578,1500,391,15000
1787551949602,49950,1578,1500,391,15000
1787551949702,49950,1578,1500,391,15000
1787551949802,49950,1578,1500,391,15000
1787551949902,49950,1578,1500,391,15000
1787551950002,49950,1578,1500,391,15000
1787551950102,49950,1578,1500,391,15000
1787551950202,49950,1578,1500,391,15000
1787551950302,49950,1578,1500,391,15000
1787551950402,49950,1578,1500,391,15000
1787551950502,49950,1578,1500,391,15000
1787551950602,49950,1578,1500,391,15000
1787551950702,49950,1578,1500,391,15000
1787551950802,49950,1578,1500,391,15000
1787551950902,49950,1578,1500,391,15000
1787551951002,49950,1578,1500,391,15000
1787551951102,49950,1578,1500,391,15000
1787551951202,49950,1578,1500,391,15000
1787551951302,49950,1578,1500,391,15000
1787551951402,49950,1578,1500,391,15000
1787551951502,49950,1578,1500,391,15000
1787551951602,49950,1578,1500,391,15000
1787551951702,49950,1578,1500,391,15000
1787551951802,49950,1578,1500,391,15000
1787551951902,49950,1578,1500,391,15000
1787551952002,49950,1578,1500,391,15000
1787551952102,49950,1578,1500,391,15000
1787551952202,49950,1578,1500,391,15000
1787551952302,49950,1578,1500,391,15000
1787551952402,49950,1578,1500,391,15000
1787551952502,49950,1578,1500,391,15000
1787551952602,49950,1578,1500,391,15000
1787551952702,49950,1578,1500,391,15000
1787551952802,49950,1578,1500,391,15000
1787551952902,49950,1578,1500,391,15000
1787551953002,49950,1578,1500,391,15000
1787551953102,49950,1578,1500,391,15000
1787551953202,49950,1578,1500,391,15000
1787551953302,49950,1578,1500,391,15000
1787551953402,49950,1578,1500,391,15000
1787551953502,49950,1578,1500,391,15000
1787551953602,49950,1578,1500,391,15000
1787551953702,49950,1578,1500,391,15000
1787551953802,49950,1578,1500,391,15000
1787551953902,49950,1578,1500,391,15000
1787551954002,49950,1578,1500,391,15000
1787551954102,49950,1578,1600,391,15000
1787551954202,49950,1578,1600,391,15000
1787551954302,49950,1578,1600,391,15000
1787551954402,49950,1578,1600,391,15000
1787551954502,49950,1578,1600,391,15000
1787551954602,49950,1578,1600,391,15000
1787551954702,49950,1578,1500,391,15000
1787551954802,49950,1578,1500,391,15000
1787551954902,49950,1578,1500,391,15000
1787551955002,49950,1578,1500,391,15000
1787551955102,49950,1578,1500,391,15000
1787551955202,49950,1578,1500,391,15000
1787551955302,49950,1578,1500,391,15000
1787551955402,49950,1578,1500,391,15000
1787551955502,49950,1578,1500,391,15000
1787551955602,49950,1578,1500,391,15000
1787551955702,49950,1578,1500,391,15000
1787551955802,49950,1578,1500,391,15000
1787551955902,49950,1578,1500,391,15000
1787551956002,49950,1578,1500,391,15000
1787551956102,49950,1578,1500,391,15000
1787551956202,49950,1578,1500,391,15000
1787551956302,49950,1578,1500,391,15000
1787551956402,49950,1578,1500,391,15000
1787551956502,49950,1578,1500,391,15000
1787551956602,49950,1578,1500,391,15000
1787551956702,49950,1578,1500,391,15000
1787551956802,49950,1578,1500,391,15000
1787551956902,49950,1578,1500,391,15000
1787551957002,49950,1578,1500,391,15000
1787551957102,49950,1578,1500,391,15000
1787551957202,49950,1578,1500,391,15000
1787551957302,49950,1578,1500,391,15000
1787551957402,49950,1578,1500,391,15000
1787551957502,49950,1578,1500,391,15000
1787551957602,49950,1578,1500,391,15000
1787551957702,49950,1578,1500,391,15000
1787551957802,49950,1578,1500,391,15000
1787551957902,49950,1578,1500,391,15000
1787551958002,49950,1578,1500,391,15000
1787551958102,49950,1578,1500,391,15000
1787551958202,49950,1578,1600,391,15000
1787551958302,49950,1578,1600,391,15000
1787551958402,49950,1578,1600,391,15000
1787551958502,49950,1578,1600,391,15000
1787551958602,49950,1578,1600,391,15000
1787551958702,49950,1578,1600,391,15000
1787551958802,49950,1578,1600,391,15000
1787551958902,49950,1578,1500,391,15000
1787551959002,49950,1578,1500,391,15000
1787551959102,49950,1578,1500,391,15000
1787551959202,49950,1578,1500,391,15000
1787551959302,49950,1578,1500,391,15000
1787551959402,49950,1578,1500,391,15000
1787551959502,49950,1578,1500,391,15000
1787551959602,49950,1578,1500,391,15000
1787551959702,49950,1578,1500,391,15000
1787551959802,49950,1578,1500,391,15000
1787551959902,49950,1578,1500,391,15000
1787551960002,49950,1578,1500,391,15000
1787551960102,49950,1578,1500,391,15000
1787551960202,49950,1578,1500,391,15000
1787551960302,49950,1578,1500,391,15000
1787551960402,49950,1578,1500,391,15000
1787551960502,49950,1578,1500,391,15000
1787551960602,49950,1578,1500,391,15000
1787551960702,49950,1578,1500,391,15000
1787551960802,49950,1578,1500,391,15000
1787551960902,49950,1578,1500,391,15000
1787551961002,49950,1578,1500,391,15000
1787551961102,49950,1578,1500,391,15000
1787551961202,49950,1578,1500,391,15000
1787551961302,49950,1578,1500,391,15000
1787551961402,49950,1578,1500,391,15000
1787551961502,49950,1578,1500,391,15000
1787551961602,49950,1578,1500,391,15000
1787551961702,49950,1578,1500,391,15000
1787551961802,49950,1578,1500,391,15000
1787551961902,49950,1578,1500,391,15000
1787551962002,49950,1578,1500,391,15000
1787551962102,49950,1578,1500,391,15000
1787551962202,49950,1578,1500,391,15000
1787551962302,49950,1578,1500,391,15000
1787551962402,49950,1578,1500,391,15000
1787551962502,49950,1578,1500,391,15000
1787551962602,49950,1578,1500,391,15000
1787551962702,49950,1578,1500,391,15000
1787551962802,49950,1578,1500,391,15000
1787551962902,49950,1578,1500,391,15000
1787551963002,49950,1578,1500,391,15000
1787551963102,49950,1578,1500,391,15000
1787551963202,49950,1578,1500,391,15000
1787551963302,49950,1578,1500,391,15000
1787551963402,49950,1578,1500,391,15000
1787551963502,49950,1578,1500,391,15000
1787551963602,49950,1578,1500,391,15000
1787551963702,49950,1578,1500,391,15000
1787551963802,49950,1578,1500,391,15000
1787551963902,49950,1578,1500,391,15000
1787551964002,49950,1578,1500,391,15000
1787551964102,49950,1578,1500,391,15000
1787551964202,49950,1578,1500,391,15000
1787551964302,49950,1578,1500,391,15000
1787551964402,49950,1578,1500,391,15000
1787551964502,49950,1578,1500,391,15000
1787551964602,49950,1578,1500,391,15000
1787551964702,49950,1578,1500,391,15000
1787551964802,49950,1578,1500,391,15000
1787551964902,49950,1578,1500,391,15000
1787551965002,49950,1578,1500,391,15000
1787551965102,49950,1578,1500,391,15000
1787551965203,49950,1578,1500,391,15000
1787551965302,49950,1578,1500,391,15000
1787551965402,49950,1578,1500,391,15000
1787551965502,49950,1578,1500,391,15000
1787551965602,49950,1578,1500,391,15000
1787551965702,49950,1578,1500,391,15000
1787551965803,49950,1578,1500,391,15000
1787551965902,49950,1578,1500,391,15000
1787551966002,49950,1578,1500,391,15000
1787551966102,49950,1578,1500,391,15000
1787551966202,49950,1578,1500,391,15000
1787551966302,49950,1578,1500,391,15000
1787551966402,49950,1578,1500,391,15000
1787551966502,49950,1578,1500,391,15000
1787551966602,49950,1578,1500,391,15000
1787551966702,49950,1578,1500,391,15000
1787551966802,49950,1578,1500,391,15000
1787551966902,49950,1578,1500,391,15000
1787551967002,49950,1578,1500,391,15000
1787551967102,49950,1578,1500,391,15000
1787551967202,49950,1578,1500,391,15000
1787551967302,49950,1578,1500,391,15000
1787551967402,49950,1578,1500,391,15000
1787551967502,49950,1578,1500,391,15000
1787551967602,49950,1578,1500,391,15000
1787551967702,49950,1578,1500,391,15000
1787551967802,49950,1578,1500,391,15000
1787551967902,49950,1578,1500,391,15000
1787551968002,49950,1578,1500,391,15000
1787551968102,49950,1578,1500,391,15000
1787551968202,49950,1578,1500,391,15000
1787551968302,49950,1578,1500,391,15000
1787551968402,49950,1578,1500,391,15000
1787551968502,49950,1578,1500,391,15000
1787551968602,49950,1578,1500,391,15000
1787551968702,49950,1578,1500,391,15000
1787551968802,49950,1578,1500,391,15000
1787551968902,49950,1578,1500,391,15000
1787551969002,49950,1578,1500,391,15000
1787551969102,49950,1578,1500,391,15000
1787551969202,49950,1578,1500,391,15000
1787551969302,49950,1578,1500,391,15000
1787551969402,49950,1578,1500,391,15000
1787551969502,49950,1578,1500,391,15000
1787551969602,49950,1578,1500,391,15000
1787551969702,49950,1578,1500,391,15000
1787551969802,49950,1578,1500,391,15000
1787551969902,49950,1578,1500,391,15000
1787551970002,49950,1578,1500,391,15000
1787551970102,49950,1578,1500,391,15000
1787551970202,49950,1578,1500,391,15000
1787551970302,49950,1578,1500,391,15000
1787551970402,49950,1578,1500,391,15000
1787551970502,49950,1578,1500,391,15000
1787551970602,49950,1578,1500,391,15000
1787551970702,49950,1578,1500,391,15000
1787551970802,49950,1578,1500,391,15000
1787551970902,49950,1578,1500,391,15000
1787551971002,49950,1578,1500,391,15000
1787551971102,49950,1578,1500,391,15000
1787551971202,49950,1578,1500,391,15000
1787551971302,49950,1578,1500,391,15000
1787551971402,49950,1578,1500,391,15000
1787551971502,49950,1578,1500,391,15000
1787551971602,49950,1578,1500,391,15000
1787551971702,49950,1578,1500,391,15000
1787551971802,49950,1578,1500,391,15000
1787551971902,49950,1578,1500,391,15000
1787551972002,49950,1578,1500,391,15000
1787551972102,49950,1578,1500,391,15000
1787551972202,49950,1578,1500,391,15000
1787551972302,49950,1578,1500,391,15000
1787551972402,49950,1578,1500,391,15000
1787551972502,49950,1578,1500,391,15000
1787551972602,49950,1578,1500,391,15000
1787551972702,49950,1578,1500,391,15000
1787551972802,49950,1578,1500,391,15000
1787551972903,49950,1578,1500,391,15000
1787551973002,49950,1578,1500,391,15000
1787551973102,49950,1578,1500,391,15000
1787551973202,49950,1578,1500,391,15000
1787551973302,49950,1578,1500,391,15000
1787551973402,49950,1578,1500,391,15000
1787551973502,49950,1578,1500,391,15000
1787551973602,49950,1578,1500,391,15000
1787551973702,49950,1578,1500,391,15000
1787551973802,49950,1578,1500,391,15000
1787551973902,49950,1578,1500,391,15000
1787551974002,49950,1578,1500,391,15000
1787551974102,49950,1578,1500,391,15000
1787551974202,49950,1578,1500,391,15000
1787551974302,49950,1578,1500,391,15000
1787551974402,49950,1578,1500,391,15000
1787551974502,49950,1578,1500,391,15000
1787551974602,49950,1578,1500,391,15000
1787551974702,49950,1578,1500,391,15000
1787551974802,49950,1578,1500,391,15000
1787551974902,49950,1578,1500,391,15000
1787551975002,49950,1578,1500,391,15000
1787551975102,49950,1578,1500,391,15000
1787551975202,49950,1578,1500,391,15000
1787551975302,49950,1578,1500,391,15000
1787551975402,49950,1578,1500,391,15000
1787551975502,49950,1578,1500,391,15000
1787551975602,49950,1578,1500,391,15000
1787551975702,49950,1578,1500,391,15000
1787551975802,49950,1578,1500,391,15000
1787551975902,49950,1578,1500,391,15000
1787551976002,49950,1578,1500,391,15000
1787551976102,49950,1578,1500,391,15000
1787551976202,49950,1578,1500,391,15000
1787551976302,49950,1578,1500,391,15000
1787551976402,49950,1578,1500,391,15000
1787551976502,49950,1578,1500,391,15000
1787551976602,49950,1578,1500,391,15000
1787551976702,49950,1578,1500,391,15000
1787551976802,49950,1578,1500,391,15000
1787551976902,49950,1578,1500,391,15000
1787551977002,49950,1578,1500,391,15000
1787551977102,49950,1578,1500,391,15000
1787551977202,49950,1578,1500,391,15000
1787551977302,49950,1578,1500,391,15000
1787551977402,49950,1578,1500,391,15000
1787551977502,49950,1578,1500,391,15000
1787551977602,49950,1578,1500,391,15000
1787551977702,49950,1578,1500,391,15000
1787551977802,49950,1578,1500,391,15000
1787551977902,49950,1578,1500,391,15000
1787551978002,49950,1578,1500,391,15000
1787551978102,49950,1578,1500,391,15000
1787551978202,49950,1578,1500,391,15000
1787551978302,49950,1578,1500,391,15000
1787551978402,49950,1578,1500,391,15000
1787551978502,49950,1578,1500,391,15000
1787551978602,49950,1578,1500,391,15000
1787551978702,49950,1578,1500,391,15000
1787551978802,49950,3157,1500,391,15000
1787551978902,49950,3157,1500,391,15000
1787551979002,49950,3157,1500,391,15000
1787551979102,49950,3157,1500,391,15000
1787551979202,49950,3157,1500,391,15000
1787551979302,49950,3157,1500,391,15000
1787551979402,49950,3157,2900,391,15000
1787551979502,49950,3157,2900,391,15000
1787551979602,49950,3157,2900,391,15000
1787551979702,49950,3157,2900,391,15000
1787551979802,49950,3157,2900,391,15000
1787551979902,49950,3157,2900,391,15000
1787551980002,49950,3157,3100,391,15000
1787551980103,49950,3157,3100,391,15000
1787551980202,49950,3157,3100,391,15000
1787551980302,49950,3157,3100,391,15000
1787551980402,49950,3157,3100,391,15000
1787551980502,49950,3157,3100,391,15000
1787551980602,49950,3157,3100,391,15000
1787551980702,49950,3157,3100,391,15000
1787551980802,49950,3157,3100,391,15000
1787551980902,49950,3157,3100,391,15000
1787551981002,49950,3157,3100,391,15000
1787551981102,49950,3157,3100,391,15000
1787551981202,49950,3157,3100,391,15000
1787551981302,49950,3157,3100,391,15000
1787551981402,49950,3157,3100,391,15000
1787551981502,49950,3157,3100,391,15000
1787551981602,49950,3157,3100,391,15000
1787551981702,49950,3157,3100,391,15000
1787551981802,49950,3157,3100,391,15000
1787551981902,49950,3157,3200,391,15000
1787551982002,49950,3157,3200,391,15000
1787551982102,49950,3157,3200,391,15000
1787551982202,49950,3157,3200,391,15000
1787551982302,49950,3157,3200,391,15000
1787551982402,49950,3157,3200,391,15000
1787551982502,49950,3157,3100,391,15000
1787551982602,49950,3157,3100,391,15000
1787551982702,49950,3157,3100,391,15000
1787551982802,49950,3157,3100,391,15000
1787551982902,49950,3157,3200,391,15000
1787551983002,49950,3157,3200,391,15000
1787551983102,49950,3157,3200,391,15000
1787551983202,49950,3157,3200,391,15000
1787551983302,49950,3157,3200,391,15000
1787551983402,49950,3157,3200,391,15000
1787551983502,49950,3157,3200,391,15000
1787551983602,49950,3157,3100,391,15000
1787551983702,49950,3157,3100,391,15000
1787551983802,49950,3157,3100,391,15000
1787551983902,49950,3157,3100,391,15000
1787551984002,49950,3157,3100,391,15000
1787551984102,49950,3157,3100,391,15000
1787551984202,49950,3157,3100,391,15000
1787551984302,49950,3157,3100,391,15000
1787551984402,49950,3157,3100,391,15000
1787551984502,49950,3157,3100,391,15000
1787551984602,49950,3157,3100,391,15000
1787551984702,49950,3157,3100,391,15000
1787551984802,49950,3157,3100,391,15000
1787551984902,49950,3157,3100,391,15000
1787551985002,49950,3157,3100,391,15000
1787551985102,49950,3157,3100,391,15000
1787551985202,49950,3157,3100,391,15000
1787551985302,49950,3157,3100,391,15000
1787551985402,49950,3157,3100,391,15000
1787551985502,49950,3157,3200,391,15000
1787551985602,49950,3157,3200,391,15000
1787551985702,49950,3157,3200,391,15000
1787551985802,49950,3157,3200,391,15000
1787551985902,49950,3157,3200,391,15000
1787551986002,49950,3157,3200,391,15000
1787551986102,49950,3157,3200,391,15000
1787551986202,49950,3157,3200,391,15000
1787551986302,49950,3157,3200,391,15000
1787551986402,49950,3157,3200,391,15000
1787551986502,49950,3157,3200,391,15000
1787551986602,49950,3157,3200,391,15000
1787551986702,49950,3157,3100,391,15000
1787551986802,49950,3157,3100,391,15000
1787551986902,49950,3157,3100,391,15000
1787551987002,49950,3157,3100,391,15000
1787551987102,49950,3157,3100,391,15000
1787551987202,49950,3157,3100,391,15000
1787551987302,49950,3157,3100,391,15000
1787551987402,49950,3157,3100,391,15000
1787551987502,49950,3157,3100,391,15000
1787551987602,49950,3157,3100,391,15000
1787551987702,49950,3157,3100,391,15000
1787551987802,49950,3157,3200,391,15000
1787551987902,49950,3157,3200,391,15000
1787551988002,49950,3157,3200,391,15000
1787551988102,49950,3157,3200,391,15000
1787551988202,49950,3157,3200,391,15000
1787551988302,49950,3157,3200,391,15000
1787551988402,49950,3157,3100,391,15000
1787551988502,49950,3157,3100,391,15000
1787551988602,49950,3157,3100,391,15000
1787551988702,49950,3157,3100,391,15000
1787551988802,49950,3157,3100,391,15000
1787551988902,49950,3157,3100,391,15000
1787551989002,49950,3157,3100,391,15000
1787551989102,49950,3157,3100,391,15000
1787551989202,49950,3157,3100,391,15000
1787551989302,49950,3157,3100,391,15000
1787551989402,49950,3157,3100,391,15000
1787551989502,49950,3157,3100,391,15000
1787551989602,49950,3157,3100,391,15000
1787551989702,49950,3157,3100,391,15000
1787551989802,49950,3157,3100,391,15000
1787551989902,49950,3157,3100,391,15000
1787551990002,49950,3157,3100,391,15000
1787551990102,49950,3157,3100,391,15000
1787551990202,49950,3157,3100,391,15000
1787551990302,49950,3157,3100,391,15000
1787551990402,49950,3157,3100,391,15000
1787551990502,49950,3157,3100,391,15000
1787551990602,49950,3157,3100,391,15000
1787551990702,49950,3157,3100,391,15000
1787551990802,49950,3157,3100,391,15000
1787551990902,49950,3157,3100,391,15000
1787551991002,49950,3157,3100,391,15000
1787551991102,49950,3157,3100,391,15000
1787551991202,49950,3157,3100,391,15000
1787551991302,49950,3157,3100,391,15000
1787551991402,49950,3157,3200,391,15000
1787551991502,49950,3157,3200,391,15000
1787551991602,49950,3157,3200,391,15000
1787551991702,49950,3157,3200,391,15000
1787551991802,49950,3157,3200,391,15000
1787551991902,49950,3157,3200,391,15000
1787551992002,49950,3157,3100,391,15000
1787551992103,49950,3157,3100,391,15000
1787551992202,49950,3157,3100,391,15000
1787551992302,49950,3157,3100,391,15000
1787551992402,49950,3157,3100,391,15000
1787551992502,49950,3157,3100,391,15000
1787551992602,49950,3157,3100,391,15000
1787551992702,49950,3157,3100,391,15000
1787551992802,49950,3157,3100,391,15000
1787551992902,49950,3157,3100,391,15000
1787551993002,49950,3157,3100,391,15000
1787551993102,49950,3157,3100,391,15000
1787551993202,49950,3157,3100,391,15000
1787551993302,49950,3157,3100,391,15000
1787551993402,49950,3157,3100,391,15000
1787551993502,49950,3157,3100,391,15000
1787551993602,49950,3157,3100,391,15000
1787551993702,49950,3157,3100,391,15000
1787551993802,49950,3157,3100,391,15000
1787551993902,49950,3157,3100,391,15000
1787551994002,49950,3157,3100,391,15000
1787551994102,49950,3157,3100,391,15000
1787551994202,49950,3157,3100,391,15000
1787551994302,49950,3157,3100,391,15000
1787551994402,49950,3157,3100,391,15000
1787551994502,49950,3157,3100,391,15000
1787551994602,49950,3157,3100,391,15000
1787551994702,49950,3157,3100,391,15000
1787551994802,49950,3157,3100,391,15000
1787551994902,49950,3157,3100,391,15000
1787551995002,49950,3157,3100,391,15000
1787551995102,49950,3157,3100,391,15000
1787551995202,49950,3157,3100,391,15000
1787551995302,49950,3157,3100,391,15000
1787551995402,49950,3157,3100,391,15000
1787551995502,49950,3157,3100,391,15000
1787551995602,49950,3157,3100,391,15000
1787551995702,49950,3157,3100,391,15000
1787551995802,49950,3157,3100,391,15000
1787551995902,49950,3157,3100,391,15000
1787551996002,49950,3157,3100,391,15000
1787551996102,49950,3157,3100,391,15000
1787551996202,49950,3157,3100,391,15000
1787551996302,49950,3157,3100,391,15000
1787551996402,49950,3157,3100,391,15000
1787551996502,49950,3157,3100,391,15000
1787551996602,49950,3157,3100,391,15000
1787551996702,49950,3157,3100,391,15000
1787551996802,49950,3157,3100,391,15000
1787551996902,49950,3157,3100,391,15000
1787551997001,49950,3157,3100,391,15000
1787551997102,49950,3157,3100,391,15000
1787551997202,49950,3157,3100,391,15000
1787551997302,49950,3157,3100,391,15000
1787551997402,49950,3157,3100,391,15000
1787551997502,49950,3157,3100,391,15000
1787551997602,49950,3157,3100,391,15000
1787551997702,49950,3157,3100,391,15000
1787551997802,49950,3157,3100,391,15000
1787551997902,49950,3157,3100,391,15000
1787551998002,49950,3157,3100,391,15000
1787551998102,49950,3157,3100,391,15000
1787551998202,49950,3157,3100,391,15000
1787551998302,49950,3157,3100,391,15000
1787551998402,49950,3157,3100,391,15000
1787551998503,49950,3157,3100,391,15000
1787551998602,49950,3157,3100,391,15000
1787551998702,49950,3157,3100,391,15000
1787551998802,49950,3157,3100,391,15000
1787551998902,49950,3157,3100,391,15000
1787551999002,49950,3157,3100,391,15000
1787551999102,49950,3157,3100,391,15000
1787551999202,49950,3157,3100,391,15000
1787551999302,49950,3157,3200,391,15000
1787551999402,49950,3157,3200,391,15000
1787551999502,49950,3157,3200,391,15000
1787551999602,49950,3157,3200,391,15000
1787551999702,49950,3157,3200,391,15000
1787551999802,49950,3157,3200,391,15000
1787551999902,49950,3157,3200,391,15000
1787552000002,49950,3157,3200,391,15000
1787552000102,49950,3157,3200,391,15000
1787552000202,49950,3157,3200,391,15000
1787552000302,49950,3157,3200,391,15000
1787552000402,49950,3157,3200,391,15000
1787552000502,49950,3157,3100,391,15000
1787552000602,49950,3157,3100,391,15000
1787552000702,49950,3157,3100,391,15000
1787552000802,49950,3157,3100,391,15000
1787552000902,49950,3157,3100,391,15000
1787552001002,49950,3157,3100,391,15000
1787552001102,49950,3157,3100,391,15000
1787552001202,49950,3157,3100,391,15000
1787552001302,49950,3157,3100,391,15000
1787552001402,49950,3157,3100,391,15000
1787552001502,49950,3157,3100,391,15000
1787552001602,49950,3157,3100,391,15000
1787552001702,49950,3157,3100,391,15000
1787552001802,49950,3157,3100,391,15000
1787552001902,49950,3157,3100,391,15000
1787552002002,49950,3157,3100,391,15000
1787552002102,49950,3157,3100,391,15000
1787552002202,49950,3157,3200,391,15000
1787552002302,49950,3157,3200,391,15000
1787552002402,49950,3157,3200,391,15000
1787552002502,49950,3157,3200,391,15000
1787552002602,49950,3157,3200,391,15000
1787552002702,49950,3157,3200,391,15000
1787552002802,49950,3157,3200,391,15000
1787552002902,49950,3157,3100,391,15000
1787552003002,49950,3157,3100,391,15000
1787552003102,49950,3157,3100,391,15000
1787552003202,49950,3157,3100,391,15000
1787552003302,49950,3157,3100,391,15000
1787552003402,49950,3157,3100,391,15000
1787552003502,49950,3157,3200,391,15000
1787552003602,49950,3157,3200,391,15000
1787552003702,49950,3157,3200,391,15000
1787552003802,49950,3157,3200,391,15000
1787552003902,49950,3157,3200,391,15000
1787552004002,49950,3157,3200,391,15000
1787552004102,49950,3157,3100,391,15000
1787552004202,49950,3157,3100,391,15000
1787552004302,49950,3157,3100,391,15000
1787552004402,49950,3157,3100,391,15000
1787552004502,49950,3157,3100,391,15000
1787552004602,49950,3157,3100,391,15000
1787552004702,49950,3157,3100,391,15000
1787552004802,49950,3157,3100,391,15000
1787552004902,49950,3157,3100,391,15000
1787552005002,49950,3157,3100,391,15000
1787552005102,49950,3157,3100,391,15000
1787552005202,49950,3157,3100,391,15000
1787552005302,49950,3157,3100,391,15000
1787552005402,49950,3157,3200,391,15000
1787552005502,49950,3157,3200,391,15000
1787552005602,49950,3157,3200,391,15000
1787552005702,49950,3157,3200,391,15000
1787552005802,49950,3157,3200,391,15000
1787552005902,49950,3157,3200,391,15000
1787552006002,49950,3157,3200,391,15000
1787552006102,49950,3157,3200,391,15000
1787552006202,49950,3157,3200,391,15000
1787552006302,49950,3157,3200,391,15000
1787552006402,49950,3157,3200,391,15000
1787552006502,49950,3157,3200,391,15000
1787552006602,49950,3157,3100,391,15000
1787552006702,49950,3157,3100,391,15000
1787552006802,49950,3157,3100,391,15000
1787552006902,49950,3157,3100,391,15000
1787552007002,49950,3157,3100,391,15000
1787552007102,49950,3157,3100,391,15000
1787552007202,49950,3157,3100,391,15000
1787552007302,49950,3157,3100,391,15000
1787552007402,49950,3157,3100,391,15000
1787552007502,49950,3157,3100,391,15000
1787552007602,49950,3157,3100,391,15000
1787552007702,49950,3157,3100,391,15000
1787552007802,49950,3157,3100,391,15000
1787552007902,49950,3157,3100,391,15000
1787552008002,49950,3157,3100,391,15000
1787552008102,49950,3157,3100,391,15000
1787552008202,49950,3157,3100,391,15000
1787552008302,49950,3157,3100,391,15000
1787552008402,49950,3157,3100,391,15000
1787552008502,49950,3157,3200,391,15000
1787552008602,49950,3157,3200,391,15000
1787552008702,49950,3157,3200,391,15000
1787552008802,49950,3157,3200,391,15000
1787552008902,49950,3157,3200,391,15000
1787552009002,49950,3157,3200,391,15000
1787552009102,49950,3157,3200,391,15000
1787552009202,49950,3157,3200,391,15000
1787552009302,49950,3157,3200,391,15000
1787552009402,49950,3157,3200,391,15000
1787552009502,49950,3157,3100,391,15000
1787552009602,49950,3157,3100,391,15000
1787552009702,49950,3157,3100,391,15000
1787552009802,49950,3157,3100,391,15000
1787552009902,49950,3157,3100,391,15000
1787552010002,49950,3157,3100,391,15000
1787552010102,49950,3157,3200,391,15000
1787552010202,49950,3157,3200,391,15000
1787552010302,49950,3157,3200,391,15000
1787552010402,49950,3157,3200,391,15000
1787552010502,49950,3157,3200,391,15000
1787552010602,49950,3157,3200,391,15000
1787552010702,49950,3157,3200,391,15000
1787552010802,49950,3157,3100,391,15000
1787552010902,49950,3157,3100,391,15000
1787552011002,49950,3157,3100,391,15000
1787552011102,49950,3157,3100,391,15000
1787552011202,49950,3157,3100,391,15000
1787552011302,49950,3157,3100,391,15000
1787552011402,49950,3157,3100,391,15000
1787552011502,49950,3157,3100,391,15000
1787552011602,49950,3157,3100,391,15000
1787552011702,49950,3157,3100,391,15000
1787552011802,49950,3157,3100,391,15000
1787552011902,49950,3157,3100,391,15000
1787552012002,49950,3157,3200,391,15000
1787552012102,49950,3157,3200,391,15000
1787552012202,49950,3157,3200,391,15000
1787552012302,49950,3157,3200,391,15000
1787552012402,49950,3157,3200,391,15000
1787552012502,49950,3157,3200,391,15000
1787552012602,49950,3157,3100,391,15000
1787552012702,49950,3157,3100,391,15000
1787552012802,49950,3157,3100,391,15000
1787552012902,49950,3157,3100,391,15000
1787552013002,49950,3157,3100,391,15000
1787552013102,49950,3157,3100,391,15000
1787552013202,49950,3157,3100,391,15000
1787552013302,49950,3157,3100,391,15000
1787552013402,49950,3157,3100,391,15000
1787552013502,49950,3157,3100,391,15000
1787552013602,49950,3157,3100,391,15000
1787552013702,49950,3157,3100,391,15000
1787552013802,49950,3157,3100,391,15000
1787552013902,49950,3157,3100,391,15000
1787552014002,49950,3157,3100,391,15000
1787552014102,49950,3157,3100,391,15000
1787552014202,49950,3157,3100,391,15000
1787552014302,49950,3157,3100,391,15000
1787552014402,49950,3157,3100,391,15000
1787552014502,49950,3157,3200,391,15000
1787552014602,49950,3157,3200,391,15000
1787552014702,49950,3157,3200,391,15000
1787552014802,49950,3157,3200,391,15000
1787552014902,49950,3157,3100,391,15000
1787552015002,49950,3157,3100,391,15000
1787552015102,49950,3157,3100,391,15000
1787552015202,49950,3157,3100,391,15000
1787552015302,49950,3157,3100,391,15000
1787552015402,49950,3157,3100,391,15000
1787552015502,49950,3157,3100,391,15000
1787552015602,49950,3157,3100,391,15000
1787552015702,49950,3157,3100,391,15000
1787552015802,49950,3157,3100,391,15000
1787552015902,49950,3157,3100,391,15000
1787552016002,49950,3157,3100,391,15000
1787552016102,49950,3157,3100,391,15000
1787552016202,49950,3157,3100,391,15000
1787552016302,49950,3157,3100,391,15000
1787552016402,49950,3157,3100,391,15000
1787552016502,49950,3157,3100,391,15000
1787552016603,49950,3157,3100,391,15000
1787552016702,49950,3157,3100,391,15000
1787552016802,49950,3157,3100,391,15000
1787552016902,49950,3157,3100,391,15000
1787552017002,49950,3157,3100,391,15000
1787552017102,49950,3157,3100,391,15000
1787552017202,49950,3157,3100,391,15000
1787552017302,49950,3157,3100,391,15000
1787552017402,49950,3157,3100,391,15000
1787552017502,49950,3157,3100,391,15000
1787552017602,49950,3157,3100,391,15000
1787552017702,49950,3157,3100,391,15000
1787552017802,49950,3157,3100,391,15000
1787552017902,49950,3157,3100,391,15000
1787552018002,49950,3157,3100,391,15000
1787552018102,49950,3157,3100,391,15000
1787552018202,49950,3157,3100,391,15000
1787552018302,49950,3157,3100,391,15000
1787552018402,49950,3157,3100,391,15000
1787552018502,49950,3157,3100,391,15000
1787552018602,49950,3157,3100,391,15000
1787552018702,49950,3157,3100,391,15000
1787552018802,49950,3157,3100,391,15000
1787552018902,49950,3157,3100,391,15000
1787552019002,49950,3157,3100,391,15000
1787552019102,49950,3157,3100,391,15000
1787552019202,49950,3157,3100,391,15000
1787552019302,49950,3157,3100,391,15000
1787552019402,49950,3157,3100,391,15000
1787552019502,49950,3157,3100,391,15000
1787552019602,49950,3157,3100,391,15000
1787552019702,49950,3157,3100,391,15000
1787552019802,49950,3157,3100,391,15000
1787552019902,49950,3157,3100,391,15000
1787552020002,49950,3157,3100,391,15000
1787552020102,49950,3157,3100,391,15000
1787552020202,49950,3157,3100,391,15000
1787552020302,49950,3157,3100,391,15000
1787552020402,49950,3157,3100,391,15000
1787552020502,49950,3157,3100,391,15000
1787552020602,49950,3157,3100,391,15000
1787552020702,49950,3157,3100,391,15000
1787552020803,49950,3157,3100,391,15000
1787552020902,49950,3157,3100,391,15000
1787552021002,49950,3157,3100,391,15000
1787552021102,49950,3157,3100,391,15000
1787552021202,49950,3157,3100,391,15000
1787552021302,49950,3157,3100,391,15000
1787552021402,49950,3157,3100,391,15000
1787552021502,49950,3157,3100,391,15000
1787552021602,49950,3157,3200,391,15000
1787552021702,49950,3157,3200,391,15000
1787552021802,49950,3157,3200,391,15000
1787552021902,49950,3157,3200,391,15000
1787552022002,49950,3157,3200,391,15000
1787552022102,49950,3157,3200,391,15000
1787552022203,49950,3157,3100,391,15000
1787552022302,49950,3157,3100,391,15000
1787552022402,49950,3157,3100,391,15000
1787552022502,49950,3157,3100,391,15000
1787552022602,49950,3157,3100,391,15000
1787552022702,49950,3157,3100,391,15000
1787552022802,49950,3157,3200,391,15000
1787552022902,49950,3157,3200,391,15000
1787552023002,49950,3157,3200,391,15000
1787552023102,49950,3157,3200,391,15000
1787552023202,49950,3157,3200,391,15000
1787552023302,49950,3157,3200,391,15000
1787552023402,49950,3157,3200,391,15000
1787552023502,49950,3157,3200,391,15000
1787552023602,49950,3157,3200,391,15000
1787552023702,49950,3157,3200,391,15000
1787552023802,49950,3157,3200,391,15000
1787552023902,49950,3157,3200,391,15000
1787552024002,49950,3157,3200,391,15000
1787552024102,49950,3157,3100,391,15000
1787552024202,49950,3157,3100,391,15000
1787552024302,49950,3157,3100,391,15000
1787552024402,49950,3157,3100,391,15000
1787552024502,49950,3157,3100,391,15000
1787552024602,49950,3157,3100,391,15000
1787552024702,49950,3157,3100,391,15000
1787552024802,49950,3157,3100,391,15000
1787552024902,49950,3157,3100,391,15000
1787552025002,49950,3157,3100,391,15000
1787552025102,49950,3157,3100,391,15000
1787552025202,49950,3157,3100,391,15000
1787552025302,49950,3157,3100,391,15000
1787552025402,49950,3157,3100,391,15000
1787552025502,49950,3157,3100,391,15000
1787552025602,49950,3157,3100,391,15000
1787552025702,49950,3157,3100,391,15000
1787552025802,49950,3157,3100,391,15000
1787552025902,49950,3157,3100,391,15000
1787552026002,49950,3157,3100,391,15000
1787552026102,49950,3157,3100,391,15000
1787552026202,49950,3157,3100,391,15000
1787552026302,49950,3157,3100,391,15000
1787552026402,49950,3157,3100,391,15000
1787552026502,49950,3157,3100,391,15000
1787552026602,49950,3157,3100,391,15000
1787552026702,49950,3157,3100,391,15000
1787552026802,49950,3157,3100,391,15000
1787552026902,49950,3157,3100,391,15000
1787552027002,49950,3157,3100,391,15000
1787552027102,49950,3157,3100,391,15000
1787552027202,49950,3157,3100,391,15000
1787552027302,49950,3157,3100,391,15000
1787552027402,49950,3157,3100,391,15000
1787552027502,49950,3157,3100,391,15000
1787552027602,49950,3157,3100,391,15000
1787552027702,49950,3157,3100,391,15000
1787552027802,49950,3157,3200,391,15000
1787552027902,49950,3157,3200,391,15000
1787552028002,49950,3157,3200,391,15000
1787552028102,49950,3157,3200,391,15000
1787552028202,49950,3157,3200,391,15000
1787552028302,49950,3157,3200,391,15000
1787552028402,49950,3157,3100,391,15000
1787552028502,49950,3157,3100,391,15000
1787552028602,49950,3157,3100,391,15000
1787552028702,49950,3157,3100,391,15000
1787552028802,49950,3157,3100,391,15000
1787552028902,49950,3157,3100,391,15000
1787552029002,49950,3157,3100,391,15000
1787552029102,49950,3157,3100,391,15000
1787552029202,49950,3157,3100,391,15000
1787552029302,49950,3157,3100,391,15000
1787552029402,49950,3157,3100,391,15000
1787552029502,49950,3157,3100,391,15000
1787552029602,49950,3157,3100,391,15000
1787552029702,49950,3157,3100,391,15000
1787552029802,49950,3157,3100,391,15000
1787552029902,49950,3157,3100,391,15000
1787552030002,49950,3157,3100,391,15000
1787552030102,49950,3157,3100,391,15000
1787552030202,49950,3157,3100,391,15000
1787552030303,49950,3157,3100,391,15000
1787552030402,49950,3157,3100,391,15000
1787552030502,49950,3157,3100,391,15000
1787552030602,49950,3157,3100,391,15000
1787552030702,49950,3157,3100,391,15000
1787552030802,49950,3157,3100,391,15000
1787552030902,49950,3157,3100,391,15000
1787552031002,49950,3157,3100,391,15000
1787552031102,49950,3157,3100,391,15000
1787552031202,49950,3157,3100,391,15000
1787552031302,49950,3157,3100,391,15000
1787552031402,49950,3157,3100,391,15000
1787552031502,49950,3157,3100,391,15000
1787552031602,49950,3157,3100,391,15000
1787552031702,49950,3157,3100,391,15000
1787552031802,49950,3157,3100,391,15000
1787552031902,49950,3157,3100,391,15000
1787552032002,49950,3157,3100,391,15000
1787552032102,49950,3157,3100,391,15000
1787552032202,49950,3157,3100,391,15000
1787552032302,49950,3157,3100,391,15000
1787552032402,49950,3157,3100,391,15000
1787552032502,49950,3157,3100,391,15000
1787552032602,49950,3157,3100,391,15000
1787552032702,49950,3157,3100,391,15000
1787552032802,49950,3157,3100,391,15000
1787552032902,49950,3157,3100,391,15000
1787552033002,49950,3157,3100,391,15000
1787552033102,49950,3157,3100,391,15000
1787552033202,49950,3157,3100,391,15000
1787552033302,49950,3157,3100,391,15000
1787552033402,49950,3157,3100,391,15000
1787552033502,49950,3157,3100,391,15000
1787552033602,49950,3157,3100,391,15000
1787552033702,49950,3157,3100,391,15000
1787552033802,49950,3157,3100,391,15000
1787552033902,49950,3157,3100,391,15000
1787552034002,49950,3157,3100,391,15000
1787552034102,49950,3157,3100,391,15000
1787552034202,49950,3157,3100,391,15000
1787552034302,49950,3157,3100,391,15000
1787552034402,49950,3157,3100,391,15000
1787552034502,49950,3157,3100,391,15000
1787552034602,49950,3157,3100,391,15000
1787552034702,49950,3157,3100,391,15000
1787552034802,49950,3157,3100,391,15000
1787552034902,49950,3157,3100,391,15000
1787552035002,49950,3157,3100,391,15000
1787552035102,49950,3157,3100,391,15000
1787552035202,49950,3157,3100,391,15000
1787552035302,49950,3157,3100,391,15000
1787552035401,49950,3157,3100,391,15000
1787552035502,49950,3157,3100,391,15000
1787552035602,49950,3157,3100,391,15000
1787552035702,49950,3157,3100,391,15000
1787552035802,49950,3157,3100,391,15000
1787552035902,49950,3157,3100,391,15000
1787552036002,49950,3157,3100,391,15000
1787552036102,49950,3157,3100,391,15000
1787552036202,49950,3157,3100,391,15000
1787552036302,49950,3157,3100,391,15000
1787552036402,49950,3157,3100,391,15000
1787552036502,49950,3157,3100,391,15000
1787552036602,49950,3157,3100,391,15000
1787552036702,49950,3157,3100,391,15000
1787552036802,49950,3157,3100,391,15000
1787552036902,49950,3157,3100,391,15000
1787552037002,49950,3157,3100,391,15000
1787552037102,49950,3157,3100,391,15000
1787552037202,49950,3157,3100,391,15000
1787552037302,49950,3157,3100,391,15000
1787552037402,49950,3157,3100,391,15000
1787552037502,49950,3157,3100,391,15000
1787552037602,49950,3157,3100,391,15000
1787552037702,49950,3157,3100,391,15000
1787552037802,49950,3157,3100,391,15000
1787552037902,49950,3157,3100,391,15000
1787552038002,49950,3157,3100,391,15000
1787552038102,49950,3157,3100,391,15000
1787552038202,49950,3157,3100,391,15000
1787552038302,49950,3157,3100,391,15000
1787552038402,49950,3157,3100,391,15000
1787552038502,49950,3157,3100,391,15000
1787552038602,49950,3157,3200,391,15000
1787552038702,49950,3157,3200,391,15000
1787552038802,49950,3157,3200,391,15000
1787552038902,49950,3157,3200,391,15000
1787552039002,49950,3157,3200,391,15000
1787552039102,49950,3157,3200,391,15000
1787552039202,49950,3157,3200,391,15000
1787552039302,49950,3157,3200,391,15000
1787552039402,49950,3157,3200,391,15000
1787552039502,49950,3157,3200,391,15000
1787552039602,49950,3157,3200,391,15000
1787552039702,49950,3157,3100,391,15000
1787552039802,49950,3157,3100,391,15000
1787552039902,49950,3157,3100,391,15000
1787552040002,49950,3157,3100,391,15000
1787552040102,49950,3157,3100,391,15000
1787552040202,49950,3157,3100,391,15000
1787552040302,49950,3157,3100,391,15000
1787552040402,49950,3157,3100,391,15000
1787552040502,49950,3157,3100,391,15000
1787552040602,49950,3157,3100,391,15000
1787552040702,49950,3157,3100,391,15000
1787552040802,49950,3157,3100,391,15000
1787552040902,49950,3157,3100,391,15000
1787552041002,49950,3157,3100,391,15000
1787552041102,49950,3157,3100,391,15000
1787552041202,49950,3157,3100,391,15000
1787552041302,49950,3157,3100,391,15000
1787552041402,49950,3157,3100,391,15000
1787552041502,49950,3157,3100,391,15000
1787552041602,49950,3157,3200,391,15000
1787552041702,49950,3157,3200,391,15000
1787552041802,49950,3157,3200,391,15000
1787552041902,49950,3157,3200,391,15000
1787552042002,49950,3157,3200,391,15000
1787552042102,49950,3157,3200,391,15000
1787552042202,49950,3157,3100,391,15000
1787552042302,49950,3157,3100,391,15000
1787552042402,49950,3157,3100,391,15000
1787552042502,49950,3157,3100,391,15000
1787552042602,49950,3157,3100,391,15000
1787552042702,49950,3157,3100,391,15000
1787552042802,49950,3157,3100,391,15000
1787552042902,49950,3157,3100,391,15000
1787552043002,49950,3157,3100,391,15000
1787552043102,49950,3157,3100,391,15000
1787552043202,49950,3157,3100,391,15000
1787552043302,49950,3157,3100,391,15000
1787552043402,49950,3157,3100,391,15000
1787552043502,49950,3157,3100,391,15000
1787552043602,49950,3157,3100,391,15000
1787552043702,49950,3157,3100,391,15000
1787552043802,49950,3157,3100,391,15000
1787552043902,49950,3157,3100,391,15000
1787552044002,49950,3157,3100,391,15000
1787552044102,49950,3157,3100,391,15000
1787552044202,49950,3157,3100,391,15000
1787552044302,49950,3157,3100,391,15000
1787552044402,49950,3157,3100,391,15000
1787552044502,49950,3157,3100,391,15000
1787552044602,49950,3157,3100,391,15000
1787552044702,49950,3157,3100,391,15000
1787552044802,49950,3157,3100,391,15000
1787552044902,49950,3157,3100,391,15000
1787552045002,49950,3157,3100,391,15000
1787552045102,49950,3157,3100,391,15000
1787552045202,49950,3157,3200,391,15000
1787552045302,49950,3157,3200,391,15000
1787552045402,49950,3157,3200,391,15000
1787552045502,49950,3157,3200,391,15000
1787552045602,49950,3157,3200,391,15000
1787552045702,49950,3157,3200,391,15000
1787552045802,49950,3157,3100,391,15000
1787552045902,49950,3157,3100,391,15000
1787552046002,49950,3157,3100,391,15000
1787552046102,49950,3157,3100,391,15000
1787552046202,49950,3157,3100,391,15000
1787552046302,49950,3157,3100,391,15000
1787552046402,49950,3157,3100,391,15000
1787552046502,49950,3157,3100,391,15000
1787552046602,49950,3157,3100,391,15000
1787552046702,49950,3157,3100,391,15000
1787552046802,49950,3157,3100,391,15000
1787552046902,49950,3157,3100,391,15000
1787552047002,49950,3157,3100,391,15000
1787552047102,49950,3157,3100,391,15000
1787552047202,49950,3157,3100,391,15000
1787552047302,49950,3157,3100,391,15000
1787552047402,49950,3157,3100,391,15000
1787552047502,49950,3157,3100,391,15000
1787552047602,49950,3157,3100,391,15000
1787552047702,49950,3157,3100,391,15000
1787552047802,49950,3157,3100,391,15000
1787552047902,49950,3157,3100,391,15000
1787552048002,49950,3157,3100,391,15000
1787552048102,49950,3157,3200,391,15000
1787552048202,49950,3157,3200,391,15000
1787552048302,49950,3157,3200,391,15000
1787552048402,49950,3157,3200,391,15000
1787552048502,49950,3157,3200,391,15000
1787552048602,49950,3157,3200,391,15000
1787552048702,49950,3157,3100,391,15000
1787552048802,49950,3157,3100,391,15000
1787552048902,49950,3157,3100,391,15000
1787552049002,49950,3157,3100,391,15000
1787552049102,49950,3157,3100,391,15000
1787552049202,49950,3157,3100,391,15000
1787552049302,49950,3157,3100,391,15000
1787552049402,49950,3157,3100,391,15000
1787552049502,49950,3157,3100,391,15000
1787552049602,49950,3157,3100,391,15000
1787552049702,49950,3157,3100,391,15000
1787552049802,49950,3157,3100,391,15000
1787552049902,49950,3157,3100,391,15000
1787552050002,49950,3157,3100,391,15000
1787552050102,49950,3157,3100,391,15000
1787552050202,49950,3157,3100,391,15000
1787552050302,49950,3157,3100,391,15000
1787552050402,49950,3157,3100,391,15000
1787552050502,49950,3157,3100,391,15000
1787552050602,49950,3157,3100,391,15000
1787552050702,49950,3157,3100,391,15000
1787552050802,49950,3157,3100,391,15000
1787552050902,49950,3157,3100,391,15000
1787552051002,49950,3157,3100,391,15000
1787552051102,49950,3157,3100,391,15000
1787552051202,49950,3157,3100,391,15000
1787552051302,49950,3157,3100,391,15000
1787552051402,49950,3157,3100,391,15000
1787552051503,49950,3157,3100,391,15000
1787552051602,49950,3157,3100,391,15000
1787552051702,49950,3157,3100,391,15000
1787552051802,49950,3157,3100,391,15000
1787552051902,49950,3157,3100,391,15000
1787552052002,49950,3157,3100,391,15000
1787552052102,49950,3157,3100,391,15000
1787552052202,49950,3157,3100,391,15000
1787552052302,49950,3157,3100,391,15000
1787552052402,49950,3157,3100,391,15000
1787552052502,49950,3157,3200,391,15000
1787552052602,49950,3157,3200,391,15000
1787552052702,49950,3157,3200,391,15000
1787552052802,49950,3157,3200,391,15000
1787552052902,49950,3157,3100,391,15000
1787552053002,49950,3157,3100,391,15000
1787552053102,49950,3157,3100,391,15000
1787552053202,49950,3157,3100,391,15000
1787552053302,49950,3157,3100,391,15000
1787552053403,49950,3157,3100,391,15000
1787552053502,49950,3157,3100,391,15000
1787552053602,49950,3157,3200,391,15000
1787552053702,49950,3157,3200,391,15000
1787552053802,49950,3157,3200,391,15000
1787552053902,49950,3157,3200,391,15000
1787552054002,49950,3157,3200,391,15000
1787552054102,49950,3157,3200,391,15000
1787552054202,49950,3157,3100,391,15000
1787552054302,49950,3157,3100,391,15000
1787552054402,49950,3157,3100,391,15000
1787552054502,49950,3157,3100,391,15000
1787552054602,49950,3157,3100,391,15000
1787552054702,49950,3157,3100,391,15000
1787552054802,49950,3157,3100,391,15000
1787552054902,49950,3157,3100,391,15000
1787552055002,49950,3157,3100,391,15000
1787552055102,49950,3157,3100,391,15000
1787552055202,49950,3157,3100,391,15000
1787552055302,49950,3157,3100,391,15000
1787552055402,49950,3157,3100,391,15000
1787552055502,49950,3157,3100,391,15000
1787552055602,49950,3157,3100,391,15000
1787552055702,49950,3157,3100,391,15000
1787552055802,49950,3157,3100,391,15000
1787552055902,49950,3157,3100,391,15000
1787552056002,49950,3157,3100,391,15000
1787552056102,49950,3157,3100,391,15000
1787552056202,49950,3157,3100,391,15000
1787552056302,49950,3157,3100,391,15000
1787552056402,49950,3157,3100,391,15000
1787552056502,49950,3157,3100,391,15000
1787552056602,49950,3157,3100,391,15000
1787552056702,49950,3157,3100,391,15000
1787552056802,49950,3157,3100,391,15000
1787552056902,49950,3157,3100,391,15000
1787552057002,49950,3157,3100,391,15000
1787552057102,49950,3157,3100,391,15000
1787552057202,49950,3157,3100,391,15000
1787552057302,49950,3157,3100,391,15000
1787552057402,49950,3157,3100,391,15000
1787552057502,49950,3157,3100,391,15000
1787552057602,49950,3157,3100,391,15000
1787552057702,49950,3157,3100,391,15000
1787552057802,49950,3157,3100,391,15000
1787552057902,49950,3157,3100,391,15000
1787552058002,49950,3157,3100,391,15000
1787552058102,49950,3157,3100,391,15000
1787552058202,49950,3157,3100,391,15000
1787552058302,49950,3157,3100,391,15000
1787552058402,49950,3157,3100,391,15000
1787552058502,49950,3157,3100,391,15000
1787552058602,49950,3157,3100,391,15000
1787552058702,49950,3157,3100,391,15000
1787552058802,49950,3157,3100,391,15000
1787552058902,49950,3157,3100,391,15000
1787552059002,49950,3157,3200,391,15000
1787552059102,49950,3157,3200,391,15000
1787552059202,49950,3157,3200,391,15000
1787552059302,49950,3157,3200,391,15000
1787552059402,49950,3157,3200,391,15000
1787552059502,49950,3157,3200,391,15000
1787552059602,49950,3157,3100,391,15000
1787552059702,49950,3157,3100,391,15000
1787552059802,49950,3157,3100,391,15000
1787552059902,49950,3157,3100,391,15000
1787552060002,49950,3157,3100,391,15000
1787552060102,49950,3157,3100,391,15000
1787552060202,49950,3157,3100,391,15000
1787552060302,49950,3157,3100,391,15000
1787552060402,49950,3157,3100,391,15000
1787552060502,49950,3157,3100,391,15000
1787552060602,49950,3157,3100,391,15000
1787552060702,49950,3157,3100,391,15000
1787552060803,49950,3157,3100,391,15000
1787552060902,49950,3157,3100,391,15000
1787552061002,49950,3157,3100,391,15000
1787552061102,49950,3157,3100,391,15000
1787552061202,49950,3157,3100,391,15000
1787552061302,49950,3157,3100,391,15000
1787552061402,49950,3157,3100,391,15000
1787552061502,49950,3157,3100,391,15000
1787552061602,49950,3157,3100,391,15000
1787552061702,49950,3157,3100,391,15000
1787552061802,49950,3157,3100,391,15000
1787552061902,49950,3157,3100,391,15000
1787552062002,49950,3157,3100,391,15000
1787552062102,49950,3157,3100,391,15000
1787552062202,49950,3157,3100,391,15000
1787552062302,49950,3157,3100,391,15000
1787552062402,49950,3157,3100,391,15000
1787552062502,49950,3157,3100,391,15000
1787552062602,49950,3157,3100,391,15000
1787552062702,49950,3157,3100,391,15000
1787552062802,49950,3157,3100,391,15000
1787552062902,49950,3157,3100,391,15000
1787552063002,49950,3157,3100,391,15000
1787552063102,49950,3157,3100,391,15000
1787552063202,49950,3157,3100,391,15000
1787552063302,49950,3157,3100,391,15000
1787552063402,49950,3157,3200,391,15000
1787552063502,49950,3157,3200,391,15000
1787552063602,49950,3157,3200,391,15000
1787552063702,49950,3157,3200,391,15000
1787552063802,49950,3157,3200,391,15000
1787552063903,49950,3157,3200,391,15000
1787552064002,49950,3157,3100,391,15000
1787552064102,49950,3157,3100,391,15000
1787552064202,49950,3157,3100,391,15000
1787552064302,49950,3157,3100,391,15000
1787552064402,49950,3157,3100,391,15000
1787552064502,49950,3157,3100,391,15000
1787552064602,49950,3157,3100,391,15000
1787552064702,49950,3157,3100,391,15000
1787552064802,49950,3157,3100,391,15000
1787552064902,49950,3157,3100,391,15000
1787552065002,49950,3157,3100,391,15000
1787552065102,49950,3157,3100,391,15000
1787552065202,49950,3157,3100,391,15000
1787552065302,49950,3157,3100,391,15000
1787552065402,49950,3157,3100,391,15000
1787552065502,49950,3157,3100,391,15000
1787552065602,49950,3157,3100,391,15000
1787552065702,49950,3157,3100,391,15000
1787552065802,49950,3157,3100,391,15000
1787552065902,49950,3157,3100,391,15000
1787552066002,49950,3157,3100,391,15000
1787552066102,49950,3157,3100,391,15000
1787552066202,49950,3157,3100,391,15000
1787552066302,49950,3157,3100,391,15000
1787552066402,49950,3157,3100,391,15000
1787552066502,49950,3157,3100,391,15000
1787552066602,49950,3157,3100,391,15000
1787552066702,49950,3157,3100,391,15000
1787552066802,49950,3157,3100,391,15000
1787552066902,49950,3157,3100,391,15000
1787552067002,49950,3157,3100,391,15000
1787552067102,49950,3157,3100,391,15000
1787552067202,49950,3157,3100,391,15000
1787552067302,49950,3157,3100,391,15000
1787552067402,49950,3157,3100,391,15000
1787552067502,49950,3157,3100,391,15000
1787552067602,49950,3157,3100,391,15000
1787552067702,49950,3157,3100,391,15000
1787552067802,49950,3157,3100,391,15000
1787552067902,49950,3157,3100,391,15000
1787552068002,49950,3157,3100,391,15000
1787552068102,49950,3157,3100,391,15000
1787552068202,49950,3157,3100,391,15000
1787552068302,49950,3157,3100,391,15000
1787552068402,49950,3157,3100,391,15000
1787552068502,49950,3157,3100,391,15000
1787552068602,49950,3157,3100,391,15000
1787552068702,49950,3157,3100,391,15000
1787552068802,49950,3157,3200,391,15000
1787552068902,49950,3157,3200,391,15000
1787552069002,49950,3157,3200,391,15000
1787552069102,49950,3157,3200,391,15000
1787552069202,49950,3157,3200,391,15000
1787552069302,49950,3157,3200,391,15000
1787552069402,49950,3157,3200,391,15000
1787552069502,49950,3157,3100,391,15000
1787552069602,49950,3157,3100,391,15000
1787552069702,49950,3157,3100,391,15000
1787552069802,49950,3157,3100,391,15000
1787552069902,49950,3157,3100,391,15000
1787552070002,49950,3157,3100,391,15000
1787552070102,49950,3157,3100,391,15000
1787552070202,49950,3157,3100,391,15000
1787552070302,49950,3157,3100,391,15000
1787552070402,49950,3157,3100,391,15000
1787552070502,49950,3157,3100,391,15000
1787552070602,49950,3157,3100,391,15000
1787552070702,49950,3157,3100,391,15000
1787552070802,49950,3157,3100,391,15000
1787552070902,49950,3157,3100,391,15000
1787552071002,49950,3157,3100,391,15000
1787552071102,49950,3157,3100,391,15000
1787552071202,49950,3157,3100,391,15000
1787552071302,49950,3157,3100,391,15000
1787552071402,49950,3157,3100,391,15000
1787552071502,49950,3157,3100,391,15000
1787552071602,49950,3157,3100,391,15000
1787552071702,49950,3157,3100,391,15000
1787552071802,49950,3157,3200,391,15000
1787552071902,49950,3157,3200,391,15000
1787552072002,49950,3157,3200,391,15000
1787552072102,49950,3157,3200,391,15000
1787552072202,49950,3157,3200,391,15000
1787552072302,49950,3157,3200,391,15000
1787552072402,49950,3157,3100,391,15000
1787552072502,49950,3157,3100,391,15000
1787552072602,49950,3157,3100,391,15000
1787552072702,49950,3157,3100,391,15000
1787552072803,49950,3157,3100,391,15000
1787552072902,49950,3157,3100,391,15000
1787552073002,49950,3157,3200,391,15000
1787552073102,49950,3157,3200,391,15000
1787552073202,49950,3157,3200,391,15000
1787552073302,49950,3157,3200,391,15000
1787552073402,49950,3157,3200,391,15000
1787552073502,49950,3157,3200,391,15000
1787552073602,49950,3157,3200,391,15000
1787552073702,49950,3157,3200,391,15000
1787552073802,49950,3157,3200,391,15000
1787552073902,49950,3157,3200,391,15000
1787552074002,49950,3157,3200,391,15000
1787552074102,49950,3157,3200,391,15000
1787552074202,49950,3157,3200,391,15000
1787552074302,49950,3157,3100,391,15000
1787552074402,49950,3157,3100,391,15000
1787552074502,49950,3157,3100,391,15000
1787552074602,49950,3157,3100,391,15000
1787552074702,49950,3157,3100,391,15000
1787552074802,49950,3157,3100,391,15000
1787552074902,49950,3157,3100,391,15000
1787552075002,49950,3157,3100,391,15000
1787552075102,49950,3157,3100,391,15000
1787552075202,49950,3157,3100,391,15000
1787552075302,49950,3157,3100,391,15000
1787552075402,49950,3157,3100,391,15000
1787552075502,49950,3157,3100,391,15000
1787552075602,49950,3157,3100,391,15000
1787552075702,49950,3157,3100,391,15000
1787552075802,49950,3157,3100,391,15000
1787552075902,49950,3157,3100,391,15000
1787552076002,49950,3157,3200,391,15000
1787552076102,49950,3157,3200,391,15000
1787552076202,49950,3157,3200,391,15000
1787552076302,49950,3157,3200,391,15000
1787552076402,49950,3157,3200,391,15000
1787552076502,49950,3157,3200,391,15000
1787552076602,49950,3157,3100,391,15000
1787552076702,49950,3157,3100,391,15000
1787552076802,49950,3157,3100,391,15000
1787552076902,49950,3157,3100,391,15000
1787552077002,49950,3157,3100,391,15000
1787552077102,49950,3157,3100,391,15000
1787552077202,49950,3157,3100,391,15000
1787552077302,49950,3157,3100,391,15000
1787552077403,49950,3157,3100,391,15000
1787552077502,49950,3157,3100,391,15000
1787552077602,49950,3157,3100,391,15000
1787552077702,49950,3157,3100,391,15000
1787552077802,49950,3157,3100,391,15000
1787552077902,49950,3157,3100,391,15000
1787552078002,49950,3157,3100,391,15000
1787552078102,49950,3157,3100,391,15000
1787552078202,49950,3157,3100,391,15000
1787552078302,49950,3157,3100,391,15000
1787552078402,49950,3157,3100,391,15000
1787552078502,49950,3157,3100,391,15000
1787552078602,49950,3157,3100,391,15000
1787552078702,49950,3157,3100,391,15000
1787552078802,49950,3157,3100,391,15000
1787552078902,49950,3157,3100,391,15000
1787552079002,49950,3157,3100,391,15000
1787552079102,49950,3157,3100,391,15000
1787552079202,49950,3157,3100,391,15000
1787552079302,49950,3157,3100,391,15000
1787552079402,49950,3157,3100,391,15000
1787552079502,49950,3157,3100,391,15000
1787552079602,49950,3157,3100,391,15000
1787552079702,49950,3157,3100,391,15000
1787552079802,49950,3157,3100,391,15000
1787552079902,49950,3157,3100,391,15000
1787552080002,49950,3157,3100,391,15000
1787552080102,49950,3157,3100,391,15000
1787552080202,49950,3157,3100,391,15000
1787552080302,49950,3157,3100,391,15000
1787552080402,49950,3157,3100,391,15000
1787552080502,49950,3157,3100,391,15000
1787552080602,49950,3157,3100,391,15000
1787552080702,49950,3157,3100,391,15000
1787552080802,49950,3157,3100,391,15000
1787552080902,49950,3157,3200,391,15000
1787552081002,49950,3157,3200,391,15000
1787552081102,49950,3157,3200,391,15000
1787552081202,49950,3157,3200,391,15000
1787552081302,49950,3157,3200,391,15000
1787552081402,49950,3157,3100,391,15000
1787552081502,49950,3157,3100,391,15000
1787552081602,49950,3157,3100,391,15000
1787552081702,49950,3157,3100,391,15000
1787552081802,49950,3157,3100,391,15000
1787552081902,49950,3157,3100,391,15000
1787552082002,49950,3157,3100,391,15000
1787552082102,49950,3157,3100,391,15000
1787552082202,49950,3157,3100,391,15000
1787552082302,49950,3157,3100,391,15000
1787552082402,49950,3157,3100,391,15000
1787552082502,49950,3157,3100,391,15000
1787552082602,49950,3157,3200,391,15000
1787552082702,49950,3157,3200,391,15000
1787552082802,49950,3157,3200,391,15000
1787552082902,49950,3157,3200,391,15000
1787552083002,49950,3157,3200,391,15000
1787552083102,49950,3157,3200,391,15000
1787552083202,49950,3157,3200,391,15000
1787552083302,49950,3157,3100,391,15000
1787552083402,49950,3157,3100,391,15000
1787552083502,49950,3157,3100,391,15000
1787552083602,49950,3157,3100,391,15000
1787552083702,49950,3157,3100,391,15000
1787552083803,49950,3157,3100,391,15000
1787552083902,49950,3157,3100,391,15000
1787552084002,49950,3157,3100,391,15000
1787552084102,49950,3157,3100,391,15000
1787552084202,49950,3157,3100,391,15000
1787552084302,49950,3157,3100,391,15000
1787552084402,49950,3157,3100,391,15000
1787552084502,49950,3157,3100,391,15000
1787552084602,49950,3157,3100,391,15000
1787552084702,49950,3157,3100,391,15000
1787552084802,49950,3157,3100,391,15000
1787552084902,49950,3157,3100,391,15000
1787552085002,49950,3157,3100,391,15000
1787552085102,49950,3157,3100,391,15000
1787552085202,49950,3157,3100,391,15000
1787552085302,49950,3157,3100,391,15000
1787552085402,49950,3157,3100,391,15000
1787552085502,49950,3157,3100,391,15000
1787552085602,49950,3157,3100,391,15000
1787552085702,49950,3157,3100,391,15000
1787552085802,49950,3157,3100,391,15000
1787552085902,49950,3157,3100,391,15000
1787552086002,49950,3157,3100,391,15000
1787552086102,49950,3157,3100,391,15000
1787552086202,49950,3157,3100,391,15000
1787552086302,49950,3157,3100,391,15000
1787552086402,49950,3157,3100,391,15000
1787552086502,49950,3157,3100,391,15000
1787552086602,49950,3157,3100,391,15000
1787552086702,49950,3157,3100,391,15000
1787552086802,49950,3157,3100,391,15000
1787552086902,49950,3157,3100,391,15000
1787552087002,49950,3157,3100,391,15000
1787552087102,49950,3157,3100,391,15000
1787552087202,49950,3157,3100,391,15000
1787552087302,49950,3157,3100,391,15000
1787552087402,49950,3157,3100,391,15000
1787552087502,49950,3157,3100,391,15000
1787552087602,49950,3157,3100,391,15000
1787552087702,49950,3157,3100,391,15000
1787552087802,49950,3157,3100,391,15000
1787552087902,49950,3157,3100,391,15000
1787552088002,49950,3157,3100,391,15000
1787552088102,49950,3157,3200,391,15000
1787552088202,49950,3157,3200,391,15000
1787552088302,49950,3157,3200,391,15000
1787552088402,49950,3157,3200,391,15000
1787552088502,49950,3157,3200,391,15000
1787552088602,49950,3157,3200,391,15000
1787552088702,49950,3157,3200,391,15000
1787552088802,49950,3157,3200,391,15000
1787552088902,49950,3157,3200,391,15000
1787552089002,49950,3157,3200,391,15000
1787552089102,49950,3157,3200,391,15000
1787552089202,49950,3157,3200,391,15000
1787552089302,49950,3157,3100,391,15000
1787552089402,49950,3157,3100,391,15000
1787552089502,49950,3157,3100,391,15000
1787552089602,49950,3157,3100,391,15000
1787552089702,49950,3157,3100,391,15000
1787552089802,49950,3157,3100,391,15000
1787552089902,49950,3157,3100,391,15000
1787552090002,49950,3157,3100,391,15000
1787552090102,49950,3157,3100,391,15000
1787552090202,49950,3157,3100,391,15000
1787552090302,49950,3157,3100,391,15000
1787552090402,49950,3157,3100,391,15000
1787552090502,49950,3157,3100,391,15000
1787552090602,49950,3157,3100,391,15000
1787552090702,49950,3157,3100,391,15000
1787552090802,49950,3157,3100,391,15000
1787552090902,49950,3157,3100,391,15000
1787552091002,49950,3157,3100,391,15000
1787552091102,49950,3157,3100,391,15000
1787552091202,49950,3157,3200,391,15000
1787552091302,49950,3157,3200,391,15000
1787552091402,49950,3157,3200,391,15000
1787552091502,49950,3157,3200,391,15000
1787552091602,49950,3157,3100,391,15000
1787552091702,49950,3157,3100,391,15000
1787552091802,49950,3157,3100,391,15000
1787552091902,49950,3157,3100,391,15000
1787552092002,49950,3157,3100,391,15000
1787552092102,49950,3157,3100,391,15000
1787552092202,49950,3157,3100,391,15000
1787552092302,49950,3157,3100,391,15000
1787552092402,49950,3157,3100,391,15000
1787552092502,49950,3157,3100,391,15000
1787552092602,49950,3157,3100,391,15000
1787552092702,49950,3157,3100,391,15000
1787552092802,49950,3157,3100,391,15000
1787552092902,49950,3157,3100,391,15000
1787552093002,49950,3157,3100,391,15000
1787552093102,49950,3157,3100,391,15000
1787552093202,49950,3157,3100,391,15000
1787552093302,49950,3157,3100,391,15000
1787552093402,49950,3157,3100,391,15000
1787552093502,49950,3157,3200,391,15000
1787552093602,49950,3157,3200,391,15000
1787552093702,49950,3157,3200,391,15000
1787552093802,49950,3157,3200,391,15000
1787552093902,49950,3157,3200,391,15000
1787552094002,49950,3157,3200,391,15000
1787552094102,49950,3157,3100,391,15000
1787552094202,49950,3157,3100,391,15000
1787552094302,49950,3157,3100,391,15000
1787552094402,49950,3157,3100,391,15000
1787552094502,49950,3157,3100,391,15000
1787552094602,49950,3157,3100,391,15000
1787552094702,49950,3157,3100,391,15000
1787552094802,49950,3157,3100,391,15000
1787552094902,49950,3157,3100,391,15000
1787552095002,49950,3157,3100,391,15000
1787552095102,49950,3157,3100,391,15000
1787552095202,49950,3157,3100,391,15000
1787552095302,49950,3157,3100,391,15000
1787552095402,49950,3157,3100,391,15000
1787552095502,49950,3157,3100,391,15000
1787552095602,49950,3157,3100,391,15000
1787552095702,49950,3157,3100,391,15000
1787552095802,49950,3157,3100,391,15000
1787552095902,49950,3157,3100,391,15000
1787552096002,49950,3157,3100,391,15000
1787552096102,49950,3157,3100,391,15000
1787552096202,49950,3157,3100,391,15000
1787552096302,49950,3157,3100,391,15000
1787552096402,49950,3157,3100,391,15000
1787552096502,49950,3157,3100,391,15000
1787552096602,49950,3157,3100,391,15000
1787552096702,49950,3157,3100,391,15000
1787552096802,49950,3157,3100,391,15000
1787552096902,49950,3157,3100,391,15000
1787552097002,49950,3157,3100,391,15000
1787552097102,49950,3157,3100,391,15000
1787552097202,49950,3157,3100,391,15000
1787552097302,49950,3157,3100,391,15000
1787552097402,49950,3157,3100,391,15000
1787552097502,49950,3157,3100,391,15000
1787552097602,49950,3157,3100,391,15000
1787552097702,49950,3157,3100,391,15000
1787552097802,49950,3157,3100,391,15000
1787552097902,49950,3157,3100,391,15000
1787552098002,49950,3157,3100,391,15000
1787552098102,49950,3157,3100,391,15000
1787552098202,49950,3157,3100,391,15000
1787552098302,49950,3157,3100,391,15000
1787552098402,49950,3157,3100,391,15000
1787552098502,49950,3157,3100,391,15000
1787552098602,49950,3157,3100,391,15000
1787552098702,49950,3157,3100,391,15000
1787552098802,49950,3157,3100,391,15000
1787552098902,49950,3157,3100,391,15000
1787552099002,49950,3157,3100,391,15000
1787552099102,49950,3157,3100,391,15000
1787552099202,49950,3157,3100,391,15000
1787552099302,49950,3157,3100,391,15000
1787552099402,49950,3157,3100,391,15000
1787552099502,49950,3157,3100,391,15000
1787552099602,49950,3157,3100,391,15000
1787552099702,49950,3157,3100,391,15000
1787552099802,49950,3157,3100,391,15000
1787552099902,49950,3157,3100,391,15000
1787552100002,49950,3157,3100,391,15000
1787552100102,49950,3157,3100,391,15000
1787552100202,49950,3157,3200,391,15000
1787552100302,49950,3157,3200,391,15000
1787552100402,49950,3157,3200,391,15000
1787552100502,49950,3157,3200,391,15000
1787552100602,49950,3157,3200,391,15000
1787552100702,49950,3157,3200,391,15000
1787552100802,49950,3157,3200,391,15000
1787552100902,49950,3157,3200,391,15000
1787552101002,49950,3157,3200,391,15000
1787552101102,49950,3157,3200,391,15000
1787552101202,49950,3157,3200,391,15000
1787552101302,49950,3157,3200,391,15000
1787552101402,49950,3157,3200,391,15000
1787552101502,49950,3157,3100,391,15000
1787552101602,49950,3157,3100,391,15000
1787552101703,49950,3157,3100,391,15000
1787552101802,49950,3157,3100,391,15000
1787552101902,49950,3157,3100,391,15000
1787552102002,49950,3157,3100,391,15000
1787552102102,49950,3157,3100,391,15000
1787552102202,49950,3157,3100,391,15000
1787552102302,49950,3157,3100,391,15000
1787552102402,49950,3157,3100,391,15000
1787552102502,49950,3157,3100,391,15000
1787552102602,49950,3157,3100,391,15000
1787552102702,49950,3157,3100,391,15000
1787552102802,49950,3157,3100,391,15000
1787552102902,49950,3157,3100,391,15000
1787552103002,49950,3157,3100,391,15000
1787552103102,49950,3157,3100,391,15000
1787552103202,49950,3157,3100,391,15000
1787552103302,49950,3157,3100,391,15000
1787552103402,49950,3157,3100,391,15000
1787552103502,49950,3157,3100,391,15000
1787552103602,49950,3157,3100,391,15000
1787552103702,49950,3157,3100,391,15000
1787552103802,49950,3157,3100,391,15000
1787552103902,49950,3157,3100,391,15000
1787552104002,49950,3157,3100,391,15000
1787552104102,49950,3157,3100,391,15000
1787552104202,49950,3157,3100,391,15000
1787552104302,49950,3157,3100,391,15000
1787552104402,49950,3157,3100,391,15000
1787552104502,49950,3157,3100,391,15000
1787552104602,49950,3157,3100,391,15000
1787552104702,49950,3157,3100,391,15000
1787552104802,49950,3157,3100,391,15000
1787552104902,49950,3157,3100,391,15000
1787552105002,49950,3157,3200,391,15000
1787552105102,49950,3157,3200,391,15000
1787552105202,49950,3157,3200,391,15000
1787552105302,49950,3157,3200,391,15000
1787552105402,49950,3157,3200,391,15000
1787552105502,49950,3157,3200,391,15000
1787552105602,49950,3157,3100,391,15000
1787552105702,49950,3157,3100,391,15000
1787552105802,49950,3157,3100,391,15000
1787552105902,49950,3157,3100,391,15000
1787552106002,49950,3157,3100,391,15000
1787552106103,49950,3157,3100,391,15000
1787552106202,49950,3157,3100,391,15000
1787552106302,49950,3157,3200,391,15000
1787552106402,49950,3157,3200,391,15000
1787552106502,49950,3157,3200,391,15000
1787552106602,49950,3157,3200,391,15000
1787552106702,49950,3157,3200,391,15000
1787552106802,49950,3157,3200,391,15000
1787552106902,49950,3157,3200,391,15000
1787552107002,49950,3157,3200,391,15000
1787552107102,49950,3157,3200,391,15000
1787552107202,49950,3157,3200,391,15000
1787552107302,49950,3157,3200,391,15000
1787552107402,49950,3157,3200,391,15000
1787552107502,49950,3157,3100,391,15000
1787552107602,49950,3157,3100,391,15000
1787552107702,49950,3157,3100,391,15000
1787552107802,49950,3157,3100,391,15000
1787552107902,49950,3157,3100,391,15000
1787552108002,49950,3157,3100,391,15000
1787552108102,49950,3157,3100,391,15000
1787552108202,49950,3157,3100,391,15000
1787552108302,49950,3157,3100,391,15000
1787552108402,49950,3157,3100,391,15000
1787552108502,49950,3157,3100,391,15000
1787552108602,49950,3157,3100,391,15000
1787552108702,49950,3157,3100,391,15000
1787552108802,49950,3157,3100,391,15000
1787552108902,49950,3157,3100,391,15000
1787552109002,49950,3157,3100,391,15000
1787552109102,49950,3157,3100,391,15000
1787552109202,49950,3157,3100,391,15000
1787552109302,49950,3157,3100,391,15000
1787552109402,49950,3157,3100,391,15000
1787552109502,49950,3157,3100,391,15000
1787552109602,49950,3157,3100,391,15000
1787552109702,49950,3157,3100,391,15000
1787552109802,49950,3157,3100,391,15000
1787552109902,49950,3157,3100,391,15000
1787552110002,49950,3157,3100,391,15000
1787552110102,49950,3157,3100,391,15000
1787552110202,49950,3157,3100,391,15000
1787552110302,49950,3157,3100,391,15000
1787552110402,49950,3157,3100,391,15000
1787552110502,49950,3157,3100,391,15000
1787552110602,49950,3157,3100,391,15000
1787552110702,49950,3157,3100,391,15000
1787552110802,49950,3157,3100,391,15000
1787552110902,49950,3157,3100,391,15000
1787552111002,49950,3157,3100,391,15000
1787552111102,49950,3157,3100,391,15000
1787552111202,49950,3157,3100,391,15000
1787552111302,49950,3157,3100,391,15000
1787552111402,49950,3157,3100,391,15000
1787552111502,49950,3157,3100,391,15000
1787552111602,49950,3157,3100,391,15000
1787552111702,49950,3157,3100,391,15000
1787552111802,49950,3157,3100,391,15000
1787552111902,49950,3157,3100,391,15000
1787552112002,49950,3157,3100,391,15000
1787552112102,49950,3157,3100,391,15000
1787552112202,49950,3157,3100,391,15000
1787552112302,49950,3157,3100,391,15000
1787552112402,49950,3157,3100,391,15000
1787552112502,49950,3157,3100,391,15000
1787552112602,49950,3157,3100,391,15000
1787552112702,49950,3157,3100,391,15000
1787552112802,49950,3157,3100,391,15000
1787552112902,49950,3157,3100,391,15000
1787552113002,49950,3157,3100,391,15000
1787552113102,49950,3157,3100,391,15000
1787552113202,49950,3157,3100,391,15000
1787552113302,49950,3157,3100,391,15000
1787552113402,49950,3157,3200,391,15000
1787552113502,49950,3157,3200,391,15000
1787552113602,49950,3157,3200,391,15000
1787552113702,49950,3157,3200,391,15000
1787552113801,49950,3157,3200,391,15000
1787552113903,49950,3157,3200,391,15000
1787552114002,49950,3157,3100,391,15000
1787552114102,49950,3157,3100,391,15000
1787552114202,49950,3157,3100,391,15000
1787552114302,49950,3157,3100,391,15000
1787552114402,49950,3157,3100,391,15000
1787552114502,49950,3157,3100,391,15000
1787552114602,49950,3157,3200,391,15000
1787552114702,49950,3157,3200,391,15000
1787552114802,49950,3157,3200,391,15000
1787552114902,49950,3157,3200,391,15000
1787552115002,49950,3157,3200,391,15000
1787552115102,49950,3157,3200,391,15000
1787552115202,49950,3157,3100,391,15000
1787552115302,49950,3157,3100,391,15000
1787552115402,49950,3157,3100,391,15000
1787552115502,49950,3157,3100,391,15000
1787552115602,49950,3157,3100,391,15000
1787552115702,49950,3157,3100,391,15000
1787552115802,49950,3157,3100,391,15000
1787552115902,49950,3157,3100,391,15000
1787552116002,49950,3157,3100,391,15000
1787552116102,49950,3157,3100,391,15000
1787552116202,49950,3157,3100,391,15000
1787552116302,49950,3157,3100,391,15000
1787552116402,49950,3157,3100,391,15000
1787552116502,49950,3157,3100,391,15000
1787552116602,49950,3157,3100,391,15000
1787552116702,49950,3157,3100,391,15000
1787552116802,49950,3157,3100,391,15000
1787552116902,49950,3157,3100,391,15000
1787552117002,49950,3157,3100,391,15000
1787552117102,49950,3157,3100,391,15000
1787552117202,49950,3157,3100,391,15000
1787552117302,49950,3157,3100,391,15000
1787552117402,49950,3157,3100,391,15000
1787552117502,49950,3157,3100,391,15000
1787552117602,49950,3157,3100,391,15000
1787552117702,49950,3157,3100,391,15000
1787552117802,49950,3157,3100,391,15000
1787552117902,49950,3157,3100,391,15000
1787552118002,49950,3157,3100,391,15000
1787552118102,49950,3157,3100,391,15000
1787552118202,49950,3157,3100,391,15000
1787552118302,49950,3157,3200,391,15000
1787552118402,49950,3157,3200,391,15000
1787552118502,49950,3157,3200,391,15000
1787552118602,49950,3157,3200,391,15000
1787552118702,49950,3157,3200,391,15000
1787552118802,49950,3157,3200,391,15000
1787552118902,49950,3157,3200,391,15000
1787552119002,49950,3157,3100,391,15000
1787552119102,49950,3157,3100,391,15000
1787552119202,49950,3157,3100,391,15000
1787552119302,49950,3157,3100,391,15000
1787552119402,49950,3157,3100,391,15000
1787552119502,49950,3157,3100,391,15000
1787552119602,49950,3157,3100,391,15000
1787552119702,49950,3157,3100,391,15000
1787552119802,49950,3157,3100,391,15000
1787552119902,49950,3157,3100,391,15000
1787552120002,49950,3157,3100,391,15000
1787552120102,49950,3157,3100,391,15000
1787552120202,49950,3157,3100,391,15000
1787552120302,49950,3157,3100,391,15000
1787552120402,49950,3157,3100,391,15000
1787552120502,49950,3157,3100,391,15000
1787552120602,49950,3157,3100,391,15000
1787552120702,49950,3157,3100,391,15000
1787552120802,49950,3157,3100,391,15000
1787552120902,49950,3157,3100,391,15000
1787552121002,49950,3157,3100,391,15000
1787552121102,49950,3157,3100,391,15000
1787552121202,49950,3157,3100,391,15000
1787552121303,49950,3157,3100,391,15000
1787552121402,49950,3157,3100,391,15000
1787552121502,49950,3157,3100,391,15000
1787552121602,49950,3157,3100,391,15000
1787552121702,49950,3157,3100,391,15000
1787552121802,49950,3157,3100,391,15000
1787552121902,49950,3157,3100,391,15000
1787552122002,49950,3157,3100,391,15000
1787552122102,49950,3157,3100,391,15000
1787552122202,49950,3157,3100,391,15000
1787552122302,49950,3157,3100,391,15000
1787552122402,49950,3157,3100,391,15000
1787552122502,49950,3157,3200,391,15000
1787552122602,49950,3157,3200,391,15000
1787552122702,49950,3157,3200,391,15000
1787552122802,49950,3157,3200,391,15000
1787552122902,49950,3157,3200,391,15000
1787552123002,49950,3157,3200,391,15000
1787552123102,49950,3157,3100,391,15000
1787552123202,49950,3157,3100,391,15000
1787552123302,49950,3157,3100,391,15000
1787552123402,49950,3157,3100,391,15000
1787552123502,49950,3157,3100,391,15000
1787552123602,49950,3157,3100,391,15000
1787552123703,49950,3157,3100,391,15000
1787552123802,49950,3157,3100,391,15000
1787552123902,49950,3157,3100,391,15000
1787552124002,49950,3157,3100,391,15000
1787552124102,49950,3157,3100,391,15000
1787552124202,49950,3157,3100,391,15000
1787552124302,49950,3157,3100,391,15000
1787552124402,49950,3157,3100,391,15000
1787552124502,49950,3157,3100,391,15000
1787552124602,49950,3157,3100,391,15000
1787552124702,49950,3157,3100,391,15000
1787552124802,49950,3157,3100,391,15000
1787552124902,49950,3157,3100,391,15000
1787552125002,49950,3157,3100,391,15000
1787552125102,49950,3157,3100,391,15000
1787552125202,49950,3157,3100,391,15000
1787552125302,49950,3157,3100,391,15000
1787552125402,49950,3157,3200,391,15000
1787552125502,49950,3157,3200,391,15000
1787552125602,49950,3157,3200,391,15000
1787552125702,49950,3157,3200,391,15000
1787552125802,49950,3157,3200,391,15000
1787552125902,49950,3157,3200,391,15000
1787552126002,49950,3157,3100,391,15000
1787552126102,49950,3157,3100,391,15000
1787552126202,49950,3157,3100,391,15000
1787552126302,49950,3157,3100,391,15000
1787552126402,49950,3157,3100,391,15000
1787552126502,49950,3157,3100,391,15000
1787552126602,49950,3157,3100,391,15000
1787552126702,49950,3157,3100,391,15000
1787552126802,49950,3157,3100,391,15000
1787552126902,49950,3157,3100,391,15000
1787552127002,49950,3157,3100,391,15000
1787552127102,49950,3157,3100,391,15000
1787552127202,49950,3157,3100,391,15000
1787552127302,49950,3157,3100,391,15000
1787552127402,49950,3157,3100,391,15000
1787552127502,49950,3157,3100,391,15000
1787552127602,49950,3157,3100,391,15000
1787552127702,49950,3157,3100,391,15000
1787552127802,49950,3157,3100,391,15000
1787552127902,49950,3157,3200,391,15000
1787552128002,49950,3157,3200,391,15000
1787552128102,49950,3157,3200,391,15000
1787552128202,49950,3157,3200,391,15000
1787552128302,49950,3157,3200,391,15000
1787552128402,49950,3157,3200,391,15000
1787552128502,49950,3157,3200,391,15000
1787552128602,49950,3157,3100,391,15000
1787552128702,49950,3157,3100,391,15000
1787552128802,49950,3157,3100,391,15000
1787552128902,49950,3157,3100,391,15000
1787552129002,49950,3157,3100,391,15000
1787552129102,49950,3157,3100,391,15000
1787552129202,49950,3157,3100,391,15000
1787552129302,49950,3157,3100,391,15000
1787552129402,49950,3157,3100,391,15000
1787552129502,49950,3157,3100,391,15000
1787552129602,49950,3157,3100,391,15000
1787552129702,49950,3157,3100,391,15000
1787552129802,49950,3157,3100,391,15000
1787552129902,49950,3157,3100,391,15000
1787552130002,49950,3157,3100,391,15000
1787552130102,49950,3157,3100,391,15000
1787552130202,49950,3157,3100,391,15000
1787552130302,49950,3157,3100,391,15000
1787552130402,49950,3157,3100,391,15000
1787552130502,49950,3157,3200,391,15000
1787552130602,49950,3157,3200,391,15000
1787552130702,49950,3157,3200,391,15000
1787552130802,49950,3157,3200,391,15000
1787552130902,49950,3157,3100,391,15000
1787552131002,49950,3157,3100,391,15000
1787552131102,49950,3157,3100,391,15000
1787552131202,49950,3157,3100,391,15000
1787552131302,49950,3157,3100,391,15000
1787552131402,49950,3157,3100,391,15000
1787552131502,49950,3157,3100,391,15000
1787552131602,49950,3157,3100,391,15000
1787552131702,49950,3157,3100,391,15000
1787552131802,49950,3157,3100,391,15000
1787552131902,49950,3157,3100,391,15000
1787552132002,49950,3157,3100,391,15000
1787552132102,49950,3157,3100,391,15000
1787552132202,49950,3157,3100,391,15000
1787552132302,49950,3157,3100,391,15000
1787552132402,49950,3157,3100,391,15000
1787552132502,49950,3157,3100,391,15000
1787552132602,49950,3157,3100,391,15000
1787552132702,49950,3157,3100,391,15000
1787552132802,49950,3157,3100,391,15000
1787552132902,49950,3157,3100,391,15000
1787552133002,49950,3157,3100,391,15000
1787552133102,49950,3157,3100,391,15000
1787552133202,49950,3157,3100,391,15000
1787552133302,49950,3157,3100,391,15000
1787552133402,49950,3157,3100,391,15000
1787552133502,49950,3157,3100,391,15000
1787552133602,49950,3157,3100,391,15000
1787552133702,49950,3157,3100,391,15000
1787552133802,49950,3157,3100,391,15000
1787552133902,49950,3157,3100,391,15000
1787552134002,49950,3157,3100,391,15000
1787552134102,49950,3157,3100,391,15000
1787552134202,49950,3157,3100,391,15000
1787552134302,49950,3157,3100,391,15000
1787552134402,49950,3157,3100,391,15000
1787552134502,49950,3157,3100,391,15000
1787552134602,49950,3157,3100,391,15000
1787552134702,49950,3157,3100,391,15000
1787552134802,49950,3157,3100,391,15000
1787552134902,49950,3157,3100,391,15000
1787552135002,49950,3157,3100,391,15000
1787552135102,49950,3157,3100,391,15000
1787552135202,49950,3157,3100,391,15000
1787552135302,49950,3157,3100,391,15000
1787552135402,49950,3157,3100,391,15000
1787552135502,49950,3157,3100,391,15000
1787552135602,49950,3157,3100,391,15000
1787552135702,49950,3157,3100,391,15000
1787552135802,49950,3157,3100,391,15000
1787552135902,49950,3157,3100,391,15000
1787552136002,49950,3157,3100,391,15000
1787552136102,49950,3157,3100,391,15000
1787552136202,49950,3157,3100,391,15000
1787552136302,49950,3157,3100,391,15000
1787552136402,49950,3157,3100,391,15000
1787552136502,49950,3157,3100,391,15000
1787552136602,49950,3157,3100,391,15000
1787552136702,49950,3157,3100,391,15000
1787552136802,49950,3157,3100,391,15000
1787552136903,49950,3157,3100,391,15000
1787552137003,49950,3157,3100,391,15000
1787552137102,49950,3157,3100,391,15000
1787552137202,49950,3157,3100,391,15000
1787552137302,49950,3157,3100,391,15000
1787552137402,49950,3157,3100,391,15000
1787552137502,49950,3157,3100,391,15000
1787552137602,49950,3157,3100,391,15000
1787552137702,49950,3157,3100,391,15000
1787552137802,49950,3157,3100,391,15000
1787552137902,49950,3157,3100,391,15000
1787552138002,49950,3157,3100,391,15000
1787552138102,49950,3157,3100,391,15000
1787552138202,49950,3157,3100,391,15000
1787552138302,49950,3157,3100,391,15000
1787552138402,49950,3157,3100,391,15000
1787552138502,49950,3157,3100,391,15000
1787552138602,49950,3157,3100,391,15000
1787552138702,49950,3157,3100,391,15000
1787552138802,49950,3157,3100,391,15000
1787552138902,49950,3157,3100,391,15000
1787552139002,49950,3157,3100,391,15000
1787552139102,49950,3157,3100,391,15000
1787552139202,49950,3157,3100,391,15000
1787552139302,49950,3157,3100,391,15000
1787552139402,49950,3157,3100,391,15000
1787552139502,49950,3157,3100,391,15000
1787552139602,49950,3157,3100,391,15000
1787552139702,49950,3157,3100,391,15000
1787552139802,49950,3157,3100,391,15000
1787552139902,49950,3157,3100,391,15000
1787552140002,49950,3157,3100,391,15000
1787552140102,49950,3157,3100,391,15000
1787552140202,49950,3157,3100,391,15000
1787552140302,49950,3157,3100,391,15000
1787552140402,49950,3157,3100,391,15000
1787552140502,49950,3157,3100,391,15000
1787552140602,49950,3157,3100,391,15000
1787552140702,49950,3157,3100,391,15000
1787552140802,49950,3157,3100,391,15000
1787552140902,49950,3157,3100,391,15000
1787552141002,49950,3157,3100,391,15000
1787552141102,49950,3157,3100,391,15000
1787552141202,49950,3157,3100,391,15000
1787552141302,49950,3157,3100,391,15000
1787552141402,49950,3157,3100,391,15000
1787552141502,49950,3157,3100,391,15000
1787552141602,49950,3157,3100,391,15000
1787552141702,49950,3157,3100,391,15000
1787552141802,49950,3157,3100,391,15000
1787552141902,49950,3157,3100,391,15000
1787552142002,49950,3157,3100,391,15000
1787552142102,49950,3157,3100,391,15000
1787552142202,49950,3157,3100,391,15000
1787552142302,49950,3157,3100,391,15000
1787552142402,49950,3157,3100,391,15000
1787552142502,49950,3157,3100,391,15000
1787552142602,49950,3157,3100,391,15000
1787552142702,49950,3157,3100,391,15000
1787552142802,49950,3157,3100,391,15000
1787552142902,49950,3157,3100,391,15000
1787552143002,49950,3157,3100,391,15000
1787552143102,49950,3157,3100,391,15000
1787552143202,49950,3157,3100,391,15000
1787552143302,49950,3157,3100,391,15000
1787552143402,49950,3157,3100,391,15000
1787552143502,49950,3157,3100,391,15000
1787552143602,49950,3157,3100,391,15000
1787552143702,49950,3157,3100,391,15000
1787552143802,49950,3157,3100,391,15000
1787552143902,49950,3157,3100,391,15000
1787552144002,49950,3157,3100,391,15000
1787552144102,49950,3157,3100,391,15000
1787552144202,49950,3157,3100,391,15000
1787552144302,49950,3157,3100,391,15000
1787552144402,49950,3157,3100,391,15000
1787552144502,49950,3157,3100,391,15000
1787552144602,49950,3157,3100,391,15000
1787552144702,49950,3157,3100,391,15000
1787552144802,49950,3157,3100,391,15000
1787552144902,49950,3157,3100,391,15000
1787552145002,49950,3157,3100,391,15000
1787552145102,49950,3157,3100,391,15000
1787552145202,49950,3157,3100,391,15000
1787552145302,49950,3157,3100,391,15000
1787552145402,49950,3157,3100,391,15000
1787552145502,49950,3157,3100,391,15000
1787552145602,49950,3157,3100,391,15000
1787552145702,49950,3157,3100,391,15000
1787552145802,49950,3157,3100,391,15000
1787552145902,49950,3157,3100,391,15000
1787552146002,49950,3157,3100,391,15000
1787552146102,49950,3157,3100,391,15000
1787552146202,49950,3157,3100,391,15000
1787552146302,49950,3157,3100,391,15000
1787552146402,49950,3157,3100,391,15000
1787552146502,49950,3157,3100,391,15000
1787552146602,49950,3157,3100,391,15000
1787552146702,49950,3157,3100,391,15000
1787552146802,49950,3157,3100,391,15000
1787552146902,49950,3157,3100,391,15000
1787552147002,49950,3157,3100,391,15000
1787552147102,49950,3157,3100,391,15000
1787552147202,49950,3157,3100,391,15000
1787552147302,49950,3157,3100,391,15000
1787552147402,49950,3157,3100,391,15000
1787552147502,49950,3157,3100,391,15000
1787552147602,49950,3157,3100,391,15000
1787552147702,49950,3157,3100,391,15000
1787552147802,49950,3157,3100,391,15000
1787552147902,49950,3157,3100,391,15000
1787552148002,49950,3157,3100,391,15000
1787552148102,49950,3157,3100,391,15000
1787552148202,49950,3157,3100,391,15000
1787552148302,49950,3157,3100,391,15000
1787552148402,49950,3157,3200,391,15000
1787552148502,49950,3157,3200,391,15000
1787552148602,49950,3157,3200,391,15000
1787552148702,49950,3157,3200,391,15000
1787552148802,49950,3157,3200,391,15000
1787552148902,49950,3157,3200,391,15000
1787552149002,49950,3157,3100,391,15000
1787552149102,49950,3157,3100,391,15000
1787552149202,49950,3157,3100,391,15000
1787552149302,49950,3157,3100,391,15000
1787552149402,49950,3157,3100,391,15000
1787552149502,49950,3157,3100,391,15000
1787552149602,49950,3157,3100,391,15000
1787552149702,49950,3157,3100,391,15000
1787552149802,49950,3157,3100,391,15000
1787552149902,49950,3157,3100,391,15000
1787552150002,49950,3157,3100,391,15000
1787552150102,49950,3157,3100,391,15000
1787552150202,49950,3157,3100,391,15000
1787552150302,49950,3157,3100,391,15000
1787552150402,49950,3157,3100,391,15000
1787552150502,49950,3157,3100,391,15000
1787552150602,49950,3157,3100,391,15000
1787552150702,49950,3157,3100,391,15000
1787552150802,49950,3157,3100,391,15000
1787552150902,49950,3157,3100,391,15000
1787552151002,49950,3157,3100,391,15000
1787552151102,49950,3157,3100,391,15000
1787552151202,49950,3157,3100,391,15000
1787552151302,49950,3157,3100,391,15000
1787552151402,49950,3157,3100,391,15000
1787552151502,49950,3157,3100,391,15000
1787552151602,49950,3157,3100,391,15000
1787552151702,49950,3157,3100,391,15000
1787552151802,49950,3157,3100,391,15000
1787552151902,49950,3157,3100,391,15000
1787552152002,49950,3157,3100,391,15000
1787552152102,49950,3157,3100,391,15000
1787552152202,49950,3157,3100,391,15000
1787552152302,49950,3157,3100,391,15000
1787552152402,49950,3157,3100,391,15000
1787552152502,49950,3157,3100,391,15000
1787552152602,49950,3157,3100,391,15000
1787552152702,49950,3157,3100,391,15000
1787552152802,49950,3157,3100,391,15000
1787552152902,49950,3157,3100,391,15000
1787552153002,49950,3157,3100,391,15000
1787552153102,49950,3157,3100,391,15000
1787552153202,49950,3157,3100,391,15000
1787552153302,49950,3157,3100,391,15000
1787552153402,49950,3157,3100,391,15000
1787552153502,49950,3157,3100,391,15000
1787552153602,49950,3157,3100,391,15000
1787552153702,49950,3157,3100,391,15000
1787552153802,49950,3157,3100,391,15000
1787552153902,49950,3157,3100,391,15000
1787552154002,49950,3157,3100,391,15000
1787552154102,49950,3157,3100,391,15000
1787552154202,49950,3157,3100,391,15000
1787552154302,49950,3157,3100,391,15000
1787552154402,49950,3157,3100,391,15000
1787552154502,49950,3157,3100,391,15000
1787552154602,49950,3157,3100,391,15000
1787552154702,49950,3157,3100,391,15000
1787552154802,49950,3157,3100,391,15000
1787552154902,49950,3157,3100,391,15000
1787552155002,49950,3157,3100,391,15000
1787552155102,49950,3157,3100,391,15000
1787552155202,49950,3157,3100,391,15000
1787552155302,49950,3157,3100,391,15000
1787552155402,49950,3157,3100,391,15000
1787552155502,49950,3157,3100,391,15000
1787552155602,49950,3157,3100,391,15000
1787552155702,49950,3157,3200,391,15000
1787552155802,49950,3157,3200,391,15000
1787552155902,49950,3157,3200,391,15000
1787552156002,49950,3157,3200,391,15000
1787552156102,49950,3157,3200,391,15000
1787552156202,49950,3157,3200,391,15000
1787552156302,49950,3157,3100,391,15000
1787552156402,49950,3157,3100,391,15000
1787552156502,49950,3157,3100,391,15000
1787552156602,49950,3157,3100,391,15000
1787552156702,49950,3157,3100,391,15000
1787552156802,49950,3157,3100,391,15000
1787552156902,49950,3157,3100,391,15000
1787552157002,49950,3157,3100,391,15000
1787552157102,49950,3157,3100,391,15000
1787552157202,49950,3157,3100,391,15000
1787552157302,49950,3157,3100,391,15000
1787552157402,49950,3157,3100,391,15000
1787552157502,49950,3157,3100,391,15000
1787552157602,49950,3157,3100,391,15000
1787552157702,49950,3157,3100,391,15000
1787552157802,49950,3157,3100,391,15000
1787552157902,49950,3157,3100,391,15000
1787552158002,49950,3157,3100,391,15000
1787552158102,49950,3157,3100,391,15000
1787552158202,49950,3157,3200,391,15000
1787552158302,49950,3157,3200,391,15000
1787552158402,49950,3157,3200,391,15000
1787552158503,49950,3157,3200,391,15000
1787552158602,49950,3157,3200,391,15000
1787552158702,49950,3157,3200,391,15000
1787552158802,49950,3157,3100,391,15000
1787552158902,49950,3157,3100,391,15000
1787552159002,49950,3157,3100,391,15000
1787552159102,49950,3157,3100,391,15000
1787552159202,49950,3157,3100,391,15000
1787552159302,49950,3157,3100,391,15000
1787552159402,49950,3157,3100,391,15000
1787552159502,49950,3157,3100,391,15000
1787552159602,49950,3157,3100,391,15000
1787552159702,49950,3157,3100,391,15000
1787552159802,49950,3157,3100,391,15000
1787552159902,49950,3157,3100,391,15000
1787552160002,49950,3157,3100,391,15000
1787552160102,49950,3157,3100,391,15000
1787552160202,49950,3157,3100,391,15000
1787552160302,49950,3157,3100,391,15000
1787552160402,49950,3157,3100,391,15000
1787552160502,49950,3157,3100,391,15000
1787552160602,49950,3157,3100,391,15000
1787552160702,49950,3157,3100,391,15000
1787552160802,49950,3157,3100,391,15000
1787552160902,49950,3157,3100,391,15000
1787552161002,49950,3157,3100,391,15000
1787552161102,49950,3157,3200,391,15000
1787552161202,49950,3157,3200,391,15000
1787552161302,49950,3157,3200,391,15000
1787552161402,49950,3157,3200,391,15000
1787552161502,49950,3157,3200,391,15000
1787552161602,49950,3157,3200,391,15000
1787552161702,49950,3157,3200,391,15000
1787552161802,49950,3157,3100,391,15000
1787552161902,49950,3157,3100,391,15000
1787552162002,49950,3157,3100,391,15000
1787552162102,49950,3157,3100,391,15000
1787552162202,49950,3157,3100,391,15000
1787552162302,49950,3157,3100,391,15000
1787552162402,49950,3157,3200,391,15000
1787552162502,49950,3157,3200,391,15000
1787552162602,49950,3157,3200,391,15000
1787552162702,49950,3157,3200,391,15000
1787552162802,49950,3157,3200,391,15000
1787552162902,49950,3157,3200,391,15000
1787552163002,49950,3157,3200,391,15000
1787552163102,49950,3157,3200,391,15000
1787552163202,49950,3157,3200,391,15000
1787552163302,49950,3157,3200,391,15000
1787552163402,49950,3157,3200,391,15000
1787552163502,49950,3157,3200,391,15000
1787552163602,49950,3157,3200,391,15000
1787552163702,49950,3157,3100,391,15000
1787552163802,49950,3157,3100,391,15000
1787552163902,49950,3157,3100,391,15000
1787552164002,49950,3157,3100,391,15000
1787552164102,49950,3157,3100,391,15000
1787552164202,49950,3157,3100,391,15000
1787552164302,49950,3157,3100,391,15000
1787552164402,49950,3157,3100,391,15000
1787552164502,49950,3157,3100,391,15000
1787552164602,49950,3157,3100,391,15000
1787552164702,49950,3157,3100,391,15000
1787552164802,49950,3157,3100,391,15000
1787552164902,49950,3157,3100,391,15000
1787552165002,49950,3157,3100,391,15000
1787552165102,49950,3157,3100,391,15000
1787552165202,49950,3157,3100,391,15000
1787552165302,49950,3157,3200,391,15000
1787552165402,49950,3157,3200,391,15000
1787552165502,49950,3157,3200,391,15000
1787552165602,49950,3157,3200,391,15000
1787552165702,49950,3157,3200,391,15000
1787552165802,49950,3157,3200,391,15000
1787552165902,49950,3157,3200,391,15000
1787552166002,49950,3157,3100,391,15000
1787552166102,49950,3157,3100,391,15000
1787552166202,49950,3157,3100,391,15000
1787552166302,49950,3157,3100,391,15000
1787552166402,49950,3157,3100,391,15000
1787552166502,49950,3157,3100,391,15000
1787552166602,49950,3157,3100,391,15000
1787552166702,49950,3157,3100,391,15000
1787552166802,49950,3157,3100,391,15000
1787552166902,49950,3157,3100,391,15000
1787552167002,49950,3157,3100,391,15000
1787552167102,49950,3157,3100,391,15000
1787552167202,49950,3157,3100,391,15000
1787552167302,49950,3157,3100,391,15000
1787552167402,49950,3157,3100,391,15000
1787552167502,49950,3157,3100,391,15000
1787552167602,49950,3157,3100,391,15000
1787552167702,49950,3157,3100,391,15000
1787552167802,49950,3157,3100,391,15000
1787552167902,49950,3157,3100,391,15000
1787552168002,49950,3157,3100,391,15000
1787552168102,49950,3157,3100,391,15000
1787552168202,49950,3157,3100,391,15000
1787552168302,49950,3157,3100,391,15000
1787552168402,49950,3157,3100,391,15000
1787552168502,49950,3157,3100,391,15000
1787552168602,49950,3157,3100,391,15000
1787552168702,49950,3157,3100,391,15000
1787552168802,49950,3157,3100,391,15000
1787552168902,49950,3157,3100,391,15000
1787552169002,49950,3157,3100,391,15000
1787552169102,49950,3157,3100,391,15000
1787552169202,49950,3157,3100,391,15000
1787552169302,49950,3157,3100,391,15000
1787552169402,49950,3157,3100,391,15000
1787552169502,49950,3157,3100,391,15000
1787552169602,49950,3157,3100,391,15000
1787552169702,49950,3157,3100,391,15000
1787552169802,49950,3157,3100,391,15000
1787552169902,49950,3157,3100,391,15000
1787552170002,49950,3157,3100,391,15000
1787552170102,49950,3157,3100,391,15000
1787552170202,49950,3157,3100,391,15000
1787552170302,49950,3157,3100,391,15000
1787552170402,49950,3157,3100,391,15000
1787552170502,49950,3157,3100,391,15000
1787552170602,49950,3157,3100,391,15000
1787552170702,49950,3157,3100,391,15000
1787552170802,49950,3157,3100,391,15000
1787552170902,49950,3157,3100,391,15000
1787552171002,49950,3157,3100,391,15000
1787552171102,49950,3157,3100,391,15000
1787552171202,49950,3157,3100,391,15000
1787552171302,49950,3157,3100,391,15000
1787552171402,49950,3157,3100,391,15000
1787552171502,49950,3157,3100,391,15000
1787552171602,49950,3157,3100,391,15000
1787552171702,49950,3157,3100,391,15000
1787552171802,49950,3157,3100,391,15000
1787552171902,49950,3157,3100,391,15000
1787552172002,49950,3157,3200,391,15000
1787552172102,49950,3157,3200,391,15000
1787552172202,49950,3157,3200,391,15000
1787552172302,49950,3157,3200,391,15000
1787552172402,49950,3157,3200,391,15000
1787552172502,49950,3157,3200,391,15000
1787552172602,49950,3157,3100,391,15000
1787552172702,49950,3157,3100,391,15000
1787552172802,49950,3157,3100,391,15000
1787552172902,49950,3157,3100,391,15000
1787552173002,49950,3157,3100,391,15000
1787552173102,49950,3157,3100,391,15000
1787552173202,49950,3157,3200,391,15000
1787552173302,49950,3157,3200,391,15000
1787552173402,49950,3157,3200,391,15000
1787552173502,49950,3157,3200,391,15000
1787552173602,49950,3157,3200,391,15000
1787552173702,49950,3157,3200,391,15000
1787552173802,49950,3157,3200,391,15000
1787552173902,49950,3157,3100,391,15000
1787552174002,49950,3157,3100,391,15000
1787552174102,49950,3157,3100,391,15000
1787552174202,49950,3157,3100,391,15000
1787552174302,49950,3157,3100,391,15000
1787552174402,49950,3157,3100,391,15000
1787552174502,49950,3157,3100,391,15000
1787552174602,49950,3157,3100,391,15000
1787552174702,49950,3157,3100,391,15000
1787552174802,49950,3157,3100,391,15000
1787552174902,49950,3157,3100,391,15000
1787552175002,49950,3157,3100,391,15000
1787552175102,49950,3157,3100,391,15000
1787552175202,49950,3157,3100,391,15000
1787552175302,49950,3157,3100,391,15000
1787552175402,49950,3157,3100,391,15000
1787552175502,49950,3157,3100,391,15000
1787552175602,49950,3157,3100,391,15000
1787552175702,49950,3157,3200,391,15000
1787552175802,49950,3157,3200,391,15000
1787552175902,49950,3157,3200,391,15000
1787552176002,49950,3157,3200,391,15000
1787552176102,49950,3157,3200,391,15000
1787552176202,49950,3157,3200,391,15000
1787552176302,49950,3157,3200,391,15000
1787552176402,49950,3157,3100,391,15000
1787552176502,49950,3157,3100,391,15000
1787552176602,49950,3157,3100,391,15000
1787552176702,49950,3157,3100,391,15000
1787552176802,49950,3157,3100,391,15000
1787552176902,49950,3157,3100,391,15000
1787552177002,49950,3157,3100,391,15000
1787552177102,49950,3157,3100,391,15000
1787552177202,49950,3157,3100,391,15000
1787552177302,49950,3157,3100,391,15000
1787552177402,49950,3157,3200,391,15000
1787552177502,49950,3157,3200,391,15000
1787552177602,49950,3157,3200,391,15000
1787552177702,49950,3157,3200,391,15000
1787552177802,49950,3157,3200,391,15000
1787552177902,49950,3157,3200,391,15000
1787552178002,49950,3157,3200,391,15000
1787552178102,49950,3157,3100,391,15000
1787552178202,49950,3157,3100,391,15000
1787552178302,49950,3157,3100,391,15000
1787552178402,49950,3157,3100,391,15000
1787552178502,49950,3157,3100,391,15000
1787552178602,49950,3157,3100,391,15000
1787552178702,49950,3157,3100,391,15000
1787552178802,49950,3157,3100,391,15000
1787552178902,49950,3157,3100,391,15000
1787552179002,49950,3157,3100,391,15000
1787552179102,49950,3157,3100,391,15000
1787552179202,49950,3157,3100,391,15000
1787552179302,49950,3157,3100,391,15000
1787552179402,49950,3157,3100,391,15000
1787552179502,49950,3157,3100,391,15000
1787552179602,49950,3157,3100,391,15000
1787552179702,49950,3157,3100,391,15000
1787552179802,49950,3157,3100,391,15000
1787552179902,49950,3157,3100,391,15000
1787552180002,49950,3157,3100,391,15000
1787552180102,49950,3157,3100,391,15000
1787552180202,49950,3157,3100,391,15000
1787552180302,49950,3157,3100,391,15000
1787552180402,49950,3157,3100,391,15000
1787552180502,49950,3157,3100,391,15000
1787552180602,49950,3157,3100,391,15000
1787552180702,49950,3157,3100,391,15000
1787552180802,49950,3157,3100,391,15000
1787552180902,49950,3157,3100,391,15000
1787552181002,49950,3157,3100,391,15000
1787552181102,49950,3157,3100,391,15000
1787552181202,49950,3157,3100,391,15000
1787552181303,49950,3157,3100,391,15000
1787552181402,49950,3157,3100,391,15000
1787552181502,49950,3157,3100,391,15000
1787552181602,49950,3157,3100,391,15000
1787552181702,49950,3157,3100,391,15000
1787552181802,49950,3157,3100,391,15000
1787552181902,49950,3157,3100,391,15000
1787552182002,49950,3157,3100,391,15000
1787552182102,49950,3157,3100,391,15000
1787552182202,49950,3157,3100,391,15000
1787552182302,49950,3157,3100,391,15000
1787552182402,49950,3157,3200,391,15000
1787552182502,49950,3157,3200,391,15000
1787552182602,49950,3157,3200,391,15000
1787552182702,49950,3157,3200,391,15000
1787552182802,49950,3157,3200,391,15000
1787552182902,49950,3157,3200,391,15000
1787552183002,49950,3157,3200,391,15000
1787552183102,49950,3157,3100,391,15000
1787552183202,49950,3157,3100,391,15000
1787552183302,49950,3157,3100,391,15000
1787552183402,49950,3157,3100,391,15000
1787552183502,49950,3157,3100,391,15000
1787552183602,49950,3157,3100,391,15000
1787552183702,49950,3157,3100,391,15000
1787552183802,49950,3157,3100,391,15000
1787552183902,49950,3157,3100,391,15000
1787552184002,49950,3157,3100,391,15000
1787552184102,49950,3157,3100,391,15000
1787552184202,49950,3157,3100,391,15000
1787552184302,49950,3157,3100,391,15000
1787552184402,49950,3157,3100,391,15000
1787552184502,49950,3157,3100,391,15000
1787552184602,49950,3157,3100,391,15000
1787552184702,49950,3157,3200,391,15000
1787552184802,49950,3157,3200,391,15000
1787552184902,49950,3157,3200,391,15000
1787552185002,49950,3157,3200,391,15000
1787552185102,49950,3157,3200,391,15000
1787552185202,49950,3157,3200,391,15000
1787552185302,49950,3157,3200,391,15000
1787552185402,49950,3157,3100,391,15000
1787552185502,49950,3157,3100,391,15000
1787552185602,49950,3157,3100,391,15000
1787552185702,49950,3157,3100,391,15000
1787552185802,49950,3157,3100,391,15000
1787552185902,49950,3157,3100,391,15000
1787552186002,49950,3157,3100,391,15000
1787552186102,49950,3157,3100,391,15000
1787552186202,49950,3157,3100,391,15000
1787552186302,49950,3157,3100,391,15000
1787552186402,49950,3157,3100,391,15000
1787552186502,49950,3157,3100,391,15000
1787552186602,49950,3157,3100,391,15000
1787552186702,49950,3157,3100,391,15000
1787552186802,49950,3157,3100,391,15000
1787552186902,49950,3157,3100,391,15000
1787552187002,49950,3157,3100,391,15000
1787552187102,49950,3157,3100,391,15000
1787552187202,49950,3157,3100,391,15000
1787552187302,49950,3157,3100,391,15000
1787552187402,49950,3157,3100,391,15000
1787552187502,49950,3157,3100,391,15000
1787552187602,49950,3157,3100,391,15000
1787552187702,49950,3157,3100,391,15000
1787552187802,49950,3157,3100,391,15000
1787552187902,49950,3157,3100,391,15000
1787552188002,49950,3157,3100,391,15000
1787552188102,49950,3157,3100,391,15000
1787552188202,49950,3157,3100,391,15000
1787552188302,49950,3157,3100,391,15000
1787552188402,49950,3157,3100,391,15000
1787552188502,49950,3157,3100,391,15000
1787552188602,49950,3157,3100,391,15000
1787552188702,49950,3157,3100,391,15000
1787552188802,49950,3157,3100,391,15000
1787552188902,49950,3157,3200,391,15000
1787552189003,49950,3157,3200,391,15000
1787552189102,49950,3157,3200,391,15000
1787552189202,49950,3157,3200,391,15000
1787552189302,49950,3157,3200,391,15000
1787552189402,49950,3157,3200,391,15000
1787552189502,49950,3157,3100,391,15000
1787552189602,49950,3157,3100,391,15000
1787552189702,49950,3157,3100,391,15000
1787552189802,49950,3157,3100,391,15000
1787552189902,49950,3157,3100,391,15000
1787552190002,49950,3157,3100,391,15000
1787552190102,49950,3157,3100,391,15000
1787552190202,49950,3157,3100,391,15000
1787552190302,49950,3157,3100,391,15000
1787552190402,49950,3157,3100,391,15000
1787552190502,49950,3157,3100,391,15000
1787552190602,49950,3157,3100,391,15000
1787552190702,49950,3157,3100,391,15000
1787552190802,49950,3157,3100,391,15000
1787552190902,49950,3157,3100,391,15000
1787552191002,49950,3157,3100,391,15000
1787552191102,49950,3157,3100,391,15000
1787552191202,49950,3157,3100,391,15000
1787552191302,49950,3157,3100,391,15000
1787552191402,49950,3157,3100,391,15000
1787552191503,49950,3157,3100,391,15000
1787552191602,49950,3157,3100,391,15000
1787552191702,49950,3157,3100,391,15000
1787552191802,49950,3157,3100,391,15000
1787552191902,49950,3157,3100,391,15000
1787552192002,49950,3157,3100,391,15000
1787552192102,49950,3157,3100,391,15000
1787552192202,49950,3157,3100,391,15000
1787552192302,49950,3157,3100,391,15000
1787552192402,49950,3157,3100,391,15000
1787552192502,49950,3157,3100,391,15000
1787552192602,49950,3157,3100,391,15000
1787552192702,49950,3157,3100,391,15000
1787552192802,49950,3157,3100,391,15000
1787552192902,49950,3157,3100,391,15000
1787552193002,49950,3157,3100,391,15000
1787552193102,49950,3157,3100,391,15000
1787552193202,49950,3157,3100,391,15000
1787552193302,49950,3157,3100,391,15000
1787552193402,49950,3157,3100,391,15000
1787552193502,49950,3157,3100,391,15000
1787552193602,49950,3157,3100,391,15000
1787552193702,49950,3157,3100,391,15000
1787552193802,49950,3157,3100,391,15000
1787552193902,49950,3157,3100,391,15000
1787552194002,49950,3157,3100,391,15000
1787552194102,49950,3157,3100,391,15000
1787552194202,49950,3157,3100,391,15000
1787552194302,49950,3157,3100,391,15000
1787552194402,49950,3157,3100,391,15000
1787552194502,49950,3157,3100,391,15000
1787552194602,49950,3157,3100,391,15000
1787552194702,49950,3157,3100,391,15000
1787552194802,49950,3157,3100,391,15000
1787552194902,49950,3157,3100,391,15000
1787552195002,49950,3157,3100,391,15000
1787552195102,49950,3157,3100,391,15000
1787552195202,49950,3157,3100,391,15000
1787552195302,49950,3157,3100,391,15000
1787552195402,49950,3157,3100,391,15000
1787552195502,49950,3157,3100,391,15000
1787552195602,49950,3157,3100,391,15000
1787552195702,49950,3157,3100,391,15000
1787552195802,49950,3157,3100,391,15000
1787552195902,49950,3157,3100,391,15000
1787552196002,49950,3157,3100,391,15000
1787552196102,49950,3157,3100,391,15000
1787552196202,49950,3157,3100,391,15000
1787552196302,49950,3157,3100,391,15000
1787552196402,49950,3157,3100,391,15000
1787552196502,49950,3157,3100,391,15000
1787552196602,49950,3157,3100,391,15000
1787552196702,49950,3157,3100,391,15000
1787552196802,49950,3157,3100,391,15000
1787552196902,49950,3157,3100,391,15000
1787552197002,49950,3157,3100,391,15000
1787552197102,49950,3157,3100,391,15000
1787552197202,49950,3157,3100,391,15000
1787552197302,49950,3157,3100,391,15000
1787552197402,49950,3157,3100,391,15000
1787552197502,49950,3157,3100,391,15000
1787552197602,49950,3157,3100,391,15000
1787552197702,49950,3157,3100,391,15000
1787552197802,49950,3157,3100,391,15000
1787552197902,49950,3157,3100,391,15000
1787552198002,49950,3157,3100,391,15000
1787552198102,49950,3157,3100,391,15000
1787552198202,49950,3157,3100,391,15000
1787552198302,49950,3157,3100,391,15000
1787552198402,49950,3157,3100,391,15000
1787552198502,49950,3157,3100,391,15000
1787552198602,49950,3157,3100,391,15000
1787552198702,49950,3157,3100,391,15000
1787552198802,49950,3157,3100,391,15000
1787552198902,49950,3157,3100,391,15000
1787552199002,49950,3157,3100,391,15000
1787552199102,49950,3157,3100,391,15000
1787552199202,49950,3157,3100,391,15000
1787552199302,49950,3157,3100,391,15000
1787552199402,49950,3157,3100,391,15000
1787552199502,49950,3157,3100,391,15000
1787552199602,49950,3157,3100,391,15000
1787552199702,49950,3157,3100,391,15000
1787552199802,49950,3157,3100,391,15000
1787552199902,49950,3157,3100,391,15000
1787552200002,49950,3157,3100,391,15000
1787552200102,49950,3157,3100,391,15000
1787552200202,49950,3157,3100,391,15000
1787552200302,49950,3157,3100,391,15000
1787552200402,49950,3157,3100,391,15000
1787552200502,49950,3157,3100,391,15000
1787552200602,49950,3157,3100,391,15000
1787552200702,49950,3157,3100,391,15000
1787552200802,49950,3157,3100,391,15000
1787552200902,49950,3157,3100,391,15000
1787552201002,49950,3157,3100,391,15000
1787552201102,49950,3157,3100,391,15000
1787552201202,49950,3157,3100,391,15000
1787552201302,49950,3157,3100,391,15000
1787552201402,49950,3157,3100,391,15000
1787552201502,49950,3157,3100,391,15000
1787552201602,49950,3157,3100,391,15000
1787552201702,49950,3157,3100,391,15000
1787552201802,49950,3157,3100,391,15000
1787552201902,49950,3157,3100,391,15000
1787552202002,49950,3157,3100,391,15000
1787552202102,49950,3157,3100,391,15000
1787552202202,49950,3157,3100,391,15000
1787552202302,49950,3157,3100,391,15000
1787552202402,49950,3157,3100,391,15000
1787552202502,49950,3157,3100,391,15000
1787552202602,49950,3157,3100,391,15000
1787552202702,49950,3157,3100,391,15000
1787552202802,49950,3157,3100,391,15000
1787552202902,49950,3157,3100,391,15000
1787552203002,49950,3157,3100,391,15000
1787552203102,49950,3157,3100,391,15000
1787552203202,49950,3157,3100,391,15000
1787552203302,49950,3157,3100,391,15000
1787552203402,49950,3157,3100,391,15000
1787552203502,49950,3157,3100,391,15000
1787552203602,49950,3157,3100,391,15000
1787552203702,49950,3157,3100,391,15000
1787552203802,49950,3157,3100,391,15000
1787552203902,49950,3157,3100,391,15000
1787552204002,49950,3157,3100,391,15000
1787552204102,49950,3157,3100,391,15000
1787552204202,49950,3157,3100,391,15000
1787552204302,49950,3157,3100,391,15000
1787552204402,49950,3157,3100,391,15000
1787552204502,49950,3157,3100,391,15000
1787552204602,49950,3157,3100,391,15000
1787552204702,49950,3157,3100,391,15000
1787552204802,49950,3157,3100,391,15000
1787552204902,49950,3157,3100,391,15000
1787552205002,49950,3157,3100,391,15000
1787552205102,49950,3157,3100,391,15000
1787552205202,49950,3157,3100,391,15000
1787552205302,49950,3157,3100,391,15000
1787552205402,49950,3157,3100,391,15000
1787552205502,49950,3157,3100,391,15000
1787552205602,49950,3157,3100,391,15000
1787552205702,49950,3157,3100,391,15000
1787552205802,49950,3157,3100,391,15000
1787552205902,49950,3157,3100,391,15000
1787552206002,49950,3157,3100,391,15000
1787552206102,49950,3157,3100,391,15000
1787552206202,49950,3157,3100,391,15000
1787552206302,49950,3157,3100,391,15000
1787552206402,49950,3157,3100,391,15000
1787552206502,49950,3157,3100,391,15000
1787552206602,49950,3157,3100,391,15000
1787552206702,49950,3157,3100,391,15000
1787552206802,49950,3157,3100,391,15000
1787552206902,49950,3157,3100,391,15000
1787552207002,49950,3157,3100,391,15000
1787552207102,49950,3157,3100,391,15000
1787552207202,49950,3157,3100,391,15000
1787552207302,49950,3157,3100,391,15000
1787552207402,49950,3157,3100,391,15000
1787552207502,49950,3157,3100,391,15000
1787552207602,49950,3157,3100,391,15000
1787552207702,49950,3157,3100,391,15000
1787552207802,49950,3157,3100,391,15000
1787552207902,49950,3157,3100,391,15000
1787552208002,49950,3157,3100,391,15000
1787552208102,49950,3157,3100,391,15000
1787552208202,49950,3157,3100,391,15000
1787552208302,49950,3157,3100,391,15000
1787552208402,49950,3157,3100,391,15000
1787552208502,49950,3157,3100,391,15000
1787552208602,49950,3157,3100,391,15000
1787552208702,49950,3157,3100,391,15000
1787552208803,49950,3157,3100,391,15000
1787552208902,49950,3157,3100,391,15000
1787552209002,49950,3157,3100,391,15000
1787552209102,49950,3157,3100,391,15000
1787552209202,49950,3157,3100,391,15000
1787552209302,49950,3157,3100,391,15000
1787552209402,49950,3157,3100,391,15000
1787552209502,49950,3157,3100,391,15000
1787552209602,49950,3157,3100,391,15000
1787552209702,49950,3157,3100,391,15000
1787552209802,49950,3157,3100,391,15000
1787552209902,49950,3157,3100,391,15000
1787552210002,49950,3157,3100,391,15000
1787552210102,49950,3157,3100,391,15000
1787552210202,49950,3157,3100,391,15000
1787552210302,49950,3157,3100,391,15000
1787552210402,49950,3157,3100,391,15000
1787552210502,49950,3157,3100,391,15000
1787552210602,49950,3157,3100,391,15000
1787552210702,49950,3157,3100,391,15000
1787552210802,49950,3157,3100,391,15000
1787552210902,49950,3157,3100,391,15000
1787552211002,49950,3157,3100,391,15000
1787552211102,49950,3157,3100,391,15000
1787552211202,49950,3157,3100,391,15000
1787552211302,49950,3157,3100,391,15000
1787552211402,49950,3157,3100,391,15000
1787552211502,49950,3157,3100,391,15000
1787552211602,49950,3157,3100,391,15000
1787552211702,49950,3157,3100,391,15000
1787552211802,49950,3157,3100,391,15000
1787552211902,49950,3157,3100,391,15000
1787552212002,49950,3157,3100,391,15000
1787552212102,49950,3157,3100,391,15000
1787552212202,49950,3157,3100,391,15000
1787552212302,49950,3157,3100,391,15000
1787552212402,49950,3157,3100,391,15000
1787552212502,49950,3157,3100,391,15000
1787552212602,49950,3157,3100,391,15000
1787552212702,49950,3157,3100,391,15000
1787552212802,49950,3157,3100,391,15000
1787552212902,49950,3157,3100,391,15000
1787552213002,49950,3157,3100,391,15000
1787552213102,49950,3157,3100,391,15000
1787552213202,49950,3157,3100,391,15000
1787552213302,49950,3157,3100,391,15000
1787552213402,49950,3157,3100,391,15000
1787552213502,49950,3157,3100,391,15000
1787552213602,49950,3157,3100,391,15000
1787552213702,49950,3157,3100,391,15000
1787552213802,49950,3157,3100,391,15000
1787552213902,49950,3157,3100,391,15000
1787552214002,49950,3157,3100,391,15000
1787552214103,49950,3157,3100,391,15000
1787552214202,49950,3157,3100,391,15000
1787552214302,49950,3157,3100,391,15000
1787552214402,49950,3157,3100,391,15000
1787552214502,49950,3157,3100,391,15000
1787552214602,49950,3157,3100,391,15000
1787552214702,49950,3157,3100,391,15000
1787552214802,49950,3157,3100,391,15000
1787552214902,49950,3157,3100,391,15000
1787552215001,49950,3157,3100,391,15000
1787552215102,49950,3157,3100,391,15000
1787552215202,49950,3157,3100,391,15000
1787552215302,49950,3157,3100,391,15000
1787552215402,49950,3157,3100,391,15000
1787552215502,49950,3157,3100,391,15000
1787552215602,49950,3157,3100,391,15000
1787552215702,49950,3157,3100,391,15000
1787552215802,49950,3157,3100,391,15000
1787552215902,49950,3157,3100,391,15000
1787552216002,49950,3157,3100,391,15000
1787552216102,49950,3157,3100,391,15000
1787552216202,49950,3157,3100,391,15000
1787552216302,49950,3157,3100,391,15000
1787552216402,49950,3157,3100,391,15000
1787552216502,49950,3157,3100,391,15000
1787552216602,49950,3157,3100,391,15000
1787552216702,49950,3157,3200,391,15000
1787552216802,49950,3157,3200,391,15000
1787552216902,49950,3157,3200,391,15000
1787552217002,49950,3157,3200,391,15000
1787552217102,49950,3157,3200,391,15000
1787552217202,49950,3157,3200,391,15000
1787552217302,49950,3157,3100,391,15000
1787552217402,49950,3157,3100,391,15000
1787552217502,49950,3157,3100,391,15000
1787552217602,49950,3157,3100,391,15000
1787552217702,49950,3157,3100,391,15000
1787552217802,49950,3157,3100,391,15000
1787552217902,49950,3157,3100,391,15000
1787552218002,49950,3157,3100,391,15000
1787552218102,49950,3157,3100,391,15000
1787552218202,49950,3157,3100,391,15000
1787552218302,49950,3157,3100,391,15000
1787552218402,49950,3157,3100,391,15000
1787552218502,49950,3157,3100,391,15000
1787552218602,49950,3157,3100,391,15000
1787552218702,49950,3157,3100,391,15000
1787552218802,49950,3157,3100,391,15000
1787552218902,49950,3157,3100,391,15000
1787552219002,49950,3157,3100,391,15000
1787552219102,49950,3157,3200,391,15000
1787552219202,49950,3157,3200,391,15000
1787552219303,49950,3157,3200,391,15000
1787552219402,49950,3157,3200,391,15000
1787552219502,49950,3157,3200,391,15000
1787552219602,49950,3157,3200,391,15000
1787552219702,49950,3157,3200,391,15000
1787552219802,49950,3157,3200,391,15000
1787552219902,49950,3157,3200,391,15000
1787552220002,49950,3157,3200,391,15000
1787552220102,49950,3157,3200,391,15000
1787552220202,49950,3157,3200,391,15000
1787552220302,49950,3157,3200,391,15000
1787552220402,49950,3157,3100,391,15000
1787552220502,49950,3157,3100,391,15000
1787552220602,49950,3157,3100,391,15000
1787552220702,49950,3157,3100,391,15000
1787552220802,49950,3157,3100,391,15000
1787552220902,49950,3157,3100,391,15000
1787552221002,49950,3157,3100,391,15000
1787552221102,49950,3157,3100,391,15000
1787552221202,49950,3157,3100,391,15000
1787552221302,49950,3157,3100,391,15000
1787552221402,49950,3157,3100,391,15000
1787552221502,49950,3157,3100,391,15000
1787552221602,49950,3157,3100,391,15000
1787552221703,49950,3157,3100,391,15000
1787552221802,49950,3157,3100,391,15000
1787552221902,49950,3157,3100,391,15000
1787552222002,49950,3157,3100,391,15000
1787552222102,49950,3157,3100,391,15000
1787552222202,49950,3157,3100,391,15000
1787552222302,49950,3157,3100,391,15000
1787552222402,49950,3157,3100,391,15000
1787552222502,49950,3157,3100,391,15000
1787552222602,49950,3157,3100,391,15000
1787552222702,49950,3157,3100,391,15000
1787552222802,49950,3157,3100,391,15000
1787552222902,49950,3157,3100,391,15000
1787552223002,49950,3157,3100,391,15000
1787552223102,49950,3157,3100,391,15000
1787552223202,49950,3157,3100,391,15000
1787552223302,49950,3157,3100,391,15000
1787552223402,49950,3157,3100,391,15000
1787552223502,49950,3157,3100,391,15000
1787552223602,49950,3157,3100,391,15000
1787552223702,49950,3157,3100,391,15000
1787552223802,49950,3157,3100,391,15000
1787552223902,49950,3157,3100,391,15000
1787552224002,49950,3157,3100,391,15000
1787552224102,49950,3157,3100,391,15000
1787552224202,49950,3157,3100,391,15000
1787552224302,49950,3157,3100,391,15000
1787552224402,49950,3157,3100,391,15000
1787552224502,49950,3157,3100,391,15000
1787552224602,49950,3157,3100,391,15000
1787552224702,49950,3157,3100,391,15000
1787552224802,49950,3157,3100,391,15000
1787552224902,49950,3157,3100,391,15000
1787552225002,49950,3157,3100,391,15000
1787552225102,49950,3157,3100,391,15000
1787552225202,49950,3157,3100,391,15000
1787552225302,49950,3157,3100,391,15000
1787552225402,49950,3157,3100,391,15000
1787552225502,49950,3157,3100,391,15000
1787552225602,49950,3157,3100,391,15000
1787552225702,49950,3157,3100,391,15000
1787552225802,49950,3157,3100,391,15000
1787552225902,49950,3157,3100,391,15000
1787552226002,49950,3157,3100,391,15000
1787552226102,49950,3157,3100,391,15000
1787552226202,49950,3157,3100,391,15000
1787552226302,49950,3157,3100,391,15000
1787552226402,49950,3157,3100,391,15000
1787552226502,49950,3157,3100,391,15000
1787552226602,49950,3157,3100,391,15000
1787552226702,49950,3157,3100,391,15000
1787552226802,49950,3157,3100,391,15000
1787552226902,49950,3157,3100,391,15000
1787552227002,49950,3157,3100,391,15000
1787552227102,49950,3157,3100,391,15000
1787552227202,49950,3157,3100,391,15000
1787552227302,49950,3157,3100,391,15000
1787552227402,49950,3157,3100,391,15000
1787552227502,49950,3157,3100,391,15000
1787552227602,49950,3157,3100,391,15000
1787552227702,49950,3157,3200,391,15000
1787552227802,49950,3157,3200,391,15000
1787552227902,49950,3157,3200,391,15000
1787552228002,49950,3157,3200,391,15000
1787552228102,49950,3157,3200,391,15000
1787552228202,49950,3157,3200,391,15000
1787552228302,49950,3157,3100,391,15000
1787552228402,49950,3157,3100,391,15000
1787552228502,49950,3157,3100,391,15000
1787552228602,49950,3157,3100,391,15000
1787552228702,49950,3157,3100,391,15000
1787552228802,49950,3157,3100,391,15000
1787552228902,49950,3157,3100,391,15000
1787552229002,49950,3157,3100,391,15000
1787552229102,49950,3157,3100,391,15000
1787552229202,49950,3157,3100,391,15000
1787552229302,49950,3157,3100,391,15000
1787552229402,49950,3157,3100,391,15000
1787552229502,49950,3157,3100,391,15000
1787552229602,49950,3157,3100,391,15000
1787552229703,49950,3157,3100,391,15000
1787552229802,49950,3157,3100,391,15000
1787552229902,49950,3157,3100,391,15000
1787552230002,49950,3157,3100,391,15000
1787552230102,49950,3157,3100,391,15000
1787552230202,49950,3157,3100,391,15000
1787552230302,49950,3157,3100,391,15000
1787552230402,49950,3157,3100,391,15000
1787552230502,49950,3157,3100,391,15000
1787552230602,49950,3157,3100,391,15000
1787552230702,49950,3157,3100,391,15000
1787552230802,49950,3157,3100,391,15000
1787552230902,49950,3157,3100,391,15000
1787552231002,49950,3157,3100,391,15000
1787552231102,49950,3157,3100,391,15000
1787552231202,49950,3157,3100,391,15000
1787552231302,49950,3157,3100,391,15000
1787552231402,49950,3157,3100,391,15000
1787552231502,49950,3157,3100,391,15000
1787552231602,49950,3157,3100,391,15000
1787552231702,49950,3157,3100,391,15000
1787552231802,49950,3157,3100,391,15000
1787552231902,49950,3157,3100,391,15000
1787552232002,49950,3157,3100,391,15000
1787552232102,49950,3157,3100,391,15000
1787552232202,49950,3157,3100,391,15000
1787552232302,49950,3157,3100,391,15000
1787552232402,49950,3157,3100,391,15000
1787552232502,49950,3157,3100,391,15000
1787552232602,49950,3157,3100,391,15000
1787552232702,49950,3157,3100,391,15000
1787552232802,49950,3157,3100,391,15000
1787552232902,49950,3157,3100,391,15000
1787552233002,49950,3157,3100,391,15000
1787552233102,49950,3157,3100,391,15000
1787552233202,49950,3157,3100,391,15000
1787552233302,49950,3157,3100,391,15000
1787552233402,49950,3157,3100,391,15000
1787552233502,49950,3157,3100,391,15000
1787552233602,49950,3157,3100,391,15000
1787552233702,49950,3157,3100,391,15000
1787552233802,49950,3157,3100,391,15000
1787552233902,49950,3157,3100,391,15000
1787552234002,49950,3157,3100,391,15000
1787552234102,49950,3157,3100,391,15000
1787552234202,49950,3157,3100,391,15000
1787552234302,49950,3157,3100,391,15000
1787552234402,49950,3157,3100,391,15000
1787552234502,49950,3157,3100,391,15000
1787552234602,49950,3157,3100,391,15000
1787552234702,49950,3157,3100,391,15000
1787552234802,49950,3157,3100,391,15000
1787552234902,49950,3157,3100,391,15000
1787552235002,49950,3157,3100,391,15000
1787552235102,49950,3157,3100,391,15000
1787552235202,49950,3157,3100,391,15000
1787552235302,49950,3157,3100,391,15000
1787552235402,49950,3157,3100,391,15000
1787552235502,49950,3157,3100,391,15000
1787552235603,49950,3157,3100,391,15000
1787552235702,49950,3157,3100,391,15000
1787552235802,49950,3157,3100,391,15000
1787552235902,49950,3157,3100,391,15000
1787552236002,49950,3157,3100,391,15000
1787552236102,49950,3157,3100,391,15000
1787552236202,49950,3157,3100,391,15000
1787552236302,49950,3157,3100,391,15000
1787552236402,49950,3157,3100,391,15000
1787552236501,49950,3157,3100,391,15000
1787552236603,49950,3157,3100,391,15000
1787552236702,49950,3157,3100,391,15000
1787552236802,49950,3157,3100,391,15000
1787552236902,49950,3157,3100,391,15000
1787552237002,49950,3157,3100,391,15000
1787552237102,49950,3157,3100,391,15000
1787552237202,49950,3157,3100,391,15000
1787552237302,49950,3157,3100,391,15000
1787552237402,49950,3157,3100,391,15000
1787552237502,49950,3157,3100,391,15000
1787552237602,49950,3157,3100,391,15000
1787552237702,49950,3157,3100,391,15000
1787552237802,49950,3157,3100,391,15000
1787552237902,49950,3157,3200,391,15000
1787552238002,49950,3157,3200,391,15000
1787552238102,49950,3157,3200,391,15000
1787552238202,49950,3157,3200,391,15000
1787552238302,49950,3157,3200,391,15000
1787552238402,49950,3157,3200,391,15000
1787552238502,49950,3157,3200,391,15000
1787552238602,49950,3157,3100,391,15000
1787552238702,49950,3157,3100,391,15000
1787552238802,49950,3157,3100,391,15000
1787552238902,49950,3157,3100,391,15000
1787552239002,49950,3157,3100,391,15000
1787552239102,49950,3157,3100,391,15000
1787552239202,49950,3157,3100,391,15000
1787552239302,49950,3157,3100,391,15000
1787552239402,49950,3157,3100,391,15000
1787552239502,49950,3157,3100,391,15000
1787552239602,49950,3157,3100,391,15000
1787552239702,49950,3157,3100,391,15000
1787552239802,49950,3157,3100,391,15000
1787552239902,49950,3157,3100,391,15000
1787552240002,49950,3157,3100,391,15000
1787552240102,49950,3157,3100,391,15000
1787552240202,49950,3157,3100,391,15000
1787552240302,49950,3157,3100,391,15000
1787552240402,49950,3157,3100,391,15000
1787552240502,49950,3157,3100,391,15000
1787552240602,49950,3157,3100,391,15000
1787552240702,49950,3157,3100,391,15000
1787552240802,49950,3157,3100,391,15000
1787552240902,49950,3157,3100,391,15000
1787552241002,49950,3157,3100,391,15000
1787552241102,49950,3157,3100,391,15000
1787552241202,49950,3157,3100,391,15000
1787552241302,49950,3157,3100,391,15000
1787552241402,49950,3157,3100,391,15000
1787552241502,49950,3157,3100,391,15000
1787552241602,49950,3157,3100,391,15000
1787552241702,49950,3157,3100,391,15000
1787552241802,49950,3157,3100,391,15000
1787552241902,49950,3157,3100,391,15000
1787552242002,49950,3157,3100,391,15000
1787552242102,49950,3157,3100,391,15000
1787552242202,49950,3157,3100,391,15000
1787552242302,49950,3157,3100,391,15000
1787552242402,49950,3157,3100,391,15000
1787552242502,49950,3157,3100,391,15000
1787552242602,49950,3157,3100,391,15000
1787552242702,49950,3157,3100,391,15000
1787552242802,49950,3157,3100,391,15000
1787552242902,49950,3157,3100,391,15000
1787552243002,49950,3157,3100,391,15000
1787552243102,49950,3157,3100,391,15000
1787552243202,49950,3157,3100,391,15000
1787552243302,49950,3157,3100,391,15000
1787552243402,49950,3157,3100,391,15000
1787552243502,49950,3157,3100,391,15000
1787552243602,49950,3157,3100,391,15000
1787552243702,49950,3157,3100,391,15000
1787552243802,49950,3157,3100,391,15000
1787552243902,49950,3157,3100,391,15000
1787552244002,49950,3157,3100,391,15000
1787552244102,49950,3157,3100,391,15000
1787552244202,49950,3157,3100,391,15000
1787552244302,49950,3157,3100,391,15000
1787552244402,49950,3157,3100,391,15000
1787552244502,49950,3157,3100,391,15000
1787552244602,49950,3157,3100,391,15000
1787552244702,49950,3157,3100,391,15000
1787552244802,49950,3157,3100,391,15000
1787552244902,49950,3157,3100,391,15000
1787552245002,49950,3157,3100,391,15000
1787552245102,49950,3157,3100,391,15000
1787552245202,49950,3157,3100,391,15000
1787552245302,49950,3157,3200,391,15000
1787552245402,49950,3157,3200,391,15000
1787552245502,49950,3157,3200,391,15000
1787552245602,49950,3157,3200,391,15000
1787552245702,49950,3157,3200,391,15000
1787552245802,49950,3157,3200,391,15000
1787552245902,49950,3157,3100,391,15000
1787552246002,49950,3157,3100,391,15000
1787552246102,49950,3157,3100,391,15000
1787552246202,49950,3157,3100,391,15000
1787552246302,49950,3157,3100,391,15000
1787552246402,49950,3157,3100,391,15000
1787552246502,49950,3157,3100,391,15000
1787552246602,49950,3157,3100,391,15000
1787552246702,49950,3157,3100,391,15000
1787552246802,49950,3157,3100,391,15000
1787552246902,49950,3157,3100,391,15000
1787552247002,49950,3157,3100,391,15000
1787552247102,49950,3157,3100,391,15000
1787552247202,49950,3157,3100,391,15000
1787552247302,49950,3157,3100,391,15000
1787552247402,49950,3157,3100,391,15000
1787552247502,49950,3157,3100,391,15000
1787552247602,49950,3157,3100,391,15000
1787552247702,49950,3157,3100,391,15000
1787552247802,49950,3157,3100,391,15000
1787552247902,49950,3157,3100,391,15000
1787552248002,49950,3157,3100,391,15000
1787552248102,49950,3157,3100,391,15000
1787552248202,49950,3157,3100,391,15000
1787552248302,49950,3157,3100,391,15000
1787552248402,49950,3157,3100,391,15000
1787552248502,49950,3157,3100,391,15000
1787552248602,49950,3157,3100,391,15000
1787552248702,49950,3157,3100,391,15000
1787552248802,49950,3157,3100,391,15000
1787552248902,49950,3157,3100,391,15000
1787552249002,49950,3157,3100,391,15000
1787552249102,49950,3157,3100,391,15000
1787552249203,49950,3157,3100,391,15000
1787552249302,49950,3157,3100,391,15000
1787552249402,49950,3157,3100,391,15000
1787552249502,49950,3157,3200,391,15000
1787552249602,49950,3157,3200,391,15000
1787552249702,49950,3157,3200,391,15000
1787552249802,49950,3157,3200,391,15000
1787552249902,49950,3157,3200,391,15000
1787552250002,49950,3157,3200,391,15000
1787552250102,49950,3157,3100,391,15000
1787552250202,49950,3157,3100,391,15000
1787552250302,49950,3157,3100,391,15000
1787552250402,49950,3157,3100,391,15000
1787552250502,49950,3157,3100,391,15000
1787552250602,49950,3157,3100,391,15000
1787552250702,49950,3157,3100,391,15000
1787552250802,49950,3157,3100,391,15000
1787552250902,49950,3157,3100,391,15000
1787552251002,49950,3157,3100,391,15000
1787552251102,49950,3157,3100,391,15000
1787552251202,49950,3157,3100,391,15000
1787552251302,49950,3157,3100,391,15000
1787552251402,49950,3157,3100,391,15000
1787552251502,49950,3157,3100,391,15000
1787552251602,49950,3157,3100,391,15000
1787552251702,49950,3157,3100,391,15000
1787552251802,49950,3157,3100,391,15000
1787552251902,49950,3157,3100,391,15000
1787552252002,49950,3157,3100,391,15000
1787552252102,49950,3157,3100,391,15000
1787552252202,49950,3157,3100,391,15000
1787552252302,49950,3157,3100,391,15000
1787552252402,49950,3157,3200,391,15000
1787552252502,49950,3157,3200,391,15000
1787552252602,49950,3157,3200,391,15000
1787552252702,49950,3157,3200,391,15000
1787552252802,49950,3157,3200,391,15000
1787552252902,49950,3157,3200,391,15000
1787552253002,49950,3157,3200,391,15000
1787552253102,49950,3157,3100,391,15000
1787552253202,49950,3157,3100,391,15000
1787552253302,49950,3157,3100,391,15000
1787552253402,49950,3157,3100,391,15000
1787552253502,49950,3157,3100,391,15000
1787552253602,49950,3157,3100,391,15000
1787552253702,49950,3157,3100,391,15000
1787552253802,49950,3157,3100,391,15000
1787552253902,49950,3157,3100,391,15000
1787552254002,49950,3157,3100,391,15000
1787552254102,49950,3157,3100,391,15000
1787552254202,49950,3157,3100,391,15000
1787552254302,49950,3157,3100,391,15000
1787552254402,49950,3157,3100,391,15000
1787552254502,49950,3157,3100,391,15000
1787552254602,49950,3157,3100,391,15000
1787552254702,49950,3157,3100,391,15000
1787552254802,49950,3157,3100,391,15000
1787552254902,49950,3157,3100,391,15000
1787552255002,49950,3157,3200,391,15000
1787552255102,49950,3157,3200,391,15000
1787552255202,49950,3157,3200,391,15000
1787552255302,49950,3157,3200,391,15000
1787552255402,49950,3157,3100,391,15000
1787552255502,49950,3157,3100,391,15000
1787552255602,49950,3157,3100,391,15000
1787552255702,49950,3157,3100,391,15000
1787552255802,49950,3157,3100,391,15000
1787552255902,49950,3157,3100,391,15000
1787552256002,49950,3157,3100,391,15000
1787552256102,49950,3157,3100,391,15000
1787552256202,49950,3157,3100,391,15000
1787552256302,49950,3157,3100,391,15000
1787552256402,49950,3157,3100,391,15000
1787552256502,49950,3157,3100,391,15000
1787552256602,49950,3157,3100,391,15000
1787552256702,49950,3157,3100,391,15000
1787552256802,49950,3157,3100,391,15000
1787552256902,49950,3157,3100,391,15000
1787552257002,49950,3157,3100,391,15000
1787552257102,49950,3157,3100,391,15000
1787552257202,49950,3157,3100,391,15000
1787552257302,49950,3157,3100,391,15000
1787552257402,49950,3157,3100,391,15000
1787552257502,49950,3157,3100,391,15000
1787552257602,49950,3157,3100,391,15000
1787552257702,49950,3157,3100,391,15000
1787552257802,49950,3157,3100,391,15000
1787552257902,49950,3157,3100,391,15000
1787552258002,49950,3157,3100,391,15000
1787552258102,49950,3157,3100,391,15000
1787552258202,49950,3157,3100,391,15000
1787552258302,49950,3157,3100,391,15000
1787552258402,49950,3157,3100,391,15000
1787552258502,49950,3157,3100,391,15000
1787552258602,49950,3157,3100,391,15000
1787552258702,49950,3157,3100,391,15000
1787552258802,49950,3157,3100,391,15000
1787552258902,49950,3157,3100,391,15000
1787552259002,49950,3157,3100,391,15000
1787552259102,49950,3157,3100,391,15000
1787552259202,49950,3157,3100,391,15000
1787552259302,49950,3157,3100,391,15000
1787552259402,49950,3157,3100,391,15000
1787552259502,49950,3157,3100,391,15000
1787552259602,49950,3157,3100,391,15000
1787552259702,49950,3157,3100,391,15000
1787552259802,49950,3157,3100,391,15000
1787552259902,49950,3157,3100,391,15000
1787552260002,49950,3157,3100,391,15000
1787552260102,49950,3157,3100,391,15000
1787552260202,49950,3157,3100,391,15000
1787552260302,49950,3157,3100,391,15000
1787552260402,49950,3157,3100,391,15000
1787552260502,49950,3157,3100,391,15000
1787552260602,49950,3157,3100,391,15000
1787552260702,49950,3157,3100,391,15000
1787552260802,49950,3157,3100,391,15000
1787552260902,49950,3157,3100,391,15000
1787552261002,49950,3157,3100,391,15000
1787552261102,49950,3157,3100,391,15000
1787552261202,49950,3157,3100,391,15000
1787552261302,49950,3157,3100,391,15000
1787552261402,49950,3157,3100,391,15000
1787552261502,49950,3157,3100,391,15000
1787552261602,49950,3157,3100,391,15000
1787552261702,49950,3157,3100,391,15000
1787552261802,49950,3157,3100,391,15000
1787552261902,49950,3157,3100,391,15000
1787552262002,49950,3157,3100,391,15000
1787552262102,49950,3157,3100,391,15000
1787552262202,49950,3157,3100,391,15000
1787552262302,49950,3157,3100,391,15000
1787552262402,49950,3157,3100,391,15000
1787552262502,49950,3157,3100,391,15000
1787552262602,49950,3157,3100,391,15000
1787552262702,49950,3157,3100,391,15000
1787552262802,49950,3157,3100,391,15000
1787552262902,49950,3157,3100,391,15000
1787552263002,49950,3157,3100,391,15000
1787552263102,49950,3157,3100,391,15000
1787552263202,49950,3157,3100,391,15000
1787552263302,49950,3157,3100,391,15000
1787552263402,49950,3157,3100,391,15000
1787552263502,49950,3157,3100,391,15000
1787552263602,49950,3157,3100,391,15000
1787552263702,49950,3157,3100,391,15000
1787552263802,49950,3157,3100,391,15000
1787552263902,49950,3157,3100,391,15000
1787552264002,49950,3157,3100,391,15000
1787552264102,49950,3157,3100,391,15000
1787552264202,49950,3157,3100,391,15000
1787552264302,49950,3157,3100,391,15000
1787552264402,49950,3157,3100,391,15000
1787552264502,49950,3157,3100,391,15000
1787552264602,49950,3157,3100,391,15000
1787552264702,49950,3157,3100,391,15000
1787552264802,49950,3157,3100,391,15000
1787552264903,49950,3157,3100,391,15000
1787552265002,49950,3157,3100,391,15000
1787552265102,49950,3157,3100,391,15000
1787552265202,49950,3157,3100,391,15000
1787552265302,49950,3157,3100,391,15000
1787552265402,49950,3157,3100,391,15000
1787552265502,49950,3157,3100,391,15000
1787552265603,49950,3157,3100,391,15000
1787552265702,49950,3157,3100,391,15000
1787552265802,49950,3157,3100,391,15000
1787552265902,49950,3157,3100,391,15000
1787552266002,49950,3157,3100,391,15000
1787552266102,49950,3157,3100,391,15000
1787552266202,49950,3157,3100,391,15000
1787552266302,49950,3157,3100,391,15000
1787552266402,49950,3157,3100,391,15000
1787552266502,49950,3157,3100,391,15000
1787552266602,49950,3157,3100,391,15000
1787552266702,49950,3157,3100,391,15000
1787552266802,49950,3157,3100,391,15000
1787552266902,49950,3157,3100,391,15000
1787552267002,49950,3157,3100,391,15000
1787552267102,49950,3157,3100,391,15000
1787552267202,49950,3157,3100,391,15000
1787552267302,49950,3157,3100,391,15000
1787552267402,49950,3157,3100,391,15000
1787552267502,49950,3157,3100,391,15000
1787552267602,49950,3157,3100,391,15000
1787552267702,49950,3157,3100,391,15000
1787552267802,49950,3157,3100,391,15000
1787552267902,49950,3157,3100,391,15000
1787552268002,49950,3157,3100,391,15000
1787552268102,49950,3157,3100,391,15000
1787552268202,49950,3157,3200,391,15000
1787552268302,49950,3157,3200,391,15000
1787552268402,49950,3157,3200,391,15000
1787552268502,49950,3157,3200,391,15000
1787552268602,49950,3157,3200,391,15000
1787552268702,49950,3157,3200,391,15000
1787552268802,49950,3157,3200,391,15000
1787552268902,49950,3157,3200,391,15000
1787552269001,49950,3157,3200,391,15000
1787552269102,49950,3157,3200,391,15000
1787552269202,49950,3157,3200,391,15000
1787552269302,49950,3157,3200,391,15000
1787552269402,49950,3157,3200,391,15000
1787552269502,49950,3157,3200,391,15000
1787552269602,49950,3157,3200,391,15000
1787552269702,49950,3157,3200,391,15000
1787552269802,49950,3157,3200,391,15000
1787552269902,49950,3157,3200,391,15000
1787552270002,49950,3157,3200,391,15000
1787552270102,49950,3157,3100,391,15000
1787552270202,49950,3157,3100,391,15000
1787552270302,49950,3157,3100,391,15000
1787552270402,49950,3157,3100,391,15000
1787552270502,49950,3157,3100,391,15000
1787552270602,49950,3157,3100,391,15000
1787552270702,49950,3157,3100,391,15000
1787552270802,49950,3157,3100,391,15000
1787552270902,49950,3157,3100,391,15000
1787552271002,49950,3157,3100,391,15000
1787552271102,49950,3157,3100,391,15000
1787552271202,49950,3157,3100,391,15000
1787552271302,49950,3157,3100,391,15000
1787552271402,49950,3157,3100,391,15000
1787552271502,49950,3157,3100,391,15000
1787552271602,49950,3157,3100,391,15000
1787552271702,49950,3157,3100,391,15000
1787552271802,49950,3157,3100,391,15000
1787552271902,49950,3157,3100,391,15000
1787552272002,49950,3157,3100,391,15000
1787552272102,49950,3157,3100,391,15000
1787552272202,49950,3157,3100,391,15000
1787552272302,49950,3157,3100,391,15000
1787552272402,49950,3157,3100,391,15000
1787552272502,49950,3157,3100,391,15000
1787552272602,49950,3157,3100,391,15000
1787552272702,49950,3157,3100,391,15000
1787552272802,49950,3157,3100,391,15000
1787552272902,49950,3157,3100,391,15000
1787552273002,49950,3157,3100,391,15000
1787552273102,49950,3157,3100,391,15000
1787552273202,49950,3157,3100,391,15000
1787552273302,49950,3157,3100,391,15000
1787552273402,49950,3157,3100,391,15000
1787552273502,49950,3157,3100,391,15000
1787552273602,49950,3157,3100,391,15000
1787552273702,49950,3157,3100,391,15000
1787552273802,49950,3157,3100,391,15000
1787552273902,49950,3157,3100,391,15000
1787552274002,49950,3157,3100,391,15000
1787552274102,49950,3157,3100,391,15000
1787552274202,49950,3157,3100,391,15000
1787552274302,49950,3157,3100,391,15000
1787552274402,49950,3157,3100,391,15000
1787552274502,49950,3157,3100,391,15000
1787552274602,49950,3157,3100,391,15000
1787552274702,49950,3157,3100,391,15000
1787552274802,49950,3157,3100,391,15000
1787552274902,49950,3157,3100,391,15000
1787552275002,49950,3157,3100,391,15000
1787552275102,49950,3157,3100,391,15000
1787552275202,49950,3157,3100,391,15000
1787552275302,49950,3157,3100,391,15000
1787552275402,49950,3157,3100,391,15000
1787552275502,49950,3157,3100,391,15000
1787552275602,49950,3157,3100,391,15000
1787552275702,49950,3157,3100,391,15000
1787552275802,49950,3157,3100,391,15000
1787552275902,49950,3157,3100,391,15000
1787552276002,49950,3157,3100,391,15000
1787552276102,49950,3157,3100,391,15000
1787552276202,49950,3157,3100,391,15000
1787552276302,49950,3157,3100,391,15000
1787552276402,49950,3157,3100,391,15000
1787552276502,49950,3157,3100,391,15000
1787552276602,49950,3157,3100,391,15000
1787552276702,49950,3157,3200,391,15000
1787552276802,49950,3157,3200,391,15000
1787552276902,49950,3157,3200,391,15000
1787552277002,49950,3157,3200,391,15000
1787552277102,49950,3157,3200,391,15000
1787552277202,49950,3157,3200,391,15000
1787552277302,49950,3157,3100,391,15000
1787552277402,49950,3157,3100,391,15000
1787552277502,49950,3157,3100,391,15000
1787552277602,49950,3157,3100,391,15000
1787552277702,49950,3157,3100,391,15000
1787552277802,49950,3157,3100,391,15000
1787552277902,49950,3157,3200,391,15000
1787552278002,49950,3157,3200,391,15000
1787552278102,49950,3157,3200,391,15000
1787552278202,49950,3157,3200,391,15000
1787552278302,49950,3157,3200,391,15000
1787552278402,49950,3157,3200,391,15000
1787552278502,49950,3157,3100,391,15000
1787552278602,49950,3157,3100,391,15000
1787552278702,49950,3157,3100,391,15000
1787552278802,49950,3157,3100,391,15000
1787552278902,49950,3157,3100,391,15000
1787552279002,49950,3157,3100,391,15000
1787552279102,49950,3157,3100,391,15000
1787552279202,49950,3157,3100,391,15000
1787552279302,49950,3157,3100,391,15000
1787552279402,49950,3157,3100,391,15000
1787552279502,49950,3157,3100,391,15000
1787552279602,49950,3157,3100,391,15000
1787552279702,49950,3157,3100,391,15000
1787552279802,49950,3157,3100,391,15000
1787552279902,49950,3157,3100,391,15000
1787552280002,49950,3157,3100,391,15000
1787552280102,49950,3157,3100,391,15000
1787552280202,49950,3157,3100,391,15000
1787552280302,49950,3157,3100,391,15000
1787552280402,49950,3157,3100,391,15000
1787552280502,49950,3157,3100,391,15000
1787552280602,49950,3157,3100,391,15000
1787552280702,49950,3157,3100,391,15000
1787552280802,49950,3157,3100,391,15000
1787552280902,49950,3157,3100,391,15000
1787552281002,49950,3157,3100,391,15000
1787552281102,49950,3157,3100,391,15000
1787552281202,49950,3157,3100,391,15000
1787552281302,49950,3157,3100,391,15000
1787552281402,49950,3157,3100,391,15000
1787552281502,49950,3157,3100,391,15000
1787552281602,49950,3157,3100,391,15000
1787552281702,49950,3157,3100,391,15000
1787552281802,49950,3157,3100,391,15000
1787552281902,49950,3157,3100,391,15000
1787552282002,49950,3157,3100,391,15000
1787552282102,49950,3157,3100,391,15000
1787552282202,49950,3157,3100,391,15000
1787552282302,49950,3157,3100,391,15000
1787552282402,49950,3157,3100,391,15000
1787552282502,49950,3157,3100,391,15000
1787552282602,49950,3157,3100,391,15000
1787552282702,49950,3157,3100,391,15000
1787552282802,49950,3157,3200,391,15000
1787552282902,49950,3157,3200,391,15000
1787552283002,49950,3157,3200,391,15000
1787552283102,49950,3157,3200,391,15000
1787552283202,49950,3157,3200,391,15000
1787552283302,49950,3157,3200,391,15000
1787552283402,49950,3157,3100,391,15000
1787552283502,49950,3157,3100,391,15000
1787552283602,49950,3157,3100,391,15000
1787552283702,49950,3157,3100,391,15000
1787552283802,49950,3157,3100,391,15000
1787552283902,49950,3157,3100,391,15000
1787552284002,49950,3157,3100,391,15000
1787552284102,49950,3157,3100,391,15000
1787552284202,49950,3157,3100,391,15000
1787552284302,49950,3157,3100,391,15000
1787552284402,49950,3157,3100,391,15000
1787552284502,49950,3157,3100,391,15000
1787552284602,49950,3157,3100,391,15000
1787552284702,49950,3157,3100,391,15000
1787552284802,49950,3157,3100,391,15000
1787552284902,49950,3157,3100,391,15000
1787552285002,49950,3157,3100,391,15000
1787552285102,49950,3157,3100,391,15000
1787552285202,49950,3157,3100,391,15000
1787552285302,49950,3157,3100,391,15000
1787552285402,49950,3157,3100,391,15000
1787552285502,49950,3157,3100,391,15000
1787552285602,49950,3157,3100,391,15000
1787552285702,49950,3157,3100,391,15000
1787552285802,49950,3157,3100,391,15000
1787552285902,49950,3157,3100,391,15000
1787552286002,49950,3157,3100,391,15000
1787552286102,49950,3157,3100,391,15000
1787552286202,49950,3157,3100,391,15000
1787552286302,49950,3157,3200,391,15000
1787552286402,49950,3157,3200,391,15000
1787552286502,49950,3157,3200,391,15000
1787552286602,49950,3157,3200,391,15000
1787552286702,49950,3157,3200,391,15000
1787552286802,49950,3157,3200,391,15000
1787552286902,49950,3157,3100,391,15000
1787552287002,49950,3157,3100,391,15000
1787552287102,49950,3157,3100,391,15000
1787552287202,49950,3157,3100,391,15000
1787552287302,49950,3157,3100,391,15000
1787552287402,49950,3157,3100,391,15000
1787552287502,49950,3157,3100,391,15000
1787552287602,49950,3157,3100,391,15000
1787552287702,49950,3157,3100,391,15000
1787552287802,49950,3157,3100,391,15000
1787552287902,49950,3157,3100,391,15000
1787552288002,49950,3157,3100,391,15000
1787552288102,49950,3157,3100,391,15000
1787552288202,49950,3157,3100,391,15000
1787552288302,49950,3157,3100,391,15000
1787552288402,49950,3157,3100,391,15000
1787552288502,49950,3157,3100,391,15000
1787552288602,49950,3157,3100,391,15000
1787552288702,49950,3157,3100,391,15000
1787552288802,49950,3157,3100,391,15000
1787552288902,49950,3157,3100,391,15000
1787552289002,49950,3157,3100,391,15000
1787552289102,49950,3157,3100,391,15000
1787552289202,49950,3157,3100,391,15000
1787552289302,49950,3157,3100,391,15000
1787552289402,49950,3157,3100,391,15000
1787552289502,49950,3157,3100,391,15000
1787552289602,49950,3157,3100,391,15000
1787552289702,49950,3157,3100,391,15000
1787552289802,49950,3157,3100,391,15000
1787552289902,49950,3157,3100,391,15000
1787552290002,49950,3157,3100,391,15000
1787552290102,49950,3157,3100,391,15000
1787552290202,49950,3157,3100,391,15000
1787552290302,49950,3157,3100,391,15000
1787552290402,49950,3157,3100,391,15000
1787552290502,49950,3157,3100,391,15000
1787552290602,49950,3157,3100,391,15000
1787552290702,49950,3157,3100,391,15000
1787552290802,49950,3157,3100,391,15000
1787552290902,49950,3157,3100,391,15000
1787552291002,49950,3157,3100,391,15000
1787552291102,49950,3157,3100,391,15000
1787552291202,49950,3157,3100,391,15000
1787552291302,49950,3157,3100,391,15000
1787552291402,49950,3157,3100,391,15000
1787552291502,49950,3157,3100,391,15000
1787552291602,49950,3157,3100,391,15000
1787552291702,49950,3157,3100,391,15000
1787552291802,49950,3157,3100,391,15000
1787552291902,49950,3157,3100,391,15000
1787552292002,49950,3157,3100,391,15000
1787552292102,49950,3157,3100,391,15000
1787552292202,49950,3157,3100,391,15000
1787552292302,49950,3157,3100,391,15000
1787552292402,49950,3157,3100,391,15000
1787552292502,49950,3157,3100,391,15000
1787552292602,49950,3157,3100,391,15000
1787552292702,49950,3157,3100,391,15000
1787552292802,49950,3157,3100,391,15000
1787552292902,49950,3157,3100,391,15000
1787552293002,49950,3157,3100,391,15000
1787552293102,49950,3157,3100,391,15000
1787552293202,49950,3157,3100,391,15000
1787552293302,49950,3157,3100,391,15000
1787552293402,49950,3157,3100,391,15000
1787552293502,49950,3157,3100,391,15000
1787552293602,49950,3157,3100,391,15000
1787552293702,49950,3157,3100,391,15000
1787552293802,49950,3157,3100,391,15000
1787552293902,49950,3157,3100,391,15000
1787552294002,49950,3157,3100,391,15000
1787552294102,49950,3157,3100,391,15000
1787552294202,49950,3157,3200,391,15000
1787552294302,49950,3157,3200,391,15000
1787552294402,49950,3157,3200,391,15000
1787552294502,49950,3157,3200,391,15000
1787552294602,49950,3157,3200,391,15000
1787552294702,49950,3157,3200,391,15000
1787552294802,49950,3157,3100,391,15000
1787552294902,49950,3157,3100,391,15000
1787552295002,49950,3157,3100,391,15000
1787552295102,49950,3157,3100,391,15000
1787552295202,49950,3157,3100,391,15000
1787552295302,49950,3157,3100,391,15000
1787552295402,49950,3157,3100,391,15000
1787552295502,49950,3157,3100,391,15000
1787552295602,49950,3157,3100,391,15000
1787552295702,49950,3157,3100,391,15000
1787552295803,49950,3157,3100,391,15000
1787552295902,49950,3157,3100,391,15000
1787552296002,49950,3157,3100,391,15000
1787552296102,49950,3157,3100,391,15000
1787552296202,49950,3157,3100,391,15000
1787552296302,49950,3157,3100,391,15000
1787552296402,49950,3157,3100,391,15000
1787552296502,49950,3157,3100,391,15000
1787552296602,49950,3157,3100,391,15000
1787552296702,49950,3157,3100,391,15000
1787552296802,49950,3157,3100,391,15000
1787552296902,49950,3157,3100,391,15000
1787552297002,49950,3157,3100,391,15000
1787552297102,49950,3157,3200,391,15000
1787552297202,49950,3157,3200,391,15000
1787552297302,49950,3157,3200,391,15000
1787552297402,49950,3157,3200,391,15000
1787552297502,49950,3157,3200,391,15000
1787552297602,49950,3157,3200,391,15000
1787552297702,49950,3157,3200,391,15000
1787552297801,49950,3157,3000,391,15000
1787552297902,49950,3157,3000,391,15000
1787552298002,49950,3157,3000,391,15000
1787552298102,49950,3157,3000,391,15000
1787552298202,49950,3157,3000,391,15000
1787552298302,49950,3157,3000,391,15000
1787552298402,49950,3157,3100,391,15000
1787552298502,49950,3157,3100,391,15000
1787552298602,49950,3157,3100,391,15000
1787552298702,49950,3157,3100,391,15000
1787552298802,49950,3157,3100,391,15000
1787552298902,49950,3157,3100,391,15000
1787552299002,49950,3157,3100,391,15000
1787552299102,49950,3157,3100,391,15000
1787552299202,49950,3157,3100,391,15000
1787552299302,49950,3157,3100,391,15000
1787552299402,49950,3157,3100,391,15000
1787552299502,49950,3157,3100,391,15000
1787552299602,49950,3157,3100,391,15000
1787552299702,49950,3157,3100,391,15000
1787552299802,49950,3157,3100,391,15000
1787552299902,49950,3157,3100,391,15000
1787552300002,49950,3157,3100,391,15000
1787552300102,49950,3157,3100,391,15000
1787552300202,49950,3157,3100,391,15000
1787552300302,49950,3157,3100,391,15000
1787552300402,49950,3157,3100,391,15000
1787552300502,49950,3157,3100,391,15000
1787552300602,49950,3157,3100,391,15000
1787552300702,49950,3157,3100,391,15000
1787552300802,49950,3157,3100,391,15000
1787552300902,49950,3157,3100,391,15000
1787552301002,49950,3157,3100,391,15000
1787552301102,49950,3157,3100,391,15000
1787552301202,49950,3157,3100,391,15000
1787552301302,49950,3157,3100,391,15000
1787552301402,49950,3157,3100,391,15000
1787552301502,49950,3157,3100,391,15000
1787552301602,49950,3157,3100,391,15000
1787552301702,49950,3157,3100,391,15000
1787552301802,49950,3157,3100,391,15000
1787552301902,49950,3157,3100,391,15000
1787552302002,49950,3157,3100,391,15000
1787552302102,49950,3157,3100,391,15000
1787552302202,49950,3157,3100,391,15000
1787552302302,49950,3157,3100,391,15000
1787552302402,49950,3157,3100,391,15000
1787552302502,49950,3157,3100,391,15000
1787552302602,49950,3157,3100,391,15000
1787552302702,49950,3157,3100,391,15000
1787552302802,49950,3157,3100,391,15000
1787552302902,49950,3157,3100,391,15000
1787552303002,49950,3157,3100,391,15000
1787552303102,49950,3157,3100,391,15000
1787552303202,49950,3157,3100,391,15000
1787552303302,49950,3157,3100,391,15000
1787552303402,49950,3157,3100,391,15000
1787552303502,49950,3157,3100,391,15000
1787552303602,49950,3157,3100,391,15000
1787552303702,49950,3157,3100,391,15000
1787552303802,49950,3157,3100,391,15000
1787552303902,49950,3157,3100,391,15000
1787552304002,49950,3157,3100,391,15000
1787552304102,49950,3157,3100,391,15000
1787552304202,49950,3157,3100,391,15000
1787552304302,49950,3157,3100,391,15000
1787552304402,49950,3157,3100,391,15000
1787552304502,49950,3157,3100,391,15000
1787552304602,49950,3157,3100,391,15000
1787552304702,49950,3157,3100,391,15000
1787552304802,49950,3157,3100,391,15000
1787552304902,49950,3157,3100,391,15000
1787552305002,49950,3157,3100,391,15000
1787552305102,49950,3157,3100,391,15000
1787552305202,49950,3157,3100,391,15000
1787552305302,49950,3157,3100,391,15000
1787552305402,49950,3157,3100,391,15000
1787552305502,49950,3157,3100,391,15000
1787552305602,49950,3157,3100,391,15000
1787552305702,49950,3157,3100,391,15000
1787552305802,49950,3157,3100,391,15000
1787552305902,49950,3157,3100,391,15000
1787552306002,49950,3157,3100,391,15000
1787552306102,49950,3157,3100,391,15000
1787552306202,49950,3157,3100,391,15000
1787552306302,49950,3157,3100,391,15000
1787552306402,49950,3157,3100,391,15000
1787552306502,49950,3157,3100,391,15000
1787552306602,49950,3157,3100,391,15000
1787552306702,49950,3157,3100,391,15000
1787552306802,49950,3157,3100,391,15000
1787552306902,49950,3157,3100,391,15000
1787552307003,49950,3157,3100,391,15000
1787552307102,49950,3157,3100,391,15000
1787552307202,49950,3157,3100,391,15000
1787552307302,49950,3157,3100,391,15000
1787552307402,49950,3157,3100,391,15000
1787552307502,49950,3157,3100,391,15000
1787552307602,49950,3157,3100,391,15000
1787552307702,49950,3157,3100,391,15000
1787552307802,49950,3157,3100,391,15000
1787552307902,49950,3157,3100,391,15000
1787552308002,49950,3157,3200,391,15000
1787552308102,49950,3157,3200,391,15000
1787552308202,49950,3157,3200,391,15000
1787552308302,49950,3157,3200,391,15000
1787552308402,49950,3157,3200,391,15000
1787552308502,49950,3157,3200,391,15000
1787552308602,49950,3157,3100,391,15000
1787552308702,49950,3157,3100,391,15000
1787552308802,49950,3157,3100,391,15000
1787552308902,49950,3157,3100,391,15000
1787552309002,49950,3157,3100,391,15000
1787552309102,49950,3157,3100,391,15000
1787552309202,49950,3157,3100,391,15000
1787552309302,49950,3157,3100,391,15000
1787552309402,49950,3157,3100,391,15000
1787552309502,49950,3157,3100,391,15000
1787552309602,49950,3157,3100,391,15000
1787552309702,49950,3157,3100,391,15000
1787552309802,49950,3157,3100,391,15000
1787552309902,49950,3157,3100,391,15000
1787552310002,49950,3157,3100,391,15000
1787552310102,49950,3157,3100,391,15000
1787552310202,49950,3157,3100,391,15000
1787552310302,49950,3157,3100,391,15000
1787552310402,49950,3157,3100,391,15000
1787552310502,49950,3157,3100,391,15000
1787552310603,49950,3157,3100,391,15000
1787552310702,49950,3157,3100,391,15000
1787552310802,49950,3157,3100,391,15000
1787552310902,49950,3157,3100,391,15000
1787552311002,49950,3157,3100,391,15000
1787552311102,49950,3157,3100,391,15000
1787552311202,49950,3157,3100,391,15000
1787552311302,49950,3157,3100,391,15000
1787552311402,49950,3157,3100,391,15000
1787552311502,49950,3157,3100,391,15000
1787552311602,49950,3157,3100,391,15000
1787552311702,49950,3157,3100,391,15000
1787552311802,49950,3157,3100,391,15000
1787552311902,49950,3157,3100,391,15000
1787552312002,49950,3157,3100,391,15000
1787552312102,49950,3157,3100,391,15000
1787552312202,49950,3157,3100,391,15000
1787552312302,49950,3157,3100,391,15000
1787552312402,49950,3157,3100,391,15000
1787552312502,49950,3157,3100,391,15000
1787552312602,49950,3157,3100,391,15000
1787552312702,49950,3157,3100,391,15000
1787552312802,49950,3157,3100,391,15000
1787552312902,49950,3157,3100,391,15000
1787552313002,49950,3157,3100,391,15000
1787552313102,49950,3157,3100,391,15000
1787552313202,49950,3157,3100,391,15000
1787552313302,49950,3157,3100,391,15000
1787552313402,49950,3157,3100,391,15000
1787552313502,49950,3157,3100,391,15000
1787552313602,49950,3157,3100,391,15000
1787552313702,49950,3157,3100,391,15000
1787552313802,49950,3157,3100,391,15000
1787552313902,49950,3157,3100,391,15000
1787552314002,49950,3157,3100,391,15000
1787552314102,49950,3157,3100,391,15000
1787552314202,49950,3157,3100,391,15000
1787552314302,49950,3157,3100,391,15000
1787552314402,49950,3157,3100,391,15000
1787552314502,49950,3157,3100,391,15000
1787552314602,49950,3157,3100,391,15000
1787552314702,49950,3157,3100,391,15000
1787552314802,49950,3157,3100,391,15000
1787552314902,49950,3157,3100,391,15000
1787552315002,49950,3157,3100,391,15000
1787552315102,49950,3157,3100,391,15000
1787552315202,49950,3157,3100,391,15000
1787552315302,49950,3157,3100,391,15000
1787552315402,49950,3157,3100,391,15000
1787552315502,49950,3157,3100,391,15000
1787552315602,49950,3157,3100,391,15000
1787552315702,49950,3157,3100,391,15000
1787552315802,49950,3157,3100,391,15000
1787552315902,49950,3157,3100,391,15000
1787552316002,49950,3157,3100,391,15000
1787552316102,49950,3157,3100,391,15000
1787552316202,49950,3157,3100,391,15000
1787552316302,49950,3157,3100,391,15000
1787552316402,49950,3157,3100,391,15000
1787552316502,49950,3157,3100,391,15000
1787552316602,49950,3157,3100,391,15000
1787552316702,49950,3157,3100,391,15000
1787552316802,49950,3157,3100,391,15000
1787552316902,49950,3157,3100,391,15000
1787552317002,49950,3157,3100,391,15000
1787552317102,49950,3157,3100,391,15000
1787552317202,49950,3157,3100,391,15000
1787552317302,49950,3157,3100,391,15000
1787552317402,49950,3157,3100,391,15000
1787552317502,49950,3157,3100,391,15000
1787552317602,49950,3157,3200,391,15000
1787552317702,49950,3157,3200,391,15000
1787552317802,49950,3157,3200,391,15000
1787552317902,49950,3157,3200,391,15000
1787552318002,49950,3157,3200,391,15000
1787552318102,49950,3157,3200,391,15000
1787552318202,49950,3157,3100,391,15000
1787552318302,49950,3157,3100,391,15000
1787552318402,49950,3157,3100,391,15000
1787552318502,49950,3157,3100,391,15000
1787552318602,49950,3157,3100,391,15000
1787552318702,49950,3157,3100,391,15000
1787552318802,49950,3157,3100,391,15000
1787552318902,49950,3157,3100,391,15000
1787552319002,49950,3157,3100,391,15000
1787552319102,49950,3157,3100,391,15000
1787552319202,49950,3157,3100,391,15000
1787552319302,49950,3157,3100,391,15000
1787552319402,49950,3157,3100,391,15000
1787552319502,49950,3157,3100,391,15000
1787552319602,49950,3157,3100,391,15000
1787552319702,49950,3157,3100,391,15000
1787552319802,49950,3157,3100,391,15000
1787552319902,49950,3157,3100,391,15000
1787552320002,49950,3157,3100,391,15000
1787552320102,49950,3157,3100,391,15000
1787552320202,49950,3157,3100,391,15000
1787552320302,49950,3157,3100,391,15000
1787552320402,49950,3157,3100,391,15000
1787552320502,49950,3157,3100,391,15000
1787552320602,49950,3157,3100,391,15000
1787552320705,49950,3157,3100,391,15000
1787552320802,49950,3157,3100,391,15000
1787552320902,49950,3157,3100,391,15000
1787552321002,49950,3157,3100,391,15000
1787552321102,49950,3157,3100,391,15000
1787552321202,49950,3157,3100,391,15000
1787552321302,49950,3157,3100,391,15000
1787552321402,49950,3157,3100,391,15000
1787552321502,49950,3157,3100,391,15000
1787552321602,49950,3157,3100,391,15000
1787552321702,49950,3157,3100,391,15000
1787552321802,49950,3157,3100,391,15000
1787552321902,49950,3157,3100,391,15000
1787552322002,49950,3157,3100,391,15000
1787552322102,49950,3157,3100,391,15000
1787552322202,49950,3157,3100,391,15000
1787552322302,49950,3157,3100,391,15000
1787552322402,49950,3157,3100,391,15000
1787552322502,49950,3157,3100,391,15000
1787552322602,49950,3157,3100,391,15000
1787552322702,49950,3157,3100,391,15000
1787552322802,49950,3157,3100,391,15000
1787552322902,49950,3157,3100,391,15000
1787552323002,49950,3157,3100,391,15000
1787552323102,49950,3157,3100,391,15000
1787552323202,49950,3157,3100,391,15000
1787552323302,49950,3157,3100,391,15000
1787552323402,49950,3157,3100,391,15000
1787552323502,49950,3157,3100,391,15000
1787552323602,49950,3157,3100,391,15000
1787552323702,49950,3157,3100,391,15000
1787552323802,49950,3157,3100,391,15000
1787552323902,49950,3157,3100,391,15000
1787552324002,49950,3157,3100,391,15000
1787552324102,49950,3157,3100,391,15000
1787552324202,49950,3157,3100,391,15000
1787552324302,49950,3157,3100,391,15000
1787552324402,49950,3157,3100,391,15000
1787552324502,49950,3157,3100,391,15000
1787552324602,49950,3157,3100,391,15000
1787552324702,49950,3157,3100,391,15000
1787552324802,49950,3157,3100,391,15000
1787552324902,49950,3157,3100,391,15000
1787552325002,49950,3157,3100,391,15000
1787552325103,49950,3157,3100,391,15000
1787552325202,49950,3157,3100,391,15000
1787552325302,49950,3157,3100,391,15000
1787552325402,49950,3157,3100,391,15000
1787552325502,49950,3157,3100,391,15000
1787552325602,49950,3157,3100,391,15000
1787552325702,49950,3157,3100,391,15000
1787552325802,49950,3157,3100,391,15000
1787552325902,49950,3157,3100,391,15000
1787552326002,49950,3157,3100,391,15000
1787552326102,49950,3157,3100,391,15000
1787552326202,49950,3157,3100,391,15000
1787552326302,49950,3157,3100,391,15000
1787552326402,49950,3157,3100,391,15000
1787552326502,49950,3157,3100,391,15000
1787552326602,49950,3157,3100,391,15000
1787552326702,49950,3157,3100,391,15000
1787552326802,49950,3157,3100,391,15000
1787552326902,49950,3157,3200,391,15000
1787552327003,49950,3157,3200,391,15000
1787552327102,49950,3157,3200,391,15000
1787552327202,49950,3157,3200,391,15000
1787552327302,49950,3157,3100,391,15000
1787552327402,49950,3157,3100,391,15000
1787552327502,49950,3157,3100,391,15000
1787552327602,49950,3157,3100,391,15000
1787552327702,49950,3157,3100,391,15000
1787552327802,49950,3157,3100,391,15000
1787552327902,49950,3157,3100,391,15000
1787552328002,49950,3157,3100,391,15000
1787552328102,49950,3157,3100,391,15000
1787552328203,49950,3157,3100,391,15000
1787552328302,49950,3157,3100,391,15000
1787552328402,49950,3157,3100,391,15000
1787552328502,49950,3157,3100,391,15000
1787552328602,49950,3157,3100,391,15000
1787552328702,49950,3157,3100,391,15000
1787552328802,49950,3157,3100,391,15000
1787552328902,49950,3157,3100,391,15000
1787552329002,49950,3157,3100,391,15000
1787552329102,49950,3157,3100,391,15000
1787552329202,49950,3157,3200,391,15000
1787552329302,49950,3157,3200,391,15000
1787552329402,49950,3157,3200,391,15000
1787552329502,49950,3157,3200,391,15000
1787552329602,49950,3157,3200,391,15000
1787552329702,49950,3157,3200,391,15000
1787552329802,49950,3157,3100,391,15000
1787552329902,49950,3157,3100,391,15000
1787552330002,49950,3157,3100,391,15000
1787552330102,49950,3157,3100,391,15000
1787552330202,49950,3157,3100,391,15000
1787552330302,49950,3157,3100,391,15000
1787552330402,49950,3157,3100,391,15000
1787552330502,49950,3157,3100,391,15000
1787552330602,49950,3157,3100,391,15000
1787552330702,49950,3157,3100,391,15000
1787552330803,49950,3157,3100,391,15000
1787552330902,49950,3157,3100,391,15000
1787552331002,49950,3157,3100,391,15000
1787552331102,49950,3157,3100,391,15000
1787552331202,49950,3157,3100,391,15000
1787552331302,49950,3157,3100,391,15000
1787552331402,49950,3157,3100,391,15000
1787552331502,49950,3157,3100,391,15000
1787552331602,49950,3157,3100,391,15000
1787552331702,49950,3157,3100,391,15000
1787552331802,49950,3157,3100,391,15000
1787552331902,49950,3157,3100,391,15000
1787552332002,49950,3157,3100,391,15000
1787552332102,49950,3157,3100,391,15000
1787552332202,49950,3157,3100,391,15000
1787552332302,49950,3157,3100,391,15000
1787552332402,49950,3157,3100,391,15000
1787552332502,49950,3157,3100,391,15000
1787552332602,49950,3157,3100,391,15000
1787552332702,49950,3157,3100,391,15000
1787552332802,49950,3157,3100,391,15000
1787552332902,49950,3157,3100,391,15000
1787552333002,49950,3157,3100,391,15000
1787552333102,49950,3157,3100,391,15000
1787552333202,49950,3157,3100,391,15000
1787552333302,49950,3157,3100,391,15000
1787552333402,49950,3157,3100,391,15000
1787552333502,49950,3157,3100,391,15000
1787552333602,49950,3157,3100,391,15000
1787552333702,49950,3157,3100,391,15000
1787552333802,49950,3157,3100,391,15000
1787552333902,49950,3157,3100,391,15000
1787552334002,49950,3157,3100,391,15000
1787552334102,49950,3157,3100,391,15000
1787552334202,49950,3157,3100,391,15000
1787552334302,49950,3157,3100,391,15000
1787552334402,49950,3157,3100,391,15000
1787552334502,49950,3157,3100,391,15000
1787552334602,49950,3157,3200,391,15000
1787552334702,49950,3157,3200,391,15000
1787552334802,49950,3157,3200,391,15000
1787552334902,49950,3157,3200,391,15000
1787552335002,49950,3157,3200,391,15000
1787552335102,49950,3157,3200,391,15000
1787552335202,49950,3157,3100,391,15000
1787552335302,49950,3157,3100,391,15000
1787552335402,49950,3157,3100,391,15000
1787552335502,49950,3157,3100,391,15000
1787552335602,49950,3157,3100,391,15000
1787552335702,49950,3157,3100,391,15000
1787552335802,49950,3157,3100,391,15000
1787552335902,49950,3157,3100,391,15000
1787552336002,49950,3157,3100,391,15000
1787552336102,49950,3157,3100,391,15000
1787552336202,49950,3157,3100,391,15000
1787552336302,49950,3157,3100,391,15000
1787552336402,49950,3157,3100,391,15000
1787552336502,49950,3157,3100,391,15000
1787552336602,49950,3157,3100,391,15000
1787552336702,49950,3157,3100,391,15000
1787552336802,49950,3157,3100,391,15000
1787552336902,49950,3157,3100,391,15000
1787552337002,49950,3157,3100,391,15000
1787552337102,49950,3157,3100,391,15000
1787552337202,49950,3157,3100,391,15000
1787552337302,49950,3157,3100,391,15000
1787552337402,49950,3157,3100,391,15000
1787552337502,49950,3157,3100,391,15000
1787552337602,49950,3157,3100,391,15000
1787552337702,49950,3157,3100,391,15000
1787552337802,49950,3157,3100,391,15000
1787552337902,49950,3157,3100,391,15000
1787552338002,49950,3157,3100,391,15000
1787552338102,49950,3157,3100,391,15000
1787552338202,49950,3157,3100,391,15000
1787552338302,49950,3157,3100,391,15000
1787552338402,49950,3157,3100,391,15000
1787552338502,49950,3157,3100,391,15000
1787552338602,49950,3157,3100,391,15000
1787552338702,49950,3157,3100,391,15000
1787552338802,49950,3157,3100,391,15000
1787552338902,49950,3157,3100,391,15000
1787552339002,49950,3157,3100,391,15000
1787552339102,49950,3157,3100,391,15000
1787552339202,49950,3157,3100,391,15000
1787552339302,49950,3157,3100,391,15000
1787552339402,49950,3157,3100,391,15000
1787552339502,49950,3157,3100,391,15000
1787552339602,49950,3157,3100,391,15000
1787552339702,49950,3157,3100,391,15000
1787552339802,49950,3157,3100,391,15000
1787552339902,49950,3157,3100,391,15000
1787552340002,49950,3157,3100,391,15000
1787552340102,49950,3157,3100,391,15000
1787552340202,49950,3157,3100,391,15000
1787552340302,49950,3157,3100,391,15000
1787552340402,49950,3157,3100,391,15000
1787552340502,49950,3157,3100,391,15000
1787552340602,49950,3157,3100,391,15000
1787552340702,49950,3157,3100,391,15000
1787552340802,49950,3157,3100,391,15000
1787552340902,49950,3157,3100,391,15000
1787552341002,49950,3157,3100,391,15000
1787552341103,49950,3157,3100,391,15000
1787552341202,49950,3157,3100,391,15000
1787552341302,49950,3157,3200,391,15000
1787552341402,49950,3157,3200,391,15000
1787552341502,49950,3157,3200,391,15000
1787552341602,49950,3157,3200,391,15000
1787552341702,49950,3157,3200,391,15000
1787552341802,49950,3157,3200,391,15000
1787552341902,49950,3157,3200,391,15000
1787552342002,49950,3157,3200,391,15000
1787552342102,49950,3157,3200,391,15000
1787552342202,49950,3157,3200,391,15000
1787552342302,49950,3157,3200,391,15000
1787552342402,49950,3157,3200,391,15000
1787552342502,49950,3157,3200,391,15000
1787552342601,49950,3157,3100,391,15000
1787552342702,49950,3157,3100,391,15000
1787552342802,49950,3157,3100,391,15000
1787552342902,49950,3157,3100,391,15000
1787552343002,49950,3157,3100,391,15000
1787552343102,49950,3157,3100,391,15000
1787552343202,49950,3157,3100,391,15000
1787552343302,49950,3157,3100,391,15000
1787552343402,49950,3157,3100,391,15000
1787552343502,49950,3157,3100,391,15000
1787552343602,49950,3157,3100,391,15000
1787552343702,49950,3157,3100,391,15000
1787552343802,49950,3157,3100,391,15000
1787552343902,49950,3157,3100,391,15000
1787552344002,49950,3157,3100,391,15000
1787552344102,49950,3157,3100,391,15000
1787552344202,49950,3157,3100,391,15000
1787552344302,49950,3157,3100,391,15000
1787552344402,49950,3157,3100,391,15000
1787552344502,49950,3157,3100,391,15000
1787552344602,49950,3157,3100,391,15000
1787552344702,49950,3157,3100,391,15000
1787552344802,49950,3157,3100,391,15000
1787552344902,49950,3157,3100,391,15000
1787552345002,49950,3157,3100,391,15000
1787552345102,49950,3157,3100,391,15000
1787552345202,49950,3157,3100,391,15000
1787552345302,49950,3157,3100,391,15000
1787552345402,49950,3157,3100,391,15000
1787552345502,49950,3157,3100,391,15000
1787552345602,49950,3157,3100,391,15000
1787552345702,49950,3157,3100,391,15000
1787552345802,49950,3157,3100,391,15000
1787552345902,49950,3157,3100,391,15000
1787552346002,49950,3157,3100,391,15000
1787552346102,49950,3157,3100,391,15000
1787552346202,49950,3157,3100,391,15000
1787552346302,49950,3157,3100,391,15000
1787552346402,49950,3157,3100,391,15000
1787552346502,49950,3157,3100,391,15000
1787552346602,49950,3157,3100,391,15000
1787552346702,49950,3157,3100,391,15000
1787552346802,49950,3157,3100,391,15000
1787552346902,49950,3157,3100,391,15000
1787552347002,49950,3157,3100,391,15000
1787552347102,49950,3157,3100,391,15000
1787552347202,49950,3157,3100,391,15000
1787552347302,49950,3157,3100,391,15000
1787552347402,49950,3157,3100,391,15000
1787552347502,49950,3157,3100,391,15000
1787552347602,49950,3157,3100,391,15000
1787552347702,49950,3157,3100,391,15000
1787552347802,49950,3157,3100,391,15000
1787552347902,49950,3157,3100,391,15000
1787552348002,49950,3157,3100,391,15000
1787552348102,49950,3157,3100,391,15000
1787552348202,49950,3157,3100,391,15000
1787552348302,49950,3157,3100,391,15000
1787552348402,49950,3157,3100,391,15000
1787552348502,49950,3157,3100,391,15000
1787552348602,49950,3157,3100,391,15000
1787552348702,49950,3157,3100,391,15000
1787552348802,49950,3157,3100,391,15000
1787552348902,49950,3157,3100,391,15000
1787552349002,49950,3157,3100,391,15000
1787552349102,49950,3157,3100,391,15000
1787552349202,49950,3157,3100,391,15000
1787552349302,49950,3157,3100,391,15000
1787552349402,49950,3157,3100,391,15000
1787552349502,49950,3157,3100,391,15000
1787552349602,49950,3157,3100,391,15000
1787552349702,49950,3157,3100,391,15000
1787552349802,49950,3157,3100,391,15000
1787552349902,49950,3157,3100,391,15000
1787552350002,49950,3157,3100,391,15000
1787552350102,49950,3157,3100,391,15000
1787552350202,49950,3157,3100,391,15000
1787552350302,49950,3157,3200,391,15000
1787552350402,49950,3157,3200,391,15000
1787552350502,49950,3157,3200,391,15000
1787552350602,49950,3157,3200,391,15000
1787552350702,49950,3157,3200,391,15000
1787552350802,49950,3157,3200,391,15000
1787552350902,49950,3157,3200,391,15000
1787552351002,49950,3157,3100,391,15000
1787552351102,49950,3157,3100,391,15000
1787552351202,49950,3157,3100,391,15000
1787552351302,49950,3157,3100,391,15000
1787552351402,49950,3157,3100,391,15000
1787552351502,49950,3157,3100,391,15000
1787552351602,49950,3157,3100,391,15000
1787552351703,49950,3157,3100,391,15000
1787552351802,49950,3157,3100,391,15000
1787552351902,49950,3157,3100,391,15000
1787552352002,49950,3157,3100,391,15000
1787552352102,49950,3157,3100,391,15000
1787552352202,49950,3157,3100,391,15000
1787552352302,49950,3157,3100,391,15000
1787552352402,49950,3157,3100,391,15000
1787552352502,49950,3157,3100,391,15000
1787552352602,49950,3157,3100,391,15000
1787552352702,49950,3157,3200,391,15000
1787552352802,49950,3157,3200,391,15000
1787552352902,49950,3157,3200,391,15000
1787552353002,49950,3157,3200,391,15000
1787552353102,49950,3157,3200,391,15000
1787552353202,49950,3157,3200,391,15000
1787552353302,49950,3157,3200,391,15000
1787552353402,49950,3157,3200,391,15000
1787552353502,49950,3157,3200,391,15000
1787552353602,49950,3157,3200,391,15000
1787552353702,49950,3157,3200,391,15000
1787552353802,49950,3157,3200,391,15000
1787552353902,49950,3157,3200,391,15000
1787552354002,49950,3157,3200,391,15000
1787552354102,49950,3157,3200,391,15000
1787552354202,49950,3157,3200,391,15000
1787552354302,49950,3157,3200,391,15000
1787552354402,49950,3157,3200,391,15000
1787552354502,49950,3157,3200,391,15000
1787552354602,49950,3157,3200,391,15000
1787552354702,49950,3157,3200,391,15000
1787552354802,49950,3157,3200,391,15000
1787552354902,49950,3157,3200,391,15000
1787552355002,49950,3157,3200,391,15000
1787552355102,49950,3157,3200,391,15000
1787552355202,49950,3157,3100,391,15000
1787552355302,49950,3157,3100,391,15000
1787552355402,49950,3157,3100,391,15000
1787552355502,49950,3157,3100,391,15000
1787552355602,49950,3157,3100,391,15000
1787552355702,49950,3157,3100,391,15000
1787552355802,49950,3157,3100,391,15000
1787552355902,49950,3157,3100,391,15000
1787552356002,49950,3157,3100,391,15000
1787552356102,49950,3157,3100,391,15000
1787552356202,49950,3157,3100,391,15000
1787552356302,49950,3157,3100,391,15000
1787552356402,49950,3157,3100,391,15000
1787552356502,49950,3157,3100,391,15000
1787552356602,49950,3157,3100,391,15000
1787552356702,49950,3157,3100,391,15000
1787552356802,49950,3157,3100,391,15000
1787552356902,49950,3157,3100,391,15000
1787552357002,49950,3157,3100,391,15000
1787552357102,49950,3157,3100,391,15000
1787552357202,49950,3157,3100,391,15000
1787552357302,49950,3157,3100,391,15000
1787552357402,49950,3157,3100,391,15000
1787552357503,49950,3157,3100,391,15000
1787552357602,49950,3157,3100,391,15000
1787552357702,49950,3157,3100,391,15000
1787552357802,49950,3157,3100,391,15000
1787552357902,49950,3157,3100,391,15000
1787552358002,49950,3157,3100,391,15000
1787552358102,49950,3157,3200,391,15000
1787552358202,49950,3157,3200,391,15000
1787552358302,49950,3157,3200,391,15000
1787552358402,49950,3157,3200,391,15000
1787552358502,49950,3157,3200,391,15000
1787552358602,49950,3157,3200,391,15000
1787552358702,49950,3157,3100,391,15000
1787552358802,49950,3157,3100,391,15000
1787552358902,49950,3157,3100,391,15000
1787552359002,49950,3157,3100,391,15000
1787552359102,49950,3157,3100,391,15000
1787552359202,49950,3157,3100,391,15000
1787552359302,49950,3157,3100,391,15000
1787552359402,49950,3157,3100,391,15000
1787552359502,49950,3157,3100,391,15000
1787552359602,49950,3157,3100,391,15000
1787552359702,49950,3157,3100,391,15000
1787552359802,49950,3157,3100,391,15000
1787552359902,49950,3157,3100,391,15000
1787552360002,49950,3157,3100,391,15000
1787552360102,49950,3157,3100,391,15000
1787552360202,49950,3157,3100,391,15000
1787552360302,49950,3157,3100,391,15000
1787552360402,49950,3157,3100,391,15000
1787552360502,49950,3157,3100,391,15000
1787552360602,49950,3157,3100,391,15000
1787552360702,49950,3157,3100,391,15000
1787552360802,49950,3157,3100,391,15000
1787552360903,49950,3157,3100,391,15000
1787552361003,49950,3157,3100,391,15000
1787552361102,49950,3157,3100,391,15000
1787552361202,49950,3157,3100,391,15000
1787552361303,49950,3157,3100,391,15000
1787552361402,49950,3157,3100,391,15000
1787552361502,49950,3157,3100,391,15000
1787552361602,49950,3157,3100,391,15000
1787552361702,49950,3157,3100,391,15000
1787552361802,49950,3157,3200,391,15000
1787552361902,49950,3157,3200,391,15000
1787552362002,49950,3157,3200,391,15000
1787552362102,49950,3157,3200,391,15000
1787552362202,49950,3157,3200,391,15000
1787552362302,49950,3157,3200,391,15000
1787552362401,49950,3157,3200,391,15000
1787552362502,49950,3157,3100,391,15000
1787552362602,49950,3157,3100,391,15000
1787552362702,49950,3157,3100,391,15000
1787552362802,49950,3157,3100,391,15000
1787552362902,49950,3157,3100,391,15000
1787552363002,49950,3157,3100,391,15000
1787552363102,49950,3157,3100,391,15000
1787552363202,49950,3157,3100,391,15000
1787552363302,49950,3157,3100,391,15000
1787552363402,49950,3157,3100,391,15000
1787552363502,49950,3157,3100,391,15000
1787552363602,49950,3157,3100,391,15000
1787552363702,49950,3157,3100,391,15000
1787552363802,49950,3157,3100,391,15000
1787552363902,49950,3157,3100,391,15000
1787552364002,49950,3157,3100,391,15000
1787552364102,49950,3157,3100,391,15000
1787552364202,49950,3157,3100,391,15000
1787552364302,49950,3157,3100,391,15000
1787552364402,49950,3157,3100,391,15000
1787552364502,49950,3157,3100,391,15000
1787552364602,49950,3157,3100,391,15000
1787552364702,49950,3157,3100,391,15000
1787552364802,49950,3157,3100,391,15000
1787552364902,49950,3157,3100,391,15000
1787552365002,49950,3157,3100,391,15000
1787552365102,49950,3157,3100,391,15000
1787552365202,49950,3157,3100,391,15000
1787552365302,49950,3157,3100,391,15000
1787552365402,49950,3157,3100,391,15000
1787552365502,49950,3157,3100,391,15000
1787552365602,49950,3157,3100,391,15000
1787552365702,49950,3157,3100,391,15000
1787552365802,49950,3157,3100,391,15000
1787552365902,49950,3157,3100,391,15000
1787552366002,49950,3157,3100,391,15000
1787552366102,49950,3157,3100,391,15000
1787552366202,49950,3157,3100,391,15000
1787552366302,49950,3157,3100,391,15000
1787552366402,49950,3157,3100,391,15000
1787552366502,49950,3157,3100,391,15000
1787552366602,49950,3157,3100,391,15000
1787552366702,49950,3157,3100,391,15000
1787552366802,49950,3157,3100,391,15000
1787552366902,49950,3157,3100,391,15000
1787552367002,49950,3157,3100,391,15000
1787552367102,49950,3157,3100,391,15000
1787552367202,49950,3157,3100,391,15000
1787552367302,49950,3157,3100,391,15000
1787552367402,49950,3157,3100,391,15000
1787552367502,49950,3157,3100,391,15000
1787552367602,49950,3157,3100,391,15000
1787552367702,49950,3157,3100,391,15000
1787552367802,49950,3157,3100,391,15000
1787552367902,49950,3157,3100,391,15000
1787552368002,49950,3157,3100,391,15000
1787552368102,49950,3157,3100,391,15000
1787552368202,49950,3157,3100,391,15000
1787552368302,49950,3157,3100,391,15000
1787552368402,49950,3157,3100,391,15000
1787552368502,49950,3157,3100,391,15000
1787552368602,49950,3157,3100,391,15000
1787552368702,49950,3157,3100,391,15000
1787552368802,49950,3157,3100,391,15000
1787552368902,49950,3157,3100,391,15000
1787552369002,49950,3157,3100,391,15000
1787552369102,49950,3157,3100,391,15000
1787552369202,49950,3157,3100,391,15000
1787552369302,49950,3157,3100,391,15000
1787552369402,49950,3157,3100,391,15000
1787552369502,49950,3157,3100,391,15000
1787552369602,49950,3157,3100,391,15000
1787552369702,49950,3157,3100,391,15000
1787552369802,49950,3157,3100,391,15000
1787552369902,49950,3157,3100,391,15000
1787552370002,49950,3157,3100,391,15000
1787552370102,49950,3157,3100,391,15000
1787552370202,49950,3157,3200,391,15000
1787552370302,49950,3157,3200,391,15000
1787552370402,49950,3157,3200,391,15000
1787552370502,49950,3157,3200,391,15000
1787552370602,49950,3157,3200,391,15000
1787552370702,49950,3157,3200,391,15000
1787552370802,49950,3157,3100,391,15000
1787552370902,49950,3157,3100,391,15000
1787552371002,49950,3157,3100,391,15000
1787552371102,49950,3157,3100,391,15000
1787552371202,49950,3157,3100,391,15000
1787552371302,49950,3157,3100,391,15000
1787552371402,49950,3157,3100,391,15000
1787552371503,49950,3157,3100,391,15000
1787552371602,49950,3157,3100,391,15000
1787552371702,49950,3157,3100,391,15000
1787552371802,49950,3157,3100,391,15000
1787552371902,49950,3157,3100,391,15000
1787552372002,49950,3157,3100,391,15000
1787552372102,49950,3157,3100,391,15000
1787552372202,49950,3157,3100,391,15000
1787552372302,49950,3157,3100,391,15000
1787552372402,49950,3157,3100,391,15000
1787552372502,49950,3157,3100,391,15000
1787552372602,49950,3157,3100,391,15000
1787552372702,49950,3157,3200,391,15000
1787552372802,49950,3157,3200,391,15000
1787552372902,49950,3157,3200,391,15000
1787552373002,49950,3157,3200,391,15000
1787552373102,49950,3157,3200,391,15000
1787552373202,49950,3157,3200,391,15000
1787552373302,49950,3157,3100,391,15000
1787552373402,49950,3157,3100,391,15000
1787552373502,49950,3157,3100,391,15000
1787552373602,49950,3157,3100,391,15000
1787552373702,49950,3157,3100,391,15000
1787552373802,49950,3157,3100,391,15000
1787552373902,49950,3157,3200,391,15000
1787552374002,49950,3157,3200,391,15000
1787552374102,49950,3157,3200,391,15000
1787552374202,49950,3157,3200,391,15000
1787552374302,49950,3157,3200,391,15000
1787552374402,49950,3157,3200,391,15000
1787552374502,49950,3157,3100,391,15000
1787552374602,49950,3157,3100,391,15000
1787552374702,49950,3157,3100,391,15000
1787552374802,49950,3157,3100,391,15000
1787552374902,49950,3157,3100,391,15000
1787552375002,49950,3157,3100,391,15000
1787552375102,49950,3157,3100,391,15000
1787552375202,49950,3157,3100,391,15000
1787552375302,49950,3157,3100,391,15000
1787552375402,49950,3157,3100,391,15000
1787552375502,49950,3157,3100,391,15000
1787552375602,49950,3157,3100,391,15000
1787552375702,49950,3157,3100,391,15000
1787552375802,49950,3157,3100,391,15000
1787552375902,49950,3157,3100,391,15000
1787552376002,49950,3157,3100,391,15000
1787552376102,49950,3157,3100,391,15000
1787552376202,49950,3157,3100,391,15000
1787552376302,49950,3157,3100,391,15000
1787552376402,49950,3157,3100,391,15000
1787552376502,49950,3157,3100,391,15000
1787552376602,49950,3157,3100,391,15000
1787552376702,49950,3157,3100,391,15000
1787552376802,49950,3157,3100,391,15000
1787552376902,49950,3157,3100,391,15000
1787552377002,49950,3157,3100,391,15000
1787552377102,49950,3157,3100,391,15000
1787552377202,49950,3157,3100,391,15000
1787552377302,49950,3157,3100,391,15000
1787552377402,49950,3157,3100,391,15000
1787552377502,49950,3157,3100,391,15000
1787552377602,49950,3157,3100,391,15000
1787552377702,49950,3157,3100,391,15000
1787552377802,49950,3157,3100,391,15000
1787552377903,49950,3157,3100,391,15000
1787552378002,49950,3157,3100,391,15000
1787552378102,49950,3157,3100,391,15000
1787552378202,49950,3157,3100,391,15000
1787552378302,49950,3157,3100,391,15000
1787552378402,49950,3157,3100,391,15000
1787552378502,49950,3157,3100,391,15000
1787552378602,49950,3157,3100,391,15000
1787552378702,49950,3157,3100,391,15000
1787552378802,49950,3157,3100,391,15000
1787552378902,49950,3157,3100,391,15000
1787552379002,49950,3157,3100,391,15000
1787552379102,49950,3157,3100,391,15000
1787552379202,49950,3157,3100,391,15000
1787552379302,49950,3157,3100,391,15000
1787552379402,49950,3157,3100,391,15000
1787552379502,49950,3157,3100,391,15000
1787552379602,49950,3157,3100,391,15000
1787552379702,49950,3157,3100,391,15000
1787552379802,49950,3157,3100,391,15000
1787552379902,49950,3157,3100,391,15000
1787552380002,49950,3157,3100,391,15000
1787552380102,49950,3157,3100,391,15000
1787552380202,49950,3157,3100,391,15000
1787552380302,49950,3157,3100,391,15000
1787552380402,49950,3157,3100,391,15000
1787552380502,49950,3157,3100,391,15000
1787552380602,49950,3157,3100,391,15000
1787552380702,49950,3157,3100,391,15000
1787552380802,49950,3157,3100,391,15000
1787552380903,49950,3157,3100,391,15000
1787552381002,49950,3157,3100,391,15000
1787552381102,49950,3157,3100,391,15000
1787552381202,49950,3157,3100,391,15000
1787552381302,49950,3157,3100,391,15000
1787552381402,49950,3157,3100,391,15000
1787552381502,49950,3157,3100,391,15000
1787552381602,49950,3157,3100,391,15000
1787552381702,49950,3157,3100,391,15000
1787552381802,49950,3157,3200,391,15000
1787552381902,49950,3157,3200,391,15000
1787552382002,49950,3157,3200,391,15000
1787552382102,49950,3157,3200,391,15000
1787552382202,49950,3157,3200,391,15000
1787552382302,49950,3157,3200,391,15000
1787552382402,49950,3157,3200,391,15000
1787552382502,49950,3157,3100,391,15000
1787552382602,49950,3157,3100,391,15000
1787552382703,49950,3157,3100,391,15000
1787552382802,49950,3157,3100,391,15000
1787552382902,49950,3157,3100,391,15000
1787552383002,49950,3157,3100,391,15000
1787552383102,49950,3157,3100,391,15000
1787552383202,49950,3157,3100,391,15000
1787552383302,49950,3157,3100,391,15000
1787552383402,49950,3157,3100,391,15000
1787552383502,49950,3157,3100,391,15000
1787552383602,49950,3157,3100,391,15000
1787552383702,49950,3157,3100,391,15000
1787552383802,49950,3157,3100,391,15000
1787552383902,49950,3157,3100,391,15000
1787552384002,49950,3157,3100,391,15000
1787552384102,49950,3157,3100,391,15000
1787552384202,49950,3157,3100,391,15000
1787552384302,49950,3157,3100,391,15000
1787552384402,49950,3157,3100,391,15000
1787552384502,49950,3157,3100,391,15000
1787552384602,49950,3157,3100,391,15000
1787552384702,49950,3157,3100,391,15000
1787552384802,49950,3157,3100,391,15000
1787552384902,49950,3157,3100,391,15000
1787552385002,49950,3157,3100,391,15000
1787552385102,49950,3157,3100,391,15000
1787552385202,49950,3157,3100,391,15000
1787552385302,49950,3157,3100,391,15000
1787552385402,49950,3157,3100,391,15000
1787552385502,49950,3157,3100,391,15000
1787552385602,49950,3157,3100,391,15000
1787552385702,49950,3157,3100,391,15000
1787552385802,49950,3157,3100,391,15000
1787552385902,49950,3157,3100,391,15000
1787552386002,49950,3157,3100,391,15000
1787552386102,49950,3157,3100,391,15000
1787552386202,49950,3157,3100,391,15000
1787552386302,49950,3157,3100,391,15000
1787552386402,49950,3157,3100,391,15000
1787552386502,49950,3157,3100,391,15000
1787552386602,49950,3157,3200,391,15000
1787552386702,49950,3157,3200,391,15000
1787552386802,49950,3157,3200,391,15000
1787552386902,49950,3157,3200,391,15000
1787552387002,49950,3157,3200,391,15000
1787552387102,49950,3157,3200,391,15000
1787552387202,49950,3157,3100,391,15000
1787552387302,49950,3157,3100,391,15000
1787552387402,49950,3157,3100,391,15000
1787552387502,49950,3157,3100,391,15000
1787552387602,49950,3157,3100,391,15000
1787552387702,49950,3157,3100,391,15000
1787552387802,49950,3157,3100,391,15000
1787552387902,49950,3157,3100,391,15000
1787552388002,49950,3157,3100,391,15000
1787552388102,49950,3157,3100,391,15000
1787552388202,49950,3157,3100,391,15000
1787552388302,49950,3157,3100,391,15000
1787552388402,49950,3157,3100,391,15000
1787552388502,49950,3157,3100,391,15000
1787552388602,49950,3157,3100,391,15000
1787552388702,49950,3157,3100,391,15000
1787552388802,49950,3157,3100,391,15000
1787552388902,49950,3157,3200,391,15000
1787552389002,49950,3157,3200,391,15000
1787552389102,49950,3157,3200,391,15000
1787552389202,49950,3157,3200,391,15000
1787552389302,49950,3157,3200,391,15000
1787552389402,49950,3157,3200,391,15000
1787552389502,49950,3157,3200,391,15000
1787552389602,49950,3157,3200,391,15000
1787552389702,49950,3157,3200,391,15000
1787552389802,49950,3157,3200,391,15000
1787552389902,49950,3157,3200,391,15000
1787552390003,49950,3157,3200,391,15000
1787552390102,49950,3157,3200,391,15000
1787552390202,49950,3157,3200,391,15000
1787552390303,49950,3157,3200,391,15000
1787552390402,49950,3157,3200,391,15000
1787552390502,49950,3157,3200,391,15000
1787552390602,49950,3157,3200,391,15000
1787552390702,49950,3157,3200,391,15000
1787552390802,49950,3157,3200,391,15000
1787552390903,49950,3157,3200,391,15000
1787552391002,49950,3157,3200,391,15000
1787552391102,49950,3157,3200,391,15000
1787552391202,49950,3157,3200,391,15000
1787552391302,49950,3157,3200,391,15000
1787552391402,49950,3157,3200,391,15000
1787552391502,49950,3157,3200,391,15000
1787552391602,49950,3157,3200,391,15000
1787552391702,49950,3157,3200,391,15000
1787552391803,49950,3157,3200,391,15000
1787552391902,49950,3157,3200,391,15000
1787552392002,49950,3157,3200,391,15000
1787552392102,49950,3157,3200,391,15000
1787552392202,49950,3157,3200,391,15000
1787552392302,49950,3157,3200,391,15000
1787552392402,49950,3157,3200,391,15000
1787552392502,49950,3157,3200,391,15000
1787552392602,49950,3157,3200,391,15000
1787552392702,49950,3157,3200,391,15000
1787552392802,49950,3157,3200,391,15000
1787552392902,49950,3157,3200,391,15000
1787552393002,49950,3157,3200,391,15000
1787552393102,49950,3157,3200,391,15000
1787552393202,49950,3157,3200,391,15000
1787552393302,49950,3157,3200,391,15000
1787552393402,49950,3157,3200,391,15000
1787552393502,49950,3157,3100,391,15000
1787552393602,49950,3157,3100,391,15000
1787552393702,49950,3157,3100,391,15000
1787552393802,49950,3157,3100,391,15000
1787552393902,49950,3157,3100,391,15000
1787552394002,49950,3157,3100,391,15000
1787552394102,49950,3157,3100,391,15000
1787552394202,49950,3157,3100,391,15000
1787552394302,49950,3157,3100,391,15000
1787552394402,49950,3157,3100,391,15000
1787552394502,49950,3157,3100,391,15000
1787552394602,49950,3157,3100,391,15000
1787552394702,49950,3157,3100,391,15000
1787552394802,49950,3157,3100,391,15000
1787552394902,49950,3157,3100,391,15000
1787552395002,49950,3157,3100,391,15000
1787552395102,49950,3157,3100,391,15000
1787552395202,49950,3157,3100,391,15000
1787552395302,49950,3157,3100,391,15000
1787552395402,49950,3157,3100,391,15000
1787552395502,49950,3157,3100,391,15000
1787552395602,49950,3157,3100,391,15000
1787552395702,49950,3157,3100,391,15000
1787552395802,49950,3157,3100,391,15000
1787552395902,49950,3157,3100,391,15000
1787552396002,49950,3157,3100,391,15000
1787552396102,49950,3157,3100,391,15000
1787552396202,49950,3157,3200,391,15000
1787552396303,49950,3157,3200,391,15000
1787552396402,49950,3157,3200,391,15000
1787552396502,49950,3157,3200,391,15000
1787552396602,49950,3157,3200,391,15000
1787552396702,49950,3157,3200,391,15000
1787552396802,49950,3157,3100,391,15000
1787552396902,49950,3157,3100,391,15000
1787552397002,49950,3157,3100,391,15000
1787552397102,49950,3157,3100,391,15000
1787552397202,49950,3157,3100,391,15000
1787552397302,49950,3157,3100,391,15000
1787552397402,49950,3157,3100,391,15000
1787552397502,49950,3157,3100,391,15000
1787552397602,49950,3157,3100,391,15000
1787552397702,49950,3157,3100,391,15000
1787552397802,49950,3157,3100,391,15000
1787552397902,49950,3157,3100,391,15000
1787552398002,49950,3157,3100,391,15000
1787552398102,49950,3157,3100,391,15000
1787552398202,49950,3157,3100,391,15000
1787552398302,49950,3157,3100,391,15000
1787552398402,49950,3157,3100,391,15000
1787552398502,49950,3157,3100,391,15000
1787552398602,49950,3157,3100,391,15000
1787552398702,49950,3157,3200,391,15000
1787552398802,49950,3157,3200,391,15000
1787552398902,49950,3157,3200,391,15000
1787552399002,49950,3157,3200,391,15000
1787552399102,49950,3157,3200,391,15000
1787552399202,49950,3157,3200,391,15000
1787552399302,49950,3157,3100,391,15000
1787552399402,49950,3157,3100,391,15000
1787552399502,49950,3157,3100,391,15000
1787552399602,49950,3157,3100,391,15000
1787552399702,49950,3157,3100,391,15000
1787552399802,49950,3157,3100,391,15000
1787552399902,49950,3157,3100,391,15000
1787552400002,49950,3157,3100,391,15000
1787552400102,49950,3157,3100,391,15000
1787552400202,49950,3157,3100,391,15000
1787552400302,49950,3157,3100,391,15000
1787552400402,49950,3157,3100,391,15000
1787552400502,49950,3157,3100,391,15000
1787552400602,49950,3157,3100,391,15000
1787552400702,49950,3157,3100,391,15000
1787552400802,49950,3157,3100,391,15000
1787552400902,49950,3157,3100,391,15000
1787552401002,49950,3157,3200,391,15000
1787552401102,49950,3157,3200,391,15000
1787552401202,49950,3157,3200,391,15000
1787552401302,49950,3157,3200,391,15000
1787552401402,49950,3157,3200,391,15000
1787552401502,49950,3157,3200,391,15000
1787552401602,49950,3157,3100,391,15000
1787552401702,49950,3157,3100,391,15000
1787552401802,49950,3157,3100,391,15000
1787552401902,49950,3157,3100,391,15000
1787552402002,49950,3157,3100,391,15000
1787552402102,49950,3157,3100,391,15000
1787552402202,49950,3157,3100,391,15000
1787552402303,49950,3157,3100,391,15000
1787552402402,49950,3157,3100,391,15000
1787552402502,49950,3157,3100,391,15000
1787552402602,49950,3157,3100,391,15000
1787552402702,49950,3157,3100,391,15000
1787552402802,49950,3157,3100,391,15000
1787552402902,49950,3157,3100,391,15000
1787552403002,49950,3157,3100,391,15000
1787552403102,49950,3157,3100,391,15000
1787552403202,49950,3157,3100,391,15000
1787552403302,49950,3157,3100,391,15000
1787552403402,49950,3157,3100,391,15000
1787552403502,49950,3157,3100,391,15000
1787552403602,49950,3157,3100,391,15000
1787552403702,49950,3157,3100,391,15000
1787552403802,49950,3157,3100,391,15000
1787552403902,49950,3157,3100,391,15000
1787552404002,49950,3157,3100,391,15000
1787552404102,49950,3157,3100,391,15000
1787552404202,49950,3157,3100,391,15000
1787552404302,49950,3157,3100,391,15000
1787552404402,49950,3157,3100,391,15000
1787552404502,49950,3157,3100,391,15000
1787552404602,49950,3157,3100,391,15000
1787552404702,49950,3157,3100,391,15000
1787552404802,49950,3157,3100,391,15000
1787552404902,49950,3157,3100,391,15000
1787552405002,49950,3157,3100,391,15000
1787552405102,49950,3157,3100,391,15000
1787552405202,49950,3157,3100,391,15000
1787552405302,49950,3157,3100,391,15000
1787552405402,49950,3157,3100,391,15000
1787552405502,49950,3157,3100,391,15000
1787552405602,49950,3157,3100,391,15000
1787552405702,49950,3157,3100,391,15000
1787552405802,49950,3157,3100,391,15000
1787552405902,49950,3157,3100,391,15000
1787552406002,49950,3157,3200,391,15000
1787552406102,49950,3157,3200,391,15000
1787552406202,49950,3157,3200,391,15000
1787552406302,49950,3157,3200,391,15000
1787552406402,49950,3157,3200,391,15000
1787552406502,49950,3157,3200,391,15000
1787552406602,49950,3157,3100,391,15000
1787552406702,49950,3157,3100,391,15000
1787552406802,49950,3157,3100,391,15000
1787552406902,49950,3157,3100,391,15000
1787552407002,49950,3157,3100,391,15000
1787552407102,49950,3157,3100,391,15000
1787552407202,49950,3157,3100,391,15000
1787552407302,49950,3157,3100,391,15000
1787552407402,49950,3157,3100,391,15000
1787552407502,49950,3157,3100,391,15000
1787552407602,49950,3157,3100,391,15000
1787552407702,49950,3157,3100,391,15000
1787552407802,49950,3157,3100,391,15000
1787552407902,49950,3157,3100,391,15000
1787552408002,49950,3157,3100,391,15000
1787552408102,49950,3157,3100,391,15000
1787552408202,49950,3157,3100,391,15000
1787552408302,49950,3157,3100,391,15000
1787552408402,49950,3157,3100,391,15000
1787552408502,49950,3157,3100,391,15000
1787552408602,49950,3157,3100,391,15000
1787552408702,49950,3157,3100,391,15000
1787552408802,49950,3157,3100,391,15000
1787552408902,49950,3157,3100,391,15000
1787552409002,49950,3157,3100,391,15000
1787552409102,49950,3157,3100,391,15000
1787552409202,49950,3157,3100,391,15000
1787552409302,49950,3157,3100,391,15000
1787552409402,49950,3157,3100,391,15000
1787552409502,49950,3157,3100,391,15000
1787552409602,49950,3157,3100,391,15000
1787552409702,49950,3157,3100,391,15000
1787552409802,49950,3157,3100,391,15000
1787552409902,49950,3157,3100,391,15000
1787552410002,49950,3157,3100,391,15000
1787552410102,49950,3157,3100,391,15000
1787552410202,49950,3157,3100,391,15000
1787552410302,49950,3157,3100,391,15000
1787552410402,49950,3157,3100,391,15000
1787552410502,49950,3157,3100,391,15000
1787552410602,49950,3157,3100,391,15000
1787552410702,49950,3157,3100,391,15000
1787552410802,49950,3157,3100,391,15000
1787552410902,49950,3157,3100,391,15000
1787552411002,49950,3157,3100,391,15000
1787552411102,49950,3157,3100,391,15000
1787552411202,49950,3157,3100,391,15000
1787552411302,49950,3157,3100,391,15000
1787552411402,49950,3157,3100,391,15000
1787552411502,49950,3157,3100,391,15000
1787552411602,49950,3157,3100,391,15000
1787552411702,49950,3157,3100,391,15000
1787552411802,49950,3157,3100,391,15000
1787552411902,49950,3157,3100,391,15000
1787552412003,49950,3157,3100,391,15000
1787552412103,49950,3157,3200,391,15000
1787552412202,49950,3157,3200,391,15000
1787552412302,49950,3157,3200,391,15000
1787552412402,49950,3157,3200,391,15000
1787552412502,49950,3157,3100,391,15000
1787552412602,49950,3157,3100,391,15000
1787552412702,49950,3157,3100,391,15000
1787552412802,49950,3157,3100,391,15000
1787552412902,49950,3157,3100,391,15000
1787552413002,49950,3157,3100,391,15000
1787552413102,49950,3157,3100,391,15000
1787552413202,49950,3157,3100,391,15000
1787552413302,49950,3157,3100,391,15000
1787552413402,49950,3157,3100,391,15000
1787552413502,49950,3157,3100,391,15000
1787552413603,49950,3157,3100,391,15000
1787552413702,49950,3157,3100,391,15000
1787552413802,49950,3157,3100,391,15000
1787552413902,49950,3157,3100,391,15000
1787552414002,49950,3157,3100,391,15000
1787552414102,49950,3157,3100,391,15000
1787552414202,49950,3157,3100,391,15000
1787552414302,49950,3157,3100,391,15000
1787552414402,49950,3157,3100,391,15000
1787552414502,49950,3157,3100,391,15000
1787552414602,49950,3157,3100,391,15000
1787552414702,49950,3157,3100,391,15000
1787552414802,49950,3157,3100,391,15000
1787552414902,49950,3157,3100,391,15000
1787552415002,49950,3157,3200,391,15000
1787552415102,49950,3157,3200,391,15000
1787552415202,49950,3157,3200,391,15000
1787552415302,49950,3157,3200,391,15000
1787552415402,49950,3157,3200,391,15000
1787552415502,49950,3157,3200,391,15000
1787552415602,49950,3157,3100,391,15000
1787552415702,49950,3157,3100,391,15000
1787552415802,49950,3157,3100,391,15000
1787552415902,49950,3157,3100,391,15000
1787552416002,49950,3157,3100,391,15000
1787552416102,49950,3157,3100,391,15000
1787552416202,49950,3157,3100,391,15000
1787552416302,49950,3157,3100,391,15000
1787552416402,49950,3157,3100,391,15000
1787552416502,49950,3157,3100,391,15000
1787552416602,49950,3157,3100,391,15000
1787552416702,49950,3157,3100,391,15000
1787552416802,49950,3157,3100,391,15000
1787552416902,49950,3157,3100,391,15000
1787552417002,49950,3157,3100,391,15000
1787552417102,49950,3157,3100,391,15000
1787552417202,49950,3157,3100,391,15000
1787552417302,49950,3157,3100,391,15000
1787552417402,49950,3157,3100,391,15000
1787552417502,49950,3157,3100,391,15000
1787552417602,49950,3157,3100,391,15000
1787552417702,49950,3157,3100,391,15000
1787552417802,49950,3157,3100,391,15000
1787552417902,49950,3157,3100,391,15000
1787552418002,49950,3157,3100,391,15000
1787552418102,49950,3157,3100,391,15000
1787552418202,49950,3157,3100,391,15000
1787552418302,49950,3157,3100,391,15000
1787552418402,49950,3157,3100,391,15000
1787552418502,49950,3157,3100,391,15000
1787552418602,49950,3157,3100,391,15000
1787552418702,49950,3157,3100,391,15000
1787552418802,49950,3157,3100,391,15000
1787552418902,49950,3157,3100,391,15000
1787552419002,49950,3157,3100,391,15000
1787552419102,49950,3157,3200,391,15000
1787552419202,49950,3157,3200,391,15000
1787552419302,49950,3157,3200,391,15000
1787552419402,49950,3157,3200,391,15000
1787552419502,49950,3157,3200,391,15000
1787552419602,49950,3157,3200,391,15000
1787552419702,49950,3157,3200,391,15000
1787552419802,49950,3157,3100,391,15000
1787552419902,49950,3157,3100,391,15000
1787552420002,49950,3157,3100,391,15000
1787552420102,49950,3157,3100,391,15000
1787552420202,49950,3157,3100,391,15000
1787552420302,49950,3157,3100,391,15000
1787552420402,49950,3157,3100,391,15000
1787552420502,49950,3157,3100,391,15000
1787552420602,49950,3157,3100,391,15000
1787552420702,49950,3157,3100,391,15000
1787552420802,49950,3157,3100,391,15000
1787552420902,49950,3157,3100,391,15000
1787552421002,49950,3157,3100,391,15000
1787552421102,49950,3157,3100,391,15000
1787552421202,49950,3157,3100,391,15000
1787552421302,49950,3157,3100,391,15000
1787552421402,49950,3157,3100,391,15000
1787552421502,49950,3157,3100,391,15000
1787552421602,49950,3157,3100,391,15000
1787552421702,49950,3157,3100,391,15000
1787552421802,49950,3157,3100,391,15000
1787552421902,49950,3157,3100,391,15000
1787552422002,49950,3157,3100,391,15000
1787552422102,49950,3157,3100,391,15000
1787552422202,49950,3157,3100,391,15000
1787552422302,49950,3157,3100,391,15000
1787552422402,49950,3157,3100,391,15000
1787552422502,49950,3157,3100,391,15000
1787552422602,49950,3157,3100,391,15000
1787552422702,49950,3157,3100,391,15000
1787552422802,49950,3157,3100,391,15000
1787552422902,49950,3157,3100,391,15000
1787552423002,49950,3157,3100,391,15000
1787552423102,49950,3157,3100,391,15000
1787552423202,49950,3157,3100,391,15000
1787552423302,49950,3157,3100,391,15000
1787552423402,49950,3157,3100,391,15000
1787552423502,49950,3157,3100,391,15000
1787552423602,49950,3157,3100,391,15000
1787552423702,49950,3157,3100,391,15000
1787552423802,49950,3157,3100,391,15000
1787552423902,49950,3157,3100,391,15000
1787552424002,49950,3157,3100,391,15000
1787552424102,49950,3157,3100,391,15000
1787552424202,49950,3157,3100,391,15000
1787552424302,49950,3157,3100,391,15000
1787552424402,49950,3157,3100,391,15000
1787552424502,49950,3157,3100,391,15000
1787552424602,49950,3157,3100,391,15000
1787552424702,49950,3157,3100,391,15000
1787552424802,49950,3157,3100,391,15000
1787552424902,49950,3157,3100,391,15000
1787552425002,49950,3157,3100,391,15000
1787552425102,49950,3157,3100,391,15000
1787552425202,49950,3157,3100,391,15000
1787552425302,49950,3157,3100,391,15000
1787552425402,49950,3157,3100,391,15000
1787552425502,49950,3157,3100,391,15000
1787552425603,49950,3157,3100,391,15000
1787552425702,49950,3157,3100,391,15000
1787552425802,49950,3157,3100,391,15000
1787552425902,49950,3157,3100,391,15000
1787552426002,49950,3157,3100,391,15000
1787552426103,49950,3157,3100,391,15000
1787552426202,49950,3157,3100,391,15000
1787552426302,49950,3157,3100,391,15000
1787552426402,49950,3157,3100,391,15000
1787552426502,49950,3157,3100,391,15000
1787552426602,49950,3157,3100,391,15000
1787552426702,49950,3157,3100,391,15000
1787552426802,49950,3157,3100,391,15000
1787552426902,49950,3157,3100,391,15000
1787552427002,49950,3157,3100,391,15000
1787552427102,49950,3157,3100,391,15000
1787552427202,49950,3157,3100,391,15000
1787552427302,49950,3157,3100,391,15000
1787552427402,49950,3157,3100,391,15000
1787552427502,49950,3157,3100,391,15000
1787552427602,49950,3157,3100,391,15000
1787552427702,49950,3157,3100,391,15000
1787552427802,49950,3157,3100,391,15000
1787552427902,49950,3157,3100,391,15000
1787552428002,49950,3157,3100,391,15000
1787552428102,49950,3157,3100,391,15000
1787552428202,49950,3157,3100,391,15000
1787552428302,49950,3157,3100,391,15000
1787552428402,49950,3157,3100,391,15000
1787552428502,49950,3157,3100,391,15000
1787552428602,49950,3157,3100,391,15000
1787552428702,49950,3157,3100,391,15000
1787552428802,49950,3157,3100,391,15000
1787552428902,49950,3157,3100,391,15000
1787552429002,49950,3157,3100,391,15000
1787552429103,49950,3157,3100,391,15000
1787552429202,49950,3157,3100,391,15000
1787552429302,49950,3157,3100,391,15000
1787552429402,49950,3157,3100,391,15000
1787552429502,49950,3157,3100,391,15000
1787552429602,49950,3157,3100,391,15000
1787552429702,49950,3157,3100,391,15000
1787552429802,49950,3157,3100,391,15000
1787552429903,49950,3157,3100,391,15000
1787552430002,49950,3157,3100,391,15000
1787552430102,49950,3157,3100,391,15000
1787552430202,49950,3157,3100,391,15000
1787552430302,49950,3157,3100,391,15000
1787552430402,49950,3157,3100,391,15000
1787552430502,49950,3157,3100,391,15000
1787552430602,49950,3157,3100,391,15000
1787552430702,49950,3157,3100,391,15000
1787552430802,49950,3157,3100,391,15000
1787552430902,49950,3157,3100,391,15000
1787552431002,49950,3157,3100,391,15000
1787552431102,49950,3157,3100,391,15000
1787552431202,49950,3157,3100,391,15000
1787552431302,49950,3157,3100,391,15000
1787552431402,49950,3157,3100,391,15000
1787552431502,49950,3157,3100,391,15000
1787552431602,49950,3157,3100,391,15000
1787552431702,49950,3157,3100,391,15000
1787552431802,49950,3157,3100,391,15000
1787552431902,49950,3157,3100,391,15000
1787552432002,49950,3157,3100,391,15000
1787552432102,49950,3157,3100,391,15000
1787552432202,49950,3157,3100,391,15000
1787552432303,49950,3157,3100,391,15000
1787552432402,49950,3157,3100,391,15000
1787552432502,49950,3157,3100,391,15000
1787552432602,49950,3157,3100,391,15000
1787552432702,49950,3157,3100,391,15000
1787552432802,49950,3157,3100,391,15000
1787552432902,49950,3157,3100,391,15000
1787552433002,49950,3157,3100,391,15000
1787552433102,49950,3157,3100,391,15000
1787552433202,49950,3157,3100,391,15000
1787552433302,49950,3157,3100,391,15000
1787552433402,49950,3157,3100,391,15000
1787552433502,49950,3157,3100,391,15000
1787552433602,49950,3157,3100,391,15000
1787552433702,49950,3157,3100,391,15000
1787552433802,49950,3157,3100,391,15000
1787552433902,49950,3157,3100,391,15000
1787552434002,49950,3157,3100,391,15000
1787552434102,49950,3157,3100,391,15000
1787552434202,49950,3157,3100,391,15000
1787552434302,49950,3157,3100,391,15000
1787552434402,49950,3157,3100,391,15000
1787552434502,49950,3157,3100,391,15000
1787552434602,49950,3157,3100,391,15000
1787552434702,49950,3157,3100,391,15000
1787552434802,49950,3157,3100,391,15000
1787552434902,49950,3157,3100,391,15000
1787552435002,49950,3157,3100,391,15000
1787552435102,49950,3157,3100,391,15000
1787552435202,49950,3157,3100,391,15000
1787552435302,49950,3157,3100,391,15000
1787552435402,49950,3157,3100,391,15000
1787552435502,49950,3157,3100,391,15000
1787552435602,49950,3157,3100,391,15000
1787552435702,49950,3157,3100,391,15000
1787552435802,49950,3157,3100,391,15000
1787552435902,49950,3157,3100,391,15000
1787552436002,49950,3157,3100,391,15000
1787552436102,49950,3157,3100,391,15000
1787552436202,49950,3157,3100,391,15000
1787552436302,49950,3157,3100,391,15000
1787552436402,49950,3157,3100,391,15000
1787552436502,49950,3157,3100,391,15000
1787552436602,49950,3157,3100,391,15000
1787552436702,49950,3157,3100,391,15000
1787552436802,49950,3157,3100,391,15000
1787552436902,49950,3157,3100,391,15000
1787552437002,49950,3157,3100,391,15000
1787552437102,49950,3157,3100,391,15000
1787552437203,49950,3157,3100,391,15000
1787552437302,49950,3157,3200,391,15000
1787552437402,49950,3157,3200,391,15000
1787552437502,49950,3157,3200,391,15000
1787552437603,49950,3157,3200,391,15000
1787552437702,49950,3157,3200,391,15000
1787552437802,49950,3157,3200,391,15000
1787552437902,49950,3157,3100,391,15000
1787552438002,49950,3157,3100,391,15000
1787552438102,49950,3157,3100,391,15000
1787552438202,49950,3157,3100,391,15000
1787552438302,49950,3157,3100,391,15000
1787552438402,49950,3157,3100,391,15000
1787552438502,49950,3157,3100,391,15000
1787552438602,49950,3157,3100,391,15000
1787552438702,49950,3157,3100,391,15000
1787552438802,49950,3157,3100,391,15000
1787552438902,49950,3157,3100,391,15000
1787552439002,49950,3157,3100,391,15000
1787552439102,49950,3157,3100,391,15000
1787552439202,49950,3157,3100,391,15000
1787552439302,49950,3157,3100,391,15000
1787552439402,49950,3157,3100,391,15000
1787552439502,49950,3157,3100,391,15000
1787552439602,49950,3157,3100,391,15000
1787552439702,49950,3157,3100,391,15000
1787552439802,49950,3157,3100,391,15000
1787552439902,49950,3157,3100,391,15000
1787552440002,49950,3157,3100,391,15000
1787552440102,49950,3157,3100,391,15000
1787552440202,49950,3157,3100,391,15000
1787552440302,49950,3157,3100,391,15000
1787552440402,49950,3157,3100,391,15000
1787552440502,49950,3157,3200,391,15000
1787552440602,49950,3157,3200,391,15000
1787552440702,49950,3157,3200,391,15000
1787552440802,49950,3157,3200,391,15000
1787552440902,49950,3157,3200,391,15000
1787552441002,49950,3157,3200,391,15000
1787552441102,49950,3157,3200,391,15000
1787552441202,49950,3157,3200,391,15000
1787552441302,49950,3157,3200,391,15000
1787552441402,49950,3157,3200,391,15000
1787552441502,49950,3157,3200,391,15000
1787552441602,49950,3157,3200,391,15000
1787552441702,49950,3157,3100,391,15000
1787552441802,49950,3157,3100,391,15000
1787552441902,49950,3157,3100,391,15000
1787552442002,49950,3157,3100,391,15000
1787552442102,49950,3157,3200,391,15000
1787552442202,49950,3157,3200,391,15000
1787552442302,49950,3157,3200,391,15000
1787552442402,49950,3157,3200,391,15000
1787552442502,49950,3157,3200,391,15000
1787552442602,49950,3157,3200,391,15000
1787552442702,49950,3157,3100,391,15000
1787552442802,49950,3157,3100,391,15000
1787552442902,49950,3157,3100,391,15000
1787552443002,49950,3157,3100,391,15000
1787552443102,49950,3157,3100,391,15000
1787552443202,49950,3157,3100,391,15000
1787552443302,49950,3157,3100,391,15000
1787552443402,49950,3157,3100,391,15000
1787552443502,49950,3157,3100,391,15000
1787552443602,49950,3157,3100,391,15000
1787552443702,49950,3157,3100,391,15000
1787552443802,49950,3157,3100,391,15000
1787552443902,49950,3157,3100,391,15000
1787552444002,49950,3157,3100,391,15000
1787552444102,49950,3157,3100,391,15000
1787552444202,49950,3157,3100,391,15000
1787552444302,49950,3157,3100,391,15000
1787552444402,49950,3157,3100,391,15000
1787552444502,49950,3157,3100,391,15000
1787552444602,49950,3157,3100,391,15000
1787552444702,49950,3157,3100,391,15000
1787552444802,49950,3157,3100,391,15000
1787552444902,49950,3157,3100,391,15000
1787552445002,49950,3157,3100,391,15000
1787552445102,49950,3157,3100,391,15000
1787552445202,49950,3157,3100,391,15000
1787552445302,49950,3157,3100,391,15000
1787552445402,49950,3157,3100,391,15000
1787552445502,49950,3157,3100,391,15000
1787552445602,49950,3157,3100,391,15000
1787552445702,49950,3157,3100,391,15000
1787552445802,49950,3157,3100,391,15000
1787552445902,49950,3157,3100,391,15000
1787552446002,49950,3157,3100,391,15000
1787552446102,49950,3157,3100,391,15000
1787552446203,49950,3157,3100,391,15000
1787552446302,49950,3157,3100,391,15000
1787552446402,49950,3157,3100,391,15000
1787552446502,49950,3157,3100,391,15000
1787552446602,49950,3157,3100,391,15000
1787552446702,49950,3157,3100,391,15000
1787552446802,49950,3157,3100,391,15000
1787552446902,49950,3157,3100,391,15000
1787552447002,49950,3157,3100,391,15000
1787552447102,49950,3157,3100,391,15000
1787552447202,49950,3157,3100,391,15000
1787552447302,49950,3157,3100,391,15000
1787552447402,49950,3157,3100,391,15000
1787552447502,49950,3157,3100,391,15000
1787552447602,49950,3157,3100,391,15000
1787552447702,49950,3157,3200,391,15000
1787552447802,49950,3157,3200,391,15000
1787552447902,49950,3157,3200,391,15000
1787552448002,49950,3157,3200,391,15000
1787552448102,49950,3157,3200,391,15000
1787552448202,49950,3157,3100,391,15000
1787552448302,49950,3157,3100,391,15000
1787552448402,49950,3157,3100,391,15000
1787552448502,49950,3157,3100,391,15000
1787552448602,49950,3157,3100,391,15000
1787552448702,49950,3157,3100,391,15000
1787552448802,49950,3157,3200,391,15000
1787552448902,49950,3157,3200,391,15000
1787552449002,49950,3157,3200,391,15000
1787552449102,49950,3157,3200,391,15000
1787552449202,49950,3157,3200,391,15000
1787552449302,49950,3157,3200,391,15000
1787552449402,49950,3157,3100,391,15000
1787552449504,49950,3157,3100,391,15000
1787552449602,49950,3157,3100,391,15000
1787552449702,49950,3157,3100,391,15000
1787552449802,49950,3157,3100,391,15000
1787552449902,49950,3157,3100,391,15000
1787552450002,49950,3157,3100,391,15000
1787552450102,49950,3157,3100,391,15000
1787552450202,49950,3157,3100,391,15000
1787552450302,49950,3157,3100,391,15000
1787552450402,49950,3157,3100,391,15000
1787552450502,49950,3157,3100,391,15000
1787552450602,49950,3157,3100,391,15000
1787552450702,49950,3157,3100,391,15000
1787552450802,49950,3157,3100,391,15000
1787552450902,49950,3157,3100,391,15000
1787552451002,49950,3157,3100,391,15000
1787552451102,49950,3157,3100,391,15000
1787552451202,49950,3157,3100,391,15000
1787552451302,49950,3157,3100,391,15000
1787552451402,49950,3157,3100,391,15000
1787552451502,49950,3157,3100,391,15000
1787552451602,49950,3157,3100,391,15000
1787552451702,49950,3157,3100,391,15000
1787552451802,49950,3157,3100,391,15000
1787552451902,49950,3157,3100,391,15000
1787552452002,49950,3157,3100,391,15000
1787552452102,49950,3157,3100,391,15000
1787552452202,49950,3157,3100,391,15000
1787552452302,49950,3157,3100,391,15000
1787552452402,49950,3157,3100,391,15000
1787552452502,49950,3157,3100,391,15000
1787552452602,49950,3157,3100,391,15000
1787552452702,49950,3157,3100,391,15000
1787552452802,49950,3157,3100,391,15000
1787552452902,49950,3157,3100,391,15000
1787552453002,49950,3157,3100,391,15000
1787552453102,49950,3157,3100,391,15000
1787552453202,49950,3157,3100,391,15000
1787552453302,49950,3157,3100,391,15000
1787552453402,49950,3157,3100,391,15000
1787552453502,49950,3157,3100,391,15000
1787552453602,49950,3157,3100,391,15000
1787552453702,49950,3157,3100,391,15000
1787552453802,49950,3157,3100,391,15000
1787552453902,49950,3157,3100,391,15000
1787552454002,49950,3157,3100,391,15000
1787552454102,49950,3157,3100,391,15000
1787552454202,49950,3157,3100,391,15000
1787552454302,49950,3157,3100,391,15000
1787552454402,49950,3157,3100,391,15000
1787552454502,49950,3157,3100,391,15000
1787552454602,49950,3157,3100,391,15000
1787552454702,49950,3157,3100,391,15000
1787552454802,49950,3157,3100,391,15000
1787552454902,49950,3157,3100,391,15000
1787552455002,49950,3157,3100,391,15000
1787552455102,49950,3157,3100,391,15000
1787552455202,49950,3157,3100,391,15000
1787552455302,49950,3157,3100,391,15000
1787552455402,49950,3157,3100,391,15000
1787552455502,49950,3157,3100,391,15000
1787552455602,49950,3157,3100,391,15000
1787552455702,49950,3157,3100,391,15000
1787552455802,49950,3157,3100,391,15000
1787552455902,49950,3157,3100,391,15000
1787552456003,49950,3157,3100,391,15000
1787552456102,49950,3157,3100,391,15000
1787552456202,49950,3157,3100,391,15000
1787552456302,49950,3157,3100,391,15000
1787552456402,49950,3157,3100,391,15000
1787552456502,49950,3157,3100,391,15000
1787552456602,49950,3157,3100,391,15000
1787552456702,49950,3157,3100,391,15000
1787552456802,49950,3157,3100,391,15000
1787552456902,49950,3157,3100,391,15000
1787552457002,49950,3157,3100,391,15000
1787552457102,49950,3157,3100,391,15000
1787552457202,49950,3157,3100,391,15000
1787552457302,49950,3157,3100,391,15000
1787552457402,49950,3157,3200,391,15000
1787552457502,49950,3157,3200,391,15000
1787552457602,49950,3157,3200,391,15000
1787552457702,49950,3157,3200,391,15000
1787552457802,49950,3157,3200,391,15000
1787552457902,49950,3157,3200,391,15000
1787552458002,49950,3157,3100,391,15000
1787552458102,49950,3157,3100,391,15000
1787552458202,49950,3157,3100,391,15000
1787552458303,49950,3157,3100,391,15000
1787552458403,49950,3157,3100,391,15000
1787552458502,49950,3157,3100,391,15000
1787552458602,49950,3157,3100,391,15000
1787552458702,49950,3157,3100,391,15000
1787552458802,49950,3157,3100,391,15000
1787552458902,49950,3157,3100,391,15000
1787552459002,49950,3157,3100,391,15000
1787552459102,49950,3157,3100,391,15000
1787552459202,49950,3157,3100,391,15000
1787552459302,49950,3157,3100,391,15000
1787552459402,49950,3157,3100,391,15000
1787552459502,49950,3157,3100,391,15000
1787552459602,49950,3157,3100,391,15000
1787552459702,49950,3157,3100,391,15000
1787552459802,49950,3157,3100,391,15000
1787552459902,49950,3157,3100,391,15000
1787552460002,49950,3157,3100,391,15000
1787552460102,49950,3157,3100,391,15000
1787552460202,49950,3157,3100,391,15000
1787552460302,49950,3157,3200,391,15000
1787552460402,49950,3157,3200,391,15000
1787552460502,49950,3157,3200,391,15000
1787552460602,49950,3157,3200,391,15000
1787552460702,49950,3157,3200,391,15000
1787552460802,49950,3157,3200,391,15000
1787552460903,49950,3157,3200,391,15000
1787552461002,49950,3157,3200,391,15000
1787552461102,49950,3157,3200,391,15000
1787552461202,49950,1578,3200,391,15000
1787552461302,49950,1578,3200,391,15000
1787552461402,49950,1578,3200,391,15000
1787552461502,49950,1578,3200,391,15000
1787552461602,49950,1578,2500,391,15000
1787552461702,49950,1578,2500,391,15000
1787552461802,49950,1578,2500,391,15000
1787552461902,49950,1578,2500,391,15000
1787552462002,49950,1578,2500,391,15000
1787552462102,49950,1578,2500,391,15000
1787552462202,49950,1578,1600,391,15000
1787552462302,49950,1578,1600,391,15000
1787552462402,49950,1578,1600,391,15000
1787552462502,49950,1578,1600,391,15000
1787552462602,49950,1578,1600,391,15000
1787552462702,49950,1578,1600,391,15000
1787552462802,49950,1578,1500,391,15000
1787552462902,49950,1578,1500,391,15000
1787552463002,49950,1578,1500,391,15000
1787552463102,49950,1578,1500,391,15000
1787552463202,49950,1578,1500,391,15000
1787552463302,49950,1578,1500,391,15000
1787552463402,49950,1578,1500,391,15000
1787552463502,49950,1578,1500,391,15000
1787552463602,49950,1578,1500,391,15000
1787552463702,49950,1578,1500,391,15000
1787552463803,49950,1578,1500,391,15000
1787552463902,49950,1578,1500,391,15000
1787552464002,49950,1578,1500,391,15000
1787552464102,49950,1578,1500,391,15000
1787552464202,49950,1578,1500,391,15000
1787552464302,49950,1578,1500,391,15000
1787552464402,49950,1578,1500,391,15000
1787552464502,49950,1578,1500,391,15000
1787552464602,49950,1578,1500,391,15000
1787552464702,49950,1578,1500,391,15000
1787552464802,49950,1578,1500,391,15000
1787552464902,49950,1578,1500,391,15000
1787552465002,49950,1578,1500,391,15000
1787552465102,49950,1578,1500,391,15000
1787552465202,49950,1578,1500,391,15000
1787552465302,49950,1578,1500,391,15000
1787552465402,49950,1578,1500,391,15000
1787552465502,49950,1578,1500,391,15000
1787552465602,49950,1578,1500,391,15000
1787552465702,49950,1578,1500,391,15000
1787552465802,49950,1578,1500,391,15000
1787552465902,49950,1578,1500,391,15000
1787552466002,49950,1578,1500,391,15000
1787552466102,49950,1578,1500,391,15000
1787552466202,49950,1578,1500,391,15000
1787552466302,49950,1578,1500,391,15000
1787552466402,49950,1578,1500,391,15000
1787552466502,49950,1578,1500,391,15000
1787552466602,49950,1578,1500,391,15000
1787552466702,49950,1578,1500,391,15000
1787552466802,49950,1578,1500,391,15000
1787552466902,49950,1578,1500,391,15000
1787552467002,49950,1578,1500,391,15000
1787552467102,49950,1578,1500,391,15000
1787552467202,49950,1578,1500,391,15000
1787552467302,49950,1578,1500,391,15000
1787552467402,49950,1578,1500,391,15000
1787552467502,49950,1578,1500,391,15000
1787552467602,49950,1578,1500,391,15000
1787552467702,49950,1578,1500,391,15000
1787552467802,49950,1578,1500,391,15000
1787552467902,49950,1578,1500,391,15000
1787552468002,49950,1578,1500,391,15000
1787552468102,49950,1578,1500,391,15000
1787552468202,49950,1578,1500,391,15000
1787552468302,49950,1578,1500,391,15000
1787552468402,49950,1578,1500,391,15000
1787552468502,49950,1578,1500,391,15000
1787552468602,49950,1578,1500,391,15000
1787552468702,49950,1578,1500,391,15000
1787552468802,49950,1578,1500,391,15000
1787552468902,49950,1578,1500,391,15000
1787552469002,49950,1578,1500,391,15000
1787552469102,49950,1578,1500,391,15000
1787552469202,49950,1578,1500,391,15000
1787552469302,49950,1578,1500,391,15000
1787552469402,49950,1578,1500,391,15000
1787552469502,49950,1578,1500,391,15000
1787552469602,49950,1578,1500,391,15000
1787552469702,49950,1578,1500,391,15000
1787552469802,49950,1578,1500,391,15000
1787552469902,49950,1578,1500,391,15000
1787552470002,49950,1578,1500,391,15000
1787552470102,49950,1578,1500,391,15000
1787552470202,49950,1578,1500,391,15000
1787552470302,49950,1578,1500,391,15000
1787552470402,49950,1578,1500,391,15000
1787552470502,49950,1578,1500,391,15000
1787552470602,49950,1578,1500,391,15000
1787552470702,49950,1578,1500,391,15000
1787552470802,49950,1578,1500,391,15000
1787552470902,49950,1578,1500,391,15000
1787552471002,49950,1578,1500,391,15000
1787552471102,49950,1578,1500,391,15000
1787552471202,49950,1578,1500,391,15000
1787552471302,49950,1578,1500,391,15000
1787552471402,49950,1578,1500,391,15000
1787552471502,49950,1578,1500,391,15000
1787552471602,49950,1578,1500,391,15000
1787552471702,49950,1578,1500,391,15000
1787552471802,49950,1578,1500,391,15000
1787552471902,49950,1578,1500,391,15000
1787552472002,49950,1578,1500,391,15000
1787552472102,49950,1578,1500,391,15000
1787552472202,49950,1578,1500,391,15000
1787552472302,49950,1578,1500,391,15000
1787552472402,49950,1578,1500,391,15000
1787552472502,49950,1578,1500,391,15000
1787552472602,49950,1578,1500,391,15000
1787552472702,49950,1578,1500,391,15000
1787552472802,49950,1578,1500,391,15000
1787552472902,49950,1578,1500,391,15000
1787552473002,49950,1578,1500,391,15000
1787552473102,49950,1578,1500,391,15000
1787552473202,49950,1578,1500,391,15000
1787552473302,49950,1578,1500,391,15000
1787552473402,49950,1578,1500,391,15000
1787552473502,49950,1578,1500,391,15000
1787552473602,49950,1578,1500,391,15000
1787552473702,49950,1578,1500,391,15000
1787552473802,49950,1578,1500,391,15000
1787552473902,49950,1578,1500,391,15000
1787552474002,49950,1578,1500,391,15000
1787552474102,49950,1578,1500,391,15000
1787552474202,49950,1578,1500,391,15000
1787552474302,49950,1578,1500,391,15000
1787552474402,49950,1578,1500,391,15000
1787552474502,49950,1578,1500,391,15000
1787552474602,49950,1578,1500,391,15000
1787552474702,49950,1578,1500,391,15000
1787552474802,49950,1578,1500,391,15000
1787552474902,49950,1578,1500,391,15000
1787552475002,49950,1578,1500,391,15000
1787552475102,49950,1578,1500,391,15000
1787552475202,49950,1578,1500,391,15000
1787552475302,49950,1578,1500,391,15000
1787552475402,49950,1578,1500,391,15000
1787552475503,49950,1578,1500,391,15000
1787552475602,49950,1578,1500,391,15000
1787552475702,49950,1578,1500,391,15000
1787552475802,49950,1578,1500,391,15000
1787552475902,49950,1578,1500,391,15000
1787552476002,49950,1578,1500,391,15000
1787552476102,49950,1578,1500,391,15000
1787552476202,49950,1578,1500,391,15000
1787552476302,49950,1578,1500,391,15000
1787552476402,49950,1578,1500,391,15000
1787552476502,49950,1578,1500,391,15000
1787552476602,49950,1578,1500,391,15000
1787552476702,49950,1578,1500,391,15000
1787552476802,49950,1578,1500,391,15000
1787552476902,49950,1578,1500,391,15000
1787552477002,49950,1578,1500,391,15000
1787552477102,49950,1578,1500,391,15000
1787552477202,49950,1578,1500,391,15000
1787552477302,49950,1578,1500,391,15000
1787552477402,49950,1578,1500,391,15000
1787552477502,49950,1578,1500,391,15000
1787552477602,49950,1578,1500,391,15000
1787552477702,49950,1578,1500,391,15000
1787552477802,49950,1578,1500,391,15000
1787552477902,49950,1578,1500,391,15000
1787552478002,49950,1578,1500,391,15000
1787552478102,49950,1578,1500,391,15000
1787552478202,49950,1578,1500,391,15000
1787552478302,49950,1578,1500,391,15000
1787552478402,49950,1578,1500,391,15000
1787552478502,49950,1578,1500,391,15000
1787552478602,49950,1578,1500,391,15000
1787552478702,49950,1578,1500,391,15000
1787552478802,49950,1578,1500,391,15000
1787552478902,49950,1578,1500,391,15000
1787552479002,49950,1578,1500,391,15000
1787552479102,49950,1578,1500,391,15000
1787552479202,49950,1578,1500,391,15000
1787552479302,49950,1578,1500,391,15000
1787552479402,49950,1578,1500,391,15000
1787552479502,49950,1578,1500,391,15000
1787552479602,49950,1578,1500,391,15000
1787552479702,49950,1578,1500,391,15000
1787552479802,49950,1578,1500,391,15000
1787552479902,49950,1578,1500,391,15000
1787552480002,49950,1578,1500,391,15000
1787552480102,49950,1578,1500,391,15000
1787552480202,49950,1578,1500,391,15000
1787552480302,49950,1578,1500,391,15000
1787552480402,49950,1578,1500,391,15000
1787552480502,49950,1578,1500,391,15000
1787552480602,49950,1578,1500,391,15000
1787552480702,49950,1578,1500,391,15000
1787552480802,49950,1578,1500,391,15000
1787552480902,49950,1578,1600,391,15000
1787552481002,49950,1578,1600,391,15000
1787552481102,49950,1578,1600,391,15000
1787552481202,49950,1578,1600,391,15000
1787552481302,49950,1578,1600,391,15000
1787552481402,49950,1578,1600,391,15000
1787552481502,49950,1578,1500,391,15000
1787552481602,49950,1578,1500,391,15000
1787552481702,49950,1578,1500,391,15000
1787552481802,49950,1578,1500,391,15000
1787552481902,49950,1578,1500,391,15000
1787552482002,49950,1578,1500,391,15000
1787552482102,49950,1578,1600,391,15000
1787552482202,49950,1578,1600,391,15000
1787552482302,49950,1578,1600,391,15000
1787552482402,49950,1578,1600,391,15000
1787552482502,49950,1578,1600,391,15000
1787552482602,49950,1578,1600,391,15000
1787552482702,49950,1578,1500,391,15000
1787552482802,49950,1578,1500,391,15000
1787552482902,49950,1578,1500,391,15000
1787552483002,49950,1578,1500,391,15000
1787552483102,49950,1578,1500,391,15000
1787552483202,49950,1578,1500,391,15000
1787552483302,49950,1578,1500,391,15000
1787552483402,49950,1578,1500,391,15000
1787552483502,49950,1578,1500,391,15000
1787552483602,49950,1578,1500,391,15000
1787552483702,49950,1578,1500,391,15000
1787552483802,49950,1578,1500,391,15000
1787552483902,49950,1578,1500,391,15000
1787552484002,49950,1578,1500,391,15000
1787552484102,49950,1578,1500,391,15000
1787552484202,49950,1578,1500,391,15000
1787552484302,49950,1578,1500,391,15000
1787552484402,49950,1578,1500,391,15000
1787552484502,49950,1578,1500,391,15000
1787552484602,49950,1578,1500,391,15000
1787552484702,49950,1578,1500,391,15000
1787552484802,49950,1578,1500,391,15000
1787552484902,49950,1578,1500,391,15000
1787552485002,49950,1578,1500,391,15000
1787552485102,49950,1578,1500,391,15000
1787552485202,49950,1578,1500,391,15000
1787552485302,49950,1578,1500,391,15000
1787552485402,49950,1578,1500,391,15000
1787552485502,49950,1578,1500,391,15000
1787552485602,49950,1578,1500,391,15000
1787552485702,49950,1578,1500,391,15000
1787552485802,49950,1578,1500,391,15000
1787552485902,49950,1578,1500,391,15000
1787552486002,49950,1578,1500,391,15000
1787552486102,49950,1578,1500,391,15000
1787552486202,49950,1578,1500,391,15000
1787552486302,49950,1578,1500,391,15000
1787552486402,49950,1578,1500,391,15000
1787552486502,49950,1578,1500,391,15000
1787552486602,49950,1578,1500,391,15000
1787552486702,49950,1578,1500,391,15000
1787552486802,49950,1578,1500,391,15000
1787552486902,49950,1578,1500,391,15000
1787552487002,49950,1578,1500,391,15000
1787552487102,49950,1578,1500,391,15000
1787552487202,49950,1578,1500,391,15000
1787552487302,49950,1578,1500,391,15000
1787552487402,49950,1578,1500,391,15000
1787552487502,49950,1578,1500,391,15000
1787552487602,49950,1578,1500,391,15000
1787552487702,49950,1578,1500,391,15000
1787552487802,49950,1578,1500,391,15000
1787552487902,49950,1578,1500,391,15000
1787552488002,49950,1578,1500,391,15000
1787552488102,49950,1578,1500,391,15000
1787552488202,49950,1578,1500,391,15000
1787552488302,49950,1578,1500,391,15000
1787552488402,49950,1578,1500,391,15000
1787552488502,49950,1578,1500,391,15000
1787552488602,49950,1578,1500,391,15000
1787552488702,49950,1578,1500,391,15000
1787552488802,49950,1578,1500,391,15000
1787552488902,49950,1578,1500,391,15000
1787552489002,49950,1578,1500,391,15000
1787552489102,49950,1578,1500,391,15000
1787552489202,49950,1578,1500,391,15000
1787552489302,49950,1578,1500,391,15000
1787552489402,49950,1578,1500,391,15000
1787552489502,49950,1578,1500,391,15000
1787552489602,49950,1578,1500,391,15000
1787552489702,49950,1578,1500,391,15000
1787552489802,49950,1578,1500,391,15000
1787552489902,49950,1578,1500,391,15000
1787552490002,49950,1578,1500,391,15000
1787552490102,49950,1578,1600,391,15000
1787552490202,49950,1578,1600,391,15000
1787552490302,49950,1578,1600,391,15000
1787552490402,49950,1578,1600,391,15000
1787552490502,49950,1578,1500,391,15000
1787552490602,49950,1578,1500,391,15000
1787552490702,49950,1578,1500,391,15000
1787552490802,49950,1578,1500,391,15000
1787552490902,49950,1578,1500,391,15000
1787552491002,49950,1578,1500,391,15000
1787552491102,49950,1578,1600,391,15000
1787552491202,49950,1578,1600,391,15000
1787552491302,49950,1578,1600,391,15000
1787552491402,49950,1578,1600,391,15000
1787552491502,49950,1578,1600,391,15000
1787552491602,49950,1578,1600,391,15000
1787552491702,49950,1578,1500,391,15000
1787552491802,49950,1578,1500,391,15000
1787552491902,49950,1578,1500,391,15000
1787552492002,49950,1578,1500,391,15000
1787552492102,49950,1578,1500,391,15000
1787552492202,49950,1578,1500,391,15000
1787552492302,49950,1578,1500,391,15000
1787552492402,49950,1578,1500,391,15000
1787552492502,49950,1578,1500,391,15000
1787552492602,49950,1578,1500,391,15000
1787552492702,49950,1578,1500,391,15000
1787552492802,49950,1578,1500,391,15000
1787552492902,49950,1578,1500,391,15000
1787552493002,49950,1578,1500,391,15000
1787552493102,49950,1578,1500,391,15000
1787552493202,49950,1578,1500,391,15000
1787552493302,49950,1578,1500,391,15000
1787552493402,49950,1578,1500,391,15000
1787552493502,49950,1578,1500,391,15000
1787552493602,49950,1578,1500,391,15000
1787552493703,49950,1578,1500,391,15000
1787552493802,49950,1578,1500,391,15000
1787552493902,49950,1578,1500,391,15000
1787552494002,49950,1578,1500,391,15000
1787552494102,49950,1578,1500,391,15000
1787552494202,49950,1578,1500,391,15000
1787552494302,49950,1578,1500,391,15000
1787552494402,49950,1578,1500,391,15000
1787552494502,49950,1578,1500,391,15000
1787552494602,49950,1578,1500,391,15000
1787552494702,49950,1578,1500,391,15000
1787552494802,49950,1578,1500,391,15000
1787552494902,49950,1578,1500,391,15000
1787552495002,49950,1578,1500,391,15000
1787552495102,49950,1578,1500,391,15000
1787552495202,49950,1578,1500,391,15000
1787552495302,49950,1578,1500,391,15000
1787552495402,49950,1578,1500,391,15000
1787552495502,49950,1578,1500,391,15000
1787552495602,49950,1578,1500,391,15000
1787552495702,49950,1578,1500,391,15000
1787552495802,49950,1578,1500,391,15000
1787552495902,49950,1578,1500,391,15000
1787552496002,49950,1578,1500,391,15000
1787552496102,49950,1578,1500,391,15000
1787552496202,49950,1578,1500,391,15000
1787552496302,49950,1578,1500,391,15000
1787552496402,49950,1578,1500,391,15000
1787552496502,49950,1578,1500,391,15000
1787552496602,49950,1578,1500,391,15000
1787552496702,49950,1578,1500,391,15000
1787552496802,49950,1578,1500,391,15000
1787552496902,49950,1578,1500,391,15000
1787552497002,49950,1578,1500,391,15000
1787552497102,49950,1578,1500,391,15000
1787552497202,49950,1578,1500,391,15000
1787552497302,49950,1578,1500,391,15000
1787552497402,49950,1578,1500,391,15000
1787552497502,49950,1578,1500,391,15000
1787552497602,49950,1578,1500,391,15000
1787552497702,49950,1578,1500,391,15000
1787552497802,49950,1578,1500,391,15000
1787552497902,49950,1578,1600,391,15000
1787552498002,49950,1578,1600,391,15000
1787552498102,49950,1578,1600,391,15000
1787552498202,49950,1578,1600,391,15000
1787552498302,49950,1578,1600,391,15000
1787552498402,49950,1578,1600,391,15000
1787552498502,49950,1578,1500,391,15000
1787552498602,49950,1578,1500,391,15000
1787552498702,49950,1578,1500,391,15000
1787552498802,49950,1578,1500,391,15000
1787552498902,49950,1578,1500,391,15000
1787552499002,49950,1578,1500,391,15000
1787552499102,49950,1578,1500,391,15000
1787552499202,49950,1578,1500,391,15000
1787552499302,49950,1578,1500,391,15000
1787552499402,49950,1578,1500,391,15000
1787552499502,49950,1578,1500,391,15000
1787552499602,49950,1578,1500,391,15000
1787552499702,49950,1578,1500,391,15000
1787552499802,49950,1578,1500,391,15000
1787552499902,49950,1578,1500,391,15000
1787552500002,49950,1578,1500,391,15000
1787552500102,49950,1578,1500,391,15000
1787552500202,49950,1578,1500,391,15000
1787552500302,49950,1578,1500,391,15000
1787552500402,49950,1578,1500,391,15000
1787552500502,49950,1578,1500,391,15000
1787552500602,49950,1578,1500,391,15000
1787552500702,49950,1578,1500,391,15000
1787552500802,49950,1578,1500,391,15000
1787552500902,49950,1578,1500,391,15000
1787552501002,49950,1578,1500,391,15000
1787552501102,49950,1578,1500,391,15000
1787552501202,49950,1578,1500,391,15000
1787552501302,49950,1578,1500,391,15000
1787552501402,49950,1578,1500,391,15000
1787552501502,49950,1578,1500,391,15000
1787552501602,49950,1578,1500,391,15000
1787552501702,49950,1578,1500,391,15000
1787552501802,49950,1578,1500,391,15000
1787552501902,49950,1578,1500,391,15000
1787552502002,49950,1578,1500,391,15000
1787552502102,49950,1578,1500,391,15000
1787552502202,49950,1578,1500,391,15000
1787552502302,49950,1578,1500,391,15000
1787552502402,49950,1578,1500,391,15000
1787552502502,49950,1578,1500,391,15000
1787552502602,49950,1578,1500,391,15000
1787552502702,49950,1578,1500,391,15000
1787552502802,49950,1578,1500,391,15000
1787552502902,49950,1578,1500,391,15000
1787552503002,49950,1578,1500,391,15000
1787552503102,49950,1578,1500,391,15000
1787552503203,49950,1578,1500,391,15000
1787552503302,49950,1578,1500,391,15000
1787552503402,49950,1578,1500,391,15000
1787552503502,49950,1578,1500,391,15000
1787552503602,49950,1578,1500,391,15000
1787552503702,49950,1578,1500,391,15000
1787552503802,49950,1578,1500,391,15000
1787552503902,49950,1578,1500,391,15000
1787552504002,49950,1578,1500,391,15000
1787552504102,49950,1578,1500,391,15000
1787552504202,49950,1578,1500,391,15000
1787552504302,49950,1578,1500,391,15000
1787552504402,49950,1578,1500,391,15000
1787552504502,49950,1578,1500,391,15000
1787552504602,49950,1578,1500,391,15000
1787552504702,49950,1578,1500,391,15000
1787552504802,49950,1578,1500,391,15000
1787552504902,49950,1578,1500,391,15000
1787552505002,49950,1578,1500,391,15000
1787552505102,49950,1578,1500,391,15000
1787552505202,49950,1578,1500,391,15000
1787552505302,49950,1578,1500,391,15000
1787552505402,49950,1578,1500,391,15000
1787552505502,49950,1578,1500,391,15000
1787552505602,49950,1578,1500,391,15000
1787552505702,49950,1578,1500,391,15000
1787552505802,49950,1578,1500,391,15000
1787552505903,49950,1578,1500,391,15000
1787552506002,49950,1578,1500,391,15000
1787552506102,49950,1578,1500,391,15000
1787552506202,49950,1578,1500,391,15000
1787552506302,49950,1578,1500,391,15000
1787552506402,49950,1578,1500,391,15000
1787552506502,49950,1578,1500,391,15000
1787552506602,49950,1578,1500,391,15000
1787552506702,49950,1578,1500,391,15000
1787552506802,49950,1578,1500,391,15000
1787552506902,49950,1578,1500,391,15000
1787552507002,49950,1578,1500,391,15000
1787552507102,49950,1578,1500,391,15000
1787552507202,49950,1578,1500,391,15000
1787552507302,49950,1578,1500,391,15000
1787552507402,49950,1578,1500,391,15000
1787552507502,49950,1578,1500,391,15000
1787552507602,49950,1578,1500,391,15000
1787552507702,49950,1578,1500,391,15000
1787552507802,49950,1578,1500,391,15000
1787552507902,49950,1578,1500,391,15000
1787552508002,49950,1578,1500,391,15000
1787552508102,49950,1578,1600,391,15000
1787552508202,49950,1578,1600,391,15000
1787552508302,49950,1578,1600,391,15000
1787552508402,49950,1578,1600,391,15000
1787552508502,49950,1578,1600,391,15000
1787552508602,49950,1578,1600,391,15000
1787552508702,49950,1578,1500,391,15000
1787552508802,49950,1578,1500,391,15000
1787552508902,49950,1578,1500,391,15000
1787552509002,49950,1578,1500,391,15000
1787552509102,49950,1578,1500,391,15000
1787552509202,49950,1578,1500,391,15000
1787552509302,49950,1578,1500,391,15000
1787552509402,49950,1578,1500,391,15000
1787552509502,49950,1578,1500,391,15000
1787552509602,49950,1578,1500,391,15000
1787552509702,49950,1578,1500,391,15000
1787552509802,49950,1578,1500,391,15000
1787552509902,49950,1578,1500,391,15000
1787552510002,49950,1578,1500,391,15000
1787552510102,49950,1578,1500,391,15000
1787552510202,49950,1578,1500,391,15000
1787552510302,49950,1578,1500,391,15000
1787552510402,49950,1578,1500,391,15000
1787552510502,49950,1578,1500,391,15000
1787552510602,49950,1578,1500,391,15000
1787552510702,49950,1578,1500,391,15000
1787552510802,49950,1578,1500,391,15000
1787552510902,49950,1578,1500,391,15000
1787552511002,49950,1578,1500,391,15000
1787552511102,49950,1578,1500,391,15000
1787552511202,49950,1578,1500,391,15000
1787552511302,49950,1578,1500,391,15000
1787552511402,49950,1578,1500,391,15000
1787552511502,49950,1578,1500,391,15000
1787552511602,49950,1578,1500,391,15000
1787552511702,49950,1578,1500,391,15000
1787552511802,49950,1578,1500,391,15000
1787552511902,49950,1578,1500,391,15000
1787552512002,49950,1578,1500,391,15000
1787552512102,49950,1578,1500,391,15000
1787552512202,49950,1578,1500,391,15000
1787552512302,49950,1578,1500,391,15000
1787552512402,49950,1578,1500,391,15000
1787552512502,49950,1578,1500,391,15000
1787552512602,49950,1578,1500,391,15000
1787552512702,49950,1578,1500,391,15000
1787552512802,49950,1578,1500,391,15000
1787552512902,49950,1578,1500,391,15000
1787552513002,49950,1578,1500,391,15000
1787552513102,49950,1578,1500,391,15000
1787552513202,49950,1578,1500,391,15000
1787552513302,49950,1578,1500,391,15000
1787552513402,49950,1578,1500,391,15000
1787552513502,49950,1578,1500,391,15000
1787552513602,49950,1578,1500,391,15000
1787552513702,49950,1578,1500,391,15000
1787552513802,49950,1578,1500,391,15000
1787552513902,49950,1578,1500,391,15000
1787552514002,49950,1578,1500,391,15000
1787552514102,49950,1578,1500,391,15000
1787552514202,49950,1578,1500,391,15000
1787552514302,49950,1578,1500,391,15000
1787552514402,49950,1578,1500,391,15000
1787552514502,49950,1578,1500,391,15000
1787552514602,49950,1578,1500,391,15000
1787552514702,49950,1578,1500,391,15000
1787552514802,49950,1578,1500,391,15000
1787552514902,49950,1578,1500,391,15000
1787552515002,49950,1578,1500,391,15000
1787552515102,49950,1578,1500,391,15000
1787552515202,49950,1578,1500,391,15000
1787552515302,49950,1578,1500,391,15000
1787552515402,49950,1578,1500,391,15000
1787552515502,49950,1578,1500,391,15000
1787552515602,49950,1578,1500,391,15000
1787552515702,49950,1578,1500,391,15000
1787552515802,49950,1578,1500,391,15000
1787552515902,49950,1578,1500,391,15000
1787552516002,49950,1578,1500,391,15000
1787552516102,49950,1578,1500,391,15000
1787552516202,49950,1578,1500,391,15000
1787552516302,49950,1578,1500,391,15000
1787552516402,49950,1578,1500,391,15000
1787552516502,49950,1578,1500,391,15000
1787552516602,49950,1578,1500,391,15000
1787552516702,49950,1578,1500,391,15000
1787552516802,49950,1578,1500,391,15000
1787552516902,49950,1578,1500,391,15000
1787552517002,49950,1578,1500,391,15000
1787552517102,49950,1578,1500,391,15000
1787552517202,49950,1578,1500,391,15000
1787552517302,49950,1578,1500,391,15000
1787552517402,49950,1578,1500,391,15000
1787552517502,49950,1578,1500,391,15000
1787552517602,49950,1578,1500,391,15000
1787552517702,49950,1578,1500,391,15000
1787552517802,49950,1578,1500,391,15000
1787552517902,49950,1578,1500,391,15000
1787552518002,49950,1578,1500,391,15000
1787552518102,49950,1578,1500,391,15000
1787552518202,49950,1578,1500,391,15000
1787552518302,49950,1578,1500,391,15000
1787552518402,49950,1578,1500,391,15000
1787552518502,49950,1578,1500,391,15000
1787552518602,49950,1578,1500,391,15000
1787552518702,49950,1578,1500,391,15000
1787552518802,49950,1578,1500,391,15000
1787552518902,49950,1578,1500,391,15000
1787552519002,49950,1578,1500,391,15000
1787552519102,49950,1578,1500,391,15000
1787552519202,49950,1578,1500,391,15000
1787552519302,49950,1578,1500,391,15000
1787552519402,49950,1578,1500,391,15000
1787552519502,49950,1578,1500,391,15000
1787552519602,49950,1578,1500,391,15000
1787552519702,49950,1578,1500,391,15000
1787552519802,49950,1578,1500,391,15000
1787552519902,49950,1578,1500,391,15000
1787552520002,49950,1578,1500,391,15000
1787552520102,49950,1578,1500,391,15000
1787552520202,49950,1578,1500,391,15000
1787552520302,49950,1578,1500,391,15000
1787552520402,49950,1578,1500,391,15000
1787552520502,49950,1578,1500,391,15000
1787552520602,49950,1578,1500,391,15000
1787552520702,49950,1578,1500,391,15000
1787552520802,49950,1578,1500,391,15000
1787552520902,49950,1578,1500,391,15000
1787552521002,49950,1578,1500,391,15000
1787552521102,49950,1578,1500,391,15000
1787552521202,49950,1578,1500,391,15000
1787552521302,49950,1578,1500,391,15000
1787552521402,49950,1578,1500,391,15000
1787552521502,49950,1578,1600,391,15000
1787552521602,49950,1578,1600,391,15000
1787552521702,49950,1578,1600,391,15000
1787552521802,49950,1578,1600,391,15000
1787552521902,49950,1578,1600,391,15000
1787552522002,49950,1578,1600,391,15000
1787552522102,49950,1578,1500,391,15000
1787552522202,49950,1578,1500,391,15000
1787552522302,49950,1578,1500,391,15000
1787552522402,49950,1578,1500,391,15000
1787552522502,49950,1578,1500,391,15000
1787552522602,49950,1578,1500,391,15000
1787552522702,49950,1578,1500,391,15000
1787552522802,49950,1578,1500,391,15000
1787552522902,49950,1578,1500,391,15000
1787552523002,49950,1578,1500,391,15000
1787552523102,49950,1578,1500,391,15000
1787552523202,49950,1578,1500,391,15000
1787552523302,49950,1578,1500,391,15000
1787552523402,49950,1578,1500,391,15000
1787552523502,49950,1578,1500,391,15000
1787552523602,49950,1578,1500,391,15000
1787552523702,49950,1578,1500,391,15000
1787552523802,49950,1578,1500,391,15000
1787552523902,49950,1578,1500,391,15000
1787552524002,49950,1578,1500,391,15000
1787552524102,49950,1578,1500,391,15000
1787552524202,49950,1578,1500,391,15000
1787552524302,49950,1578,1500,391,15000
1787552524402,49950,1578,1500,391,15000
1787552524502,49950,1578,1500,391,15000
1787552524602,49950,1578,1500,391,15000
1787552524702,49950,1578,1500,391,15000
1787552524802,49950,1578,1500,391,15000
1787552524902,49950,1578,1500,391,15000
1787552525002,49950,1578,1500,391,15000
1787552525102,49950,1578,1500,391,15000
1787552525202,49950,1578,1500,391,15000
1787552525302,49950,1578,1500,391,15000
1787552525402,49950,1578,1500,391,15000
1787552525502,49950,1578,1500,391,15000
1787552525602,49950,1578,1500,391,15000
1787552525702,49950,1578,1500,391,15000
1787552525802,49950,1578,1500,391,15000
1787552525902,49950,1578,1500,391,15000
1787552526002,49950,1578,1500,391,15000
1787552526102,49950,1578,1500,391,15000
1787552526202,49950,1578,1500,391,15000
1787552526302,49950,1578,1500,391,15000
1787552526402,49950,1578,1500,391,15000
1787552526502,49950,1578,1500,391,15000
1787552526602,49950,1578,1500,391,15000
1787552526702,49950,1578,1500,391,15000
1787552526802,49950,1578,1500,391,15000
1787552526902,49950,1578,1500,391,15000
1787552527002,49950,1578,1500,391,15000
1787552527102,49950,1578,1500,391,15000
1787552527202,49950,1578,1500,391,15000
1787552527302,49950,1578,1500,391,15000
1787552527402,49950,1578,1500,391,15000
1787552527502,49950,1578,1500,391,15000
1787552527602,49950,1578,1500,391,15000
1787552527702,49950,1578,1500,391,15000
1787552527802,49950,1578,1500,391,15000
1787552527902,49950,1578,1500,391,15000
1787552528002,49950,1578,1500,391,15000
1787552528102,49950,1578,1500,391,15000
1787552528202,49950,1578,1500,391,15000
1787552528302,49950,1578,1500,391,15000
1787552528402,49950,1578,1500,391,15000
1787552528502,49950,1578,1500,391,15000
1787552528602,49950,1578,1500,391,15000
1787552528702,49950,1578,1500,391,15000
1787552528802,49950,1578,1500,391,15000
1787552528902,49950,1578,1500,391,15000
1787552529002,49950,1578,1500,391,15000
1787552529102,49950,1578,1500,391,15000
1787552529202,49950,1578,1500,391,15000
1787552529302,49950,1578,1500,391,15000
1787552529402,49950,1578,1500,391,15000
1787552529502,49950,1578,1500,391,15000
1787552529602,49950,1578,1500,391,15000
1787552529702,49950,1578,1500,391,15000
1787552529802,49950,1578,1500,391,15000
1787552529902,49950,1578,1500,391,15000
1787552530002,49950,1578,1500,391,15000
1787552530102,49950,1578,1500,391,15000
1787552530202,49950,1578,1500,391,15000
1787552530302,49950,1578,1500,391,15000
1787552530402,49950,1578,1500,391,15000
1787552530502,49950,1578,1500,391,15000
1787552530602,49950,1578,1500,391,15000
1787552530702,49950,1578,1500,391,15000
1787552530802,49950,1578,1500,391,15000
1787552530902,49950,1578,1500,391,15000
1787552531002,49950,1578,1500,391,15000
1787552531102,49950,1578,1500,391,15000
1787552531202,49950,1578,1500,391,15000
1787552531302,49950,1578,1500,391,15000
1787552531402,49950,1578,1500,391,15000
1787552531502,49950,1578,1500,391,15000
1787552531602,49950,1578,1500,391,15000
1787552531702,49950,1578,1500,391,15000
1787552531802,49950,1578,1500,391,15000
1787552531902,49950,1578,1500,391,15000
1787552532002,49950,1578,1500,391,15000
1787552532102,49950,1578,1500,391,15000
1787552532202,49950,1578,1500,391,15000
1787552532302,49950,1578,1500,391,15000
1787552532402,49950,1578,1500,391,15000
1787552532502,49950,1578,1500,391,15000
1787552532602,49950,1578,1500,391,15000
1787552532702,49950,1578,1500,391,15000
1787552532802,49950,1578,1500,391,15000
1787552532902,49950,1578,1500,391,15000
1787552533002,49950,1578,1500,391,15000
1787552533102,49950,1578,1500,391,15000
1787552533202,49950,1578,1500,391,15000
1787552533302,49950,1578,1500,391,15000
1787552533402,49950,1578,1500,391,15000
1787552533502,49950,1578,1500,391,15000
1787552533602,49950,1578,1500,391,15000
1787552533702,49950,1578,1500,391,15000
1787552533802,49950,1578,1500,391,15000
1787552533902,49950,1578,1500,391,15000
1787552534002,49950,1578,1500,391,15000
1787552534102,49950,1578,1500,391,15000
1787552534202,49950,1578,1500,391,15000
1787552534302,49950,1578,1500,391,15000
1787552534402,49950,1578,1500,391,15000
1787552534502,49950,1578,1500,391,15000
1787552534602,49950,1578,1500,391,15000
1787552534702,49950,1578,1500,391,15000
1787552534802,49950,1578,1500,391,15000
1787552534902,49950,1578,1500,391,15000
1787552535002,49950,1578,1500,391,15000
1787552535102,49950,1578,1500,391,15000
1787552535202,49950,1578,1500,391,15000
1787552535302,49950,1578,1500,391,15000
1787552535402,49950,1578,1500,391,15000
1787552535502,49950,1578,1500,391,15000
1787552535602,49950,1578,1500,391,15000
1787552535702,49950,1578,1500,391,15000
1787552535802,49950,1578,1500,391,15000
1787552535902,49950,1578,1500,391,15000
1787552536002,49950,1578,1500,391,15000
1787552536102,49950,1578,1500,391,15000
1787552536202,49950,1578,1500,391,15000
1787552536302,49950,1578,1500,391,15000
1787552536402,49950,1578,1500,391,15000
1787552536502,49950,1578,1500,391,15000
1787552536602,49950,1578,1500,391,15000
1787552536702,49950,1578,1500,391,15000
1787552536802,49950,1578,1500,391,15000
1787552536902,49950,1578,1500,391,15000
1787552537002,49950,1578,1500,391,15000
1787552537102,49950,1578,1500,391,15000
1787552537202,49950,1578,1500,391,15000
1787552537302,49950,1578,1500,391,15000
1787552537402,49950,1578,1500,391,15000
1787552537502,49950,1578,1500,391,15000
1787552537602,49950,1578,1500,391,15000
1787552537702,49950,1578,1500,391,15000
1787552537802,49950,1578,1500,391,15000
1787552537902,49950,1578,1500,391,15000
1787552538002,49950,1578,1500,391,15000
1787552538102,49950,1578,1500,391,15000
1787552538202,49950,1578,1500,391,15000
1787552538302,49950,1578,1500,391,15000
1787552538402,49950,1578,1500,391,15000
1787552538502,49950,1578,1500,391,15000
1787552538602,49950,1578,1500,391,15000
1787552538702,49950,1578,1500,391,15000
1787552538802,49950,1578,1500,391,15000
1787552538902,49950,1578,1500,391,15000
1787552539002,49950,1578,1500,391,15000
1787552539102,49950,1578,1500,391,15000
1787552539202,49950,1578,1500,391,15000
1787552539302,49950,1578,1500,391,15000
1787552539402,49950,1578,1500,391,15000
1787552539502,49950,1578,1500,391,15000
1787552539602,49950,1578,1500,391,15000
1787552539702,49950,1578,1500,391,15000
1787552539802,49950,1578,1500,391,15000
1787552539902,49950,1578,1500,391,15000
1787552540002,49950,1578,1500,391,15000
1787552540102,49950,1578,1500,391,15000
1787552540202,49950,1578,1500,391,15000
1787552540302,49950,1578,1500,391,15000
1787552540402,49950,1578,1500,391,15000
1787552540502,49950,1578,1500,391,15000
1787552540602,49950,1578,1500,391,15000
1787552540702,49950,1578,1500,391,15000
1787552540802,49950,1578,1500,391,15000
1787552540902,49950,1578,1500,391,15000
1787552541002,49950,1578,1500,391,15000
1787552541102,49950,1578,1500,391,15000
1787552541202,49950,1578,1500,391,15000
1787552541302,49950,1578,1500,391,15000
1787552541402,49950,1578,1500,391,15000
1787552541502,49950,1578,1500,391,15000
1787552541602,49950,1578,1500,391,15000
1787552541702,49950,1578,1500,391,15000
1787552541802,49950,1578,1500,391,15000
1787552541902,49950,1578,1500,391,15000
1787552542002,49950,1578,1500,391,15000
1787552542102,49950,1578,1500,391,15000
1787552542202,49950,1578,1500,391,15000
1787552542302,49950,1578,1500,391,15000
1787552542402,49950,1578,1500,391,15000
1787552542502,49950,1578,1500,391,15000
1787552542602,49950,1578,1500,391,15000
1787552542702,49950,1578,1500,391,15000
1787552542802,49950,1578,1500,391,15000
1787552542902,49950,1578,1500,391,15000
1787552543002,49950,1578,1500,391,15000
1787552543102,49950,1578,1500,391,15000
1787552543202,49950,1578,1500,391,15000
1787552543302,49950,1578,1500,391,15000
1787552543402,49950,1578,1500,391,15000
1787552543502,49950,1578,1500,391,15000
1787552543602,49950,1578,1500,391,15000
1787552543702,49950,1578,1500,391,15000
1787552543802,49950,1578,1500,391,15000
1787552543902,49950,1578,1500,391,15000
1787552544002,49950,1578,1500,391,15000
1787552544102,49950,1578,1500,391,15000
1787552544202,49950,1578,1500,391,15000
1787552544302,49950,1578,1500,391,15000
1787552544402,49950,1578,1500,391,15000
1787552544502,49950,1578,1500,391,15000
1787552544602,49950,1578,1500,391,15000
1787552544702,49950,1578,1500,391,15000
1787552544802,49950,1578,1500,391,15000
1787552544902,49950,1578,1500,391,15000
1787552545002,49950,1578,1500,391,15000
1787552545102,49950,1578,1500,391,15000
1787552545202,49950,1578,1500,391,15000
1787552545302,49950,1578,1500,391,15000
1787552545402,49950,1578,1500,391,15000
1787552545502,49950,1578,1500,391,15000
1787552545602,49950,1578,1500,391,15000
1787552545702,49950,1578,1500,391,15000
1787552545802,49950,1578,1500,391,15000
1787552545902,49950,1578,1500,391,15000
1787552546002,49950,1578,1500,391,15000
1787552546102,49950,1578,1500,391,15000
1787552546202,49950,1578,1600,391,15000
1787552546302,49950,1578,1600,391,15000
1787552546402,49950,1578,1600,391,15000
1787552546502,49950,1578,1600,391,15000
1787552546602,49950,1578,1600,391,15000
1787552546702,49950,1578,1600,391,15000
1787552546802,49950,1578,1500,391,15000
1787552546902,49950,1578,1500,391,15000
1787552547002,49950,1578,1500,391,15000
1787552547102,49950,1578,1500,391,15000
1787552547202,49950,1578,1500,391,15000
1787552547302,49950,1578,1500,391,15000
1787552547402,49950,1578,1500,391,15000
1787552547502,49950,1578,1500,391,15000
1787552547602,49950,1578,1500,391,15000
1787552547702,49950,1578,1500,391,15000
1787552547802,49950,1578,1500,391,15000
1787552547902,49950,1578,1500,391,15000
1787552548002,49950,1578,1600,391,15000
1787552548102,49950,1578,1600,391,15000
1787552548202,49950,1578,1600,391,15000
1787552548302,49950,1578,1600,391,15000
1787552548402,49950,1578,1600,391,15000
1787552548502,49950,1578,1600,391,15000
1787552548602,49950,1578,1600,391,15000
1787552548702,49950,1578,1500,391,15000
1787552548802,49950,1578,1500,391,15000
1787552548902,49950,1578,1500,391,15000
1787552549002,49950,1578,1500,391,15000
1787552549102,49950,1578,1600,391,15000
1787552549202,49950,1578,1600,391,15000
1787552549302,49950,1578,1600,391,15000
1787552549402,49950,1578,1600,391,15000
1787552549502,49950,1578,1600,391,15000
1787552549602,49950,1578,1600,391,15000
1787552549702,49950,1578,1500,391,15000
1787552549802,49950,1578,1500,391,15000
1787552549902,49950,1578,1500,391,15000
1787552550002,49950,1578,1500,391,15000
1787552550102,49950,1578,1500,391,15000
1787552550202,49950,1578,1500,391,15000
1787552550302,49950,1578,1500,391,15000
1787552550402,49950,1578,1500,391,15000
1787552550502,49950,1578,1500,391,15000
1787552550602,49950,1578,1500,391,15000
1787552550702,49950,1578,1500,391,15000
1787552550802,49950,1578,1500,391,15000
1787552550902,49950,1578,1500,391,15000
1787552551002,49950,1578,1500,391,15000
1787552551102,49950,1578,1500,391,15000
1787552551202,49950,1578,1500,391,15000
1787552551302,49950,1578,1500,391,15000
1787552551402,49950,1578,1500,391,15000
1787552551502,49950,1578,1500,391,15000
1787552551602,49950,1578,1500,391,15000
1787552551702,49950,1578,1500,391,15000
1787552551802,49950,1578,1500,391,15000
1787552551902,49950,1578,1500,391,15000
1787552552002,49950,1578,1500,391,15000
1787552552102,49950,1578,1500,391,15000
1787552552202,49950,1578,1500,391,15000
1787552552302,49950,1578,1500,391,15000
1787552552402,49950,1578,1500,391,15000
1787552552502,49950,1578,1500,391,15000
1787552552602,49950,1578,1500,391,15000
1787552552702,49950,1578,1500,391,15000
1787552552802,49950,1578,1500,391,15000
1787552552902,49950,1578,1500,391,15000
1787552553002,49950,1578,1500,391,15000
1787552553102,49950,1578,1500,391,15000
1787552553202,49950,1578,1500,391,15000
1787552553302,49950,1578,1500,391,15000
1787552553402,49950,1578,1500,391,15000
1787552553502,49950,1578,1500,391,15000
1787552553602,49950,1578,1500,391,15000
1787552553702,49950,1578,1500,391,15000
1787552553802,49950,1578,1500,391,15000
1787552553902,49950,1578,1500,391,15000
1787552554002,49950,1578,1500,391,15000
1787552554102,49950,1578,1500,391,15000
1787552554202,49950,1578,1500,391,15000
1787552554302,49950,1578,1500,391,15000
1787552554402,49950,1578,1500,391,15000
1787552554502,49950,1578,1500,391,15000
1787552554602,49950,1578,1500,391,15000
1787552554702,49950,1578,1500,391,15000
1787552554802,49950,1578,1500,391,15000
1787552554902,49950,1578,1500,391,15000
1787552555002,49950,1578,1500,391,15000
1787552555102,49950,1578,1500,391,15000
1787552555203,49950,1578,1500,391,15000
1787552555302,49950,1578,1500,391,15000
1787552555402,49950,1578,1500,391,15000
1787552555502,49950,1578,1500,391,15000
1787552555603,49950,1578,1500,391,15000
1787552555702,49950,1578,1500,391,15000
1787552555802,49950,1578,1500,391,15000
1787552555902,49950,1578,1500,391,15000
1787552556002,49950,1578,1500,391,15000
1787552556102,49950,1578,1500,391,15000
1787552556202,49950,1578,1500,391,15000
1787552556302,49950,1578,1500,391,15000
1787552556402,49950,1578,1500,391,15000
1787552556502,49950,1578,1500,391,15000
1787552556602,49950,1578,1500,391,15000
1787552556702,49950,1578,1500,391,15000
1787552556802,49950,1578,1500,391,15000
1787552556902,49950,1578,1500,391,15000
1787552557002,49950,1578,1500,391,15000
1787552557102,49950,1578,1500,391,15000
1787552557202,49950,1578,1500,391,15000
1787552557302,49950,1578,1500,391,15000
1787552557402,49950,1578,1500,391,15000
1787552557502,49950,1578,1500,391,15000
1787552557602,49950,1578,1500,391,15000
1787552557702,49950,1578,1500,391,15000
1787552557802,49950,1578,1500,391,15000
1787552557902,49950,1578,1500,391,15000
1787552558002,49950,1578,1500,391,15000
1787552558102,49950,1578,1500,391,15000
1787552558202,49950,1578,1500,391,15000
1787552558302,49950,1578,1500,391,15000
1787552558402,49950,1578,1500,391,15000
1787552558502,49950,1578,1500,391,15000
1787552558602,49950,1578,1500,391,15000
1787552558702,49950,1578,1500,391,15000
1787552558802,49950,1578,1500,391,15000
1787552558902,49950,1578,1600,391,15000
1787552559002,49950,1578,1600,391,15000
1787552559102,49950,1578,1600,391,15000
1787552559202,49950,1578,1600,391,15000
1787552559302,49950,1578,1600,391,15000
1787552559402,49950,1578,1600,391,15000
1787552559502,49950,1578,1500,391,15000
1787552559602,49950,1578,1500,391,15000
1787552559702,49950,1578,1500,391,15000
1787552559802,49950,1578,1500,391,15000
1787552559902,49950,1578,1500,391,15000
1787552560002,49950,1578,1500,391,15000
1787552560102,49950,1578,1500,391,15000
1787552560202,49950,1578,1500,391,15000
1787552560302,49950,1578,1500,391,15000
1787552560402,49950,1578,1500,391,15000
1787552560502,49950,1578,1500,391,15000
1787552560602,49950,1578,1500,391,15000
1787552560702,49950,1578,1500,391,15000
1787552560802,49950,1578,1500,391,15000
1787552560902,49950,1578,1500,391,15000
1787552561002,49950,1578,1500,391,15000
1787552561102,49950,1578,1500,391,15000
1787552561202,49950,1578,1500,391,15000
1787552561302,49950,1578,1500,391,15000
1787552561402,49950,1578,1500,391,15000
1787552561502,49950,1578,1500,391,15000
1787552561602,49950,1578,1500,391,15000
1787552561702,49950,1578,1500,391,15000
1787552561802,49950,1578,1500,391,15000
1787552561902,49950,1578,1500,391,15000
1787552562002,49950,1578,1500,391,15000
1787552562102,49950,1578,1500,391,15000
1787552562202,49950,1578,1500,391,15000
1787552562302,49950,1578,1500,391,15000
1787552562402,49950,1578,1500,391,15000
1787552562502,49950,1578,1500,391,15000
1787552562602,49950,1578,1500,391,15000
1787552562702,49950,1578,1500,391,15000
1787552562802,49950,1578,1500,391,15000
1787552562902,49950,1578,1500,391,15000
1787552563002,49950,1578,1500,391,15000
1787552563102,49950,1578,1500,391,15000
1787552563202,49950,1578,1500,391,15000
1787552563302,49950,1578,1500,391,15000
1787552563402,49950,1578,1500,391,15000
1787552563502,49950,1578,1500,391,15000
1787552563602,49950,1578,1500,391,15000
1787552563702,49950,1578,1500,391,15000
1787552563802,49950,1578,1500,391,15000
1787552563902,49950,1578,1500,391,15000
1787552564002,49950,1578,1500,391,15000
1787552564102,49950,1578,1500,391,15000
1787552564202,49950,1578,1500,391,15000
1787552564302,49950,1578,1500,391,15000
1787552564402,49950,1578,1500,391,15000
1787552564502,49950,1578,1500,391,15000
1787552564602,49950,1578,1500,391,15000
1787552564702,49950,1578,1500,391,15000
1787552564802,49950,1578,1500,391,15000
1787552564902,49950,1578,1500,391,15000
1787552565002,49950,1578,1500,391,15000
1787552565102,49950,1578,1500,391,15000
1787552565202,49950,1578,1500,391,15000
1787552565302,49950,1578,1500,391,15000
1787552565402,49950,1578,1500,391,15000
1787552565502,49950,1578,1500,391,15000
1787552565602,49950,1578,1500,391,15000
1787552565702,49950,1578,1500,391,15000
1787552565802,49950,1578,1500,391,15000
1787552565902,49950,1578,1500,391,15000
1787552566002,49950,1578,1500,391,15000
1787552566102,49950,1578,1500,391,15000
1787552566202,49950,1578,1500,391,15000
1787552566302,49950,1578,1500,391,15000
1787552566402,49950,1578,1500,391,15000
1787552566502,49950,1578,1500,391,15000
1787552566602,49950,1578,1500,391,15000
1787552566702,49950,1578,1500,391,15000
1787552566802,49950,1578,1500,391,15000
1787552566902,49950,1578,1500,391,15000
1787552567002,49950,1578,1500,391,15000
1787552567102,49950,1578,1500,391,15000
1787552567202,49950,1578,1500,391,15000
1787552567302,49950,1578,1500,391,15000
1787552567402,49950,1578,1500,391,15000
1787552567502,49950,1578,1500,391,15000
1787552567602,49950,1578,1500,391,15000
1787552567702,49950,1578,1500,391,15000
1787552567802,49950,1578,1500,391,15000
1787552567902,49950,1578,1500,391,15000
1787552568002,49950,1578,1500,391,15000
1787552568102,49950,1578,1500,391,15000
1787552568202,49950,1578,1500,391,15000
1787552568302,49950,1578,1500,391,15000
1787552568402,49950,1578,1500,391,15000
1787552568502,49950,1578,1500,391,15000
1787552568602,49950,1578,1500,391,15000
1787552568702,49950,1578,1500,391,15000
1787552568802,49950,1578,1500,391,15000
1787552568902,49950,1578,1500,391,15000
1787552569002,49950,1578,1500,391,15000
1787552569102,49950,1578,1500,391,15000
1787552569202,49950,1578,1500,391,15000
1787552569302,49950,1578,1500,391,15000
1787552569402,49950,1578,1500,391,15000
1787552569502,49950,1578,1500,391,15000
1787552569602,49950,1578,1500,391,15000
1787552569702,49950,1578,1500,391,15000
1787552569802,49950,1578,1500,391,15000
1787552569902,49950,1578,1500,391,15000
1787552570002,49950,1578,1500,391,15000
1787552570102,49950,1578,1500,391,15000
1787552570202,49950,1578,1500,391,15000
1787552570302,49950,1578,1500,391,15000
1787552570402,49950,1578,1500,391,15000
1787552570502,49950,1578,1500,391,15000
1787552570602,49950,1578,1500,391,15000
1787552570702,49950,1578,1500,391,15000
1787552570802,49950,1578,1500,391,15000
1787552570902,49950,1578,1500,391,15000
1787552571002,49950,1578,1500,391,15000
1787552571103,49950,1578,1500,391,15000
1787552571202,49950,1578,1500,391,15000
1787552571302,49950,1578,1500,391,15000
1787552571402,49950,1578,1500,391,15000
1787552571502,49950,1578,1500,391,15000
1787552571602,49950,1578,1500,391,15000
1787552571702,49950,1578,1500,391,15000
1787552571802,49950,1578,1500,391,15000
1787552571903,49950,1578,1500,391,15000
1787552572002,49950,1578,1500,391,15000
1787552572102,49950,1578,1500,391,15000
1787552572202,49950,1578,1500,391,15000
1787552572302,49950,1578,1500,391,15000
1787552572402,49950,1578,1500,391,15000
1787552572502,49950,1578,1500,391,15000
1787552572602,49950,1578,1500,391,15000
1787552572702,49950,1578,1500,391,15000
1787552572802,49950,1578,1500,391,15000
1787552572902,49950,1578,1500,391,15000
1787552573002,49950,1578,1500,391,15000
1787552573102,49950,1578,1500,391,15000
1787552573202,49950,1578,1500,391,15000
1787552573302,49950,1578,1500,391,15000
1787552573402,49950,1578,1500,391,15000
1787552573502,49950,1578,1500,391,15000
1787552573602,49950,1578,1500,391,15000
1787552573702,49950,1578,1500,391,15000
1787552573802,49950,1578,1500,391,15000
1787552573902,49950,1578,1500,391,15000
1787552574002,49950,1578,1500,391,15000
1787552574102,49950,1578,1500,391,15000
1787552574202,49950,1578,1500,391,15000
1787552574302,49950,1578,1500,391,15000
1787552574402,49950,1578,1500,391,15000
1787552574502,49950,1578,1500,391,15000
1787552574602,49950,1578,1500,391,15000
1787552574702,49950,1578,1500,391,15000
1787552574802,49950,1578,1500,391,15000
1787552574902,49950,1578,1500,391,15000
1787552575002,49950,1578,1500,391,15000
1787552575102,49950,1578,1500,391,15000
1787552575202,49950,1578,1500,391,15000
1787552575302,49950,1578,1500,391,15000
1787552575402,49950,1578,1500,391,15000
1787552575502,49950,1578,1500,391,15000
1787552575602,49950,1578,1500,391,15000
1787552575702,49950,1578,1500,391,15000
1787552575802,49950,1578,1500,391,15000
1787552575902,49950,1578,1500,391,15000
1787552576002,49950,1578,1500,391,15000
1787552576102,49950,1578,1500,391,15000
1787552576202,49950,1578,1500,391,15000
1787552576302,49950,1578,1500,391,15000
1787552576402,49950,1578,1500,391,15000
1787552576502,49950,1578,1500,391,15000
1787552576602,49950,1578,1500,391,15000
1787552576702,49950,1578,1500,391,15000
1787552576802,49950,1578,1500,391,15000
1787552576902,49950,1578,1500,391,15000
1787552577002,49950,1578,1500,391,15000
1787552577102,49950,1578,1500,391,15000
1787552577202,49950,1578,1500,391,15000
1787552577302,49950,1578,1500,391,15000
1787552577402,49950,1578,1500,391,15000
1787552577502,49950,1578,1600,391,15000
1787552577602,49950,1578,1600,391,15000
1787552577702,49950,1578,1600,391,15000
1787552577802,49950,1578,1600,391,15000
1787552577902,49950,1578,1600,391,15000
1787552578002,49950,1578,1600,391,15000
1787552578102,49950,1578,1500,391,15000
1787552578202,49950,1578,1500,391,15000
1787552578302,49950,1578,1500,391,15000
1787552578402,49950,1578,1500,391,15000
1787552578502,49950,1578,1500,391,15000
1787552578602,49950,1578,1500,391,15000
1787552578702,49950,1578,1500,391,15000
1787552578802,49950,1578,1500,391,15000
1787552578902,49950,1578,1500,391,15000
1787552579002,49950,1578,1500,391,15000
1787552579102,49950,1578,1500,391,15000
1787552579202,49950,1578,1500,391,15000
1787552579302,49950,1578,1500,391,15000
1787552579402,49950,1578,1500,391,15000
1787552579502,49950,1578,1500,391,15000
1787552579602,49950,1578,1500,391,15000
1787552579702,49950,1578,1500,391,15000
1787552579802,49950,1578,1500,391,15000
1787552579902,49950,1578,1500,391,15000
1787552580002,49950,1578,1600,391,15000
1787552580102,49950,1578,1600,391,15000
1787552580202,49950,1578,1600,391,15000
1787552580302,49950,1578,1600,391,15000
1787552580402,49950,1578,1600,391,15000
1787552580502,49950,1578,1600,391,15000
1787552580602,49950,1578,1500,391,15000
1787552580702,49950,1578,1500,391,15000
1787552580802,49950,1578,1500,391,15000
1787552580902,49950,1578,1500,391,15000
1787552581002,49950,1578,1500,391,15000
1787552581102,49950,1578,1500,391,15000
1787552581202,49950,1578,1500,391,15000
1787552581302,49950,1578,1500,391,15000
1787552581402,49950,1578,1500,391,15000
1787552581502,49950,1578,1500,391,15000
1787552581602,49950,1578,1500,391,15000
1787552581702,49950,1578,1500,391,15000
1787552581802,49950,1578,1500,391,15000
1787552581902,49950,1578,1600,391,15000
1787552582002,49950,1578,1600,391,15000
1787552582102,49950,1578,1600,391,15000
1787552582202,49950,1578,1600,391,15000
1787552582302,49950,1578,1600,391,15000
1787552582402,49950,1578,1600,391,15000
1787552582502,49950,1578,1500,391,15000
1787552582602,49950,1578,1500,391,15000
1787552582702,49950,1578,1500,391,15000
1787552582802,49950,1578,1500,391,15000
1787552582902,49950,1578,1500,391,15000
1787552583002,49950,1578,1500,391,15000
1787552583102,49950,1578,1500,391,15000
1787552583202,49950,1578,1500,391,15000
1787552583302,49950,1578,1500,391,15000
1787552583402,49950,1578,1500,391,15000
1787552583502,49950,1578,1500,391,15000
1787552583602,49950,1578,1500,391,15000
1787552583702,49950,1578,1500,391,15000
1787552583802,49950,1578,1500,391,15000
1787552583902,49950,1578,1500,391,15000
1787552584002,49950,1578,1500,391,15000
1787552584102,49950,1578,1500,391,15000
1787552584202,49950,1578,1500,391,15000
1787552584302,49950,1578,1500,391,15000
1787552584402,49950,1578,1500,391,15000
1787552584502,49950,1578,1500,391,15000
1787552584602,49950,1578,1500,391,15000
1787552584702,49950,1578,1500,391,15000
1787552584802,49950,1578,1500,391,15000
1787552584902,49950,1578,1500,391,15000
1787552585002,49950,1578,1500,391,15000
1787552585102,49950,1578,1500,391,15000
1787552585202,49950,1578,1500,391,15000
1787552585302,49950,1578,1500,391,15000
1787552585402,49950,1578,1500,391,15000
1787552585502,49950,1578,1500,391,15000
1787552585602,49950,1578,1500,391,15000
1787552585702,49950,1578,1500,391,15000
1787552585802,49950,1578,1500,391,15000
1787552585902,49950,1578,1500,391,15000
1787552586002,49950,1578,1500,391,15000
1787552586102,49950,1578,1500,391,15000
1787552586202,49950,1578,1500,391,15000
1787552586302,49950,1578,1500,391,15000
1787552586402,49950,1578,1500,391,15000
1787552586502,49950,1578,1500,391,15000
1787552586602,49950,1578,1500,391,15000
1787552586702,49950,1578,1500,391,15000
1787552586802,49950,1578,1500,391,15000
1787552586902,49950,1578,1500,391,15000
1787552587002,49950,1578,1500,391,15000
1787552587102,49950,1578,1500,391,15000
1787552587202,49950,1578,1500,391,15000
1787552587302,49950,1578,1500,391,15000
1787552587402,49950,1578,1500,391,15000
1787552587502,49950,1578,1500,391,15000
1787552587602,49950,1578,1500,391,15000
1787552587702,49950,1578,1500,391,15000
1787552587803,49950,1578,1500,391,15000
1787552587902,49950,1578,1500,391,15000
1787552588002,49950,1578,1500,391,15000
1787552588102,49950,1578,1500,391,15000
1787552588202,49950,1578,1500,391,15000
1787552588302,49950,1578,1500,391,15000
1787552588402,49950,1578,1500,391,15000
1787552588502,49950,1578,1500,391,15000
1787552588602,49950,1578,1500,391,15000
1787552588702,49950,1578,1500,391,15000
1787552588802,49950,1578,1500,391,15000
1787552588902,49950,1578,1500,391,15000
1787552589002,49950,1578,1500,391,15000
1787552589102,49950,1578,1500,391,15000
1787552589202,49950,1578,1500,391,15000
1787552589302,49950,1578,1500,391,15000
1787552589402,49950,1578,1500,391,15000
1787552589502,49950,1578,1500,391,15000
1787552589602,49950,1578,1500,391,15000
1787552589702,49950,1578,1500,391,15000
1787552589802,49950,1578,1600,391,15000
1787552589902,49950,1578,1600,391,15000
1787552590002,49950,1578,1600,391,15000
1787552590102,49950,1578,1600,391,15000
1787552590202,49950,1578,1600,391,15000
1787552590302,49950,1578,1600,391,15000
1787552590402,49950,1578,1500,391,15000
1787552590502,49950,1578,1500,391,15000
1787552590602,49950,1578,1500,391,15000
1787552590702,49950,1578,1500,391,15000
1787552590802,49950,1578,1500,391,15000
1787552590902,49950,1578,1500,391,15000
1787552591002,49950,1578,1500,391,15000
1787552591102,49950,1578,1500,391,15000
1787552591202,49950,1578,1500,391,15000
1787552591302,49950,1578,1500,391,15000
1787552591402,49950,1578,1500,391,15000
1787552591502,49950,1578,1500,391,15000
1787552591602,49950,1578,1500,391,15000
1787552591702,49950,1578,1500,391,15000
1787552591802,49950,1578,1500,391,15000
1787552591902,49950,1578,1500,391,15000
1787552592002,49950,1578,1500,391,15000
1787552592102,49950,1578,1500,391,15000
1787552592202,49950,1578,1500,391,15000
1787552592302,49950,1578,1500,391,15000
1787552592402,49950,1578,1500,391,15000
1787552592502,49950,1578,1500,391,15000
1787552592602,49950,1578,1500,391,15000
1787552592702,49950,1578,1500,391,15000
1787552592802,49950,1578,1500,391,15000
1787552592902,49950,1578,1500,391,15000
1787552593002,49950,1578,1500,391,15000
1787552593102,49950,1578,1500,391,15000
1787552593202,49950,1578,1500,391,15000
1787552593302,49950,1578,1500,391,15000
1787552593402,49950,1578,1500,391,15000
1787552593502,49950,1578,1500,391,15000
1787552593602,49950,1578,1500,391,15000
1787552593702,49950,1578,1500,391,15000
1787552593802,49950,1578,1500,391,15000
1787552593902,49950,1578,1500,391,15000
1787552594002,49950,1578,1500,391,15000
1787552594102,49950,1578,1500,391,15000
1787552594202,49950,1578,1500,391,15000
1787552594302,49950,1578,1500,391,15000
1787552594402,49950,1578,1500,391,15000
1787552594502,49950,1578,1500,391,15000
1787552594602,49950,1578,1500,391,15000
1787552594702,49950,1578,1500,391,15000
1787552594803,49950,1578,1500,391,15000
1787552594902,49950,1578,1500,391,15000
1787552595002,49950,1578,1500,391,15000
1787552595102,49950,1578,1500,391,15000
1787552595202,49950,1578,1500,391,15000
1787552595302,49950,1578,1500,391,15000
1787552595402,49950,1578,1500,391,15000
1787552595502,49950,1578,1500,391,15000
1787552595602,49950,1578,1500,391,15000
1787552595702,49950,1578,1500,391,15000
1787552595802,49950,1578,1500,391,15000
1787552595902,49950,1578,1500,391,15000
1787552596002,49950,1578,1500,391,15000
1787552596102,49950,1578,1500,391,15000
1787552596202,49950,1578,1500,391,15000
1787552596302,49950,1578,1500,391,15000
1787552596402,49950,1578,1500,391,15000
1787552596502,49950,1578,1500,391,15000
1787552596602,49950,1578,1500,391,15000
1787552596702,49950,1578,1500,391,15000
1787552596802,49950,1578,1500,391,15000
1787552596902,49950,1578,1500,391,15000
1787552597002,49950,1578,1500,391,15000
1787552597102,49950,1578,1500,391,15000
1787552597202,49950,1578,1500,391,15000
1787552597302,49950,1578,1500,391,15000
1787552597402,49950,1578,1500,391,15000
1787552597502,49950,1578,1500,391,15000
1787552597602,49950,1578,1500,391,15000
1787552597702,49950,1578,1500,391,15000
1787552597802,49950,1578,1500,391,15000
1787552597902,49950,1578,1500,391,15000
1787552598002,49950,1578,1500,391,15000
1787552598102,49950,1578,1500,391,15000
1787552598202,49950,1578,1500,391,15000
1787552598302,49950,1578,1500,391,15000
1787552598402,49950,1578,1500,391,15000
1787552598502,49950,1578,1500,391,15000
1787552598602,49950,1578,1500,391,15000
1787552598702,49950,1578,1500,391,15000
1787552598802,49950,1578,1500,391,15000
1787552598902,49950,1578,1500,391,15000
1787552599002,49950,1578,1500,391,15000
1787552599102,49950,1578,1500,391,15000
1787552599202,49950,1578,1500,391,15000
1787552599302,49950,1578,1500,391,15000
1787552599402,49950,1578,1500,391,15000
1787552599502,49950,1578,1500,391,15000
1787552599602,49950,1578,1500,391,15000
1787552599702,49950,1578,1500,391,15000
1787552599802,49950,1578,1500,391,15000
1787552599902,49950,1578,1500,391,15000
1787552600002,49950,1578,1500,391,15000
1787552600102,49950,1578,1500,391,15000
1787552600202,49950,1578,1500,391,15000
1787552600302,49950,1578,1500,391,15000
1787552600402,49950,1578,1500,391,15000
1787552600502,49950,1578,1500,391,15000
1787552600602,49950,1578,1500,391,15000
1787552600702,49950,1578,1500,391,15000
1787552600802,49950,1578,1500,391,15000
1787552600902,49950,1578,1500,391,15000
1787552601003,49950,1578,1500,391,15000
1787552601102,49950,1578,1500,391,15000
1787552601202,49950,1578,1500,391,15000
1787552601302,49950,1578,1500,391,15000
1787552601402,49950,1578,1500,391,15000
1787552601502,49950,1578,1500,391,15000
1787552601602,49950,1578,1500,391,15000
1787552601702,49950,1578,1500,391,15000
1787552601802,49950,1578,1500,391,15000
1787552601902,49950,1578,1500,391,15000
1787552602002,49950,1578,1500,391,15000
1787552602102,49950,1578,1500,391,15000
1787552602202,49950,1578,1500,391,15000
1787552602302,49950,1578,1500,391,15000
1787552602402,49950,1578,1500,391,15000
1787552602502,49950,1578,1500,391,15000
1787552602603,49950,1578,1500,391,15000
1787552602702,49950,1578,1500,391,15000
1787552602802,49950,1578,1500,391,15000
1787552602902,49950,1578,1500,391,15000
1787552603002,49950,1578,1500,391,15000
1787552603102,49950,1578,1500,391,15000
1787552603202,49950,1578,1500,391,15000
1787552603302,49950,1578,1500,391,15000
1787552603402,49950,1578,1500,391,15000
1787552603502,49950,1578,1500,391,15000
1787552603602,49950,1578,1500,391,15000
1787552603702,49950,1578,1500,391,15000
1787552603802,49950,1578,1500,391,15000
1787552603902,49950,1578,1500,391,15000
1787552604002,49950,1578,1500,391,15000
1787552604102,49950,1578,1500,391,15000
1787552604203,49950,1578,1500,391,15000
1787552604302,49950,1578,1500,391,15000
1787552604402,49950,1578,1500,391,15000
1787552604502,49950,1578,1500,391,15000
1787552604602,49950,1578,1500,391,15000
1787552604702,49950,1578,1500,391,15000
1787552604803,49950,1578,1500,391,15000
1787552604902,49950,1578,1500,391,15000
1787552605002,49950,1578,1500,391,15000
1787552605102,49950,1578,1500,391,15000
1787552605202,49950,1578,1500,391,15000
1787552605302,49950,1578,1500,391,15000
1787552605402,49950,1578,1600,391,15000
1787552605502,49950,1578,1600,391,15000
1787552605602,49950,1578,1600,391,15000
1787552605702,49950,1578,1600,391,15000
1787552605802,49950,1578,1600,391,15000
1787552605902,49950,1578,1600,391,15000
1787552606002,49950,1578,1500,391,15000
1787552606102,49950,1578,1500,391,15000
1787552606202,49950,1578,1500,391,15000
1787552606302,49950,1578,1500,391,15000
1787552606402,49950,1578,1500,391,15000
1787552606502,49950,1578,1500,391,15000
1787552606602,49950,1578,1500,391,15000
1787552606702,49950,1578,1500,391,15000
1787552606802,49950,1578,1500,391,15000
1787552606902,49950,1578,1500,391,15000
1787552607002,49950,1578,1500,391,15000
1787552607103,49950,1578,1500,391,15000
1787552607202,49950,1578,1500,391,15000
1787552607302,49950,1578,1500,391,15000
1787552607402,49950,1578,1500,391,15000
1787552607502,49950,1578,1500,391,15000
1787552607602,49950,1578,1500,391,15000
1787552607702,49950,1578,1500,391,15000
1787552607802,49950,1578,1500,391,15000
1787552607902,49950,1578,1500,391,15000
1787552608002,49950,1578,1500,391,15000
1787552608102,49950,1578,1500,391,15000
1787552608202,49950,1578,1500,391,15000
1787552608302,49950,1578,1500,391,15000
1787552608402,49950,1578,1500,391,15000
1787552608502,49950,1578,1500,391,15000
1787552608602,49950,1578,1500,391,15000
1787552608702,49950,1578,1500,391,15000
1787552608802,49950,1578,1500,391,15000
1787552608903,49950,1578,1500,391,15000
1787552609002,49950,1578,1500,391,15000
1787552609102,49950,1578,1500,391,15000
1787552609202,49950,1578,1500,391,15000
1787552609302,49950,1578,1500,391,15000
1787552609402,49950,1578,1500,391,15000
1787552609502,49950,1578,1500,391,15000
1787552609602,49950,1578,1500,391,15000
1787552609702,49950,1578,1500,391,15000
1787552609802,49950,1578,1500,391,15000
1787552609902,49950,1578,1500,391,15000
1787552610002,49950,1578,1500,391,15000
1787552610102,49950,1578,1500,391,15000
1787552610202,49950,1578,1500,391,15000
1787552610302,49950,1578,1500,391,15000
1787552610402,49950,1578,1500,391,15000
1787552610502,49950,1578,1500,391,15000
1787552610602,49950,1578,1500,391,15000
1787552610702,49950,1578,1500,391,15000
1787552610802,49950,1578,1500,391,15000
1787552610902,49950,1578,1500,391,15000
1787552611002,49950,1578,1500,391,15000
1787552611102,49950,1578,1500,391,15000
1787552611202,49950,1578,1500,391,15000
1787552611302,49950,1578,1500,391,15000
1787552611401,49950,1578,1600,391,15000
1787552611502,49950,1578,1600,391,15000
1787552611602,49950,1578,1600,391,15000
1787552611702,49950,1578,1600,391,15000
1787552611802,49950,1578,1600,391,15000
1787552611902,49950,1578,1600,391,15000
1787552612002,49950,1578,1500,391,15000
1787552612102,49950,1578,1500,391,15000
1787552612202,49950,1578,1500,391,15000
1787552612302,49950,1578,1500,391,15000
1787552612402,49950,1578,1500,391,15000
1787552612502,49950,1578,1500,391,15000
1787552612602,49950,1578,1500,391,15000
1787552612702,49950,1578,1500,391,15000
1787552612802,49950,1578,1500,391,15000
1787552612902,49950,1578,1500,391,15000
1787552613002,49950,1578,1500,391,15000
1787552613102,49950,1578,1500,391,15000
1787552613202,49950,1578,1500,391,15000
1787552613302,49950,1578,1500,391,15000
1787552613402,49950,1578,1500,391,15000
1787552613502,49950,1578,1500,391,15000
1787552613602,49950,1578,1500,391,15000
1787552613702,49950,1578,1500,391,15000
1787552613802,49950,1578,1500,391,15000
1787552613903,49950,1578,1500,391,15000
1787552614002,49950,1578,1500,391,15000
1787552614102,49950,1578,1500,391,15000
1787552614202,49950,1578,1500,391,15000
1787552614302,49950,1578,1500,391,15000
1787552614402,49950,1578,1500,391,15000
1787552614502,49950,1578,1500,391,15000
1787552614602,49950,1578,1500,391,15000
1787552614702,49950,1578,1500,391,15000
1787552614802,49950,1578,1500,391,15000
1787552614902,49950,1578,1500,391,15000
1787552615002,49950,1578,1500,391,15000
1787552615102,49950,1578,1500,391,15000
1787552615202,49950,1578,1500,391,15000
1787552615302,49950,1578,1500,391,15000
1787552615402,49950,1578,1500,391,15000
1787552615502,49950,1578,1500,391,15000
1787552615602,49950,1578,1500,391,15000
1787552615702,49950,1578,1500,391,15000
1787552615802,49950,1578,1500,391,15000
1787552615902,49950,1578,1500,391,15000
1787552616002,49950,1578,1500,391,15000
1787552616102,49950,1578,1500,391,15000
1787552616202,49950,1578,1500,391,15000
1787552616302,49950,1578,1500,391,15000
1787552616402,49950,1578,1500,391,15000
1787552616502,49950,1578,1500,391,15000
1787552616602,49950,1578,1500,391,15000
1787552616702,49950,1578,1500,391,15000
1787552616802,49950,1578,1500,391,15000
1787552616902,49950,1578,1500,391,15000
1787552617002,49950,1578,1500,391,15000
1787552617102,49950,1578,1500,391,15000
1787552617202,49950,1578,1500,391,15000
1787552617302,49950,1578,1500,391,15000
1787552617402,49950,1578,1500,391,15000
1787552617502,49950,1578,1500,391,15000
1787552617602,49950,1578,1500,391,15000
1787552617702,49950,1578,1500,391,15000
1787552617802,49950,1578,1500,391,15000
1787552617902,49950,1578,1500,391,15000
1787552618002,49950,1578,1500,391,15000
1787552618102,49950,1578,1500,391,15000
1787552618202,49950,1578,1500,391,15000
1787552618302,49950,1578,1500,391,15000
1787552618402,49950,1578,1500,391,15000
1787552618502,49950,1578,1500,391,15000
1787552618602,49950,1578,1500,391,15000
1787552618702,49950,1578,1500,391,15000
1787552618802,49950,1578,1500,391,15000
1787552618902,49950,1578,1500,391,15000
1787552619002,49950,1578,1500,391,15000
1787552619102,49950,1578,1500,391,15000
1787552619202,49950,1578,1500,391,15000
1787552619302,49950,1578,1500,391,15000
1787552619402,49950,1578,1500,391,15000
1787552619502,49950,1578,1500,391,15000
1787552619602,49950,1578,1500,391,15000
1787552619702,49950,1578,1500,391,15000
1787552619802,49950,1578,1500,391,15000
1787552619902,49950,1578,1500,391,15000
1787552620002,49950,1578,1500,391,15000
1787552620102,49950,1578,1500,391,15000
1787552620202,49950,1578,1500,391,15000
1787552620302,49950,1578,1500,391,15000
1787552620402,49950,1578,1500,391,15000
1787552620502,49950,1578,1500,391,15000
1787552620602,49950,1578,1500,391,15000
1787552620702,49950,1578,1500,391,15000
1787552620802,49950,1578,1500,391,15000
1787552620903,49950,1578,1500,391,15000
1787552621002,49950,1578,1500,391,15000
1787552621102,49950,1578,1500,391,15000
1787552621202,49950,1578,1500,391,15000
1787552621302,49950,1578,1500,391,15000
1787552621402,49950,1578,1500,391,15000
1787552621502,49950,1578,1500,391,15000
1787552621602,49950,1578,1500,391,15000
1787552621702,49950,1578,1500,391,15000
1787552621802,49950,1578,1500,391,15000
1787552621902,49950,1578,1500,391,15000
1787552622002,49950,1578,1500,391,15000
1787552622102,49950,1578,1500,391,15000
1787552622202,49950,1578,1500,391,15000
1787552622302,49950,1578,1500,391,15000
1787552622402,49950,1578,1500,391,15000
1787552622502,49950,1578,1500,391,15000
1787552622602,49950,1578,1500,391,15000
1787552622702,49950,1578,1500,391,15000
1787552622802,49950,1578,1500,391,15000
1787552622903,49950,1578,1500,391,15000
1787552623002,49950,1578,1500,391,15000
1787552623102,49950,1578,1500,391,15000
1787552623202,49950,1578,1500,391,15000
1787552623302,49950,1578,1500,391,15000
1787552623402,49950,1578,1500,391,15000
1787552623502,49950,1578,1500,391,15000
1787552623602,49950,1578,1500,391,15000
1787552623702,49950,1578,1500,391,15000
1787552623802,49950,1578,1500,391,15000
1787552623902,49950,1578,1500,391,15000
1787552624002,49950,1578,1500,391,15000
1787552624102,49950,1578,1500,391,15000
1787552624202,49950,1578,1500,391,15000
1787552624302,49950,1578,1500,391,15000
1787552624402,49950,1578,1500,391,15000
1787552624502,49950,1578,1500,391,15000
1787552624602,49950,1578,1500,391,15000
1787552624702,49950,1578,1500,391,15000
1787552624802,49950,1578,1500,391,15000
1787552624902,49950,1578,1500,391,15000
1787552625002,49950,1578,1500,391,15000
1787552625102,49950,1578,1500,391,15000
1787552625202,49950,1578,1500,391,15000
1787552625302,49950,1578,1500,391,15000
1787552625402,49950,1578,1500,391,15000
1787552625502,49950,1578,1500,391,15000
1787552625602,49950,1578,1500,391,15000
1787552625702,49950,1578,1500,391,15000
1787552625802,49950,1578,1500,391,15000
1787552625902,49950,1578,1500,391,15000
1787552626002,49950,1578,1500,391,15000
1787552626102,49950,1578,1500,391,15000
1787552626202,49950,1578,1500,391,15000
1787552626302,49950,1578,1500,391,15000
1787552626402,49950,1578,1500,391,15000
1787552626502,49950,1578,1500,391,15000
1787552626602,49950,1578,1500,391,15000
1787552626702,49950,1578,1500,391,15000
1787552626802,49950,1578,1500,391,15000
1787552626902,49950,1578,1500,391,15000
1787552627002,49950,1578,1500,391,15000
1787552627102,49950,1578,1500,391,15000
1787552627202,49950,1578,1500,391,15000
1787552627302,49950,1578,1500,391,15000
1787552627402,49950,1578,1500,391,15000
1787552627502,49950,1578,1500,391,15000
1787552627602,49950,1578,1500,391,15000
1787552627702,49950,1578,1500,391,15000
1787552627802,49950,1578,1500,391,15000
1787552627902,49950,1578,1500,391,15000
1787552628002,49950,1578,1500,391,15000
1787552628102,49950,1578,1500,391,15000
1787552628202,49950,1578,1500,391,15000
1787552628302,49950,1578,1500,391,15000
1787552628402,49950,1578,1500,391,15000
1787552628502,49950,1578,1500,391,15000
1787552628602,49950,1578,1500,391,15000
1787552628702,49950,1578,1500,391,15000
1787552628802,49950,1578,1500,391,15000
1787552628902,49950,1578,1500,391,15000
1787552629002,49950,1578,1500,391,15000
1787552629102,49950,1578,1500,391,15000
1787552629202,49950,1578,1500,391,15000
1787552629302,49950,1578,1500,391,15000
1787552629402,49950,1578,1500,391,15000
1787552629502,49950,1578,1500,391,15000
1787552629602,49950,1578,1500,391,15000
1787552629702,49950,1578,1500,391,15000
1787552629802,49950,1578,1500,391,15000
1787552629902,49950,1578,1500,391,15000
1787552630002,49950,1578,1500,391,15000
1787552630102,49950,1578,1500,391,15000
1787552630202,49950,1578,1500,391,15000
1787552630302,49950,1578,1500,391,15000
1787552630402,49950,1578,1500,391,15000
1787552630502,49950,1578,1500,391,15000
1787552630602,49950,1578,1500,391,15000
1787552630702,49950,1578,1500,391,15000
1787552630802,49950,1578,1500,391,15000
1787552630902,49950,1578,1500,391,15000
1787552631002,49950,1578,1500,391,15000
1787552631102,49950,1578,1500,391,15000
1787552631202,49950,1578,1500,391,15000
1787552631302,49950,1578,1500,391,15000
1787552631402,49950,1578,1500,391,15000
1787552631502,49950,1578,1500,391,15000
1787552631602,49950,1578,1500,391,15000
1787552631702,49950,1578,1500,391,15000
1787552631802,49950,1578,1500,391,15000
1787552631902,49950,1578,1500,391,15000
1787552632002,49950,1578,1500,391,15000
1787552632102,49950,1578,1500,391,15000
1787552632202,49950,1578,1500,391,15000
1787552632302,49950,1578,1500,391,15000
1787552632402,49950,1578,1500,391,15000
1787552632502,49950,1578,1500,391,15000
1787552632602,49950,1578,1500,391,15000
1787552632702,49950,1578,1500,391,15000
1787552632802,49950,1578,1500,391,15000
1787552632902,49950,1578,1500,391,15000
1787552633002,49950,1578,1500,391,15000
1787552633102,49950,1578,1500,391,15000
1787552633202,49950,1578,1500,391,15000
1787552633302,49950,1578,1500,391,15000
1787552633402,49950,1578,1500,391,15000
1787552633502,49950,1578,1500,391,15000
1787552633602,49950,1578,1500,391,15000
1787552633702,49950,1578,1500,391,15000
1787552633802,49950,1578,1500,391,15000
1787552633902,49950,1578,1500,391,15000
1787552634002,49950,1578,1500,391,15000
1787552634102,49950,1578,1500,391,15000
1787552634202,49950,1578,1500,391,15000
1787552634302,49950,1578,1500,391,15000
1787552634402,49950,1578,1500,391,15000
1787552634502,49950,1578,1500,391,15000
1787552634602,49950,1578,1500,391,15000
1787552634702,49950,1578,1500,391,15000
1787552634802,49950,1578,1500,391,15000
1787552634902,49950,1578,1500,391,15000
1787552635003,49950,1578,1500,391,15000
1787552635102,49950,1578,1500,391,15000
1787552635202,49950,1578,1500,391,15000
1787552635302,49950,1578,1500,391,15000
1787552635402,49950,1578,1500,391,15000
1787552635502,49950,1578,1500,391,15000
1787552635602,49950,1578,1500,391,15000
1787552635702,49950,1578,1500,391,15000
1787552635802,49950,1578,1500,391,15000
1787552635902,49950,1578,1500,391,15000
1787552636002,49950,1578,1500,391,15000
1787552636102,49950,1578,1500,391,15000
1787552636202,49950,1578,1500,391,15000
1787552636302,49950,1578,1500,391,15000
1787552636402,49950,1578,1500,391,15000
1787552636502,49950,1578,1500,391,15000
1787552636602,49950,1578,1500,391,15000
1787552636702,49950,1578,1500,391,15000
1787552636803,49950,1578,1500,391,15000
1787552636902,49950,1578,1500,391,15000
1787552637002,49950,1578,1500,391,15000
1787552637102,49950,1578,1500,391,15000
1787552637202,49950,1578,1500,391,15000
1787552637302,49950,1578,1500,391,15000
1787552637402,49950,1578,1500,391,15000
1787552637502,49950,1578,1500,391,15000
1787552637602,49950,1578,1500,391,15000
1787552637702,49950,1578,1500,391,15000
1787552637802,49950,1578,1500,391,15000
1787552637902,49950,1578,1500,391,15000
1787552638002,49950,1578,1500,391,15000
1787552638102,49950,1578,1500,391,15000
1787552638202,49950,1578,1500,391,15000
1787552638302,49950,1578,1500,391,15000
1787552638402,49950,1578,1500,391,15000
1787552638502,49950,1578,1500,391,15000
1787552638602,49950,1578,1500,391,15000
1787552638702,49950,1578,1500,391,15000
1787552638802,49950,1578,1500,391,15000
1787552638902,49950,1578,1500,391,15000
1787552639002,49950,1578,1500,391,15000
1787552639102,49950,1578,1500,391,15000
1787552639202,49950,1578,1500,391,15000
1787552639302,49950,1578,1500,391,15000
1787552639402,49950,1578,1500,391,15000
1787552639502,49950,1578,1500,391,15000
1787552639602,49950,1578,1500,391,15000
1787552639702,49950,1578,1500,391,15000
1787552639802,49950,1578,1500,391,15000
1787552639902,49950,1578,1500,391,15000
1787552640002,49950,1578,1500,391,15000
1787552640102,49950,1578,1500,391,15000
1787552640202,49950,1578,1500,391,15000
1787552640302,49950,1578,1500,391,15000
1787552640402,49950,1578,1500,391,15000
1787552640502,49950,1578,1500,391,15000
1787552640602,49950,1578,1500,391,15000
1787552640702,49950,1578,1500,391,15000
1787552640802,49950,1578,1500,391,15000
1787552640902,49950,1578,1500,391,15000
1787552641002,49950,1578,1500,391,15000
1787552641102,49950,1578,1500,391,15000
1787552641202,49950,1578,1500,391,15000
1787552641302,49950,1578,1500,391,15000
1787552641402,49950,1578,1500,391,15000
1787552641502,49950,1578,1500,391,15000
1787552641602,49950,1578,1500,391,15000
1787552641702,49950,1578,1500,391,15000
1787552641802,49950,1578,1500,391,15000
1787552641903,49950,1578,1500,391,15000
1787552642002,49950,1578,1500,391,15000
1787552642102,49950,1578,1500,391,15000
1787552642202,49950,1578,1500,391,15000
1787552642302,49950,1578,1500,391,15000
1787552642402,49950,1578,1500,391,15000
1787552642502,49950,1578,1500,391,15000
1787552642602,49950,1578,1500,391,15000
1787552642702,49950,1578,1500,391,15000
1787552642802,49950,1578,1500,391,15000
1787552642902,49950,1578,1500,391,15000
1787552643002,49950,1578,1500,391,15000
1787552643102,49950,1578,1500,391,15000
1787552643202,49950,1578,1500,391,15000
1787552643302,49950,1578,1500,391,15000
1787552643402,49950,1578,1500,391,15000
1787552643502,49950,1578,1500,391,15000
1787552643602,49950,1578,1500,391,15000
1787552643702,49950,1578,1500,391,15000
1787552643802,49950,1578,1500,391,15000
1787552643902,49950,1578,1500,391,15000
1787552644002,49950,1578,1500,391,15000
1787552644103,49950,1578,1500,391,15000
1787552644202,49950,1578,1500,391,15000
1787552644302,49950,1578,1500,391,15000
1787552644402,49950,1578,1500,391,15000
1787552644502,49950,1578,1500,391,15000
1787552644602,49950,1578,1500,391,15000
1787552644702,49950,1578,1500,391,15000
1787552644802,49950,1578,1500,391,15000
1787552644902,49950,1578,1500,391,15000
1787552645002,49950,1578,1500,391,15000
1787552645102,49950,1578,1500,391,15000
1787552645202,49950,1578,1500,391,15000
1787552645302,49950,1578,1500,391,15000
1787552645402,49950,1578,1500,391,15000
1787552645502,49950,1578,1500,391,15000
1787552645602,49950,1578,1500,391,15000
1787552645702,49950,1578,1500,391,15000
1787552645802,49950,1578,1500,391,15000
1787552645902,49950,1578,1500,391,15000
1787552646002,49950,1578,1500,391,15000
1787552646102,49950,1578,1500,391,15000
1787552646202,49950,1578,1500,391,15000
1787552646302,49950,1578,1500,391,15000
1787552646402,49950,1578,1500,391,15000
1787552646502,49950,1578,1500,391,15000
1787552646602,49950,1578,1500,391,15000
1787552646702,49950,1578,1500,391,15000
1787552646802,49950,1578,1500,391,15000
1787552646902,49950,1578,1500,391,15000
1787552647002,49950,1578,1500,391,15000
1787552647102,49950,1578,1500,391,15000
1787552647202,49950,1578,1500,391,15000
1787552647302,49950,1578,1500,391,15000
1787552647402,49950,1578,1500,391,15000
1787552647502,49950,1578,1500,391,15000
1787552647602,49950,1578,1500,391,15000
1787552647702,49950,1578,1500,391,15000
1787552647802,49950,1578,1500,391,15000
1787552647902,49950,1578,1500,391,15000
1787552648002,49950,1578,1500,391,15000
1787552648102,49950,1578,1500,391,15000
1787552648202,49950,1578,1500,391,15000
1787552648302,49950,1578,1500,391,15000
1787552648402,49950,1578,1500,391,15000
1787552648502,49950,1578,1500,391,15000
1787552648602,49950,1578,1500,391,15000
1787552648702,49950,1578,1500,391,15000
1787552648802,49950,1578,1500,391,15000
1787552648902,49950,1578,1500,391,15000
1787552649002,49950,1578,1500,391,15000
1787552649102,49950,1578,1500,391,15000
1787552649202,49950,1578,1500,391,15000
1787552649302,49950,1578,1500,391,15000
1787552649402,49950,1578,1500,391,15000
1787552649502,49950,1578,1500,391,15000
1787552649602,49950,1578,1500,391,15000
1787552649702,49950,1578,1500,391,15000
1787552649802,49950,1578,1500,391,15000
1787552649902,49950,1578,1500,391,15000
1787552650002,49950,1578,1500,391,15000
1787552650102,49950,1578,1500,391,15000
1787552650202,49950,1578,1500,391,15000
1787552650302,49950,1578,1500,391,15000
1787552650403,49950,1578,1500,391,15000
1787552650502,49950,1578,1500,391,15000
1787552650602,49950,1578,1500,391,15000
1787552650702,49950,1578,1500,391,15000
1787552650802,49950,1578,1500,391,15000
1787552650902,49950,1578,1500,391,15000
1787552651002,49950,1578,1500,391,15000
1787552651102,49950,1578,1500,391,15000
1787552651202,49950,1578,1500,391,15000
1787552651302,49950,1578,1500,391,15000
1787552651402,49950,1578,1500,391,15000
1787552651502,49950,1578,1500,391,15000
1787552651602,49950,1578,1500,391,15000
1787552651702,49950,1578,1500,391,15000
1787552651802,49950,1578,1500,391,15000
1787552651902,49950,1578,1500,391,15000
1787552652002,49950,1578,1500,391,15000
1787552652102,49950,1578,1500,391,15000
1787552652202,49950,1578,1500,391,15000
1787552652302,49950,1578,1500,391,15000
1787552652402,49950,1578,1500,391,15000
1787552652502,49950,1578,1500,391,15000
1787552652602,49950,1578,1500,391,15000
1787552652702,49950,1578,1500,391,15000
1787552652802,49950,1578,1500,391,15000
1787552652902,49950,1578,1500,391,15000
1787552653002,49950,1578,1500,391,15000
1787552653102,49950,1578,1500,391,15000
1787552653202,49950,1578,1500,391,15000
1787552653302,49950,1578,1500,391,15000
1787552653402,49950,1578,1500,391,15000
1787552653502,49950,1578,1500,391,15000
1787552653602,49950,1578,1500,391,15000
1787552653702,49950,1578,1500,391,15000
1787552653802,49950,1578,1500,391,15000
1787552653902,49950,1578,1500,391,15000
1787552654002,49950,1578,1500,391,15000
1787552654102,49950,1578,1500,391,15000
1787552654202,49950,1578,1500,391,15000
1787552654302,49950,1578,1500,391,15000
1787552654402,49950,1578,1500,391,15000
1787552654502,49950,1578,1500,391,15000
1787552654602,49950,1578,1500,391,15000
1787552654702,49950,1578,1500,391,15000
1787552654802,49950,1578,1500,391,15000
1787552654902,49950,1578,1500,391,15000
1787552655002,49950,1578,1500,391,15000
1787552655102,49950,1578,1500,391,15000
1787552655202,49950,1578,1500,391,15000
1787552655302,49950,1578,1500,391,15000
1787552655402,49950,1578,1500,391,15000
1787552655502,49950,1578,1500,391,15000
1787552655602,49950,1578,1500,391,15000
1787552655702,49950,1578,1500,391,15000
1787552655802,49950,1578,1500,391,15000
1787552655902,49950,1578,1500,391,15000
1787552656002,49950,1578,1500,391,15000
1787552656102,49950,1578,1500,391,15000
1787552656202,49950,1578,1500,391,15000
1787552656302,49950,1578,1500,391,15000
1787552656402,49950,1578,1500,391,15000
1787552656502,49950,1578,1500,391,15000
1787552656602,49950,1578,1500,391,15000
1787552656702,49950,1578,1500,391,15000
1787552656802,49950,1578,1600,391,15000
1787552656902,49950,1578,1600,391,15000
1787552657002,49950,1578,1600,391,15000
1787552657102,49950,1578,1600,391,15000
1787552657202,49950,1578,1600,391,15000
1787552657302,49950,1578,1600,391,15000
1787552657402,49950,1578,1500,391,15000
1787552657502,49950,1578,1500,391,15000
1787552657602,49950,1578,1500,391,15000
1787552657702,49950,1578,1500,391,15000
1787552657802,49950,1578,1500,391,15000
1787552657902,49950,1578,1500,391,15000
1787552658002,49950,1578,1500,391,15000
1787552658102,49950,1578,1500,391,15000
1787552658202,49950,1578,1500,391,15000
1787552658302,49950,1578,1500,391,15000
1787552658402,49950,1578,1500,391,15000
1787552658502,49950,1578,1500,391,15000
1787552658602,49950,1578,1500,391,15000
1787552658702,49950,1578,1500,391,15000
1787552658802,49950,1578,1500,391,15000
1787552658902,49950,1578,1500,391,15000
1787552659002,49950,1578,1500,391,15000
1787552659102,49950,1578,1500,391,15000
1787552659202,49950,1578,1500,391,15000
1787552659302,49950,1578,1500,391,15000
1787552659402,49950,1578,1500,391,15000
1787552659502,49950,1578,1500,391,15000
1787552659602,49950,1578,1500,391,15000
1787552659702,49950,1578,1500,391,15000
1787552659802,49950,1578,1500,391,15000
1787552659902,49950,1578,1500,391,15000
1787552660002,49950,1578,1500,391,15000
1787552660102,49950,1578,1500,391,15000
1787552660202,49950,1578,1500,391,15000
1787552660302,49950,1578,1500,391,15000
1787552660402,49950,1578,1500,391,15000
1787552660502,49950,1578,1500,391,15000
1787552660602,49950,1578,1500,391,15000
1787552660702,49950,1578,1500,391,15000
1787552660802,49950,1578,1500,391,15000
1787552660902,49950,1578,1500,391,15000
1787552661002,49950,1578,1500,391,15000
1787552661102,49950,1578,1500,391,15000
1787552661202,49950,1578,1500,391,15000
1787552661302,49950,1578,1500,391,15000
1787552661402,49950,1578,1500,391,15000
1787552661502,49950,1578,1500,391,15000
1787552661602,49950,1578,1500,391,15000
1787552661702,49950,1578,1500,391,15000
1787552661802,49950,1578,1500,391,15000
1787552661902,49950,1578,1500,391,15000
1787552662002,49950,1578,1500,391,15000
1787552662102,49950,1578,1500,391,15000
1787552662202,49950,1578,1500,391,15000
1787552662302,49950,1578,1500,391,15000
1787552662402,49950,1578,1500,391,15000
1787552662502,49950,1578,1500,391,15000
1787552662602,49950,1578,1500,391,15000
1787552662702,49950,1578,1500,391,15000
1787552662802,49950,1578,1500,391,15000
1787552662902,49950,1578,1500,391,15000
1787552663002,49950,1578,1500,391,15000
1787552663102,49950,1578,1500,391,15000
1787552663202,49950,1578,1500,391,15000
1787552663302,49950,1578,1500,391,15000
1787552663402,49950,1578,1500,391,15000
1787552663502,49950,1578,1500,391,15000
1787552663602,49950,1578,1500,391,15000
1787552663702,49950,1578,1500,391,15000
1787552663802,49950,1578,1500,391,15000
1787552663902,49950,1578,1500,391,15000
1787552664002,49950,1578,1500,391,15000
1787552664102,49950,1578,1500,391,15000
1787552664202,49950,1578,1500,391,15000
1787552664302,49950,1578,1500,391,15000
1787552664402,49950,1578,1500,391,15000
1787552664502,49950,1578,1500,391,15000
1787552664602,49950,1578,1500,391,15000
1787552664702,49950,1578,1500,391,15000
1787552664802,49950,1578,1500,391,15000
1787552664903,49950,1578,1500,391,15000
1787552665002,49950,1578,1500,391,15000
1787552665102,49950,1578,1500,391,15000
1787552665202,49950,1578,1500,391,15000
1787552665302,49950,1578,1500,391,15000
1787552665402,49950,1578,1500,391,15000
1787552665502,49950,1578,1500,391,15000
1787552665602,49950,1578,1500,391,15000
1787552665702,49950,1578,1500,391,15000
1787552665802,49950,1578,1500,391,15000
1787552665903,49950,1578,1500,391,15000
1787552666002,49950,1578,1500,391,15000
1787552666102,49950,1578,1500,391,15000
1787552666202,49950,1578,1500,391,15000
1787552666302,49950,1578,1500,391,15000
1787552666402,49950,1578,1500,391,15000
1787552666502,49950,1578,1600,391,15000
1787552666602,49950,1578,1600,391,15000
1787552666702,49950,1578,1600,391,15000
1787552666802,49950,1578,1600,391,15000
1787552666902,49950,1578,1600,391,15000
1787552667002,49950,1578,1600,391,15000
1787552667102,49950,1578,1600,391,15000
1787552667202,49950,1578,1600,391,15000
1787552667302,49950,1578,1600,391,15000
1787552667402,49950,1578,1600,391,15000
1787552667502,49950,1578,1600,391,15000
1787552667602,49950,1578,1600,391,15000
1787552667702,49950,1578,1600,391,15000
1787552667802,49950,1578,1500,391,15000
1787552667902,49950,1578,1500,391,15000
1787552668002,49950,1578,1500,391,15000
1787552668102,49950,1578,1500,391,15000
1787552668202,49950,1578,1500,391,15000
1787552668302,49950,1578,1500,391,15000
1787552668402,49950,1578,1500,391,15000
1787552668502,49950,1578,1500,391,15000
1787552668602,49950,1578,1500,391,15000
1787552668702,49950,1578,1500,391,15000
1787552668802,49950,1578,1500,391,15000
1787552668902,49950,1578,1500,391,15000
1787552669002,49950,1578,1500,391,15000
1787552669102,49950,1578,1500,391,15000
1787552669202,49950,1578,1500,391,15000
1787552669302,49950,1578,1500,391,15000
1787552669402,49950,1578,1500,391,15000
1787552669502,49950,1578,1500,391,15000
1787552669602,49950,1578,1500,391,15000
1787552669702,49950,1578,1500,391,15000
1787552669802,49950,1578,1500,391,15000
1787552669902,49950,1578,1500,391,15000
1787552670002,49950,1578,1500,391,15000
1787552670102,49950,1578,1500,391,15000
1787552670202,49950,1578,1500,391,15000
1787552670302,49950,1578,1500,391,15000
1787552670402,49950,1578,1500,391,15000
1787552670502,49950,1578,1500,391,15000
1787552670601,49950,1578,1500,391,15000
1787552670702,49950,1578,1500,391,15000
1787552670802,49950,1578,1500,391,15000
1787552670902,49950,1578,1500,391,15000
1787552671002,49950,1578,1500,391,15000
1787552671102,49950,1578,1500,391,15000
1787552671202,49950,1578,1500,391,15000
1787552671302,49950,1578,1500,391,15000
1787552671402,49950,1578,1500,391,15000
1787552671502,49950,1578,1500,391,15000
1787552671602,49950,1578,1500,391,15000
1787552671702,49950,1578,1500,391,15000
1787552671802,49950,1578,1500,391,15000
1787552671902,49950,1578,1500,391,15000
1787552672002,49950,1578,1500,391,15000
1787552672102,49950,1578,1500,391,15000
1787552672202,49950,1578,1500,391,15000
1787552672302,49950,1578,1500,391,15000
1787552672402,49950,1578,1500,391,15000
1787552672502,49950,1578,1500,391,15000
1787552672602,49950,1578,1500,391,15000
1787552672702,49950,1578,1500,391,15000
1787552672802,49950,1578,1500,391,15000
1787552672902,49950,1578,1500,391,15000
1787552673002,49950,1578,1500,391,15000
1787552673102,49950,1578,1500,391,15000
1787552673202,49950,1578,1500,391,15000
1787552673302,49950,1578,1500,391,15000
1787552673402,49950,1578,1500,391,15000
1787552673502,49950,1578,1500,391,15000
1787552673602,49950,1578,1500,391,15000
1787552673702,49950,1578,1500,391,15000
1787552673802,49950,1578,1500,391,15000
1787552673902,49950,1578,1500,391,15000
1787552674002,49950,1578,1500,391,15000
1787552674102,49950,1578,1500,391,15000
1787552674202,49950,1578,1500,391,15000
1787552674302,49950,1578,1600,391,15000
1787552674402,49950,1578,1600,391,15000
1787552674502,49950,1578,1600,391,15000
1787552674602,49950,1578,1600,391,15000
1787552674702,49950,1578,1600,391,15000
1787552674802,49950,1578,1600,391,15000
1787552674902,49950,1578,1500,391,15000
1787552675001,49950,1578,1500,391,15000
1787552675102,49950,1578,1500,391,15000
1787552675202,49950,1578,1500,391,15000
1787552675302,49950,1578,1500,391,15000
1787552675402,49950,1578,1500,391,15000
1787552675502,49950,1578,1500,391,15000
1787552675602,49950,1578,1500,391,15000
1787552675702,49950,1578,1500,391,15000
1787552675802,49950,1578,1500,391,15000
1787552675902,49950,1578,1500,391,15000
1787552676003,49950,1578,1500,391,15000
1787552676102,49950,1578,1500,391,15000
1787552676202,49950,1578,1500,391,15000
1787552676302,49950,1578,1500,391,15000
1787552676402,49950,1578,1500,391,15000
1787552676502,49950,1578,1500,391,15000
1787552676602,49950,1578,1500,391,15000
1787552676702,49950,1578,1500,391,15000
1787552676802,49950,1578,1500,391,15000
1787552676902,49950,1578,1500,391,15000
1787552677002,49950,1578,1500,391,15000
1787552677102,49950,1578,1500,391,15000
1787552677202,49950,1578,1500,391,15000
1787552677302,49950,1578,1500,391,15000
1787552677402,49950,1578,1500,391,15000
1787552677502,49950,1578,1500,391,15000
1787552677602,49950,1578,1500,391,15000
1787552677702,49950,1578,1500,391,15000
1787552677802,49950,1578,1500,391,15000
1787552677902,49950,1578,1500,391,15000
1787552678002,49950,1578,1500,391,15000
1787552678102,49950,1578,1500,391,15000
1787552678202,49950,1578,1500,391,15000
1787552678302,49950,1578,1500,391,15000
1787552678402,49950,1578,1500,391,15000
1787552678502,49950,1578,1500,391,15000
1787552678602,49950,1578,1500,391,15000
1787552678702,49950,1578,1500,391,15000
1787552678802,49950,1578,1500,391,15000
1787552678902,49950,1578,1500,391,15000
1787552679002,49950,1578,1500,391,15000
1787552679102,49950,1578,1500,391,15000
1787552679202,49950,1578,1500,391,15000
1787552679302,49950,1578,1500,391,15000
1787552679402,49950,1578,1500,391,15000
1787552679502,49950,1578,1500,391,15000
1787552679602,49950,1578,1500,391,15000
1787552679702,49950,1578,1500,391,15000
1787552679802,49950,1578,1500,391,15000
1787552679902,49950,1578,1500,391,15000
1787552680002,49950,1578,1500,391,15000
1787552680102,49950,1578,1500,391,15000
1787552680202,49950,1578,1500,391,15000
1787552680302,49950,1578,1500,391,15000
1787552680402,49950,1578,1500,391,15000
1787552680502,49950,1578,1500,391,15000
1787552680602,49950,1578,1500,391,15000
1787552680702,49950,1578,1500,391,15000
1787552680802,49950,1578,1500,391,15000
1787552680902,49950,1578,1500,391,15000
1787552681002,49950,1578,1500,391,15000
1787552681102,49950,1578,1500,391,15000
1787552681202,49950,1578,1500,391,15000
1787552681302,49950,1578,1500,391,15000
1787552681402,49950,1578,1500,391,15000
1787552681502,49950,1578,1500,391,15000
1787552681602,49950,1578,1500,391,15000
1787552681702,49950,1578,1500,391,15000
1787552681802,49950,1578,1500,391,15000
1787552681902,49950,1578,1500,391,15000
1787552682002,49950,1578,1500,391,15000
1787552682102,49950,1578,1500,391,15000
1787552682202,49950,1578,1500,391,15000
1787552682302,49950,1578,1500,391,15000
1787552682402,49950,1578,1500,391,15000
1787552682502,49950,1578,1500,391,15000
1787552682602,49950,1578,1500,391,15000
1787552682702,49950,1578,1500,391,15000
1787552682802,49950,1578,1500,391,15000
1787552682902,49950,1578,1500,391,15000
1787552683002,49950,1578,1500,391,15000
1787552683102,49950,1578,1500,391,15000
1787552683202,49950,1578,1500,391,15000
1787552683302,49950,1578,1500,391,15000
1787552683402,49950,1578,1500,391,15000
1787552683502,49950,1578,1500,391,15000
1787552683602,49950,1578,1500,391,15000
1787552683702,49950,1578,1500,391,15000
1787552683802,49950,1578,1500,391,15000
1787552683902,49950,1578,1500,391,15000
1787552684002,49950,1578,1500,391,15000
1787552684102,49950,1578,1500,391,15000
1787552684202,49950,1578,1500,391,15000
1787552684302,49950,1578,1500,391,15000
1787552684402,49950,1578,1500,391,15000
1787552684502,49950,1578,1500,391,15000
1787552684602,49950,1578,1500,391,15000
1787552684702,49950,1578,1500,391,15000
1787552684802,49950,1578,1500,391,15000
1787552684902,49950,1578,1500,391,15000
1787552685002,49950,1578,1500,391,15000
1787552685102,49950,1578,1500,391,15000
1787552685202,49950,1578,1500,391,15000
1787552685303,49950,1578,1500,391,15000
1787552685402,49950,1578,1500,391,15000
1787552685502,49950,1578,1500,391,15000
1787552685602,49950,1578,1500,391,15000
1787552685702,49950,1578,1500,391,15000
1787552685803,49950,1578,1500,391,15000
1787552685902,49950,1578,1500,391,15000
1787552686002,49950,1578,1500,391,15000
1787552686102,49950,1578,1500,391,15000
1787552686202,49950,1578,1500,391,15000
1787552686302,49950,1578,1500,391,15000
1787552686402,49950,1578,1500,391,15000
1787552686502,49950,1578,1500,391,15000
1787552686601,49950,1578,1500,391,15000
1787552686702,49950,1578,1500,391,15000
1787552686802,49950,1578,1500,391,15000
1787552686902,49950,1578,1500,391,15000
1787552687002,49950,1578,1500,391,15000
1787552687102,49950,1578,1500,391,15000
1787552687202,49950,1578,1500,391,15000
1787552687302,49950,1578,1500,391,15000
1787552687402,49950,1578,1500,391,15000
1787552687502,49950,1578,1500,391,15000
1787552687602,49950,1578,1500,391,15000
1787552687702,49950,1578,1500,391,15000
1787552687802,49950,1578,1500,391,15000
1787552687902,49950,1578,1500,391,15000
1787552688002,49950,1578,1500,391,15000
1787552688102,49950,1578,1500,391,15000
1787552688202,49950,1578,1500,391,15000
1787552688302,49950,1578,1500,391,15000
1787552688402,49950,1578,1500,391,15000
1787552688502,49950,1578,1500,391,15000
1787552688602,49950,1578,1500,391,15000
1787552688702,49950,1578,1500,391,15000
1787552688802,49950,1578,1500,391,15000
1787552688902,49950,1578,1500,391,15000
1787552689002,49950,1578,1500,391,15000
1787552689102,49950,1578,1500,391,15000
1787552689202,49950,1578,1500,391,15000
1787552689302,49950,1578,1500,391,15000
1787552689402,49950,1578,1500,391,15000
1787552689502,49950,1578,1500,391,15000
1787552689602,49950,1578,1500,391,15000
1787552689702,49950,1578,1500,391,15000
1787552689802,49950,1578,1500,391,15000
1787552689902,49950,1578,1500,391,15000
1787552690002,49950,1578,1500,391,15000
1787552690102,49950,1578,1500,391,15000
1787552690202,49950,1578,1500,391,15000
1787552690302,49950,1578,1500,391,15000
1787552690402,49950,1578,1500,391,15000
1787552690502,49950,1578,1600,391,15000
1787552690602,49950,1578,1600,391,15000
1787552690702,49950,1578,1600,391,15000
1787552690802,49950,1578,1600,391,15000
1787552690902,49950,1578,1600,391,15000
1787552691002,49950,1578,1600,391,15000
1787552691102,49950,1578,1600,391,15000
1787552691203,49950,1578,1600,391,15000
1787552691302,49950,1578,1600,391,15000
1787552691402,49950,1578,1600,391,15000
1787552691502,49950,1578,1600,391,15000
1787552691602,49950,1578,1600,391,15000
1787552691702,49950,1578,1600,391,15000
1787552691802,49950,1578,1500,391,15000
1787552691902,49950,1578,1500,391,15000
1787552692002,49950,1578,1500,391,15000
1787552692102,49950,1578,1500,391,15000
1787552692202,49950,1578,1500,391,15000
1787552692302,49950,1578,1500,391,15000
1787552692402,49950,1578,1500,391,15000
1787552692502,49950,1578,1500,391,15000
1787552692602,49950,1578,1500,391,15000
1787552692702,49950,1578,1500,391,15000
1787552692802,49950,1578,1500,391,15000
1787552692902,49950,1578,1500,391,15000
1787552693002,49950,1578,1500,391,15000
1787552693102,49950,1578,1500,391,15000
1787552693202,49950,1578,1500,391,15000
1787552693302,49950,1578,1500,391,15000
1787552693402,49950,1578,1500,391,15000
1787552693502,49950,1578,1500,391,15000
1787552693602,49950,1578,1500,391,15000
1787552693702,49950,1578,1500,391,15000
1787552693802,49950,1578,1500,391,15000
1787552693902,49950,1578,1500,391,15000
1787552694002,49950,1578,1500,391,15000
1787552694102,49950,1578,1500,391,15000
1787552694202,49950,1578,1500,391,15000
1787552694302,49950,1578,1500,391,15000
1787552694402,49950,1578,1500,391,15000
1787552694502,49950,1578,1500,391,15000
1787552694602,49950,1578,1500,391,15000
1787552694702,49950,1578,1500,391,15000
1787552694802,49950,1578,1500,391,15000
1787552694902,49950,1578,1500,391,15000
1787552695002,49950,1578,1500,391,15000
1787552695102,49950,1578,1500,391,15000
1787552695202,49950,1578,1500,391,15000
1787552695302,49950,1578,1500,391,15000
1787552695402,49950,1578,1500,391,15000
1787552695502,49950,1578,1500,391,15000
1787552695602,49950,1578,1500,391,15000
1787552695702,49950,1578,1500,391,15000
1787552695802,49950,1578,1500,391,15000
1787552695902,49950,1578,1500,391,15000
1787552696002,49950,1578,1500,391,15000
1787552696102,49950,1578,1500,391,15000
1787552696202,49950,1578,1500,391,15000
1787552696302,49950,1578,1500,391,15000
1787552696402,49950,1578,1500,391,15000
1787552696502,49950,1578,1500,391,15000
1787552696602,49950,1578,1500,391,15000
1787552696702,49950,1578,1500,391,15000
1787552696802,49950,1578,1500,391,15000
1787552696902,49950,1578,1500,391,15000
1787552697002,49950,1578,1500,391,15000
1787552697102,49950,1578,1500,391,15000
1787552697202,49950,1578,1500,391,15000
1787552697302,49950,1578,1500,391,15000
1787552697402,49950,1578,1500,391,15000
1787552697502,49950,1578,1500,391,15000
1787552697602,49950,1578,1500,391,15000
1787552697702,49950,1578,1500,391,15000
1787552697802,49950,1578,1500,391,15000
1787552697902,49950,1578,1500,391,15000
1787552698002,49950,1578,1500,391,15000
1787552698102,49950,1578,1500,391,15000
1787552698202,49950,1578,1500,391,15000
1787552698302,49950,1578,1500,391,15000
1787552698402,49950,1578,1500,391,15000
1787552698503,49950,1578,1500,391,15000
1787552698602,49950,1578,1500,391,15000
1787552698702,49950,1578,1500,391,15000
1787552698802,49950,1578,1500,391,15000
1787552698902,49950,1578,1500,391,15000
1787552699002,49950,1578,1500,391,15000
1787552699102,49950,1578,1500,391,15000
1787552699202,49950,1578,1500,391,15000
1787552699302,49950,1578,1500,391,15000
1787552699402,49950,1578,1500,391,15000
1787552699502,49950,1578,1500,391,15000
1787552699602,49950,1578,1500,391,15000
1787552699702,49950,1578,1500,391,15000
1787552699802,49950,1578,1500,391,15000
1787552699902,49950,1578,1500,391,15000
1787552700002,49950,1578,1500,391,15000
1787552700102,49950,1578,1500,391,15000
1787552700202,49950,1578,1500,391,15000
1787552700302,49950,1578,1500,391,15000
1787552700402,49950,1578,1500,391,15000
1787552700502,49950,1578,1500,391,15000
1787552700602,49950,1578,1500,391,15000
1787552700702,49950,1578,1500,391,15000
1787552700802,49950,1578,1500,391,15000
1787552700902,49950,1578,1500,391,15000
1787552701002,49950,1578,1500,391,15000
1787552701102,49950,1578,1500,391,15000
1787552701202,49950,1578,1500,391,15000
1787552701302,49950,1578,1500,391,15000
1787552701402,49950,1578,1500,391,15000
1787552701502,49950,1578,1500,391,15000
1787552701602,49950,1578,1500,391,15000
1787552701702,49950,1578,1500,391,15000
1787552701802,49950,1578,1500,391,15000
1787552701902,49950,1578,1500,391,15000
1787552702002,49950,1578,1500,391,15000
1787552702102,49950,1578,1500,391,15000
1787552702202,49950,1578,1500,391,15000
1787552702302,49950,1578,1500,391,15000
1787552702402,49950,1578,1500,391,15000
1787552702502,49950,1578,1500,391,15000
1787552702602,49950,1578,1500,391,15000
1787552702702,49950,1578,1500,391,15000
1787552702802,49950,1578,1500,391,15000
1787552702902,49950,1578,1500,391,15000
1787552703002,49950,1578,1500,391,15000
1787552703102,49950,1578,1500,391,15000
1787552703202,49950,1578,1500,391,15000
1787552703303,49950,1578,1500,391,15000
1787552703402,49950,1578,1500,391,15000
1787552703502,49950,1578,1500,391,15000
1787552703602,49950,1578,1500,391,15000
1787552703703,49950,1578,1500,391,15000
1787552703802,49950,1578,1500,391,15000
1787552703902,49950,1578,1500,391,15000
1787552704002,49950,1578,1500,391,15000
1787552704102,49950,1578,1500,391,15000
1787552704202,49950,1578,1500,391,15000
1787552704302,49950,1578,1500,391,15000
1787552704402,49950,1578,1500,391,15000
1787552704502,49950,1578,1500,391,15000
1787552704602,49950,1578,1500,391,15000
1787552704702,49950,1578,1500,391,15000
1787552704803,49950,1578,1500,391,15000
1787552704902,49950,1578,1500,391,15000
1787552705002,49950,1578,1500,391,15000
1787552705102,49950,1578,1500,391,15000
1787552705202,49950,1578,1500,391,15000
1787552705302,49950,1578,1500,391,15000
1787552705402,49950,1578,1500,391,15000
1787552705502,49950,1578,1500,391,15000
1787552705602,49950,1578,1500,391,15000
1787552705702,49950,1578,1500,391,15000
1787552705802,49950,1578,1500,391,15000
1787552705902,49950,1578,1500,391,15000
1787552706002,49950,1578,1500,391,15000
1787552706102,49950,1578,1500,391,15000
1787552706202,49950,1578,1500,391,15000
1787552706302,49950,1578,1500,391,15000
1787552706402,49950,1578,1500,391,15000
1787552706502,49950,1578,1500,391,15000
1787552706602,49950,1578,1500,391,15000
1787552706702,49950,1578,1500,391,15000
1787552706802,49950,1578,1500,391,15000
1787552706902,49950,1578,1500,391,15000
1787552707002,49950,1578,1500,391,15000
1787552707102,49950,1578,1500,391,15000
1787552707202,49950,1578,1500,391,15000
1787552707302,49950,1578,1500,391,15000
1787552707402,49950,1578,1500,391,15000
1787552707502,49950,1578,1500,391,15000
1787552707602,49950,1578,1500,391,15000
1787552707702,49950,1578,1500,391,15000
1787552707802,49950,1578,1500,391,15000
1787552707902,49950,1578,1500,391,15000
1787552708002,49950,1578,1500,391,15000
1787552708102,49950,1578,1600,391,15000
1787552708202,49950,1578,1600,391,15000
1787552708302,49950,1578,1600,391,15000
1787552708402,49950,1578,1600,391,15000
1787552708502,49950,1578,1600,391,15000
1787552708602,49950,1578,1600,391,15000
1787552708702,49950,1578,1500,391,15000
1787552708802,49950,1578,1500,391,15000
1787552708902,49950,1578,1500,391,15000
1787552709002,49950,1578,1500,391,15000
1787552709102,49950,1578,1500,391,15000
1787552709202,49950,1578,1500,391,15000
1787552709302,49950,1578,1500,391,15000
1787552709402,49950,1578,1500,391,15000
1787552709502,49950,1578,1500,391,15000
1787552709602,49950,1578,1500,391,15000
1787552709702,49950,1578,1500,391,15000
1787552709802,49950,1578,1500,391,15000
1787552709902,49950,1578,1500,391,15000
1787552710002,49950,1578,1500,391,15000
1787552710102,49950,1578,1500,391,15000
1787552710202,49950,1578,1500,391,15000
1787552710302,49950,1578,1500,391,15000
1787552710402,49950,1578,1500,391,15000
1787552710502,49950,1578,1500,391,15000
1787552710602,49950,1578,1500,391,15000
1787552710702,49950,1578,1500,391,15000
1787552710802,49950,1578,1500,391,15000
1787552710902,49950,1578,1500,391,15000
1787552711002,49950,1578,1500,391,15000
1787552711102,49950,1578,1500,391,15000
1787552711202,49950,1578,1500,391,15000
1787552711302,49950,1578,1500,391,15000
1787552711402,49950,1578,1500,391,15000
1787552711502,49950,1578,1500,391,15000
1787552711602,49950,1578,1500,391,15000
1787552711702,49950,1578,1500,391,15000
1787552711802,49950,1578,1500,391,15000
1787552711902,49950,1578,1500,391,15000
1787552712002,49950,1578,1500,391,15000
1787552712102,49950,1578,1500,391,15000
1787552712202,49950,1578,1500,391,15000
1787552712302,49950,1578,1500,391,15000
1787552712402,49950,1578,1500,391,15000
1787552712502,49950,1578,1500,391,15000
1787552712603,49950,1578,1500,391,15000
1787552712702,49950,1578,1500,391,15000
1787552712802,49950,1578,1500,391,15000
1787552712902,49950,1578,1600,391,15000
1787552713002,49950,1578,1600,391,15000
1787552713102,49950,1578,1600,391,15000
1787552713202,49950,1578,1600,391,15000
1787552713302,49950,1578,1600,391,15000
1787552713402,49950,1578,1600,391,15000
1787552713502,49950,1578,1500,391,15000
1787552713602,49950,1578,1500,391,15000
1787552713702,49950,1578,1500,391,15000
1787552713802,49950,1578,1500,391,15000
1787552713902,49950,1578,1500,391,15000
1787552714002,49950,1578,1500,391,15000
1787552714102,49950,1578,1500,391,15000
1787552714202,49950,1578,1500,391,15000
1787552714302,49950,1578,1500,391,15000
1787552714402,49950,1578,1500,391,15000
1787552714502,49950,1578,1500,391,15000
1787552714602,49950,1578,1500,391,15000
1787552714702,49950,1578,1500,391,15000
1787552714802,49950,1578,1500,391,15000
1787552714902,49950,1578,1500,391,15000
1787552715002,49950,1578,1500,391,15000
1787552715102,49950,1578,1500,391,15000
1787552715202,49950,1578,1500,391,15000
1787552715302,49950,1578,1500,391,15000
1787552715402,49950,1578,1500,391,15000
1787552715502,49950,1578,1500,391,15000
1787552715602,49950,1578,1500,391,15000
1787552715702,49950,1578,1500,391,15000
1787552715802,49950,1578,1500,391,15000
1787552715902,49950,1578,1500,391,15000
1787552716002,49950,1578,1500,391,15000
1787552716103,49950,1578,1500,391,15000
1787552716202,49950,1578,1500,391,15000
1787552716302,49950,1578,1500,391,15000
1787552716402,49950,1578,1500,391,15000
1787552716502,49950,1578,1500,391,15000
1787552716602,49950,1578,1500,391,15000
1787552716702,49950,1578,1500,391,15000
1787552716802,49950,1578,1500,391,15000
1787552716903,49950,1578,1500,391,15000
1787552717002,49950,1578,1500,391,15000
1787552717102,49950,1578,1500,391,15000
1787552717202,49950,1578,1500,391,15000
1787552717302,49950,1578,1500,391,15000
1787552717402,49950,1578,1500,391,15000
1787552717502,49950,1578,1500,391,15000
1787552717602,49950,1578,1500,391,15000
1787552717702,49950,1578,1500,391,15000
1787552717802,49950,1578,1500,391,15000
1787552717902,49950,1578,1500,391,15000
1787552718002,49950,1578,1500,391,15000
1787552718102,49950,1578,1500,391,15000
1787552718202,49950,1578,1500,391,15000
1787552718302,49950,1578,1500,391,15000
1787552718402,49950,1578,1500,391,15000
1787552718502,49950,1578,1500,391,15000
1787552718602,49950,1578,1500,391,15000
1787552718702,49950,1578,1500,391,15000
1787552718802,49950,1578,1500,391,15000
1787552718902,49950,1578,1500,391,15000
1787552719002,49950,1578,1500,391,15000
1787552719102,49950,1578,1500,391,15000
1787552719202,49950,1578,1500,391,15000
1787552719302,49950,1578,1500,391,15000
1787552719402,49950,1578,1500,391,15000
1787552719502,49950,1578,1500,391,15000
1787552719602,49950,1578,1500,391,15000
1787552719702,49950,1578,1500,391,15000
1787552719802,49950,1578,1500,391,15000
1787552719902,49950,1578,1500,391,15000
1787552720002,49950,1578,1500,391,15000
1787552720102,49950,1578,1500,391,15000
1787552720202,49950,1578,1500,391,15000
1787552720302,49950,1578,1500,391,15000
1787552720402,49950,1578,1500,391,15000
1787552720502,49950,1578,1500,391,15000
1787552720602,49950,1578,1500,391,15000
1787552720702,49950,1578,1500,391,15000
1787552720802,49950,1578,1500,391,15000
1787552720902,49950,1578,1500,391,15000
1787552721002,49950,1578,1500,391,15000
1787552721102,49950,1578,1500,391,15000
1787552721202,49950,1578,1500,391,15000
1787552721302,49950,1578,1500,391,15000
1787552721402,49950,1578,1500,391,15000
1787552721502,49950,1578,1500,391,15000
1787552721603,49950,1578,1500,391,15000
1787552721702,49950,1578,1500,391,15000
1787552721802,49950,1578,1500,391,15000
1787552721902,49950,1578,1500,391,15000
1787552722002,49950,1578,1500,391,15000
1787552722102,49950,1578,1600,391,15000
1787552722202,49950,1578,1600,391,15000
1787552722302,49950,1578,1600,391,15000
1787552722402,49950,1578,1600,391,15000
1787552722502,49950,1578,1600,391,15000
1787552722602,49950,1578,1600,391,15000
1787552722702,49950,1578,1500,391,15000
1787552722802,49950,1578,1500,391,15000
1787552722902,49950,1578,1500,391,15000
1787552723002,49950,1578,1500,391,15000
1787552723102,49950,1578,1500,391,15000
1787552723202,49950,1578,1500,391,15000
1787552723302,49950,1578,1500,391,15000
1787552723402,49950,1578,1500,391,15000
1787552723502,49950,1578,1500,391,15000
1787552723602,49950,1578,1500,391,15000
1787552723702,49950,1578,1500,391,15000
1787552723802,49950,1578,1500,391,15000
1787552723902,49950,1578,1500,391,15000
1787552724002,49950,1578,1500,391,15000
1787552724102,49950,1578,1500,391,15000
1787552724202,49950,1578,1500,391,15000
1787552724302,49950,1578,1500,391,15000
1787552724402,49950,1578,1500,391,15000
1787552724502,49950,1578,1500,391,15000
1787552724602,49950,1578,1500,391,15000
1787552724702,49950,1578,1500,391,15000
1787552724802,49950,1578,1500,391,15000
1787552724902,49950,1578,1500,391,15000
1787552725002,49950,1578,1500,391,15000
1787552725102,49950,1578,1500,391,15000
1787552725202,49950,1578,1500,391,15000
1787552725302,49950,1578,1500,391,15000
1787552725402,49950,1578,1500,391,15000
1787552725502,49950,1578,1500,391,15000
1787552725602,49950,1578,1500,391,15000
1787552725702,49950,1578,1500,391,15000
1787552725802,49950,1578,1500,391,15000
1787552725902,49950,1578,1500,391,15000
1787552726002,49950,1578,1500,391,15000
1787552726102,49950,1578,1500,391,15000
1787552726202,49950,1578,1500,391,15000
1787552726302,49950,1578,1500,391,15000
1787552726402,49950,1578,1500,391,15000
1787552726502,49950,1578,1500,391,15000
1787552726602,49950,1578,1500,391,15000
1787552726702,49950,1578,1500,391,15000
1787552726802,49950,1578,1500,391,15000
1787552726902,49950,1578,1500,391,15000
1787552727002,49950,1578,1500,391,15000
1787552727102,49950,1578,1500,391,15000
1787552727202,49950,1578,1500,391,15000
1787552727302,49950,1578,1500,391,15000
1787552727402,49950,1578,1500,391,15000
1787552727502,49950,1578,1500,391,15000
1787552727602,49950,1578,1500,391,15000
1787552727702,49950,1578,1500,391,15000
1787552727802,49950,1578,1500,391,15000
1787552727902,49950,1578,1500,391,15000
1787552728002,49950,1578,1500,391,15000
1787552728102,49950,1578,1500,391,15000
1787552728202,49950,1578,1500,391,15000
1787552728302,49950,1578,1500,391,15000
1787552728402,49950,1578,1500,391,15000
1787552728502,49950,1578,1500,391,15000
1787552728602,49950,1578,1500,391,15000
1787552728702,49950,1578,1500,391,15000
1787552728802,49950,1578,1500,391,15000
1787552728902,49950,1578,1500,391,15000
1787552729002,49950,1578,1500,391,15000
1787552729102,49950,1578,1500,391,15000
1787552729202,49950,1578,1500,391,15000
1787552729302,49950,1578,1500,391,15000
1787552729402,49950,1578,1500,391,15000
1787552729502,49950,1578,1500,391,15000
1787552729602,49950,1578,1500,391,15000
1787552729702,49950,1578,1500,391,15000
1787552729802,49950,1578,1500,391,15000
1787552729902,49950,1578,1500,391,15000
1787552730002,49950,1578,1500,391,15000
1787552730102,49950,1578,1500,391,15000
1787552730202,49950,1578,1500,391,15000
1787552730302,49950,1578,1500,391,15000
1787552730402,49950,1578,1500,391,15000
1787552730502,49950,1578,1500,391,15000
1787552730602,49950,1578,1500,391,15000
1787552730702,49950,1578,1500,391,15000
1787552730802,49950,1578,1500,391,15000
1787552730902,49950,1578,1500,391,15000
1787552731002,49950,1578,1500,391,15000
1787552731102,49950,1578,1500,391,15000
1787552731202,49950,1578,1500,391,15000
1787552731302,49950,1578,1500,391,15000
1787552731402,49950,1578,1500,391,15000
1787552731502,49950,1578,1500,391,15000
1787552731602,49950,1578,1500,391,15000
1787552731702,49950,1578,1500,391,15000
1787552731802,49950,1578,1500,391,15000
1787552731902,49950,1578,1500,391,15000
1787552732002,49950,1578,1500,391,15000
1787552732102,49950,1578,1500,391,15000
1787552732202,49950,1578,1500,391,15000
1787552732302,49950,1578,1500,391,15000
1787552732402,49950,1578,1500,391,15000
1787552732502,49950,1578,1500,391,15000
1787552732602,49950,1578,1500,391,15000
1787552732702,49950,1578,1500,391,15000
1787552732802,49950,1578,1500,391,15000
1787552732902,49950,1578,1500,391,15000
1787552733002,49950,1578,1500,391,15000
1787552733102,49950,1578,1500,391,15000
1787552733202,49950,1578,1500,391,15000
1787552733302,49950,1578,1500,391,15000
1787552733402,49950,1578,1500,391,15000
1787552733502,49950,1578,1500,391,15000
1787552733602,49950,1578,1500,391,15000
1787552733703,49950,1578,1500,391,15000
1787552733802,49950,1578,1500,391,15000
1787552733902,49950,1578,1500,391,15000
1787552734002,49950,1578,1500,391,15000
1787552734102,49950,1578,1500,391,15000
1787552734202,49950,1578,1500,391,15000
1787552734302,49950,1578,1500,391,15000
1787552734402,49950,1578,1500,391,15000
1787552734502,49950,1578,1500,391,15000
1787552734602,49950,1578,1500,391,15000
1787552734702,49950,1578,1500,391,15000
1787552734802,49950,1578,1500,391,15000
1787552734902,49950,1578,1500,391,15000
1787552735002,49950,1578,1500,391,15000
1787552735102,49950,1578,1500,391,15000
1787552735202,49950,1578,1500,391,15000
1787552735302,49950,1578,1500,391,15000
1787552735402,49950,1578,1500,391,15000
1787552735501,49950,1578,1500,391,15000
1787552735602,49950,1578,1500,391,15000
1787552735702,49950,1578,1500,391,15000
1787552735802,49950,1578,1500,391,15000
1787552735902,49950,1578,1500,391,15000
1787552736002,49950,1578,1500,391,15000
1787552736102,49950,1578,1500,391,15000
1787552736202,49950,1578,1500,391,15000
1787552736302,49950,1578,1500,391,15000
1787552736402,49950,1578,1500,391,15000
1787552736502,49950,1578,1500,391,15000
1787552736602,49950,1578,1500,391,15000
1787552736702,49950,1578,1500,391,15000
1787552736802,49950,1578,1500,391,15000
1787552736902,49950,1578,1500,391,15000
1787552737002,49950,1578,1500,391,15000
1787552737102,49950,1578,1500,391,15000
1787552737202,49950,1578,1500,391,15000
1787552737302,49950,1578,1500,391,15000
1787552737402,49950,1578,1500,391,15000
1787552737502,49950,1578,1500,391,15000
1787552737602,49950,1578,1500,391,15000
1787552737702,49950,1578,1500,391,15000
1787552737802,49950,1578,1500,391,15000
1787552737902,49950,1578,1500,391,15000
1787552738002,49950,1578,1500,391,15000
1787552738102,49950,1578,1500,391,15000
1787552738202,49950,1578,1500,391,15000
1787552738302,49950,1578,1500,391,15000
1787552738402,49950,1578,1500,391,15000
1787552738502,49950,1578,1500,391,15000
1787552738602,49950,1578,1500,391,15000
1787552738702,49950,1578,1500,391,15000
1787552738802,49950,1578,1500,391,15000
1787552738902,49950,1578,1500,391,15000
1787552739002,49950,1578,1500,391,15000
1787552739102,49950,1578,1500,391,15000
1787552739203,49950,1578,1500,391,15000
1787552739302,49950,1578,1500,391,15000
1787552739402,49950,1578,1500,391,15000
1787552739502,49950,1578,1500,391,15000
1787552739602,49950,1578,1500,391,15000
1787552739702,49950,1578,1500,391,15000
1787552739802,49950,1578,1500,391,15000
1787552739902,49950,1578,1500,391,15000
1787552740002,49950,1578,1500,391,15000
1787552740102,49950,1578,1500,391,15000
1787552740202,49950,1578,1500,391,15000
1787552740302,49950,1578,1500,391,15000
1787552740402,49950,1578,1500,391,15000
1787552740502,49950,1578,1500,391,15000
1787552740602,49950,1578,1500,391,15000
1787552740701,49950,1578,1500,391,15000
1787552740802,49950,1578,1500,391,15000
1787552740902,49950,1578,1500,391,15000
1787552741002,49950,1578,1500,391,15000
1787552741102,49950,1578,1500,391,15000
1787552741202,49950,1578,1500,391,15000
1787552741302,49950,1578,1500,391,15000
1787552741402,49950,1578,1500,391,15000
1787552741502,49950,1578,1500,391,15000
1787552741602,49950,1578,1500,391,15000
1787552741702,49950,1578,1500,391,15000
1787552741802,49950,1578,1500,391,15000
1787552741902,49950,1578,1500,391,15000
1787552742002,49950,1578,1500,391,15000
1787552742102,49950,1578,1500,391,15000
1787552742202,49950,1578,1500,391,15000
1787552742302,49950,1578,1500,391,15000
1787552742402,49950,1578,1500,391,15000
1787552742502,49950,1578,1500,391,15000
1787552742602,49950,1578,1500,391,15000
1787552742702,49950,1578,1500,391,15000
1787552742802,49950,1578,1500,391,15000
1787552742902,49950,1578,1500,391,15000
1787552743002,49950,1578,1500,391,15000
1787552743102,49950,1578,1500,391,15000
1787552743202,49950,1578,1500,391,15000
1787552743302,49950,1578,1500,391,15000
1787552743402,49950,1578,1500,391,15000
1787552743502,49950,1578,1500,391,15000
1787552743602,49950,1578,1500,391,15000
1787552743702,49950,1578,1500,391,15000
1787552743802,49950,1578,1500,391,15000
1787552743902,49950,1578,1500,391,15000
1787552744002,49950,1578,1500,391,15000
1787552744102,49950,1578,1500,391,15000
1787552744202,49950,1578,1500,391,15000
1787552744302,49950,1578,1500,391,15000
1787552744402,49950,1578,1500,391,15000
1787552744502,49950,1578,1500,391,15000
1787552744602,49950,1578,1500,391,15000
1787552744702,49950,1578,1500,391,15000
1787552744802,49950,1578,1500,391,15000
1787552744902,49950,1578,1500,391,15000
1787552745002,49950,1578,1500,391,15000
1787552745102,49950,1578,1500,391,15000
1787552745202,49950,1578,1500,391,15000
1787552745302,49950,1578,1500,391,15000
1787552745402,49950,1578,1500,391,15000
1787552745502,49950,1578,1500,391,15000
1787552745603,49950,1578,1500,391,15000
1787552745702,49950,1578,1500,391,15000
1787552745802,49950,1578,1500,391,15000
1787552745902,49950,1578,1500,391,15000
1787552746002,49950,1578,1500,391,15000
1787552746102,49950,1578,1500,391,15000
1787552746202,49950,1578,1500,391,15000
1787552746302,49950,1578,1600,391,15000
1787552746402,49950,1578,1600,391,15000
1787552746502,49950,1578,1600,391,15000
1787552746602,49950,1578,1600,391,15000
1787552746702,49950,1578,1600,391,15000
1787552746802,49950,1578,1600,391,15000
1787552746902,49950,1578,1600,391,15000
1787552747002,49950,1578,1600,391,15000
1787552747102,49950,1578,1600,391,15000
1787552747202,49950,1578,1600,391,15000
1787552747302,49950,1578,1600,391,15000
1787552747402,49950,1578,1600,391,15000
1787552747502,49950,1578,1500,391,15000
1787552747602,49950,1578,1500,391,15000
1787552747702,49950,1578,1500,391,15000
1787552747802,49950,1578,1500,391,15000
1787552747902,49950,1578,1500,391,15000
1787552748002,49950,1578,1500,391,15000
1787552748102,49950,1578,1500,391,15000
1787552748202,49950,1578,1500,391,15000
1787552748302,49950,1578,1500,391,15000
1787552748402,49950,1578,1500,391,15000
1787552748502,49950,1578,1500,391,15000
1787552748602,49950,1578,1500,391,15000
1787552748702,49950,1578,1500,391,15000
1787552748802,49950,1578,1500,391,15000
1787552748902,49950,1578,1500,391,15000
1787552749002,49950,1578,1500,391,15000
1787552749102,49950,1578,1500,391,15000
1787552749202,49950,1578,1500,391,15000
1787552749302,49950,1578,1500,391,15000
1787552749402,49950,1578,1500,391,15000
1787552749502,49950,1578,1500,391,15000
1787552749602,49950,1578,1500,391,15000
1787552749702,49950,1578,1500,391,15000
1787552749802,49950,1578,1500,391,15000
1787552749902,49950,1578,1500,391,15000
1787552750002,49950,1578,1500,391,15000
1787552750102,49950,1578,1500,391,15000
1787552750202,49950,1578,1500,391,15000
1787552750302,49950,1578,1500,391,15000
1787552750402,49950,1578,1500,391,15000
1787552750502,49950,1578,1500,391,15000
1787552750602,49950,1578,1500,391,15000
1787552750702,49950,1578,1500,391,15000
1787552750802,49950,1578,1500,391,15000
1787552750902,49950,1578,1500,391,15000
1787552751002,49950,1578,1500,391,15000
1787552751102,49950,1578,1500,391,15000
1787552751202,49950,1578,1500,391,15000
1787552751302,49950,1578,1500,391,15000
1787552751402,49950,1578,1500,391,15000
1787552751502,49950,1578,1500,391,15000
1787552751602,49950,1578,1500,391,15000
1787552751702,49950,1578,1500,391,15000
1787552751802,49950,1578,1500,391,15000
1787552751902,49950,1578,1500,391,15000
1787552752002,49950,1578,1500,391,15000
1787552752102,49950,1578,1500,391,15000
1787552752202,49950,1578,1500,391,15000
1787552752302,49950,1578,1600,391,15000
1787552752402,49950,1578,1600,391,15000
1787552752502,49950,1578,1600,391,15000
1787552752602,49950,1578,1600,391,15000
1787552752702,49950,1578,1600,391,15000
1787552752802,49950,1578,1600,391,15000
1787552752902,49950,1578,1500,391,15000
1787552753002,49950,1578,1500,391,15000
1787552753102,49950,1578,1500,391,15000
1787552753202,49950,1578,1500,391,15000
1787552753302,49950,1578,1500,391,15000
1787552753402,49950,1578,1500,391,15000
1787552753502,49950,1578,1500,391,15000
1787552753602,49950,1578,1500,391,15000
1787552753702,49950,1578,1500,391,15000
1787552753802,49950,1578,1500,391,15000
1787552753902,49950,1578,1500,391,15000
1787552754002,49950,1578,1500,391,15000
1787552754102,49950,1578,1500,391,15000
1787552754202,49950,1578,1500,391,15000
1787552754302,49950,1578,1500,391,15000
1787552754402,49950,1578,1500,391,15000
1787552754502,49950,1578,1500,391,15000
1787552754602,49950,1578,1500,391,15000
1787552754702,49950,1578,1500,391,15000
1787552754803,49950,1578,1500,391,15000
1787552754902,49950,1578,1500,391,15000
1787552755002,49950,1578,1500,391,15000
1787552755102,49950,1578,1500,391,15000
1787552755202,49950,1578,1500,391,15000
1787552755302,49950,1578,1500,391,15000
1787552755402,49950,1578,1500,391,15000
1787552755502,49950,1578,1500,391,15000
1787552755602,49950,1578,1500,391,15000
1787552755702,49950,1578,1500,391,15000
1787552755802,49950,1578,1500,391,15000
1787552755902,49950,1578,1500,391,15000
1787552756002,49950,1578,1500,391,15000
1787552756102,49950,1578,1500,391,15000
1787552756202,49950,1578,1500,391,15000
1787552756302,49950,1578,1500,391,15000
1787552756402,49950,1578,1500,391,15000
1787552756503,49950,1578,1500,391,15000
1787552756602,49950,1578,1500,391,15000
1787552756702,49950,1578,1500,391,15000
1787552756802,49950,1578,1500,391,15000
1787552756902,49950,1578,1500,391,15000
1787552757002,49950,1578,1500,391,15000
1787552757102,49950,1578,1500,391,15000
1787552757202,49950,1578,1500,391,15000
1787552757303,49950,1578,1500,391,15000
1787552757402,49950,1578,1500,391,15000
1787552757502,49950,1578,1500,391,15000
1787552757602,49950,1578,1500,391,15000
1787552757702,49950,1578,1500,391,15000
1787552757802,49950,1578,1500,391,15000
1787552757902,49950,1578,1500,391,15000
1787552758002,49950,1578,1500,391,15000
1787552758102,49950,1578,1500,391,15000
1787552758202,49950,1578,1500,391,15000
1787552758302,49950,1578,1500,391,15000
1787552758402,49950,1578,1500,391,15000
1787552758502,49950,1578,1500,391,15000
1787552758602,49950,1578,1500,391,15000
1787552758702,49950,1578,1500,391,15000
1787552758802,49950,1578,1500,391,15000
1787552758902,49950,1578,1500,391,15000
1787552759002,49950,1578,1500,391,15000
1787552759102,49950,1578,1500,391,15000
1787552759202,49950,1578,1500,391,15000
1787552759302,49950,1578,1500,391,15000
1787552759402,49950,1578,1500,391,15000
1787552759502,49950,1578,1500,391,15000
1787552759602,49950,1578,1500,391,15000
1787552759702,49950,1578,1500,391,15000
1787552759802,49950,1578,1500,391,15000
1787552759902,49950,1578,1500,391,15000
1787552760002,49950,1578,1500,391,15000
1787552760102,49950,1578,1500,391,15000
1787552760202,49950,1578,1500,391,15000
1787552760302,49950,1578,1500,391,15000
1787552760402,49950,1578,1500,391,15000
1787552760502,49950,1578,1500,391,15000
1787552760602,49950,1578,1500,391,15000
1787552760702,49950,1578,1500,391,15000
1787552760802,49950,1578,1500,391,15000
1787552760902,49950,1578,1500,391,15000
1787552761002,49950,1578,1500,391,15000
1787552761102,49950,1578,1500,391,15000
1787552761202,49950,1578,1500,391,15000
1787552761302,49950,1578,1500,391,15000
1787552761402,49950,1578,1500,391,15000
1787552761502,49950,1578,1500,391,15000
1787552761602,49950,1578,1500,391,15000
1787552761702,49950,1578,1500,391,15000
1787552761802,49950,1578,1500,391,15000
1787552761902,49950,1578,1500,391,15000
1787552762002,49950,1578,1500,391,15000
1787552762102,49950,1578,1500,391,15000
1787552762202,49950,1578,1500,391,15000
1787552762302,49950,1578,1500,391,15000
1787552762402,49950,1578,1500,391,15000
1787552762502,49950,1578,1500,391,15000
1787552762602,49950,1578,1500,391,15000
1787552762702,49950,1578,1500,391,15000
1787552762802,49950,1578,1500,391,15000
1787552762902,49950,1578,1500,391,15000
1787552763002,49950,1578,1500,391,15000
1787552763102,49950,1578,1500,391,15000
1787552763202,49950,1578,1500,391,15000
1787552763302,49950,1578,1500,391,15000
1787552763402,49950,1578,1500,391,15000
1787552763502,49950,1578,1500,391,15000
1787552763602,49950,1578,1500,391,15000
1787552763702,49950,1578,1500,391,15000
1787552763802,49950,1578,1500,391,15000
1787552763902,49950,1578,1500,391,15000
1787552764002,49950,1578,1500,391,15000
1787552764102,49950,1578,1500,391,15000
1787552764202,49950,1578,1500,391,15000
1787552764303,49950,1578,1500,391,15000
1787552764402,49950,1578,1500,391,15000
1787552764502,49950,1578,1500,391,15000
1787552764602,49950,1578,1500,391,15000
1787552764702,49950,1578,1500,391,15000
1787552764802,49950,1578,1500,391,15000
1787552764902,49950,1578,1500,391,15000
1787552765002,49950,1578,1500,391,15000
1787552765102,49950,1578,1500,391,15000
1787552765202,49950,1578,1500,391,15000
1787552765302,49950,1578,1500,391,15000
1787552765402,49950,1578,1500,391,15000
1787552765502,49950,1578,1500,391,15000
1787552765602,49950,1578,1500,391,15000
1787552765702,49950,1578,1500,391,15000
1787552765802,49950,1578,1500,391,15000
1787552765902,49950,1578,1500,391,15000
1787552766002,49950,1578,1500,391,15000
1787552766102,49950,1578,1500,391,15000
1787552766202,49950,1578,1500,391,15000
1787552766302,49950,1578,1500,391,15000
1787552766402,49950,1578,1500,391,15000
1787552766502,49950,1578,1500,391,15000
1787552766602,49950,1578,1500,391,15000
1787552766702,49950,1578,1500,391,15000
1787552766802,49950,1578,1500,391,15000
1787552766902,49950,1578,1500,391,15000
1787552767002,49950,1578,1500,391,15000
1787552767102,49950,1578,1500,391,15000
1787552767202,49950,1578,1500,391,15000
1787552767302,49950,1578,1500,391,15000
1787552767402,49950,1578,1500,391,15000
1787552767502,49950,1578,1500,391,15000
1787552767602,49950,1578,1500,391,15000
1787552767702,49950,1578,1500,391,15000
1787552767802,49950,1578,1500,391,15000
1787552767902,49950,1578,1500,391,15000
1787552768002,49950,1578,1500,391,15000
1787552768102,49950,1578,1500,391,15000
1787552768202,49950,1578,1500,391,15000
1787552768302,49950,1578,1500,391,15000
1787552768402,49950,1578,1500,391,15000
1787552768502,49950,1578,1500,391,15000
1787552768602,49950,1578,1500,391,15000
1787552768702,49950,1578,1500,391,15000
1787552768802,49950,1578,1500,391,15000
1787552768902,49950,1578,1500,391,15000
1787552769002,49950,1578,1500,391,15000
1787552769102,49950,1578,1500,391,15000
1787552769202,49950,1578,1500,391,15000
1787552769302,49950,1578,1500,391,15000
1787552769402,49950,1578,1500,391,15000
1787552769502,49950,1578,1500,391,15000
1787552769602,49950,1578,1500,391,15000
1787552769702,49950,1578,1500,391,15000
1787552769802,49950,1578,1500,391,15000
1787552769902,49950,1578,1500,391,15000
1787552770002,49950,1578,1500,391,15000
1787552770102,49950,1578,1500,391,15000
1787552770202,49950,1578,1500,391,15000
1787552770303,49950,1578,1500,391,15000
1787552770402,49950,1578,1500,391,15000
1787552770502,49950,1578,1500,391,15000
1787552770602,49950,1578,1500,391,15000
1787552770702,49950,1578,1500,391,15000
1787552770802,49950,1578,1500,391,15000
1787552770902,49950,1578,1500,391,15000
1787552771002,49950,1578,1500,391,15000
1787552771102,49950,1578,1500,391,15000
1787552771202,49950,1578,1500,391,15000
1787552771302,49950,1578,1500,391,15000
1787552771402,49950,1578,1500,391,15000
1787552771502,49950,1578,1500,391,15000
1787552771602,49950,1578,1500,391,15000
1787552771702,49950,1578,1500,391,15000
1787552771802,49950,1578,1500,391,15000
1787552771902,49950,1578,1500,391,15000
1787552772002,49950,1578,1500,391,15000
1787552772102,49950,1578,1500,391,15000
1787552772202,49950,1578,1500,391,15000
1787552772302,49950,1578,1500,391,15000
1787552772402,49950,1578,1500,391,15000
1787552772502,49950,1578,1500,391,15000
1787552772602,49950,1578,1500,391,15000
1787552772702,49950,1578,1500,391,15000
1787552772802,49950,1578,1500,391,15000
1787552772902,49950,1578,1500,391,15000
1787552773002,49950,1578,1500,391,15000
1787552773102,49950,1578,1500,391,15000
1787552773202,49950,1578,1500,391,15000
1787552773302,49950,1578,1500,391,15000
1787552773402,49950,1578,1500,391,15000
1787552773502,49950,1578,1500,391,15000
1787552773602,49950,1578,1500,391,15000
1787552773702,49950,1578,1500,391,15000
1787552773802,49950,1578,1500,391,15000
1787552773902,49950,1578,1500,391,15000
1787552774002,49950,1578,1500,391,15000
1787552774102,49950,1578,1500,391,15000
1787552774202,49950,1578,1500,391,15000
1787552774302,49950,1578,1500,391,15000
1787552774402,49950,1578,1500,391,15000
1787552774502,49950,1578,1500,391,15000
1787552774602,49950,1578,1500,391,15000
1787552774702,49950,1578,1500,391,15000
1787552774802,49950,1578,1500,391,15000
1787552774902,49950,1578,1500,391,15000
1787552775002,49950,1578,1500,391,15000
1787552775102,49950,1578,1500,391,15000
1787552775202,49950,1578,1500,391,15000
1787552775302,49950,1578,1500,391,15000
1787552775402,49950,1578,1500,391,15000
1787552775502,49950,1578,1500,391,15000
1787552775602,49950,1578,1500,391,15000
1787552775702,49950,1578,1500,391,15000
1787552775802,49950,1578,1500,391,15000
1787552775902,49950,1578,1500,391,15000
1787552776003,49950,1578,1500,391,15000
1787552776102,49950,1578,1500,391,15000
1787552776202,49950,1578,1500,391,15000
1787552776302,49950,1578,1500,391,15000
1787552776402,49950,1578,1500,391,15000
1787552776502,49950,1578,1500,391,15000
1787552776602,49950,1578,1500,391,15000
1787552776702,49950,1578,1500,391,15000
1787552776802,49950,1578,1500,391,15000
1787552776902,49950,1578,1500,391,15000
1787552777002,49950,1578,1500,391,15000
1787552777102,49950,1578,1600,391,15000
1787552777202,49950,1578,1600,391,15000
1787552777302,49950,1578,1600,391,15000
1787552777402,49950,1578,1600,391,15000
1787552777502,49950,1578,1600,391,15000
1787552777602,49950,1578,1600,391,15000
1787552777702,49950,1578,1500,391,15000
1787552777802,49950,1578,1500,391,15000
1787552777902,49950,1578,1500,391,15000
1787552778002,49950,1578,1500,391,15000
1787552778102,49950,1578,1500,391,15000
1787552778202,49950,1578,1500,391,15000
1787552778302,49950,1578,1500,391,15000
1787552778402,49950,1578,1500,391,15000
1787552778502,49950,1578,1500,391,15000
1787552778602,49950,1578,1500,391,15000
1787552778702,49950,1578,1500,391,15000
1787552778802,49950,1578,1500,391,15000
1787552778902,49950,1578,1500,391,15000
1787552779002,49950,1578,1500,391,15000
1787552779102,49950,1578,1500,391,15000
1787552779202,49950,1578,1500,391,15000
1787552779302,49950,1578,1500,391,15000
1787552779402,49950,1578,1500,391,15000
1787552779502,49950,1578,1500,391,15000
1787552779602,49950,1578,1500,391,15000
1787552779702,49950,1578,1500,391,15000
1787552779803,49950,1578,1500,391,15000
1787552779902,49950,1578,1500,391,15000
1787552780002,49950,1578,1500,391,15000
1787552780102,49950,1578,1500,391,15000
1787552780202,49950,1578,1500,391,15000
1787552780302,49950,1578,1500,391,15000
1787552780402,49950,1578,1500,391,15000
1787552780502,49950,1578,1500,391,15000
1787552780602,49950,1578,1500,391,15000
1787552780702,49950,1578,1500,391,15000
1787552780802,49950,1578,1500,391,15000
1787552780902,49950,1578,1500,391,15000
1787552781002,49950,1578,1500,391,15000
1787552781102,49950,1578,1500,391,15000
1787552781202,49950,1578,1500,391,15000
1787552781302,49950,1578,1500,391,15000
1787552781402,49950,1578,1500,391,15000
1787552781502,49950,1578,1500,391,15000
1787552781602,49950,1578,1500,391,15000
1787552781702,49950,1578,1500,391,15000
1787552781802,49950,1578,1500,391,15000
1787552781902,49950,1578,1500,391,15000
1787552782002,49950,1578,1500,391,15000
1787552782102,49950,1578,1500,391,15000
1787552782202,49950,1578,1500,391,15000
1787552782302,49950,1578,1500,391,15000
1787552782402,49950,1578,1500,391,15000
1787552782502,49950,1578,1500,391,15000
1787552782602,49950,1578,1500,391,15000
1787552782702,49950,1578,1500,391,15000
1787552782802,49950,1578,1500,391,15000
1787552782902,49950,1578,1500,391,15000
1787552783002,49950,1578,1500,391,15000
1787552783102,49950,1578,1500,391,15000
1787552783202,49950,1578,1500,391,15000
1787552783302,49950,1578,1500,391,15000
1787552783402,49950,1578,1500,391,15000
1787552783502,49950,1578,1500,391,15000
1787552783602,49950,1578,1500,391,15000
1787552783702,49950,1578,1500,391,15000
1787552783802,49950,1578,1500,391,15000
1787552783902,49950,1578,1500,391,15000
1787552784002,49950,1578,1500,391,15000
1787552784102,49950,1578,1500,391,15000
1787552784202,49950,1578,1500,391,15000
1787552784302,49950,1578,1500,391,15000
1787552784402,49950,1578,1500,391,15000
1787552784502,49950,1578,1500,391,15000
1787552784602,49950,1578,1500,391,15000
1787552784702,49950,1578,1500,391,15000
1787552784802,49950,1578,1500,391,15000
1787552784902,49950,1578,1500,391,15000
1787552785002,49950,1578,1500,391,15000
1787552785102,49950,1578,1500,391,15000
1787552785202,49950,1578,1500,391,15000
1787552785302,49950,1578,1500,391,15000
1787552785402,49950,1578,1500,391,15000
1787552785502,49950,1578,1500,391,15000
1787552785602,49950,1578,1500,391,15000
1787552785702,49950,1578,1500,391,15000
1787552785802,49950,1578,1500,391,15000
1787552785902,49950,1578,1500,391,15000
1787552786002,49950,1578,1500,391,15000
1787552786102,49950,1578,1500,391,15000
1787552786202,49950,1578,1500,391,15000
1787552786302,49950,1578,1500,391,15000
1787552786402,49950,1578,1500,391,15000
1787552786502,49950,1578,1500,391,15000
1787552786602,49950,1578,1500,391,15000
1787552786702,49950,1578,1500,391,15000
1787552786802,49950,1578,1500,391,15000
1787552786902,49950,1578,1500,391,15000
1787552787002,49950,1578,1500,391,15000
1787552787102,49950,1578,1500,391,15000
1787552787202,49950,1578,1500,391,15000
1787552787302,49950,1578,1500,391,15000
1787552787402,49950,1578,1600,391,15000
1787552787502,49950,1578,1600,391,15000
1787552787602,49950,1578,1600,391,15000
1787552787702,49950,1578,1600,391,15000
1787552787802,49950,1578,1600,391,15000
1787552787902,49950,1578,1600,391,15000
1787552788002,49950,1578,1500,391,15000
1787552788102,49950,1578,1500,391,15000
1787552788202,49950,1578,1500,391,15000
1787552788302,49950,1578,1500,391,15000
1787552788402,49950,1578,1500,391,15000
1787552788502,49950,1578,1500,391,15000
1787552788602,49950,1578,1500,391,15000
1787552788702,49950,1578,1500,391,15000
1787552788802,49950,1578,1500,391,15000
1787552788902,49950,1578,1500,391,15000
1787552789002,49950,1578,1500,391,15000
1787552789102,49950,1578,1500,391,15000
1787552789202,49950,1578,1500,391,15000
1787552789302,49950,1578,1500,391,15000
1787552789402,49950,1578,1500,391,15000
1787552789502,49950,1578,1500,391,15000
1787552789602,49950,1578,1500,391,15000
1787552789702,49950,1578,1500,391,15000
1787552789802,49950,1578,1500,391,15000
1787552789902,49950,1578,1500,391,15000
1787552790002,49950,1578,1500,391,15000
1787552790102,49950,1578,1500,391,15000
1787552790202,49950,1578,1500,391,15000
1787552790302,49950,1578,1500,391,15000
1787552790402,49950,1578,1500,391,15000
1787552790502,49950,1578,1500,391,15000
1787552790602,49950,1578,1500,391,15000
1787552790702,49950,1578,1500,391,15000
1787552790802,49950,1578,1500,391,15000
1787552790902,49950,1578,1500,391,15000
1787552791002,49950,1578,1500,391,15000
1787552791102,49950,1578,1500,391,15000
1787552791202,49950,1578,1500,391,15000
1787552791302,49950,1578,1500,391,15000
1787552791402,49950,1578,1500,391,15000
1787552791502,49950,1578,1500,391,15000
1787552791602,49950,1578,1500,391,15000
1787552791702,49950,1578,1500,391,15000
1787552791802,49950,1578,1500,391,15000
1787552791902,49950,1578,1500,391,15000
1787552792002,49950,1578,1500,391,15000
1787552792102,49950,1578,1500,391,15000
1787552792202,49950,1578,1500,391,15000
1787552792302,49950,1578,1500,391,15000
1787552792402,49950,1578,1500,391,15000
1787552792502,49950,1578,1500,391,15000
1787552792602,49950,1578,1500,391,15000
1787552792702,49950,1578,1500,391,15000
1787552792802,49950,1578,1600,391,15000
1787552792903,49950,1578,1600,391,15000
1787552793002,49950,1578,1600,391,15000
1787552793102,49950,1578,1600,391,15000
1787552793202,49950,1578,1600,391,15000
1787552793302,49950,1578,1600,391,15000
1787552793402,49950,1578,1500,391,15000
1787552793502,49950,1578,1500,391,15000
1787552793602,49950,1578,1500,391,15000
1787552793702,49950,1578,1500,391,15000
1787552793802,49950,1578,1500,391,15000
1787552793902,49950,1578,1500,391,15000
1787552794002,49950,1578,1500,391,15000
1787552794102,49950,1578,1500,391,15000
1787552794202,49950,1578,1500,391,15000
1787552794302,49950,1578,1500,391,15000
1787552794402,49950,1578,1500,391,15000
1787552794502,49950,1578,1500,391,15000
1787552794602,49950,1578,1500,391,15000
1787552794702,49950,1578,1500,391,15000
1787552794802,49950,1578,1500,391,15000
1787552794902,49950,1578,1500,391,15000
1787552795002,49950,1578,1500,391,15000
1787552795102,49950,1578,1500,391,15000
1787552795202,49950,1578,1500,391,15000
1787552795302,49950,1578,1500,391,15000
1787552795402,49950,1578,1500,391,15000
1787552795502,49950,1578,1500,391,15000
1787552795602,49950,1578,1500,391,15000
1787552795702,49950,1578,1500,391,15000
1787552795802,49950,1578,1500,391,15000
1787552795902,49950,1578,1500,391,15000
1787552796002,49950,1578,1500,391,15000
1787552796102,49950,1578,1500,391,15000
1787552796202,49950,1578,1500,391,15000
1787552796302,49950,1578,1500,391,15000
1787552796402,49950,1578,1500,391,15000
1787552796502,49950,1578,1500,391,15000
1787552796602,49950,1578,1500,391,15000
1787552796702,49950,1578,1500,391,15000
1787552796802,49950,1578,1500,391,15000
1787552796902,49950,1578,1500,391,15000
1787552797002,49950,1578,1500,391,15000
1787552797102,49950,1578,1500,391,15000
1787552797202,49950,1578,1500,391,15000
1787552797302,49950,1578,1500,391,15000
1787552797402,49950,1578,1500,391,15000
1787552797503,49950,1578,1500,391,15000
1787552797602,49950,1578,1500,391,15000
1787552797702,49950,1578,1500,391,15000
1787552797802,49950,1578,1500,391,15000
1787552797902,49950,1578,1500,391,15000
1787552798002,49950,1578,1500,391,15000
1787552798102,49950,1578,1500,391,15000
1787552798202,49950,1578,1500,391,15000
1787552798302,49950,1578,1500,391,15000
1787552798402,49950,1578,1500,391,15000
1787552798502,49950,1578,1500,391,15000
1787552798602,49950,1578,1500,391,15000
1787552798702,49950,1578,1500,391,15000
1787552798802,49950,1578,1500,391,15000
1787552798902,49950,1578,1500,391,15000
1787552799002,49950,1578,1500,391,15000
1787552799102,49950,1578,1500,391,15000
1787552799202,49950,1578,1500,391,15000
1787552799302,49950,1578,1500,391,15000
1787552799402,49950,1578,1500,391,15000
1787552799502,49950,1578,1500,391,15000
1787552799602,49950,1578,1500,391,15000
1787552799702,49950,1578,1500,391,15000
1787552799802,49950,1578,1500,391,15000
1787552799902,49950,1578,1600,391,15000
1787552800002,49950,1578,1600,391,15000
1787552800102,49950,1578,1600,391,15000
1787552800202,49950,1578,1600,391,15000
1787552800302,49950,1578,1600,391,15000
1787552800402,49950,1578,1600,391,15000
1787552800502,49950,1578,1600,391,15000
1787552800602,49950,1578,1500,391,15000
1787552800702,50000,0,1500,391,15000
1787552800802,50000,0,1500,391,15000
1787552800902,50000,0,1500,391,15000
1787552801002,50000,0,1500,391,15000
1787552801102,50000,0,1500,391,15000
1787552801202,50000,0,300,391,15000
1787552801302,50000,0,300,391,15000
1787552801402,50000,0,300,391,15000
1787552801502,50000,0,300,391,15000
1787552801602,50000,0,300,391,15000
1787552801702,50000,0,300,391,15000
1787552801802,50000,0,0,391,15000
1787552801902,50000,0,0,391,15000
1787552802002,50000,0,0,391,15000
1787552802102,50000,0,0,391,15000
1787552802202,50000,0,0,391,15000
1787552802302,50000,0,0,391,15000
1787552802402,50000,0,0,391,15000
1787552802502,50000,0,0,391,15000
1787552802602,50000,0,0,391,15000
1787552802702,50000,0,0,391,15000
1787552802802,50000,0,0,391,15000
1787552802902,50000,0,0,391,15000
1787552803002,50000,0,0,391,15000
1787552803102,50000,0,0,391,15000
1787552803202,50000,0,0,391,15000
1787552803302,50000,0,0,391,15000
1787552803402,50000,0,0,391,15000
1787552803502,50000,0,0,391,15000
1787552803602,50000,0,0,391,15000
1787552803702,50000,0,0,391,15000
1787552803802,50000,0,0,391,15000
1787552803902,50000,0,0,391,15000
1787552804002,50000,0,0,391,15000
1787552804102,50000,0,0,391,15000
1787552804202,50000,0,0,391,15000
1787552804302,50000,0,0,391,15000
1787552804402,50000,0,0,391,15000
1787552804502,50000,0,0,391,15000
1787552804602,50000,0,0,391,15000
1787552804702,50000,0,0,391,15000
1787552804802,50000,0,0,391,15000
1787552804902,50000,0,0,391,15000
1787552805002,50000,0,0,391,15000
1787552805102,50000,0,0,391,15000
1787552805202,50000,0,0,391,15000
1787552805302,50000,0,0,391,15000
1787552805402,50000,0,0,391,15000
1787552805502,50000,0,0,391,15000
1787552805602,50000,0,0,391,15000
1787552805702,50000,0,0,391,15000
1787552805802,50000,0,0,391,15000
1787552805902,50000,0,0,391,15000
1787552806002,50000,0,0,391,15000
1787552806102,50000,0,0,391,15000
1787552806202,50000,0,0,391,15000
1787552806302,50000,0,0,391,15000
1787552806402,50000,0,0,391,15000
1787552806502,50000,0,0,391,15000
1787552806602,50000,0,0,391,15000
1787552806702,50000,0,0,391,15000
1787552806802,50000,0,0,391,15000
1787552806902,50000,0,0,391,15000
1787552807002,50000,0,0,391,15000
1787552807102,50000,0,0,391,15000
1787552807202,50000,0,0,391,15000
1787552807302,50000,0,0,391,15000
1787552807402,50000,0,0,391,15000
1787552807502,50000,0,0,391,15000
1787552807602,50000,0,0,391,15000
1787552807702,50000,0,0,391,15000
1787552807802,50000,0,0,391,15000
1787552807902,50000,0,0,391,15000
1787552808002,50000,0,0,391,15000
1787552808102,50000,0,0,391,15000
1787552808202,50000,0,0,391,15000
1787552808302,50000,0,0,391,15000
1787552808402,50000,0,0,391,15000
1787552808502,50000,0,0,391,15000
1787552808602,50000,0,0,391,15000
1787552808702,50000,0,0,391,15000
1787552808802,50000,0,0,391,15000
1787552808902,50000,0,0,391,15000
1787552809002,50000,0,0,391,15000
1787552809102,50000,0,0,391,15000
1787552809202,50000,0,0,391,15000
1787552809302,50000,0,0,391,15000
1787552809402,50000,0,0,391,15000
1787552809502,50000,0,0,391,15000
1787552809602,50000,0,0,391,15000
1787552809702,50000,0,0,391,15000
1787552809801,50000,0,0,391,15000
1787552809902,50000,0,0,391,15000
1787552810002,50000,0,0,391,15000
1787552810102,50000,0,0,391,15000
1787552810202,50000,0,0,391,15000
1787552810302,50000,0,0,391,15000
1787552810402,50000,0,0,391,15000
1787552810502,50000,0,0,391,15000
1787552810602,50000,0,0,391,15000
1787552810702,50000,0,0,391,15000
1787552810802,50000,0,0,391,15000
1787552810902,50000,0,0,391,15000
1787552811002,50000,0,0,391,15000
1787552811102,50000,0,0,391,15000
1787552811202,50000,0,0,391,15000
1787552811302,50000,0,0,391,15000
1787552811402,50000,0,0,391,15000
1787552811502,50000,0,0,391,15000
1787552811602,50000,0,0,391,15000
1787552811702,50000,0,0,391,15000
1787552811802,50000,0,0,391,15000
1787552811902,50000,0,0,391,15000
1787552812002,50000,0,0,391,15000
1787552812102,50000,0,0,391,15000
1787552812202,50000,0,0,391,15000
1787552812302,50000,0,0,391,15000
1787552812402,50000,0,0,391,15000
1787552812502,50000,0,0,391,15000
1787552812602,50000,0,0,391,15000
1787552812702,50000,0,0,391,15000
1787552812802,50000,0,0,391,15000
1787552812902,50000,0,0,391,15000
1787552813002,50000,0,0,391,15000
1787552813102,50000,0,0,391,15000
1787552813202,50000,0,0,391,15000
1787552813302,50000,0,0,391,15000
1787552813402,50000,0,0,391,15000
1787552813502,50000,0,0,391,15000
1787552813602,50000,0,0,391,15000
1787552813702,50000,0,0,391,15000
1787552813802,50000,0,0,391,15000
1787552813902,50000,0,0,391,15000
1787552814002,50000,0,0,391,15000
1787552814102,50000,0,0,391,15000
1787552814202,50000,0,0,391,15000
1787552814302,50000,0,0,391,15000
1787552814402,50000,0,0,391,15000
1787552814502,50000,0,0,391,15000
1787552814602,50000,0,0,391,15000
1787552814702,50000,0,0,391,15000
1787552814802,50000,0,0,391,15000
1787552814902,50000,0,0,391,15000
1787552815002,50000,0,0,391,15000
1787552815102,50000,0,0,391,15000
1787552815202,50000,0,0,391,15000
1787552815302,50000,0,0,391,15000
1787552815402,50000,0,0,391,15000
1787552815502,50000,0,0,391,15000
1787552815602,50000,0,0,391,15000
1787552815702,50000,0,0,391,15000
1787552815802,50000,0,0,391,15000
1787552815902,50000,0,0,391,15000
1787552816002,50000,0,0,391,15000
1787552816102,50000,0,0,391,15000
1787552816202,50000,0,0,391,15000
1787552816302,50000,0,0,391,15000
1787552816402,50000,0,0,391,15000
1787552816502,50000,0,0,391,15000
1787552816602,50000,0,0,391,15000
1787552816702,50000,0,0,391,15000
1787552816802,50000,0,0,391,15000
1787552816902,50000,0,0,391,15000
1787552817002,50000,0,0,391,15000
1787552817102,50000,0,0,391,15000
1787552817202,50000,0,0,391,15000
1787552817302,50000,0,0,391,15000
1787552817402,50000,0,0,391,15000
1787552817502,50000,0,0,391,15000
1787552817602,50000,0,0,391,15000
1787552817702,50000,0,0,391,15000
1787552817802,50000,0,0,391,15000
1787552817902,50000,0,0,391,15000
1787552818002,50000,0,0,391,15000
1787552818102,50000,0,0,391,15000
1787552818202,50000,0,0,391,15000
1787552818302,50000,0,0,391,15000
1787552818402,50000,0,0,391,15000
1787552818502,50000,0,0,391,15000
1787552818602,50000,0,0,391,15000
1787552818702,50000,0,0,391,15000
1787552818802,50000,0,0,391,15000
1787552818902,50000,0,0,391,15000
1787552819002,50000,0,0,391,15000
1787552819102,50000,0,0,391,15000
1787552819202,50000,0,0,391,15000
1787552819302,50000,0,0,391,15000
1787552819402,50000,0,0,391,15000
1787552819502,50000,0,0,391,15000
1787552819602,50000,0,0,391,15000
1787552819702,50000,0,0,391,15000
1787552819802,50000,0,0,391,15000
1787552819902,50000,0,0,391,15000
1787552820002,50000,0,0,391,15000
1787552820102,50000,0,0,391,15000
1787552820202,50000,0,0,391,15000
1787552820302,50000,0,0,391,15000
1787552820402,50000,0,0,391,15000
1787552820502,50000,0,0,391,15000
1787552820602,50000,0,0,391,15000
1787552820702,50000,0,0,391,15000
1787552820802,50000,0,0,391,15000
1787552820902,50000,0,0,391,15000
1787552821002,50000,0,0,391,15000
1787552821102,50000,0,0,391,15000
1787552821202,50000,0,0,391,15000
1787552821302,50000,0,0,391,15000
1787552821402,50000,0,0,391,15000
1787552821502,50000,0,0,391,15000
1787552821602,50000,0,0,391,15000
1787552821702,50000,0,0,391,15000
1787552821802,50000,0,0,391,15000
1787552821902,50000,0,0,391,15000
1787552822002,50000,0,0,391,15000
1787552822102,50000,0,0,391,15000
1787552822202,50000,0,0,391,15000
1787552822302,50000,0,0,391,15000
1787552822402,50000,0,0,391,15000
1787552822502,50000,0,0,391,15000
1787552822602,50000,0,0,391,15000
1787552822702,50000,0,0,391,15000
1787552822802,50000,0,0,391,15000
1787552822902,50000,0,0,391,15000
1787552823002,50000,0,0,391,15000
1787552823102,50000,0,0,391,15000
1787552823202,50000,0,0,391,15000
1787552823302,50000,0,0,391,15000
1787552823402,50000,0,0,391,15000
1787552823502,50000,0,0,391,15000
1787552823602,50000,0,0,391,15000
1787552823702,50000,0,0,389,15000
1787552823802,50000,0,0,389,15000
1787552823902,50000,0,0,389,15000
1787552824002,50000,0,0,389,15000
1787552824102,50000,0,0,389,15000
1787552824202,50000,0,0,389,15000
1787552824302,50000,0,0,389,15000
1787552824402,50000,0,0,389,15000
1787552824502,50000,0,0,389,15000
1787552824602,50000,0,0,389,15000
1787552824702,50000,0,0,389,15000
1787552824802,50000,0,0,389,15000
1787552824902,50000,0,0,389,15000
1787552825002,50000,0,0,389,15000
1787552825102,50000,0,0,389,15000
1787552825202,50000,0,0,389,15000
1787552825302,50000,0,0,389,15000
1787552825402,50000,0,0,389,15000
1787552825502,50000,0,0,389,15000
1787552825602,50000,0,0,389,15000
1787552825702,50000,0,0,389,15000
1787552825802,50000,0,0,389,15000
1787552825902,50000,0,0,389,15000
1787552826002,50000,0,0,389,15000
1787552826102,50000,0,0,389,15000
1787552826202,50000,0,0,389,15000
1787552826302,50000,0,0,389,15000
1787552826402,50000,0,0,389,15000
1787552826502,50000,0,0,389,15000
1787552826602,50000,0,0,389,15000
1787552826702,50000,0,0,389,15000
1787552826802,50000,0,0,389,15000
1787552826902,50000,0,0,389,15000
1787552827002,50000,0,0,389,15000
1787552827102,50000,0,0,389,15000
1787552827202,50000,0,0,389,15000
1787552827302,50000,0,0,389,15000
1787552827402,50000,0,0,389,15000
1787552827502,50000,0,0,389,15000
1787552827602,50000,0,0,389,15000
1787552827702,50000,0,0,389,15000
1787552827802,50000,0,0,389,15000
1787552827902,50000,0,0,389,15000
1787552828002,50000,0,0,389,15000
1787552828102,50000,0,0,389,15000
1787552828202,50000,0,0,389,15000
1787552828302,50000,0,0,389,15000
1787552828402,50000,0,0,389,15000
1787552828502,50000,0,0,389,15000
1787552828602,50000,0,0,389,15000
1787552828702,50000,0,0,389,15000
1787552828802,50000,0,0,389,15000
1787552828902,50000,0,0,389,15000
1787552829002,50000,0,0,389,15000
1787552829102,50000,0,0,389,15000
1787552829202,50000,0,0,389,15000
1787552829302,50000,0,0,389,15000
1787552829402,50000,0,0,389,15000
1787552829502,50000,0,0,389,15000
1787552829602,50000,0,0,389,15000
1787552829702,50000,0,0,389,15000
1787552829802,50000,0,0,389,15000
1787552829902,50000,0,0,389,15000
1787552830002,50000,0,0,389,15000
1787552830102,50000,0,0,389,15000
1787552830202,50000,0,0,389,15000
1787552830302,50000,0,0,389,15000
1787552830402,50000,0,0,389,15000
1787552830502,50000,0,0,389,15000
1787552830602,50000,0,0,389,15000
1787552830702,50000,0,0,389,15000
1787552830802,50000,0,0,389,15000
1787552830902,50000,0,0,389,15000
1787552831002,50000,0,0,389,15000
1787552831102,50000,0,0,389,15000
1787552831202,50000,0,0,389,15000
1787552831302,50000,0,0,389,15000
1787552831402,50000,0,0,389,15000
1787552831502,50000,0,0,389,15000
1787552831602,50000,0,0,389,15000
1787552831702,50000,0,0,389,15000
1787552831802,50000,0,0,389,15000
1787552831902,50000,0,0,389,15000
1787552832002,50000,0,0,389,15000
1787552832102,50000,0,0,389,15000
1787552832202,50000,0,0,389,15000
1787552832302,50000,0,0,389,15000
1787552832402,50000,0,0,389,15000
1787552832502,50000,0,0,389,15000
1787552832602,50000,0,0,389,15000
1787552832702,50000,0,0,389,15000
1787552832802,50000,0,0,389,15000
1787552832902,50000,0,0,389,15000
1787552833002,50000,0,0,389,15000
1787552833102,50000,0,0,389,15000
1787552833202,50000,0,0,389,15000
1787552833302,50000,0,0,389,15000
1787552833402,50000,0,0,389,15000
1787552833502,50000,0,0,389,15000
1787552833602,50000,0,0,389,15000
1787552833702,50000,0,0,389,15000
1787552833802,50000,0,0,389,15000
1787552833902,50000,0,0,389,15000
1787552834002,50000,0,0,389,15000
1787552834102,50000,0,0,389,15000
1787552834202,50000,0,0,389,15000
1787552834302,50000,0,0,389,15000
1787552834402,50000,0,0,389,15000
1787552834502,50000,0,0,389,15000
1787552834602,50000,0,0,389,15000
1787552834702,50000,0,0,389,15000
1787552834802,50000,0,0,389,15000
1787552834902,50000,0,0,389,15000
1787552835002,50000,0,0,389,15000
1787552835102,50000,0,0,389,15000
1787552835202,50000,0,0,389,15000
1787552835302,50000,0,0,389,15000
1787552835402,50000,0,0,389,15000
1787552835502,50000,0,0,389,15000
1787552835602,50000,0,0,389,15000
1787552835702,50000,0,0,389,15000
1787552835803,50000,0,0,389,15000
1787552835902,50000,0,0,389,15000
1787552836002,50000,0,0,389,15000
1787552836102,50000,0,0,389,15000
1787552836202,50000,0,0,389,15000
1787552836302,50000,0,0,389,15000
1787552836402,50000,0,0,389,15000
1787552836502,50000,0,0,389,15000
1787552836602,50000,0,0,389,15000
1787552836702,50000,0,0,389,15000
1787552836802,50000,0,0,389,15000
1787552836902,50000,0,0,389,15000
1787552837002,50000,0,0,389,15000
1787552837102,50000,0,0,389,15000
1787552837202,50000,0,0,389,15000
1787552837302,50000,0,0,389,15000
1787552837402,50000,0,0,389,15000
1787552837502,50000,0,0,389,15000
1787552837602,50000,0,0,389,15000
1787552837702,50000,0,0,389,15000
1787552837802,50000,0,0,389,15000
1787552837902,50000,0,0,389,15000
1787552838002,50000,0,0,389,15000
1787552838102,50000,0,0,389,15000
1787552838202,50000,0,0,389,15000
1787552838302,50000,0,0,389,15000
1787552838402,50000,0,0,389,15000
1787552838502,50000,0,0,389,15000
1787552838602,50000,0,0,389,15000
1787552838702,50000,0,0,389,15000
1787552838802,50000,0,0,389,15000
1787552838902,50000,0,0,389,15000
1787552839002,50000,0,0,389,15000
1787552839102,50000,0,0,389,15000
1787552839202,50000,0,0,389,15000
1787552839302,50000,0,0,389,15000
1787552839402,50000,0,0,389,15000
1787552839502,50000,0,0,389,15000
1787552839602,50000,0,0,389,15000
1787552839702,50000,0,0,389,15000
1787552839802,50000,0,0,389,15000
1787552839902,50000,0,0,389,15000
1787552840002,50000,0,0,389,15000
1787552840102,50000,0,0,389,15000
1787552840202,50000,0,0,389,15000
1787552840302,50000,0,0,389,15000
1787552840402,50000,0,0,389,15000
1787552840502,50000,0,0,389,15000
1787552840602,50000,0,0,389,15000
1787552840702,50000,0,0,389,15000
1787552840802,50000,0,0,389,15000
1787552840902,50000,0,0,389,15000
1787552841002,50000,0,0,389,15000
1787552841102,50000,0,0,389,15000
1787552841202,50000,0,0,389,15000
1787552841302,50000,0,0,389,15000
1787552841402,50000,0,0,389,15000
1787552841502,50000,0,0,389,15000
1787552841602,50000,0,0,389,15000
1787552841702,50000,0,0,389,15000
1787552841802,50000,0,0,389,15000
1787552841902,50000,0,0,389,15000
1787552842002,50000,0,0,389,15000
1787552842102,50000,0,0,389,15000
1787552842202,50000,0,0,389,15000
1787552842302,50000,0,0,389,15000
1787552842402,50000,0,0,389,15000
1787552842502,50000,0,0,389,15000
1787552842602,50000,0,0,389,15000
1787552842702,50000,0,0,389,15000
1787552842802,50000,0,0,389,15000
1787552842901,50000,0,0,389,15000
1787552843002,50000,0,0,389,15000
1787552843102,50000,0,0,389,15000
1787552843202,50000,0,0,389,15000
1787552843302,50000,0,0,389,15000
1787552843402,50000,0,0,389,15000
1787552843502,50000,0,0,389,15000
1787552843602,50000,0,0,389,15000
1787552843702,50000,0,0,389,15000
1787552843802,50000,0,0,389,15000
1787552843903,50000,0,0,389,15000
1787552844002,50000,0,0,389,15000
1787552844102,50000,0,0,389,15000
1787552844202,50000,0,0,389,15000
1787552844302,50000,0,0,389,15000
1787552844402,50000,0,0,389,15000
1787552844502,50000,0,0,389,15000
1787552844602,50000,0,0,389,15000
1787552844702,50000,0,0,389,15000
1787552844802,50000,0,0,389,15000
1787552844902,50000,0,0,389,15000
1787552845002,50000,0,0,389,15000
1787552845102,50000,0,0,389,15000
1787552845202,50000,0,0,389,15000
1787552845302,50000,0,0,389,15000
1787552845402,50000,0,0,389,15000
1787552845502,50000,0,0,389,15000
1787552845602,50000,0,0,389,15000
1787552845702,50000,0,0,389,15000
1787552845802,50000,0,0,389,15000
1787552845902,50000,0,0,389,15000
1787552846002,50000,0,0,389,15000
1787552846102,50000,0,0,389,15000
1787552846202,50000,0,0,389,15000
1787552846302,50000,0,0,389,15000
1787552846402,50000,0,0,389,15000
1787552846502,50000,0,0,389,15000
1787552846602,50000,0,0,389,15000
1787552846702,50000,0,0,389,15000
1787552846802,50000,0,0,389,15000
1787552846902,50000,0,0,389,15000
1787552847002,50000,0,0,389,15000
1787552847102,50000,0,0,389,15000
1787552847202,50000,0,0,389,15000
1787552847302,50000,0,0,389,15000
1787552847402,50000,0,0,389,15000
1787552847502,50000,0,0,389,15000
1787552847602,50000,0,0,389,15000
1787552847702,50000,0,0,389,15000
1787552847803,50000,0,0,389,15000
1787552847902,50000,0,0,389,15000
1787552848002,50000,0,0,389,15000
1787552848102,50000,0,0,389,15000
1787552848202,50000,0,0,389,15000
1787552848302,50000,0,0,389,15000
1787552848402,50000,0,0,389,15000
1787552848502,50000,0,0,389,15000
1787552848602,50000,0,0,389,15000
1787552848702,50000,0,0,389,15000
1787552848802,50000,0,0,389,15000
1787552848902,50000,0,0,389,15000
1787552849002,50000,0,0,389,15000
1787552849102,50000,0,0,389,15000
1787552849202,50000,0,0,389,15000
1787552849302,50000,0,0,389,15000
1787552849402,50000,0,0,389,15000
1787552849502,50000,0,0,389,15000
1787552849602,50000,0,0,389,15000
1787552849702,50000,0,0,389,15000
1787552849802,50000,0,0,389,15000
1787552849902,50000,0,0,389,15000
1787552850002,50000,0,0,389,15000
1787552850102,50000,0,0,389,15000
1787552850202,50000,0,0,389,15000
1787552850302,50000,0,0,389,15000
1787552850402,50000,0,0,389,15000
1787552850502,50000,0,0,389,15000
1787552850602,50000,0,0,389,15000
1787552850702,50000,0,0,389,15000
1787552850802,50000,0,0,389,15000
1787552850902,50000,0,0,389,15000
1787552851002,50000,0,0,389,15000
1787552851102,50000,0,0,389,15000
1787552851202,50000,0,0,389,15000
1787552851302,50000,0,0,389,15000
1787552851402,50000,0,0,389,15000
1787552851502,50000,0,0,389,15000
1787552851602,50000,0,0,389,15000
1787552851702,50000,0,0,389,15000
1787552851802,50000,0,0,389,15000
1787552851902,50000,0,0,389,15000
1787552852002,50000,0,0,389,15000
1787552852102,50000,0,0,389,15000
1787552852202,50000,0,0,389,15000
1787552852302,50000,0,0,389,15000
1787552852402,50000,0,0,389,15000
1787552852502,50000,0,0,389,15000
1787552852602,50000,0,0,389,15000
1787552852702,50000,0,0,389,15000
1787552852802,50000,0,0,389,15000
1787552852902,50000,0,0,389,15000
1787552853002,50000,0,0,389,15000
1787552853102,50000,0,0,389,15000
1787552853202,50000,0,0,389,15000
1787552853302,50000,0,0,389,15000
1787552853402,50000,0,0,389,15000
1787552853502,50000,0,0,389,15000
1787552853602,50000,0,0,389,15000
1787552853702,50000,0,0,389,15000
1787552853802,50000,0,0,389,15000
1787552853902,50000,0,0,389,15000
1787552854002,50000,0,0,389,15000
1787552854102,50000,0,0,389,15000
1787552854202,50000,0,0,389,15000
1787552854302,50000,0,0,389,15000
1787552854402,50000,0,0,389,15000
1787552854502,50000,0,0,389,15000
1787552854602,50000,0,0,389,15000
1787552854702,50000,0,0,389,15000
1787552854802,50000,0,0,389,15000
