ts_ms,freq_mhz,requested_w,actual_w,soc_pml,p_avail_w
1787551690074,50000,0,0,313,15000
1787551690175,50000,0,0,313,15000
1787551690275,50000,0,0,313,15000
1787551690374,50000,0,0,313,15000
1787551690475,50000,0,0,313,15000
1787551690575,50000,0,0,313,15000
1787551690675,50000,0,0,313,15000
1787551690774,50000,0,0,313,15000
1787551690875,50000,0,0,313,15000
1787551690974,50000,0,0,313,15000
1787551691074,50000,0,0,313,15000
1787551691174,50000,0,0,313,15000
1787551691274,50000,0,0,313,15000
1787551691374,50000,0,0,313,15000
1787551691474,50000,0,0,313,15000
1787551691575,50000,0,0,313,15000
1787551691674,50000,0,0,313,15000
1787551691775,50000,0,0,313,15000
1787551691874,50000,0,0,313,15000
1787551691974,50000,0,0,313,15000
1787551692074,50000,0,0,313,15000
1787551692174,50000,0,0,313,15000
1787551692275,50000,0,0,313,15000
1787551692374,50000,0,0,313,15000
1787551692474,50000,0,0,313,15000
1787551692574,50000,0,0,313,15000
1787551692674,50000,0,0,313,15000
1787551692775,50000,0,0,313,15000
1787551692875,50000,0,0,313,15000
1787551692974,50000,0,0,313,15000
1787551693075,50000,0,0,313,15000
1787551693174,50000,0,0,313,15000
1787551693274,50000,0,0,313,15000
1787551693374,50000,0,0,313,15000
1787551693474,50000,0,0,313,15000
1787551693574,50000,0,0,313,15000
1787551693674,50000,0,0,313,15000
1787551693775,50000,0,0,313,15000
1787551693874,50000,0,0,313,15000
1787551693974,50000,0,0,313,15000
1787551694074,50000,0,0,313,15000
1787551694174,50000,0,0,313,15000
1787551694274,50000,0,0,313,15000
1787551694375,50000,0,0,313,15000
1787551694474,50000,0,0,313,15000
1787551694574,50000,0,0,313,15000
1787551694674,50000,0,0,313,15000
1787551694774,50000,0,0,313,15000
1787551694874,50000,0,0,313,15000
1787551694974,50000,0,0,313,15000
1787551695075,50000,0,0,313,15000
1787551695174,50000,0,0,313,15000
1787551695274,50000,0,0,313,15000
1787551695374,50000,0,0,313,15000
1787551695474,50000,0,0,313,15000
1787551695574,50000,0,0,313,15000
1787551695674,50000,0,0,313,15000
1787551695774,50000,0,0,313,15000
1787551695875,50000,0,0,313,15000
1787551695974,50000,0,0,313,15000
1787551696074,50000,0,0,313,15000
1787551696174,50000,0,0,313,15000
1787551696275,50000,0,0,313,15000
1787551696374,50000,0,0,313,15000
1787551696474,50000,0,0,313,15000
1787551696574,50000,0,0,313,15000
1787551696675,50000,0,0,313,15000
1787551696774,50000,0,0,313,15000
1787551696874,50000,0,0,313,15000
1787551696974,50000,0,0,313,15000
1787551697074,50000,0,0,313,15000
1787551697175,50000,0,0,313,15000
1787551697274,50000,0,0,313,15000
1787551697375,50000,0,0,313,15000
1787551697475,50000,0,0,313,15000
1787551697574,50000,0,0,313,15000
1787551697674,50000,0,0,313,15000
1787551697775,50000,0,0,313,15000
1787551697874,50000,0,0,313,15000
1787551697974,50000,0,0,313,15000
1787551698074,50000,0,0,313,15000
1787551698175,50000,0,0,313,15000
1787551698275,50000,0,0,313,15000
1787551698374,50000,0,0,313,15000
1787551698474,50000,0,0,313,15000
1787551698574,50000,0,0,313,15000
1787551698674,50000,0,0,313,15000
1787551698774,50000,0,0,313,15000
1787551698874,50000,0,0,313,15000
1787551698974,50000,0,0,313,15000
1787551699074,50000,0,0,313,15000
1787551699174,50000,0,0,313,15000
1787551699274,50000,0,0,313,15000
1787551699375,50000,0,0,313,15000
1787551699474,50000,0,0,313,15000
1787551699574,50000,0,0,313,15000
1787551699675,50000,0,0,313,15000
1787551699774,50000,0,0,313,15000
1787551699875,50000,0,0,313,15000
1787551699974,50000,0,0,313,15000
1787551700074,50000,0,0,313,15000
1787551700174,50000,0,0,313,15000
1787551700274,50000,0,0,313,15000
1787551700374,50000,0,0,313,15000
1787551700474,50000,0,0,313,15000
1787551700575,50000,0,0,313,15000
1787551700674,50000,0,0,313,15000
1787551700774,50000,0,0,313,15000
1787551700874,50000,0,0,313,15000
1787551700974,50000,0,0,313,15000
1787551701075,50000,0,0,313,15000
1787551701174,50000,0,0,313,15000
1787551701275,50000,0,0,313,15000
1787551701374,50000,0,0,313,15000
1787551701474,50000,0,0,313,15000
1787551701575,50000,0,0,313,15000
1787551701674,50000,0,0,313,15000
1787551701774,50000,0,0,313,15000
1787551701875,50000,0,0,313,15000
1787551701974,50000,0,0,313,15000
1787551702074,50000,0,0,313,15000
1787551702174,50000,0,0,313,15000
1787551702274,50000,0,0,313,15000
1787551702374,50000,0,0,313,15000
1787551702474,50000,0,0,313,15000
1787551702574,50000,0,0,313,15000
1787551702674,50000,0,0,313,15000
1787551702774,50000,0,0,313,15000
1787551702874,50000,0,0,313,15000
1787551702974,50000,0,0,313,15000
1787551703075,50000,0,0,313,15000
1787551703174,50000,0,0,313,15000
1787551703274,50000,0,0,313,15000
1787551703375,50000,0,0,313,15000
1787551703474,50000,0,0,313,15000
1787551703575,50000,0,0,313,15000
1787551703674,50000,0,0,313,15000
1787551703774,50000,0,0,313,15000
1787551703874,50000,0,0,313,15000
1787551703974,50000,0,0,313,15000
1787551704075,50000,0,0,313,15000
1787551704175,50000,0,0,313,15000
1787551704274,50000,0,0,313,15000
1787551704374,50000,0,0,313,15000
1787551704474,50000,0,0,313,15000
1787551704574,50000,0,0,313,15000
1787551704674,50000,0,0,313,15000
1787551704774,50000,0,0,313,15000
1787551704874,50000,0,0,313,15000
1787551704974,50000,0,0,313,15000
1787551705074,50000,0,0,313,15000
1787551705174,50000,0,0,313,15000
1787551705274,50000,0,0,313,15000
1787551705374,50000,0,0,313,15000
1787551705474,50000,0,0,313,15000
1787551705575,50000,0,0,313,15000
1787551705674,50000,0,0,313,15000
1787551705774,50000,0,0,313,15000
1787551705874,50000,0,0,313,15000
1787551705974,50000,0,0,313,15000
1787551706074,50000,0,0,313,15000
1787551706174,50000,0,0,313,15000
1787551706274,50000,0,0,313,15000
1787551706374,50000,0,0,313,15000
1787551706474,50000,0,0,313,15000
1787551706574,50000,0,0,313,15000
1787551706674,50000,0,0,313,15000
1787551706774,50000,0,0,313,15000
1787551706874,50000,0,0,313,15000
1787551706974,50000,0,0,313,15000
1787551707074,50000,0,0,313,15000
1787551707174,50000,0,0,313,15000
1787551707274,50000,0,0,313,15000
1787551707374,50000,0,0,313,15000
1787551707474,50000,0,0,313,15000
1787551707574,50000,0,0,313,15000
1787551707674,50000,0,0,313,15000
1787551707774,50000,0,0,313,15000
1787551707874,50000,0,0,313,15000
1787551707974,50000,0,0,313,15000
1787551708074,50000,0,0,313,15000
1787551708174,50000,0,0,313,15000
1787551708275,50000,0,0,313,15000
1787551708374,50000,0,0,313,15000
1787551708474,50000,0,0,313,15000
1787551708574,50000,0,0,313,15000
1787551708674,50000,0,0,313,15000
1787551708775,50000,0,0,313,15000
1787551708874,50000,0,0,313,15000
1787551708974,50000,0,0,313,15000
1787551709074,50000,0,0,313,15000
1787551709174,50000,0,0,313,15000
1787551709274,50000,0,0,313,15000
1787551709374,50000,0,0,313,15000
1787551709475,50000,0,0,313,15000
1787551709575,50000,0,0,313,15000
1787551709674,50000,0,0,313,15000
1787551709774,50000,0,0,313,15000
1787551709874,50000,0,0,313,15000
1787551709975,50000,0,0,313,15000
1787551710074,50000,0,0,313,15000
1787551710174,50000,0,0,313,15000
1787551710274,50000,0,0,313,15000
1787551710374,50000,0,0,313,15000
1787551710474,50000,0,0,313,15000
1787551710574,50000,0,0,313,15000
1787551710674,50000,0,0,313,15000
1787551710774,50000,0,0,313,15000
1787551710874,50000,0,0,313,15000
1787551710974,50000,0,0,313,15000
1787551711074,50000,0,0,313,15000
1787551711174,50000,0,0,313,15000
1787551711274,50000,0,0,313,15000
1787551711374,50000,0,0,313,15000
1787551711474,50000,0,0,313,15000
1787551711574,50000,0,0,313,15000
1787551711674,50000,0,0,313,15000
1787551711774,50000,0,0,313,15000
1787551711874,50000,0,0,313,15000
1787551711974,50000,0,0,313,15000
1787551712074,50000,0,0,313,15000
1787551712174,50000,0,0,313,15000
1787551712274,50000,0,0,313,15000
1787551712374,50000,0,0,313,15000
1787551712475,50000,0,0,313,15000
1787551712574,50000,0,0,313,15000
1787551712674,50000,0,0,313,15000
1787551712774,50000,0,0,313,15000
1787551712874,50000,0,0,313,15000
1787551712975,50000,0,0,313,15000
1787551713074,50000,0,0,313,15000
1787551713174,50000,0,0,313,15000
1787551713275,50000,0,0,313,15000
1787551713374,50000,0,0,313,15000
1787551713475,50000,0,0,313,15000
1787551713574,50000,0,0,313,15000
1787551713674,50000,0,0,313,15000
1787551713774,50000,0,0,313,15000
1787551713874,50000,0,0,313,15000
1787551713974,50000,0,0,313,15000
1787551714074,50000,0,0,313,15000
1787551714175,50000,0,0,313,15000
1787551714274,50000,0,0,313,15000
1787551714374,50000,0,0,313,15000
1787551714474,50000,0,0,313,15000
1787551714574,50000,0,0,313,15000
1787551714674,50000,0,0,313,15000
1787551714774,50000,0,0,313,15000
1787551714874,50000,0,0,313,15000
1787551714974,50000,0,0,313,15000
1787551715074,50000,0,0,313,15000
1787551715174,50000,0,0,313,15000
1787551715275,50000,0,0,313,15000
1787551715374,50000,0,0,313,15000
1787551715474,50000,0,0,313,15000
1787551715574,50000,0,0,313,15000
1787551715674,50000,0,0,313,15000
1787551715774,50000,0,0,313,15000
1787551715874,50000,0,0,313,15000
1787551715975,50000,0,0,313,15000
1787551716074,50000,0,0,313,15000
1787551716175,50000,0,0,313,15000
1787551716274,50000,0,0,313,15000
1787551716375,50000,0,0,313,15000
1787551716474,50000,0,0,313,15000
1787551716574,50000,0,0,313,15000
1787551716674,50000,0,0,313,15000
1787551716774,50000,0,0,313,15000
1787551716874,50000,0,0,313,15000
1787551716974,50000,0,0,313,15000
1787551717074,50000,0,0,313,15000
1787551717175,50000,0,0,313,15000
1787551717275,50000,0,0,313,15000
1787551717375,50000,0,0,313,15000
1787551717474,50000,0,0,313,15000
1787551717575,50000,0,0,313,15000
1787551717674,50000,0,0,313,15000
1787551717774,50000,0,0,313,15000
1787551717874,50000,0,0,313,15000
1787551717975,50000,0,0,313,15000
1787551718074,50000,0,0,313,15000
1787551718174,50000,0,0,313,15000
1787551718274,50000,0,0,313,15000
1787551718374,50000,0,0,313,15000
1787551718475,50000,0,0,313,15000
1787551718574,50000,0,0,313,15000
1787551718674,50000,0,0,313,15000
1787551718774,50000,0,0,313,15000
1787551718874,50000,0,0,313,15000
1787551718974,50000,0,0,313,15000
1787551719075,50000,0,0,313,15000
1787551719175,50000,0,0,313,15000
1787551719274,50000,0,0,313,15000
1787551719374,50000,0,0,313,15000
1787551719475,50000,0,0,313,15000
1787551719574,50000,0,0,313,15000
1787551719674,50000,0,0,313,15000
1787551719774,50000,0,0,313,15000
1787551719874,50000,0,0,313,15000
1787551719974,50000,0,0,313,15000
1787551720074,50000,0,0,313,15000
1787551720174,50000,0,0,313,15000
1787551720274,50000,0,0,313,15000
1787551720374,50000,0,0,313,15000
1787551720474,50000,0,0,313,15000
1787551720574,50000,0,0,313,15000
1787551720675,50000,0,0,313,15000
1787551720774,50000,0,0,313,15000
1787551720875,50000,0,0,313,15000
1787551720974,50000,0,0,313,15000
1787551721074,50000,0,0,313,15000
1787551721175,50000,0,0,313,15000
1787551721275,50000,0,0,313,15000
1787551721375,50000,0,0,313,15000
1787551721474,50000,0,0,313,15000
1787551721574,50000,0,0,313,15000
1787551721674,50000,0,0,313,15000
1787551721775,50000,0,0,313,15000
1787551721874,50000,0,0,313,15000
1787551721974,50000,0,0,313,15000
1787551722074,50000,0,0,313,15000
1787551722174,50000,0,0,313,15000
1787551722274,50000,0,0,313,15000
1787551722374,50000,0,0,313,15000
1787551722474,50000,0,0,313,15000
1787551722574,50000,0,0,313,15000
1787551722674,50000,0,0,313,15000
1787551722774,50000,0,0,313,15000
1787551722874,50000,0,0,313,15000
1787551722974,50000,0,0,313,15000
1787551723074,50000,0,0,313,15000
1787551723175,50000,0,0,313,15000
1787551723274,50000,0,0,313,15000
1787551723374,50000,0,0,313,15000
1787551723474,50000,0,0,313,15000
1787551723574,50000,0,0,313,15000
1787551723674,50000,0,0,313,15000
1787551723774,50000,0,0,313,15000
1787551723874,50000,0,0,313,15000
1787551723974,50000,0,0,313,15000
1787551724075,50000,0,0,313,15000
1787551724174,50000,0,0,313,15000
1787551724274,50000,0,0,313,15000
1787551724374,50000,0,0,313,15000
1787551724474,50000,0,0,313,15000
1787551724574,50000,0,0,313,15000
1787551724675,50000,0,0,313,15000
1787551724774,50000,0,0,313,15000
1787551724874,50000,0,0,313,15000
1787551724974,50000,0,0,313,15000
1787551725074,50000,0,0,313,15000
1787551725174,50000,0,0,313,15000
1787551725274,50000,0,0,313,15000
1787551725374,50000,0,0,313,15000
1787551725474,50000,0,0,313,15000
1787551725574,50000,0,0,313,15000
1787551725674,50000,0,0,313,15000
1787551725775,50000,0,0,313,15000
1787551725874,50000,0,0,313,15000
1787551725974,50000,0,0,313,15000
1787551726074,50000,0,0,313,15000
1787551726174,50000,0,0,313,15000
1787551726275,50000,0,0,313,15000
1787551726374,50000,0,0,313,15000
1787551726474,50000,0,0,313,15000
1787551726574,50000,0,0,313,15000
1787551726674,50000,0,0,313,15000
1787551726775,50000,0,0,313,15000
1787551726875,50000,0,0,313,15000
1787551726975,50000,0,0,313,15000
1787551727074,50000,0,0,313,15000
1787551727174,50000,0,0,313,15000
1787551727274,50000,0,0,313,15000
1787551727374,50000,0,0,313,15000
1787551727474,50000,0,0,313,15000
1787551727574,50000,0,0,313,15000
1787551727674,50000,0,0,313,15000
1787551727774,50000,0,0,313,15000
1787551727874,50000,0,0,313,15000
1787551727974,50000,0,0,313,15000
1787551728075,50000,0,0,313,15000
1787551728174,50000,0,0,313,15000
1787551728274,50000,0,0,313,15000
1787551728375,50000,0,0,313,15000
1787551728474,50000,0,0,313,15000
1787551728574,50000,0,0,313,15000
1787551728675,50000,0,0,313,15000
1787551728774,50000,0,0,313,15000
1787551728874,50000,0,0,313,15000
1787551728974,50000,0,0,313,15000
1787551729074,50000,0,0,313,15000
1787551729174,50000,0,0,313,15000
1787551729274,50000,0,0,313,15000
1787551729374,50000,0,0,313,15000
1787551729474,50000,0,0,313,15000
1787551729574,50000,0,0,313,15000
1787551729674,50000,0,0,313,15000
1787551729775,50000,0,0,313,15000
1787551729874,50000,0,0,313,15000
1787551729974,50000,0,0,313,15000
1787551730074,50000,0,0,313,15000
1787551730174,50000,0,0,313,15000
1787551730274,50000,0,0,313,15000
1787551730374,50000,0,0,313,15000
1787551730474,50000,0,0,313,15000
1787551730574,50000,0,0,313,15000
1787551730674,50000,0,0,313,15000
1787551730775,50000,0,0,313,15000
1787551730875,50000,0,0,313,15000
1787551730974,50000,0,0,313,15000
1787551731074,50000,0,0,313,15000
1787551731175,50000,0,0,313,15000
1787551731274,50000,0,0,313,15000
1787551731375,50000,0,0,313,15000
1787551731474,50000,0,0,313,15000
1787551731574,50000,0,0,313,15000
1787551731674,50000,0,0,313,15000
1787551731774,50000,0,0,313,15000
1787551731875,50000,0,0,313,15000
1787551731974,50000,0,0,313,15000
1787551732075,50000,0,0,313,15000
1787551732175,50000,0,0,313,15000
1787551732274,50000,0,0,313,15000
1787551732374,50000,0,0,313,15000
1787551732475,50000,0,0,313,15000
1787551732574,50000,0,0,313,15000
1787551732674,50000,0,0,313,15000
1787551732775,50000,0,0,313,15000
1787551732875,50000,0,0,313,15000
1787551732974,50000,0,0,313,15000
1787551733074,50000,0,0,313,15000
1787551733174,50000,0,0,313,15000
1787551733275,50000,0,0,313,15000
1787551733374,50000,0,0,313,15000
1787551733474,50000,0,0,313,15000
1787551733575,50000,0,0,313,15000
1787551733674,50000,0,0,313,15000
1787551733774,50000,0,0,313,15000
1787551733874,50000,0,0,313,15000
1787551733974,50000,0,0,313,15000
1787551734074,50000,0,0,313,15000
1787551734174,50000,0,0,313,15000
1787551734274,50000,0,0,313,15000
1787551734374,50000,0,0,313,15000
1787551734475,50000,0,0,313,15000
1787551734575,50000,0,0,313,15000
1787551734674,50000,0,0,313,15000
1787551734774,50000,0,0,313,15000
1787551734875,50000,0,0,313,15000
1787551734974,50000,0,0,313,15000
1787551735075,50000,0,0,313,15000
1787551735175,50000,0,0,313,15000
1787551735274,50000,0,0,313,15000
1787551735374,50000,0,0,313,15000
1787551735474,50000,0,0,313,15000
1787551735574,50000,0,0,313,15000
1787551735674,50000,0,0,313,15000
1787551735774,50000,0,0,313,15000
1787551735875,50000,0,0,313,15000
1787551735974,50000,0,0,313,15000
1787551736074,50000,0,0,313,15000
1787551736175,50000,0,0,313,15000
1787551736274,50000,0,0,313,15000
1787551736374,50000,0,0,313,15000
1787551736474,50000,0,0,313,15000
1787551736574,50000,0,0,313,15000
1787551736674,50000,0,0,313,15000
1787551736774,50000,0,0,313,15000
1787551736874,50000,0,0,313,15000
1787551736974,50000,0,0,313,15000
1787551737075,50000,0,0,313,15000
1787551737174,50000,0,0,313,15000
1787551737274,50000,0,0,313,15000
1787551737374,50000,0,0,313,15000
1787551737474,50000,0,0,313,15000
1787551737575,50000,0,0,313,15000
1787551737674,50000,0,0,313,15000
1787551737775,50000,0,0,313,15000
1787551737874,50000,0,0,313,15000
1787551737974,50000,0,0,313,15000
1787551738075,50000,0,0,313,15000
1787551738175,50000,0,0,313,15000
1787551738274,50000,0,0,313,15000
1787551738374,50000,0,0,313,15000
1787551738474,50000,0,0,313,15000
1787551738574,50000,0,0,313,15000
1787551738674,50000,0,0,313,15000
1787551738774,50000,0,0,313,15000
1787551738875,50000,0,0,313,15000
1787551738974,50000,0,0,313,15000
1787551739074,50000,0,0,313,15000
1787551739174,50000,0,0,313,15000
1787551739274,50000,0,0,313,15000
1787551739374,50000,0,0,313,15000
1787551739474,50000,0,0,313,15000
1787551739574,50000,0,0,313,15000
1787551739674,50000,0,0,313,15000
1787551739774,50000,0,0,313,15000
1787551739874,50000,0,0,313,15000
1787551739975,50000,0,0,313,15000
1787551740074,50000,0,0,313,15000
1787551740174,50000,0,0,313,15000
1787551740274,50000,0,0,313,15000
1787551740375,50000,0,0,313,15000
1787551740474,50000,0,0,313,15000
1787551740574,50000,0,0,313,15000
1787551740674,50000,0,0,313,15000
1787551740774,50000,0,0,313,15000
1787551740874,50000,0,0,313,15000
1787551740974,50000,0,0,313,15000
1787551741074,50000,0,0,313,15000
1787551741174,50000,0,0,313,15000
1787551741275,50000,0,0,313,15000
1787551741374,50000,0,0,313,15000
1787551741474,50000,0,0,313,15000
1787551741574,50000,0,0,313,15000
1787551741675,50000,0,0,313,15000
1787551741774,50000,0,0,313,15000
1787551741874,50000,0,0,313,15000
1787551741974,50000,0,0,313,15000
1787551742074,50000,0,0,313,15000
1787551742175,50000,0,0,313,15000
1787551742274,50000,0,0,313,15000
1787551742375,50000,0,0,313,15000
1787551742474,50000,0,0,313,15000
1787551742574,50000,0,0,313,15000
1787551742674,50000,0,0,313,15000
1787551742774,50000,0,0,313,15000
1787551742875,50000,0,0,313,15000
1787551742974,50000,0,0,313,15000
1787551743074,50000,0,0,313,15000
1787551743174,50000,0,0,313,15000
1787551743275,50000,0,0,313,15000
1787551743374,50000,0,0,313,15000
1787551743475,50000,0,0,313,15000
1787551743574,50000,0,0,313,15000
1787551743675,50000,0,0,313,15000
1787551743775,50000,0,0,313,15000
1787551743875,50000,0,0,313,15000
1787551743974,50000,0,0,313,15000
1787551744074,50000,0,0,313,15000
1787551744175,50000,0,0,313,15000
1787551744275,50000,0,0,313,15000
1787551744374,50000,0,0,313,15000
1787551744475,50000,0,0,313,15000
1787551744574,50000,0,0,313,15000
1787551744675,50000,0,0,313,15000
1787551744774,50000,0,0,313,15000
1787551744875,50000,0,0,313,15000
1787551744974,50000,0,0,313,15000
1787551745074,50000,0,0,313,15000
1787551745174,50000,0,0,313,15000
1787551745274,50000,0,0,313,15000
1787551745374,50000,0,0,313,15000
1787551745474,50000,0,0,313,15000
1787551745575,50000,0,0,313,15000
1787551745674,50000,0,0,313,15000
1787551745774,50000,0,0,313,15000
1787551745874,50000,0,0,313,15000
1787551745974,50000,0,0,313,15000
1787551746074,50000,0,0,313,15000
1787551746174,50000,0,0,313,15000
1787551746274,50000,0,0,313,15000
1787551746374,50000,0,0,313,15000
1787551746474,50000,0,0,313,15000
1787551746574,50000,0,0,313,15000
1787551746674,50000,0,0,313,15000
1787551746774,50000,0,0,313,15000
1787551746874,50000,0,0,313,15000
1787551746975,50000,0,0,313,15000
1787551747074,50000,0,0,313,15000
1787551747174,50000,0,0,313,15000
1787551747274,50000,0,0,313,15000
1787551747375,50000,0,0,313,15000
1787551747474,50000,0,0,313,15000
1787551747574,50000,0,0,313,15000
1787551747674,50000,0,0,313,15000
1787551747774,50000,0,0,313,15000
1787551747874,50000,0,0,313,15000
1787551747974,50000,0,0,313,15000
1787551748074,50000,0,0,313,15000
1787551748174,50000,0,0,313,15000
1787551748274,50000,0,0,313,15000
1787551748375,50000,0,0,313,15000
1787551748474,50000,0,0,313,15000
1787551748574,50000,0,0,313,15000
1787551748674,50000,0,0,313,15000
1787551748774,50000,0,0,313,15000
1787551748874,50000,0,0,313,15000
1787551748975,50000,0,0,313,15000
1787551749074,50000,0,0,313,15000
1787551749174,50000,0,0,313,15000
1787551749275,50000,0,0,313,15000
1787551749374,50000,0,0,313,15000
1787551749474,50000,0,0,313,15000
1787551749574,50000,0,0,313,15000
1787551749674,50000,0,0,313,15000
1787551749774,50000,0,0,313,15000
1787551749874,50000,0,0,313,15000
1787551749975,50000,0,0,313,15000
1787551750074,50000,0,0,313,15000
1787551750174,50000,0,0,313,15000
1787551750275,50000,0,0,313,15000
1787551750374,50000,0,0,313,15000
1787551750474,50000,0,0,313,15000
1787551750574,50000,0,0,313,15000
1787551750674,50000,0,0,313,15000
1787551750774,50000,0,0,313,15000
1787551750874,50000,0,0,313,15000
1787551750975,50000,0,0,313,15000
1787551751075,50000,0,0,313,15000
1787551751175,50000,0,0,313,15000
1787551751274,50000,0,0,313,15000
1787551751374,50000,0,0,313,15000
1787551751474,50000,0,0,313,15000
1787551751574,50000,0,0,313,15000
1787551751674,50000,0,0,313,15000
1787551751774,50000,0,0,313,15000
1787551751874,50000,0,0,313,15000
1787551751974,50000,0,0,313,15000
1787551752074,50000,0,0,313,15000
1787551752174,50000,0,0,313,15000
1787551752275,50000,0,0,313,15000
1787551752374,50000,0,0,313,15000
1787551752474,50000,0,0,313,15000
1787551752574,50000,0,0,313,15000
1787551752675,50000,0,0,313,15000
1787551752774,50000,0,0,313,15000
1787551752874,50000,0,0,313,15000
1787551752974,50000,0,0,313,15000
1787551753074,50000,0,0,313,15000
1787551753174,50000,0,0,313,15000
1787551753274,50000,0,0,313,15000
1787551753374,50000,0,0,313,15000
1787551753474,50000,0,0,313,15000
1787551753575,50000,0,0,313,15000
1787551753674,50000,0,0,313,15000
1787551753775,50000,0,0,313,15000
1787551753874,50000,0,0,313,15000
1787551753974,50000,0,0,313,15000
1787551754074,50000,0,0,313,15000
1787551754175,50000,0,0,313,15000
1787551754274,50000,0,0,313,15000
1787551754374,50000,0,0,313,15000
1787551754474,50000,0,0,313,15000
1787551754574,50000,0,0,313,15000
1787551754675,50000,0,0,313,15000
1787551754775,50000,0,0,313,15000
1787551754874,50000,0,0,313,15000
1787551754974,50000,0,0,313,15000
1787551755074,50000,0,0,313,15000
1787551755175,50000,0,0,313,15000
1787551755274,50000,0,0,313,15000
1787551755375,50000,0,0,313,15000
1787551755474,50000,0,0,313,15000
1787551755575,50000,0,0,313,15000
1787551755674,50000,0,0,313,15000
1787551755774,50000,0,0,313,15000
1787551755874,50000,0,0,313,15000
1787551755975,50000,0,0,313,15000
1787551756075,50000,0,0,313,15000
1787551756174,50000,0,0,313,15000
1787551756275,50000,0,0,313,15000
1787551756374,50000,0,0,313,15000
1787551756474,50000,0,0,313,15000
1787551756574,50000,0,0,313,15000
1787551756674,50000,0,0,313,15000
1787551756774,50000,0,0,313,15000
1787551756875,50000,0,0,313,15000
1787551756974,50000,0,0,313,15000
1787551757074,50000,0,0,313,15000
1787551757174,50000,0,0,313,15000
1787551757275,50000,0,0,313,15000
1787551757374,50000,0,0,313,15000
1787551757474,50000,0,0,313,15000
1787551757575,50000,0,0,313,15000
1787551757674,50000,0,0,313,15000
1787551757774,50000,0,0,313,15000
1787551757874,50000,0,0,313,15000
1787551757975,50000,0,0,313,15000
1787551758074,50000,0,0,313,15000
1787551758174,50000,0,0,313,15000
1787551758274,50000,0,0,313,15000
1787551758375,50000,0,0,313,15000
1787551758474,50000,0,0,313,15000
1787551758574,50000,0,0,313,15000
1787551758674,50000,0,0,313,15000
1787551758774,50000,0,0,313,15000
1787551758875,50000,0,0,313,15000
1787551758974,50000,0,0,313,15000
1787551759075,50000,0,0,313,15000
1787551759174,50000,0,0,313,15000
1787551759275,50000,0,0,313,15000
1787551759374,50000,0,0,313,15000
1787551759474,50000,0,0,313,15000
1787551759574,50000,0,0,313,15000
1787551759674,50000,0,0,313,15000
1787551759775,50000,0,0,313,15000
1787551759874,50000,0,0,313,15000
1787551759975,50000,0,0,313,15000
1787551760074,50000,0,0,313,15000
1787551760174,50000,0,0,313,15000
1787551760274,50000,0,0,313,15000
1787551760374,50000,0,0,313,15000
1787551760475,50000,0,0,313,15000
1787551760574,50000,0,0,313,15000
1787551760674,50000,0,0,313,15000
1787551760775,50000,0,0,313,15000
1787551760874,50000,0,0,313,15000
1787551760974,50000,0,0,313,15000
1787551761074,50000,0,0,313,15000
1787551761174,50000,0,0,313,15000
1787551761275,50000,0,0,313,15000
1787551761374,50000,0,0,313,15000
1787551761475,50000,0,0,313,15000
1787551761574,50000,0,0,313,15000
1787551761674,50000,0,0,313,15000
1787551761774,50000,0,0,313,15000
1787551761874,50000,0,0,313,15000
1787551761974,50000,0,0,313,15000
1787551762075,50000,0,0,313,15000
1787551762174,50000,0,0,313,15000
1787551762274,50000,0,0,313,15000
1787551762374,50000,0,0,313,15000
1787551762474,50000,0,0,313,15000
1787551762574,50000,0,0,313,15000
1787551762674,50000,0,0,313,15000
1787551762774,50000,0,0,313,15000
1787551762875,50000,0,0,313,15000
1787551762975,50000,0,0,313,15000
1787551763074,50000,0,0,313,15000
1787551763174,50000,0,0,313,15000
1787551763275,50000,0,0,313,15000
1787551763374,50000,0,0,313,15000
1787551763475,50000,0,0,313,15000
1787551763574,50000,0,0,313,15000
1787551763674,50000,0,0,313,15000
1787551763775,50000,0,0,313,15000
1787551763875,50000,0,0,313,15000
1787551763974,50000,0,0,313,15000
1787551764075,50000,0,0,313,15000
1787551764174,50000,0,0,313,15000
1787551764274,50000,0,0,313,15000
1787551764374,50000,0,0,313,15000
1787551764474,50000,0,0,313,15000
1787551764574,50000,0,0,313,15000
1787551764674,50000,0,0,313,15000
1787551764774,50000,0,0,313,15000
1787551764874,50000,0,0,313,15000
1787551764974,50000,0,0,313,15000
1787551765075,50000,0,0,313,15000
1787551765174,50000,0,0,313,15000
1787551765274,50000,0,0,313,15000
1787551765374,50000,0,0,313,15000
1787551765474,50000,0,0,313,15000
1787551765574,50000,0,0,313,15000
1787551765675,50000,0,0,313,15000
1787551765774,50000,0,0,313,15000
1787551765874,50000,0,0,313,15000
1787551765974,50000,0,0,313,15000
1787551766074,50000,0,0,313,15000
1787551766175,50000,0,0,313,15000
1787551766274,50000,0,0,313,15000
1787551766374,50000,0,0,313,15000
1787551766474,50000,0,0,313,15000
1787551766574,50000,0,0,313,15000
1787551766674,50000,0,0,313,15000
1787551766775,50000,0,0,313,15000
1787551766874,50000,0,0,313,15000
1787551766974,50000,0,0,313,15000
1787551767074,50000,0,0,313,15000
1787551767174,50000,0,0,313,15000
1787551767274,50000,0,0,313,15000
1787551767374,50000,0,0,313,15000
1787551767474,50000,0,0,313,15000
1787551767574,50000,0,0,313,15000
1787551767674,50000,0,0,313,15000
1787551767774,50000,0,0,313,15000
1787551767874,50000,0,0,313,15000
1787551767974,50000,0,0,313,15000
1787551768074,50000,0,0,313,15000
1787551768174,50000,0,0,313,15000
1787551768275,50000,0,0,313,15000
1787551768375,50000,0,0,313,15000
1787551768474,50000,0,0,313,15000
1787551768574,50000,0,0,313,15000
1787551768674,50000,0,0,313,15000
1787551768775,50000,0,0,313,15000
1787551768874,50000,0,0,313,15000
1787551768975,50000,0,0,313,15000
1787551769074,50000,0,0,313,15000
1787551769175,50000,0,0,313,15000
1787551769274,50000,0,0,313,15000
1787551769375,50000,0,0,313,15000
1787551769475,50000,0,0,313,15000
1787551769574,50000,0,0,313,15000
1787551769674,50000,0,0,313,15000
1787551769775,50000,0,0,313,15000
1787551769874,50000,0,0,313,15000
1787551769975,50000,0,0,313,15000
1787551770074,50000,0,0,313,15000
1787551770175,50000,0,0,313,15000
1787551770274,50000,0,0,313,15000
1787551770374,50000,0,0,313,15000
1787551770474,50000,0,0,313,15000
1787551770574,50000,0,0,313,15000
1787551770674,50000,0,0,313,15000
1787551770775,50000,0,0,313,15000
1787551770874,50000,0,0,313,15000
1787551770974,50000,0,0,313,15000
1787551771074,50000,0,0,313,15000
1787551771174,50000,0,0,313,15000
1787551771274,50000,0,0,313,15000
1787551771375,50000,0,0,313,15000
1787551771474,50000,0,0,313,15000
1787551771574,50000,0,0,313,15000
1787551771674,50000,0,0,313,15000
1787551771775,50000,0,0,313,15000
1787551771874,50000,0,0,313,15000
1787551771974,50000,0,0,313,15000
1787551772074,50000,0,0,313,15000
1787551772174,50000,0,0,313,15000
1787551772275,50000,0,0,313,15000
1787551772374,50000,0,0,313,15000
1787551772474,50000,0,0,313,15000
1787551772574,50000,0,0,313,15000
1787551772674,50000,0,0,313,15000
1787551772775,50000,0,0,313,15000
1787551772874,50000,0,0,313,15000
1787551772974,50000,0,0,313,15000
1787551773074,50000,0,0,313,15000
1787551773175,50000,0,0,313,15000
1787551773275,50000,0,0,313,15000
1787551773374,50000,0,0,313,15000
1787551773474,50000,0,0,313,15000
1787551773574,50000,0,0,313,15000
1787551773674,50000,0,0,313,15000
1787551773774,50000,0,0,313,15000
1787551773874,50000,0,0,313,15000
1787551773974,50000,0,0,313,15000
1787551774074,50000,0,0,313,15000
1787551774174,50000,0,0,313,15000
1787551774274,50000,0,0,313,15000
1787551774374,50000,0,0,313,15000
1787551774474,50000,0,0,313,15000
1787551774574,50000,0,0,313,15000
1787551774675,50000,0,0,313,15000
1787551774774,50000,0,0,313,15000
1787551774874,50000,0,0,313,15000
1787551774974,50000,0,0,313,15000
1787551775074,50000,0,0,313,15000
1787551775175,50000,0,0,313,15000
1787551775275,50000,0,0,313,15000
1787551775374,50000,0,0,313,15000
1787551775474,50000,0,0,313,15000
1787551775574,50000,0,0,313,15000
1787551775674,50000,0,0,313,15000
1787551775774,50000,0,0,313,15000
1787551775874,50000,0,0,313,15000
1787551775975,50000,0,0,313,15000
1787551776074,50000,0,0,313,15000
1787551776174,50000,0,0,313,15000
1787551776275,50000,0,0,313,15000
1787551776374,50000,0,0,313,15000
1787551776474,50000,0,0,313,15000
1787551776575,50000,0,0,313,15000
1787551776675,50000,0,0,313,15000
1787551776775,50000,0,0,313,15000
1787551776874,50000,0,0,313,15000
1787551776975,50000,0,0,313,15000
1787551777074,50000,0,0,313,15000
1787551777174,50000,0,0,313,15000
1787551777274,50000,0,0,313,15000
1787551777374,50000,0,0,313,15000
1787551777475,50000,0,0,313,15000
1787551777574,50000,0,0,313,15000
1787551777674,50000,0,0,313,15000
1787551777774,50000,0,0,313,15000
1787551777874,50000,0,0,313,15000
1787551777974,50000,0,0,313,15000
1787551778074,50000,0,0,313,15000
1787551778174,50000,0,0,313,15000
1787551778275,50000,0,0,313,15000
1787551778374,50000,0,0,313,15000
1787551778475,50000,0,0,313,15000
1787551778575,50000,0,0,313,15000
1787551778674,50000,0,0,313,15000
1787551778774,50000,0,0,313,15000
1787551778874,50000,0,0,313,15000
1787551778974,50000,0,0,313,15000
1787551779074,50000,0,0,313,15000
1787551779174,50000,0,0,313,15000
1787551779275,50000,0,0,313,15000
1787551779374,50000,0,0,313,15000
1787551779474,50000,0,0,313,15000
1787551779575,50000,0,0,313,15000
1787551779674,50000,0,0,313,15000
1787551779774,50000,0,0,313,15000
1787551779874,50000,0,0,313,15000
1787551779974,50000,0,0,313,15000
1787551780075,50000,0,0,313,15000
1787551780174,50000,0,0,313,15000
1787551780274,50000,0,0,313,15000
1787551780374,50000,0,0,313,15000
1787551780474,50000,0,0,313,15000
1787551780574,49950,1578,0,313,15000
1787551780674,49950,1578,0,313,15000
1787551780774,49950,1578,0,313,15000
1787551780875,49950,1578,0,313,15000
1787551780974,49950,1578,0,313,15000
1787551781074,49950,1578,0,313,15000
1787551781174,49950,1578,0,313,15000
1787551781275,49950,1578,0,313,15000
1787551781374,49950,1578,1500,313,15000
1787551781475,49950,1578,1500,313,15000
1787551781574,49950,1578,1500,313,15000
1787551781674,49950,1578,1500,313,15000
1787551781774,49950,1578,1500,313,15000
1787551781874,49950,1578,1500,313,15000
1787551781974,49950,1578,1500,313,15000
1787551782075,49950,1578,1500,313,15000
1787551782174,49950,1578,1500,313,15000
1787551782275,49950,1578,1500,313,15000
1787551782374,49950,1578,1500,313,15000
1787551782474,49950,1578,1500,313,15000
1787551782574,49950,1578,1500,313,15000
1787551782675,49950,1578,1500,313,15000
1787551782774,49950,1578,1500,313,15000
1787551782874,49950,1578,1500,313,15000
1787551782974,49950,1578,1500,313,15000
1787551783074,49950,1578,1500,313,15000
1787551783174,49950,1578,1500,313,15000
1787551783275,49950,1578,1600,313,15000
1787551783375,49950,1578,1600,313,15000
1787551783474,49950,1578,1600,313,15000
1787551783574,49950,1578,1600,313,15000
1787551783674,49950,1578,1600,313,15000
1787551783774,49950,1578,1600,313,15000
1787551783874,49950,1578,1600,313,15000
1787551783974,49950,1578,1600,313,15000
1787551784075,49950,1578,1600,313,15000
1787551784174,49950,1578,1600,313,15000
1787551784274,49950,1578,1600,313,15000
1787551784374,49950,1578,1500,313,15000
1787551784474,49950,1578,1500,313,15000
1787551784574,49950,1578,1500,313,15000
1787551784675,49950,1578,1500,313,15000
1787551784774,49950,1578,1500,313,15000
1787551784874,49950,1578,1500,313,15000
1787551784974,49950,1578,1500,313,15000
1787551785074,49950,1578,1500,313,15000
1787551785174,49950,1578,1500,313,15000
1787551785275,49950,1578,1500,313,15000
1787551785374,49950,1578,1500,313,15000
1787551785474,49950,1578,1500,313,15000
1787551785574,49950,1578,1500,313,15000
1787551785674,49950,1578,1500,313,15000
1787551785774,49950,1578,1500,313,15000
1787551785874,49950,1578,1500,313,15000
1787551785974,49950,1578,1500,313,15000
1787551786074,49950,1578,1500,313,15000
1787551786174,49950,1578,1500,313,15000
1787551786275,49950,1578,1500,313,15000
1787551786374,49950,1578,1500,313,15000
1787551786474,49950,1578,1500,313,15000
1787551786574,49950,1578,1500,313,15000
1787551786674,49950,1578,1500,313,15000
1787551786775,49950,1578,1500,313,15000
1787551786874,49950,1578,1500,313,15000
1787551786974,49950,1578,1500,313,15000
1787551787074,49950,1578,1500,313,15000
1787551787174,49950,1578,1500,313,15000
1787551787274,49950,1578,1500,313,15000
1787551787374,49950,1578,1500,313,15000
1787551787474,49950,1578,1500,313,15000
1787551787574,49950,1578,1500,313,15000
1787551787674,49950,1578,1500,313,15000
1787551787775,49950,1578,1500,313,15000
1787551787875,49950,1578,1500,313,15000
1787551787974,49950,1578,1500,313,15000
1787551788074,49950,1578,1500,313,15000
1787551788174,49950,1578,1500,313,15000
1787551788274,49950,1578,1500,313,15000
1787551788374,49950,1578,1500,313,15000
1787551788474,49950,1578,1500,313,15000
1787551788574,49950,1578,1500,313,15000
1787551788674,49950,1578,1500,313,15000
1787551788775,49950,1578,1500,313,15000
1787551788875,49950,1578,1500,313,15000
1787551788974,49950,1578,1500,313,15000
1787551789074,49950,1578,1500,313,15000
1787551789174,49950,1578,1500,313,15000
1787551789275,49950,1578,1500,313,15000
1787551789374,49950,1578,1500,313,15000
1787551789475,49950,1578,1500,313,15000
1787551789574,49950,1578,1500,313,15000
1787551789675,49950,1578,1500,313,15000
1787551789775,49950,1578,1500,313,15000
1787551789874,49950,1578,1500,313,15000
1787551789974,49950,1578,1500,313,15000
1787551790075,49950,1578,1500,313,15000
1787551790174,49950,1578,1500,313,15000
1787551790274,49950,1578,1500,313,15000
1787551790374,49950,1578,1500,313,15000
1787551790474,49950,1578,1500,313,15000
1787551790574,49950,1578,1500,313,15000
1787551790675,49950,1578,1500,313,15000
1787551790774,49950,1578,1500,313,15000
1787551790874,49950,1578,1500,313,15000
1787551790974,49950,1578,1500,313,15000
1787551791074,49950,1578,1500,313,15000
1787551791174,49950,1578,1500,313,15000
1787551791275,49950,1578,1500,313,15000
1787551791375,49950,1578,1500,313,15000
1787551791474,49950,1578,1500,313,15000
1787551791574,49950,1578,1500,313,15000
1787551791674,49950,1578,1600,313,15000
1787551791774,49950,1578,1600,313,15000
1787551791874,49950,1578,1600,313,15000
1787551791974,49950,1578,1600,313,15000
1787551792074,49950,1578,1600,313,15000
1787551792174,49950,1578,1600,313,15000
1787551792274,49950,1578,1500,313,15000
1787551792374,49950,1578,1500,313,15000
1787551792474,49950,1578,1500,313,15000
1787551792575,49950,1578,1500,313,15000
1787551792674,49950,1578,1500,313,15000
1787551792774,49950,1578,1500,313,15000
1787551792874,49950,1578,1500,313,15000
1787551792974,49950,1578,1500,313,15000
1787551793075,49950,1578,1500,313,15000
1787551793174,49950,1578,1500,313,15000
1787551793274,49950,1578,1500,313,15000
1787551793374,49950,1578,1500,313,15000
1787551793475,49950,1578,1500,313,15000
1787551793574,49950,1578,1500,313,15000
1787551793674,49950,1578,1500,313,15000
1787551793775,49950,1578,1500,313,15000
1787551793875,49950,1578,1500,313,15000
1787551793974,49950,1578,1500,313,15000
1787551794074,49950,1578,1500,313,15000
1787551794175,49950,1578,1500,313,15000
1787551794275,49950,1578,1500,313,15000
1787551794375,49950,1578,1500,313,15000
1787551794474,49950,1578,1500,313,15000
1787551794575,49950,1578,1500,313,15000
1787551794675,49950,1578,1500,313,15000
1787551794774,49950,1578,1500,313,15000
1787551794874,49950,1578,1500,313,15000
1787551794974,49950,1578,1500,313,15000
1787551795074,49950,1578,1500,313,15000
1787551795174,49950,1578,1500,313,15000
1787551795274,49950,1578,1500,313,15000
1787551795375,49950,1578,1500,313,15000
1787551795474,49950,1578,1500,313,15000
1787551795574,49950,1578,1500,313,15000
1787551795674,49950,1578,1500,313,15000
1787551795774,49950,1578,1500,313,15000
1787551795874,49950,1578,1500,313,15000
1787551795974,49950,1578,1500,313,15000
1787551796074,49950,1578,1500,313,15000
1787551796174,49950,1578,1500,313,15000
1787551796274,49950,1578,1500,313,15000
1787551796374,49950,1578,1500,313,15000
1787551796474,49950,1578,1500,313,15000
1787551796574,49950,1578,1500,313,15000
1787551796675,49950,1578,1500,313,15000
1787551796774,49950,1578,1500,313,15000
1787551796874,49950,1578,1500,313,15000
1787551796975,49950,1578,1500,313,15000
1787551797074,49950,1578,1500,313,15000
1787551797174,49950,1578,1500,313,15000
1787551797274,49950,1578,1500,313,15000
1787551797374,49950,1578,1500,313,15000
1787551797474,49950,1578,1500,313,15000
1787551797574,49950,1578,1500,313,15000
1787551797674,49950,1578,1500,313,15000
1787551797774,49950,1578,1500,313,15000
1787551797875,49950,1578,1500,313,15000
1787551797974,49950,1578,1500,313,15000
1787551798074,49950,1578,1500,313,15000
1787551798174,49950,1578,1500,313,15000
1787551798274,49950,1578,1500,313,15000
1787551798374,49950,1578,1500,313,15000
1787551798475,49950,1578,1500,313,15000
1787551798574,49950,1578,1500,313,15000
1787551798675,49950,1578,1500,313,15000
1787551798774,49950,1578,1500,313,15000
1787551798875,49950,1578,1500,313,15000
1787551798974,49950,1578,1500,313,15000
1787551799074,49950,1578,1500,313,15000
1787551799174,49950,1578,1500,313,15000
1787551799274,49950,1578,1500,313,15000
1787551799374,49950,1578,1500,313,15000
1787551799474,49950,1578,1500,313,15000
1787551799574,49950,1578,1500,313,15000
1787551799674,49950,1578,1500,313,15000
1787551799775,49950,1578,1500,313,15000
1787551799874,49950,1578,1500,313,15000
1787551799974,49950,1578,1500,313,15000
1787551800075,49950,1578,1500,313,15000
1787551800174,49950,1578,1500,313,15000
1787551800275,49950,1578,1500,313,15000
1787551800375,49950,1578,1500,313,15000
1787551800474,49950,1578,1500,313,15000
1787551800574,49950,1578,1500,313,15000
1787551800675,49950,1578,1500,313,15000
1787551800774,49950,1578,1500,313,15000
1787551800874,49950,1578,1500,313,15000
1787551800974,49950,1578,1500,313,15000
1787551801074,49950,1578,1500,313,15000
1787551801175,49950,1578,1500,313,15000
1787551801274,49950,1578,1500,313,15000
1787551801374,49950,1578,1500,313,15000
1787551801474,49950,1578,1500,313,15000
1787551801574,49950,1578,1500,313,15000
1787551801674,49950,1578,1500,313,15000
1787551801774,49950,1578,1500,313,15000
1787551801875,49950,1578,1600,313,15000
1787551801974,49950,1578,1600,313,15000
1787551802074,49950,1578,1600,313,15000
1787551802174,49950,1578,1600,313,15000
1787551802274,49950,1578,1600,313,15000
1787551802374,49950,1578,1600,313,15000
1787551802474,49950,1578,1600,313,15000
1787551802574,49950,1578,1500,313,15000
1787551802674,49950,1578,1500,313,15000
1787551802775,49950,1578,1500,313,15000
1787551802874,49950,1578,1500,313,15000
1787551802974,49950,1578,1500,313,15000
1787551803074,49950,1578,1500,313,15000
1787551803174,49950,1578,1500,313,15000
1787551803274,49950,1578,1500,313,15000
1787551803374,49950,1578,1500,313,15000
1787551803474,49950,1578,1500,313,15000
1787551803574,49950,1578,1500,313,15000
1787551803674,49950,1578,1500,313,15000
1787551803774,49950,1578,1500,313,15000
1787551803874,49950,1578,1500,313,15000
1787551803974,49950,1578,1500,313,15000
1787551804074,49950,1578,1500,313,15000
1787551804174,49950,1578,1500,313,15000
1787551804275,49950,1578,1500,313,15000
1787551804374,49950,1578,1500,313,15000
1787551804474,49950,1578,1500,313,15000
1787551804574,49950,1578,1500,313,15000
1787551804674,49950,1578,1500,313,15000
1787551804774,49950,1578,1500,313,15000
1787551804874,49950,1578,1500,313,15000
1787551804975,49950,1578,1500,313,15000
1787551805074,49950,1578,1500,313,15000
1787551805174,49950,1578,1500,313,15000
1787551805274,49950,1578,1500,313,15000
1787551805375,49950,1578,1500,313,15000
1787551805474,49950,1578,1500,313,15000
1787551805574,49950,1578,1500,313,15000
1787551805674,49950,1578,1500,313,15000
1787551805774,49950,1578,1500,313,15000
1787551805875,49950,1578,1500,313,15000
1787551805974,49950,1578,1500,313,15000
1787551806074,49950,1578,1500,313,15000
1787551806174,49950,1578,1500,313,15000
1787551806274,49950,1578,1500,313,15000
1787551806374,49950,1578,1500,313,15000
1787551806474,49950,1578,1500,313,15000
1787551806574,49950,1578,1500,313,15000
1787551806675,49950,1578,1500,313,15000
1787551806774,49950,1578,1500,313,15000
1787551806874,49950,1578,1500,313,15000
1787551806975,49950,1578,1500,313,15000
1787551807075,49950,1578,1500,313,15000
1787551807174,49950,1578,1500,313,15000
1787551807274,49950,1578,1500,313,15000
1787551807375,49950,1578,1500,313,15000
1787551807474,49950,1578,1500,313,15000
1787551807574,49950,1578,1500,313,15000
1787551807675,49950,1578,1500,313,15000
1787551807775,49950,1578,1500,313,15000
1787551807874,49950,1578,1500,313,15000
1787551807974,49950,1578,1500,313,15000
1787551808074,49950,1578,1500,313,15000
1787551808174,49950,1578,1500,313,15000
1787551808275,49950,1578,1500,313,15000
1787551808374,49950,1578,1500,313,15000
1787551808475,49950,1578,1500,313,15000
1787551808574,49950,1578,1500,313,15000
1787551808674,49950,1578,1500,313,15000
1787551808774,49950,1578,1500,313,15000
1787551808874,49950,1578,1500,313,15000
1787551808974,49950,1578,1500,313,15000
1787551809074,49950,1578,1500,313,15000
1787551809174,49950,1578,1500,313,15000
1787551809274,49950,1578,1500,313,15000
1787551809375,49950,1578,1500,313,15000
1787551809474,49950,1578,1500,313,15000
1787551809574,49950,1578,1500,313,15000
1787551809674,49950,1578,1500,313,15000
1787551809774,49950,1578,1500,313,15000
1787551809874,49950,1578,1500,313,15000
1787551809974,49950,1578,1500,313,15000
1787551810074,49950,1578,1500,313,15000
1787551810175,49950,1578,1500,313,15000
1787551810275,49950,1578,1500,313,15000
1787551810374,49950,1578,1500,313,15000
1787551810475,49950,1578,1500,313,15000
1787551810574,49950,1578,1500,313,15000
1787551810674,49950,1578,1500,313,15000
1787551810775,49950,1578,1500,313,15000
1787551810874,49950,1578,1500,313,15000
1787551810974,49950,1578,1500,313,15000
1787551811074,49950,1578,1500,313,15000
1787551811175,49950,1578,1500,313,15000
1787551811275,49950,1578,1500,313,15000
1787551811374,49950,1578,1500,313,15000
1787551811474,49950,1578,1500,313,15000
1787551811574,49950,1578,1500,313,15000
1787551811674,49950,1578,1500,313,15000
1787551811775,49950,1578,1500,313,15000
1787551811875,49950,1578,1500,313,15000
1787551811974,49950,1578,1500,313,15000
1787551812074,49950,1578,1500,313,15000
1787551812174,49950,1578,1500,313,15000
1787551812275,49950,1578,1500,313,15000
1787551812374,49950,1578,1500,313,15000
1787551812474,49950,1578,1500,313,15000
1787551812574,49950,1578,1500,313,15000
1787551812674,49950,1578,1500,313,15000
1787551812774,49950,1578,1500,313,15000
1787551812874,49950,1578,1500,313,15000
1787551812974,49950,1578,1500,313,15000
1787551813074,49950,1578,1500,313,15000
1787551813174,49950,1578,1500,313,15000
1787551813275,49950,1578,1500,313,15000
1787551813374,49950,1578,1500,313,15000
1787551813475,49950,1578,1500,313,15000
1787551813574,49950,1578,1500,313,15000
1787551813674,49950,1578,1500,313,15000
1787551813774,49950,1578,1500,313,15000
1787551813875,49950,1578,1500,313,15000
1787551813974,49950,1578,1500,313,15000
1787551814074,49950,1578,1500,313,15000
1787551814174,49950,1578,1500,313,15000
1787551814274,49950,1578,1500,313,15000
1787551814374,49950,1578,1500,313,15000
1787551814474,49950,1578,1500,313,15000
1787551814574,49950,1578,1500,313,15000
1787551814675,49950,1578,1500,313,15000
1787551814774,49950,1578,1500,313,15000
1787551814875,49950,1578,1500,313,15000
1787551814974,49950,1578,1500,313,15000
1787551815075,49950,1578,1500,313,15000
1787551815175,49950,1578,1500,313,15000
1787551815275,49950,1578,1500,313,15000
1787551815375,49950,1578,1500,313,15000
1787551815474,49950,1578,1500,313,15000
1787551815574,49950,1578,1500,313,15000
1787551815674,49950,1578,1500,313,15000
1787551815775,49950,1578,1500,313,15000
1787551815874,49950,1578,1500,313,15000
1787551815975,49950,1578,1500,313,15000
1787551816074,49950,1578,1500,313,15000
1787551816174,49950,1578,1500,313,15000
1787551816274,49950,1578,1500,313,15000
1787551816375,49950,1578,1500,313,15000
1787551816474,49950,1578,1600,313,15000
1787551816574,49950,1578,1600,313,15000
1787551816674,49950,1578,1600,313,15000
1787551816774,49950,1578,1600,313,15000
1787551816874,49950,1578,1600,313,15000
1787551816974,49950,1578,1600,313,15000
1787551817074,49950,1578,1600,313,15000
1787551817174,49950,1578,1600,313,15000
1787551817275,49950,1578,1600,313,15000
1787551817374,49950,1578,1600,313,15000
1787551817475,49950,1578,1600,313,15000
1787551817574,49950,1578,1500,313,15000
1787551817674,49950,1578,1500,313,15000
1787551817774,49950,1578,1500,313,15000
1787551817874,49950,1578,1500,313,15000
1787551817974,49950,1578,1500,313,15000
1787551818074,49950,1578,1500,313,15000
1787551818174,49950,1578,1500,313,15000
1787551818274,49950,1578,1500,313,15000
1787551818374,49950,1578,1500,313,15000
1787551818474,49950,1578,1500,313,15000
1787551818574,49950,1578,1500,313,15000
1787551818674,49950,1578,1500,313,15000
1787551818775,49950,1578,1500,313,15000
1787551818875,49950,1578,1500,313,15000
1787551818974,49950,1578,1500,313,15000
1787551819074,49950,1578,1500,313,15000
1787551819174,49950,1578,1500,313,15000
1787551819274,49950,1578,1500,313,15000
1787551819374,49950,1578,1500,313,15000
1787551819474,49950,1578,1500,313,15000
1787551819574,49950,1578,1500,313,15000
1787551819674,49950,1578,1500,313,15000
1787551819774,49950,1578,1500,313,15000
1787551819874,49950,1578,1500,313,15000
1787551819975,49950,1578,1500,313,15000
1787551820074,49950,1578,1500,313,15000
1787551820174,49950,1578,1500,313,15000
1787551820274,49950,1578,1500,313,15000
1787551820375,49950,1578,1500,313,15000
1787551820474,49950,1578,1500,313,15000
1787551820574,49950,1578,1500,313,15000
1787551820674,49950,1578,1500,313,15000
1787551820774,49950,1578,1500,313,15000
1787551820875,49950,1578,1500,313,15000
1787551820974,49950,1578,1500,313,15000
1787551821074,49950,1578,1500,313,15000
1787551821174,49950,1578,1500,313,15000
1787551821274,49950,1578,1500,313,15000
1787551821374,49950,1578,1500,313,15000
1787551821474,49950,1578,1500,313,15000
1787551821574,49950,1578,1500,313,15000
1787551821674,49950,1578,1500,313,15000
1787551821774,49950,1578,1500,313,15000
1787551821874,49950,1578,1500,313,15000
1787551821975,49950,1578,1500,313,15000
1787551822074,49950,1578,1500,313,15000
1787551822175,49950,1578,1500,313,15000
1787551822274,49950,1578,1500,313,15000
1787551822374,49950,1578,1500,313,15000
1787551822475,49950,1578,1500,313,15000
1787551822574,49950,1578,1500,313,15000
1787551822674,49950,1578,1500,313,15000
1787551822774,49950,1578,1500,313,15000
1787551822875,49950,1578,1500,313,15000
1787551822975,49950,1578,1500,313,15000
1787551823074,49950,1578,1500,313,15000
1787551823174,49950,1578,1500,313,15000
1787551823275,49950,1578,1500,313,15000
1787551823374,49950,1578,1500,313,15000
1787551823474,49950,1578,1500,313,15000
1787551823574,49950,1578,1500,313,15000
1787551823675,49950,1578,1500,313,15000
1787551823774,49950,1578,1500,313,15000
1787551823874,49950,1578,1500,313,15000
1787551823974,49950,1578,1500,313,15000
1787551824074,49950,1578,1500,313,15000
1787551824174,49950,1578,1500,313,15000
1787551824274,49950,1578,1600,313,15000
1787551824375,49950,1578,1600,313,15000
1787551824475,49950,1578,1600,313,15000
1787551824575,49950,1578,1600,313,15000
1787551824674,49950,1578,1600,313,15000
1787551824774,49950,1578,1600,313,15000
1787551824874,49950,1578,1500,313,15000
1787551824974,49950,1578,1500,313,15000
1787551825074,49950,1578,1500,313,15000
1787551825174,49950,1578,1500,313,15000
1787551825274,49950,1578,1500,313,15000
1787551825374,49950,1578,1500,313,15000
1787551825474,49950,1578,1500,313,15000
1787551825575,49950,1578,1500,313,15000
1787551825674,49950,1578,1500,313,15000
1787551825774,49950,1578,1500,313,15000
1787551825874,49950,1578,1500,313,15000
1787551825974,49950,1578,1500,313,15000
1787551826074,49950,1578,1500,313,15000
1787551826174,49950,1578,1500,313,15000
1787551826274,49950,1578,1500,313,15000
1787551826374,49950,1578,1500,313,15000
1787551826474,49950,1578,1500,313,15000
1787551826575,49950,1578,1600,313,15000
1787551826674,49950,1578,1600,313,15000
1787551826774,49950,1578,1600,313,15000
1787551826874,49950,1578,1600,313,15000
1787551826974,49950,1578,1600,313,15000
1787551827074,49950,1578,1600,313,15000
1787551827174,49950,1578,1500,313,15000
1787551827274,49950,1578,1500,313,15000
1787551827375,49950,1578,1500,313,15000
1787551827474,49950,1578,1500,313,15000
1787551827574,49950,1578,1500,313,15000
1787551827674,49950,1578,1500,313,15000
1787551827774,49950,1578,1500,313,15000
1787551827874,49950,1578,1500,313,15000
1787551827975,49950,1578,1500,313,15000
1787551828074,49950,1578,1500,313,15000
1787551828175,49950,1578,1500,313,15000
1787551828274,49950,1578,1500,313,15000
1787551828374,49950,1578,1500,313,15000
1787551828475,49950,1578,1500,313,15000
1787551828574,49950,1578,1500,313,15000
1787551828674,49950,1578,1500,313,15000
1787551828775,49950,1578,1500,313,15000
1787551828874,49950,1578,1500,313,15000
1787551828974,49950,1578,1500,313,15000
1787551829074,49950,1578,1500,313,15000
1787551829175,49950,1578,1500,313,15000
1787551829274,49950,1578,1500,313,15000
1787551829375,49950,1578,1500,313,15000
1787551829475,49950,1578,1500,313,15000
1787551829574,49950,1578,1500,313,15000
1787551829675,49950,1578,1500,313,15000
1787551829774,49950,1578,1500,313,15000
1787551829874,49950,1578,1500,313,15000
1787551829974,49950,1578,1500,313,15000
1787551830074,49950,1578,1500,313,15000
1787551830174,49950,1578,1500,313,15000
1787551830274,49950,1578,1500,313,15000
1787551830375,49950,1578,1500,313,15000
1787551830474,49950,1578,1500,313,15000
1787551830575,49950,1578,1500,313,15000
1787551830674,49950,1578,1500,313,15000
1787551830774,49950,1578,1500,313,15000
1787551830874,49950,1578,1500,313,15000
1787551830975,49950,1578,1500,313,15000
1787551831074,49950,1578,1500,313,15000
1787551831174,49950,1578,1500,313,15000
1787551831274,49950,1578,1500,313,15000
1787551831375,49950,1578,1500,313,15000
1787551831474,49950,1578,1500,313,15000
1787551831574,49950,1578,1500,313,15000
1787551831674,49950,1578,1500,313,15000
1787551831775,49950,1578,1500,313,15000
1787551831875,49950,1578,1500,313,15000
1787551831974,49950,1578,1500,313,15000
1787551832074,49950,1578,1500,313,15000
1787551832174,49950,1578,1500,313,15000
1787551832275,49950,1578,1500,313,15000
1787551832374,49950,1578,1500,313,15000
1787551832474,49950,1578,1500,313,15000
1787551832575,49950,1578,1500,313,15000
1787551832674,49950,1578,1500,313,15000
1787551832775,49950,1578,1500,313,15000
1787551832874,49950,1578,1500,313,15000
1787551832975,49950,1578,1500,313,15000
1787551833074,49950,1578,1500,313,15000
1787551833174,49950,1578,1500,313,15000
1787551833274,49950,1578,1500,313,15000
1787551833374,49950,1578,1500,313,15000
1787551833474,49950,1578,1500,313,15000
1787551833574,49950,1578,1500,313,15000
1787551833674,49950,1578,1500,313,15000
1787551833774,49950,1578,1500,313,15000
1787551833874,49950,1578,1500,313,15000
1787551833974,49950,1578,1500,313,15000
1787551834074,49950,1578,1500,313,15000
1787551834174,49950,1578,1500,313,15000
1787551834274,49950,1578,1500,313,15000
1787551834374,49950,1578,1500,313,15000
1787551834475,49950,1578,1500,313,15000
1787551834574,49950,1578,1500,313,15000
1787551834674,49950,1578,1500,313,15000
1787551834774,49950,1578,1500,313,15000
1787551834875,49950,1578,1500,313,15000
1787551834975,49950,1578,1500,313,15000
1787551835074,49950,1578,1500,313,15000
1787551835174,49950,1578,1500,313,15000
1787551835274,49950,1578,1500,313,15000
1787551835374,49950,1578,1500,313,15000
1787551835474,49950,1578,1500,313,15000
1787551835575,49950,1578,1500,313,15000
1787551835674,49950,1578,1500,313,15000
1787551835774,49950,1578,1500,313,15000
1787551835874,49950,1578,1500,313,15000
1787551835974,49950,1578,1500,313,15000
1787551836074,49950,1578,1500,313,15000
1787551836174,49950,1578,1500,313,15000
1787551836274,49950,1578,1500,313,15000
1787551836374,49950,1578,1500,313,15000
1787551836474,49950,1578,1500,313,15000
1787551836574,49950,1578,1500,313,15000
1787551836674,49950,1578,1500,313,15000
1787551836774,49950,1578,1500,313,15000
1787551836874,49950,1578,1500,313,15000
1787551836974,49950,1578,1500,313,15000
1787551837074,49950,1578,1500,313,15000
1787551837174,49950,1578,1500,313,15000
1787551837274,49950,1578,1500,313,15000
1787551837374,49950,1578,1500,313,15000
1787551837474,49950,1578,1500,313,15000
1787551837574,49950,1578,1500,313,15000
1787551837674,49950,1578,1500,313,15000
1787551837774,49950,1578,1500,313,15000
1787551837874,49950,1578,1500,313,15000
1787551837974,49950,1578,1500,313,15000
1787551838074,49950,1578,1500,313,15000
1787551838175,49950,1578,1500,313,15000
1787551838274,49950,1578,1500,313,15000
1787551838374,49950,1578,1500,313,15000
1787551838475,49950,1578,1500,313,15000
1787551838574,49950,1578,1500,313,15000
1787551838674,49950,1578,1500,313,15000
1787551838775,49950,1578,1500,313,15000
1787551838874,49950,1578,1500,313,15000
1787551838975,49950,1578,1500,313,15000
1787551839075,49950,1578,1500,313,15000
1787551839174,49950,1578,1500,313,15000
1787551839274,49950,1578,1500,313,15000
1787551839374,49950,1578,1500,313,15000
1787551839474,49950,1578,1500,313,15000
1787551839574,49950,1578,1500,313,15000
1787551839674,49950,1578,1500,313,15000
1787551839774,49950,1578,1500,313,15000
1787551839874,49950,1578,1500,313,15000
1787551839974,49950,1578,1500,313,15000
1787551840075,49950,1578,1500,313,15000
1787551840174,49950,1578,1500,313,15000
1787551840275,49950,1578,1500,313,15000
1787551840374,49950,1578,1500,313,15000
1787551840475,49950,1578,1500,313,15000
1787551840574,49950,1578,1500,313,15000
1787551840674,49950,1578,1500,313,15000
1787551840775,49950,1578,1500,313,15000
1787551840874,49950,1578,1500,313,15000
1787551840975,49950,1578,1500,313,15000
1787551841075,49950,1578,1500,313,15000
1787551841174,49950,1578,1500,313,15000
1787551841274,49950,1578,1500,313,15000
1787551841374,49950,1578,1500,313,15000
1787551841474,49950,1578,1500,313,15000
1787551841574,49950,1578,1500,313,15000
1787551841674,49950,1578,1500,313,15000
1787551841774,49950,1578,1500,313,15000
1787551841874,49950,1578,1500,313,15000
1787551841974,49950,1578,1500,313,15000
1787551842074,49950,1578,1500,313,15000
1787551842174,49950,1578,1500,313,15000
1787551842274,49950,1578,1500,313,15000
1787551842374,49950,1578,1500,313,15000
1787551842474,49950,1578,1500,313,15000
1787551842574,49950,1578,1500,313,15000
1787551842675,49950,1578,1500,313,15000
1787551842774,49950,1578,1500,313,15000
1787551842874,49950,1578,1500,313,15000
1787551842975,49950,1578,1500,313,15000
1787551843074,49950,1578,1500,313,15000
1787551843174,49950,1578,1500,313,15000
1787551843274,49950,1578,1500,313,15000
1787551843374,49950,1578,1500,313,15000
1787551843474,49950,1578,1500,313,15000
1787551843574,49950,1578,1500,313,15000
1787551843674,49950,1578,1500,313,15000
1787551843774,49950,1578,1500,313,15000
1787551843875,49950,1578,1500,313,15000
1787551843975,49950,1578,1500,313,15000
1787551844074,49950,1578,1500,313,15000
1787551844174,49950,1578,1500,313,15000
1787551844274,49950,1578,1500,313,15000
1787551844374,49950,1578,1500,313,15000
1787551844475,49950,1578,1500,313,15000
1787551844574,49950,1578,1500,313,15000
1787551844674,49950,1578,1500,313,15000
1787551844775,49950,1578,1500,313,15000
1787551844874,49950,1578,1500,313,15000
1787551844974,49950,1578,1500,313,15000
1787551845074,49950,1578,1500,313,15000
1787551845174,49950,1578,1500,313,15000
1787551845275,49950,1578,1500,313,15000
1787551845374,49950,1578,1500,313,15000
1787551845474,49950,1578,1500,313,15000
1787551845574,49950,1578,1500,313,15000
1787551845674,49950,1578,1500,313,15000
1787551845774,49950,1578,1500,313,15000
1787551845874,49950,1578,1600,313,15000
1787551845974,49950,1578,1600,313,15000
1787551846075,49950,1578,1600,313,15000
1787551846174,49950,1578,1600,313,15000
1787551846274,49950,1578,1600,313,15000
1787551846374,49950,1578,1600,313,15000
1787551846474,49950,1578,1600,313,15000
1787551846574,49950,1578,1500,313,15000
1787551846674,49950,1578,1500,313,15000
1787551846774,49950,1578,1500,313,15000
1787551846874,49950,1578,1500,313,15000
1787551846974,49950,1578,1500,313,15000
1787551847075,49950,1578,1500,313,15000
1787551847174,49950,1578,1500,313,15000
1787551847274,49950,1578,1500,313,15000
1787551847374,49950,1578,1500,313,15000
1787551847474,49950,1578,1500,313,15000
1787551847574,49950,1578,1500,313,15000
1787551847675,49950,1578,1500,313,15000
1787551847774,49950,1578,1500,313,15000
1787551847874,49950,1578,1500,313,15000
1787551847974,49950,1578,1500,313,15000
1787551848074,49950,1578,1500,313,15000
1787551848174,49950,1578,1500,313,15000
1787551848274,49950,1578,1500,313,15000
1787551848374,49950,1578,1500,313,15000
1787551848474,49950,1578,1500,313,15000
1787551848574,49950,1578,1500,313,15000
1787551848674,49950,1578,1500,313,15000
1787551848774,49950,1578,1500,313,15000
1787551848874,49950,1578,1500,313,15000
1787551848974,49950,1578,1500,313,15000
1787551849074,49950,1578,1500,313,15000
1787551849174,49950,1578,1500,313,15000
1787551849274,49950,1578,1500,313,15000
1787551849375,49950,1578,1500,313,15000
1787551849474,49950,1578,1500,313,15000
1787551849574,49950,1578,1500,313,15000
1787551849675,49950,1578,1500,313,15000
1787551849775,49950,1578,1500,313,15000
1787551849874,49950,1578,1500,313,15000
1787551849974,49950,1578,1500,313,15000
1787551850075,49950,1578,1500,313,15000
1787551850174,49950,1578,1500,313,15000
1787551850275,49950,1578,1600,313,15000
1787551850374,49950,1578,1600,313,15000
1787551850475,49950,1578,1600,313,15000
1787551850574,49950,1578,1600,313,15000
1787551850674,49950,1578,1600,313,15000
1787551850775,49950,1578,1600,313,15000
1787551850874,49950,1578,1600,313,15000
1787551850975,49950,1578,1500,313,15000
1787551851074,49950,1578,1500,313,15000
1787551851174,49950,1578,1500,313,15000
1787551851274,49950,1578,1500,313,15000
1787551851374,49950,1578,1500,313,15000
1787551851474,49950,1578,1500,313,15000
1787551851574,49950,1578,1500,313,15000
1787551851674,49950,1578,1500,313,15000
1787551851774,49950,1578,1500,313,15000
1787551851874,49950,1578,1500,313,15000
1787551851975,49950,1578,1500,313,15000
1787551852074,49950,1578,1500,313,15000
1787551852174,49950,1578,1500,313,15000
1787551852274,49950,1578,1500,313,15000
1787551852375,49950,1578,1500,313,15000
1787551852474,49950,1578,1500,313,15000
1787551852574,49950,1578,1600,313,15000
1787551852674,49950,1578,1600,313,15000
1787551852774,49950,1578,1600,313,15000
1787551852874,49950,1578,1600,313,15000
1787551852975,49950,1578,1600,313,15000
1787551853074,49950,1578,1600,313,15000
1787551853174,49950,1578,1600,313,15000
1787551853275,49950,1578,1500,313,15000
1787551853374,49950,1578,1500,313,15000
1787551853474,49950,1578,1500,313,15000
1787551853574,49950,1578,1500,313,15000
1787551853674,49950,1578,1500,313,15000
1787551853774,49950,1578,1500,313,15000
1787551853874,49950,1578,1500,313,15000
1787551853974,49950,1578,1500,313,15000
1787551854074,49950,1578,1500,313,15000
1787551854174,49950,1578,1500,313,15000
1787551854274,49950,1578,1500,313,15000
1787551854374,49950,1578,1500,313,15000
1787551854475,49950,1578,1600,313,15000
1787551854574,49950,1578,1600,313,15000
1787551854675,49950,1578,1600,313,15000
1787551854774,49950,1578,1600,313,15000
1787551854874,49950,1578,1600,313,15000
1787551854974,49950,1578,1600,313,15000
1787551855074,49950,1578,1500,313,15000
1787551855174,49950,1578,1500,313,15000
1787551855274,49950,1578,1500,313,15000
1787551855374,49950,1578,1500,313,15000
1787551855474,49950,1578,1500,313,15000
1787551855574,49950,1578,1500,313,15000
1787551855674,49950,1578,1500,313,15000
1787551855774,49950,1578,1500,313,15000
1787551855874,49950,1578,1500,313,15000
1787551855975,49950,1578,1500,313,15000
1787551856074,49950,1578,1500,313,15000
1787551856174,49950,1578,1500,313,15000
1787551856274,49950,1578,1500,313,15000
1787551856374,49950,1578,1500,313,15000
1787551856474,49950,1578,1500,313,15000
1787551856574,49950,1578,1500,313,15000
1787551856674,49950,1578,1500,313,15000
1787551856774,49950,1578,1500,313,15000
1787551856875,49950,1578,1500,313,15000
1787551856974,49950,1578,1500,313,15000
1787551857074,49950,1578,1500,313,15000
1787551857174,49950,1578,1500,313,15000
1787551857274,49950,1578,1500,313,15000
1787551857374,49950,1578,1500,313,15000
1787551857474,49950,1578,1500,313,15000
1787551857574,49950,1578,1500,313,15000
1787551857674,49950,1578,1500,313,15000
1787551857774,49950,1578,1500,313,15000
1787551857875,49950,1578,1500,313,15000
1787551857974,49950,1578,1500,313,15000
1787551858074,49950,1578,1500,313,15000
1787551858174,49950,1578,1500,313,15000
1787551858274,49950,1578,1500,313,15000
1787551858374,49950,1578,1500,313,15000
1787551858474,49950,1578,1500,313,15000
1787551858574,49950,1578,1500,313,15000
1787551858674,49950,1578,1500,313,15000
1787551858774,49950,1578,1500,313,15000
1787551858874,49950,1578,1500,313,15000
1787551858974,49950,1578,1500,313,15000
1787551859074,49950,1578,1500,313,15000
1787551859174,49950,1578,1500,313,15000
1787551859274,49950,1578,1500,313,15000
1787551859374,49950,1578,1500,313,15000
1787551859474,49950,1578,1500,313,15000
1787551859574,49950,1578,1500,313,15000
1787551859674,49950,1578,1500,313,15000
1787551859774,49950,1578,1500,313,15000
1787551859874,49950,1578,1500,313,15000
1787551859974,49950,1578,1500,313,15000
1787551860074,49950,1578,1500,313,15000
1787551860175,49950,1578,1500,313,15000
1787551860275,49950,1578,1500,313,15000
1787551860374,49950,1578,1500,313,15000
1787551860474,49950,1578,1500,313,15000
1787551860574,49950,1578,1500,313,15000
1787551860674,49950,1578,1500,313,15000
1787551860774,49950,1578,1500,313,15000
1787551860875,49950,1578,1500,313,15000
1787551860974,49950,1578,1500,313,15000
1787551861074,49950,1578,1500,313,15000
1787551861174,49950,1578,1500,313,15000
1787551861275,49950,1578,1500,313,15000
1787551861374,49950,1578,1500,313,15000
1787551861474,49950,1578,1500,313,15000
1787551861574,49950,1578,1500,313,15000
1787551861674,49950,1578,1500,313,15000
1787551861774,49950,1578,1500,313,15000
1787551861874,49950,1578,1500,313,15000
1787551861975,49950,1578,1500,313,15000
1787551862074,49950,1578,1500,313,15000
1787551862174,49950,1578,1500,313,15000
1787551862274,49950,1578,1500,313,15000
1787551862374,49950,1578,1500,313,15000
1787551862474,49950,1578,1500,313,15000
1787551862574,49950,1578,1500,313,15000
1787551862674,49950,1578,1500,313,15000
1787551862774,49950,1578,1500,313,15000
1787551862874,49950,1578,1600,313,15000
1787551862974,49950,1578,1600,313,15000
1787551863075,49950,1578,1600,313,15000
1787551863175,49950,1578,1600,313,15000
1787551863275,49950,1578,1600,313,15000
1787551863374,49950,1578,1600,313,15000
1787551863474,49950,1578,1500,313,15000
1787551863574,49950,1578,1500,313,15000
1787551863675,49950,1578,1500,313,15000
1787551863774,49950,1578,1500,313,15000
1787551863874,49950,1578,1500,313,15000
1787551863975,49950,1578,1500,313,15000
1787551864074,49950,1578,1500,313,15000
1787551864174,49950,1578,1500,313,15000
1787551864275,49950,1578,1500,313,15000
1787551864374,49950,1578,1500,313,15000
1787551864474,49950,1578,1500,313,15000
1787551864574,49950,1578,1500,313,15000
1787551864674,49950,1578,1500,313,15000
1787551864774,49950,1578,1500,313,15000
1787551864874,49950,1578,1500,313,15000
1787551864974,49950,1578,1500,313,15000
1787551865074,49950,1578,1500,313,15000
1787551865174,49950,1578,1500,313,15000
1787551865274,49950,1578,1500,313,15000
1787551865374,49950,1578,1600,313,15000
1787551865474,49950,1578,1600,313,15000
1787551865574,49950,1578,1600,313,15000
1787551865674,49950,1578,1600,313,15000
1787551865775,49950,1578,1600,313,15000
1787551865874,49950,1578,1600,313,15000
1787551865975,49950,1578,1500,313,15000
1787551866074,49950,1578,1500,313,15000
1787551866174,49950,1578,1500,313,15000
1787551866274,49950,1578,1500,313,15000
1787551866374,49950,1578,1500,313,15000
1787551866475,49950,1578,1500,313,15000
1787551866574,49950,1578,1500,313,15000
1787551866674,49950,1578,1500,313,15000
1787551866774,49950,1578,1500,313,15000
1787551866874,49950,1578,1500,313,15000
1787551866975,49950,1578,1500,313,15000
1787551867074,49950,1578,1500,313,15000
1787551867174,49950,1578,1500,313,15000
1787551867274,49950,1578,1500,313,15000
1787551867374,49950,1578,1500,313,15000
1787551867474,49950,1578,1500,313,15000
1787551867574,49950,1578,1500,313,15000
1787551867674,49950,1578,1500,313,15000
1787551867774,49950,1578,1500,313,15000
1787551867875,49950,1578,1500,313,15000
1787551867974,49950,1578,1500,313,15000
1787551868074,49950,1578,1500,313,15000
1787551868174,49950,1578,1500,313,15000
1787551868274,49950,1578,1500,313,15000
1787551868374,49950,1578,1500,313,15000
1787551868474,49950,1578,1500,313,15000
1787551868575,49950,1578,1500,313,15000
1787551868674,49950,1578,1500,313,15000
1787551868774,49950,1578,1500,313,15000
1787551868874,49950,1578,1500,313,15000
1787551868975,49950,1578,1500,313,15000
1787551869075,49950,1578,1500,313,15000
1787551869174,49950,1578,1500,313,15000
1787551869275,49950,1578,1500,313,15000
1787551869375,49950,1578,1500,313,15000
1787551869475,49950,1578,1500,313,15000
1787551869574,49950,1578,1500,313,15000
1787551869674,49950,1578,1500,313,15000
1787551869774,49950,1578,1500,313,15000
1787551869874,49950,1578,1500,313,15000
1787551869974,49950,1578,1500,313,15000
1787551870074,49950,1578,1500,313,15000
1787551870174,49950,1578,1600,313,15000
1787551870274,49950,1578,1600,313,15000
1787551870374,49950,1578,1600,313,15000
1787551870474,49950,1578,1600,313,15000
1787551870574,49950,1578,1600,313,15000
1787551870674,49950,1578,1600,313,15000
1787551870774,49950,1578,1500,313,15000
1787551870875,49950,1578,1500,313,15000
1787551870975,49950,1578,1500,313,15000
1787551871074,49950,1578,1500,313,15000
1787551871174,49950,1578,1500,313,15000
1787551871274,49950,1578,1500,313,15000
1787551871374,49950,1578,1500,313,15000
1787551871474,49950,1578,1500,313,15000
1787551871575,49950,1578,1500,313,15000
1787551871674,49950,1578,1500,313,15000
1787551871774,49950,1578,1500,313,15000
1787551871874,49950,1578,1500,313,15000
1787551871974,49950,1578,1500,313,15000
1787551872074,49950,1578,1500,313,15000
1787551872174,49950,1578,1500,313,15000
1787551872274,49950,1578,1500,313,15000
1787551872374,49950,1578,1500,313,15000
1787551872474,49950,1578,1500,313,15000
1787551872574,49950,1578,1500,313,15000
1787551872674,49950,1578,1500,313,15000
1787551872774,49950,1578,1500,313,15000
1787551872874,49950,1578,1500,313,15000
1787551872974,49950,1578,1500,313,15000
1787551873074,49950,1578,1500,313,15000
1787551873174,49950,1578,1500,313,15000
1787551873274,49950,1578,1500,313,15000
1787551873374,49950,1578,1500,313,15000
1787551873474,49950,1578,1500,313,15000
1787551873574,49950,1578,1500,313,15000
1787551873675,49950,1578,1500,313,15000
1787551873774,49950,1578,1500,313,15000
1787551873874,49950,1578,1500,313,15000
1787551873975,49950,1578,1500,313,15000
1787551874074,49950,1578,1500,313,15000
1787551874175,49950,1578,1500,313,15000
1787551874274,49950,1578,1500,313,15000
1787551874374,49950,1578,1500,313,15000
1787551874474,49950,1578,1500,313,15000
1787551874574,49950,1578,1500,313,15000
1787551874675,49950,1578,1500,313,15000
1787551874775,49950,1578,1500,313,15000
1787551874875,49950,1578,1500,313,15000
1787551874974,49950,1578,1500,313,15000
1787551875074,49950,1578,1500,313,15000
1787551875174,49950,1578,1500,313,15000
1787551875274,49950,1578,1500,313,15000
1787551875374,49950,1578,1500,313,15000
1787551875475,49950,1578,1500,313,15000
1787551875574,49950,1578,1500,313,15000
1787551875674,49950,1578,1500,313,15000
1787551875774,49950,1578,1500,313,15000
1787551875874,49950,1578,1500,313,15000
1787551875974,49950,1578,1500,313,15000
1787551876075,49950,1578,1500,313,15000
1787551876174,49950,1578,1500,313,15000
1787551876274,49950,1578,1600,313,15000
1787551876374,49950,1578,1600,313,15000
1787551876475,49950,1578,1600,313,15000
1787551876574,49950,1578,1600,313,15000
1787551876674,49950,1578,1600,313,15000
1787551876774,49950,1578,1600,313,15000
1787551876875,49950,1578,1600,313,15000
1787551876974,49950,1578,1600,313,15000
1787551877074,49950,1578,1600,313,15000
1787551877174,49950,1578,1600,313,15000
1787551877275,49950,1578,1600,313,15000
1787551877375,49950,1578,1600,313,15000
1787551877474,49950,1578,1500,313,15000
1787551877574,49950,1578,1500,313,15000
1787551877674,49950,1578,1500,313,15000
1787551877774,49950,1578,1500,313,15000
1787551877875,49950,1578,1500,313,15000
1787551877975,49950,1578,1500,313,15000
1787551878075,49950,1578,1500,313,15000
1787551878174,49950,1578,1500,313,15000
1787551878274,49950,1578,1500,313,15000
1787551878374,49950,1578,1500,313,15000
1787551878474,49950,1578,1500,313,15000
1787551878574,49950,1578,1500,313,15000
1787551878674,49950,1578,1500,313,15000
1787551878774,49950,1578,1500,313,15000
1787551878875,49950,1578,1500,313,15000
1787551878974,49950,1578,1500,313,15000
1787551879074,49950,1578,1500,313,15000
1787551879174,49950,1578,1500,313,15000
1787551879275,49950,1578,1500,313,15000
1787551879375,49950,1578,1500,313,15000
1787551879474,49950,1578,1500,313,15000
1787551879574,49950,1578,1500,313,15000
1787551879674,49950,1578,1500,313,15000
1787551879775,49950,1578,1500,313,15000
1787551879874,49950,1578,1500,313,15000
1787551879974,49950,1578,1500,313,15000
1787551880074,49950,1578,1500,313,15000
1787551880174,49950,1578,1500,313,15000
1787551880274,49950,1578,1500,313,15000
1787551880375,49950,1578,1500,313,15000
1787551880474,49950,1578,1500,313,15000
1787551880574,49950,1578,1500,313,15000
1787551880674,49950,1578,1500,313,15000
1787551880774,49950,1578,1500,313,15000
1787551880874,49950,1578,1500,313,15000
1787551880974,49950,1578,1500,313,15000
1787551881074,49950,1578,1500,313,15000
1787551881174,49950,1578,1500,313,15000
1787551881275,49950,1578,1500,313,15000
1787551881374,49950,1578,1500,313,15000
1787551881474,49950,1578,1500,313,15000
1787551881574,49950,1578,1500,313,15000
1787551881674,49950,1578,1500,313,15000
1787551881774,49950,1578,1500,313,15000
1787551881874,49950,1578,1500,313,15000
1787551881974,49950,1578,1500,313,15000
1787551882074,49950,1578,1500,313,15000
1787551882174,49950,1578,1500,313,15000
1787551882274,49950,1578,1600,313,15000
1787551882374,49950,1578,1600,313,15000
1787551882474,49950,1578,1600,313,15000
1787551882574,49950,1578,1600,313,15000
1787551882674,49950,1578,1600,313,15000
1787551882775,49950,1578,1600,313,15000
1787551882874,49950,1578,1600,313,15000
1787551882974,49950,1578,1500,313,15000
1787551883074,49950,1578,1500,313,15000
1787551883174,49950,1578,1500,313,15000
1787551883274,49950,1578,1500,313,15000
1787551883375,49950,1578,1500,313,15000
1787551883474,49950,1578,1500,313,15000
1787551883574,49950,1578,1500,313,15000
1787551883674,49950,1578,1500,313,15000
1787551883774,49950,1578,1500,313,15000
1787551883874,49950,1578,1500,313,15000
1787551883974,49950,1578,1500,313,15000
1787551884074,49950,1578,1500,313,15000
1787551884175,49950,1578,1500,313,15000
1787551884274,49950,1578,1500,313,15000
1787551884374,49950,1578,1500,313,15000
1787551884475,49950,1578,1500,313,15000
1787551884574,49950,1578,1500,313,15000
1787551884674,49950,1578,1500,313,15000
1787551884774,49950,1578,1500,313,15000
1787551884874,49950,1578,1500,313,15000
1787551884974,49950,1578,1500,313,15000
1787551885075,49950,1578,1500,313,15000
1787551885174,49950,1578,1500,313,15000
1787551885275,49950,1578,1500,313,15000
1787551885374,49950,1578,1500,313,15000
1787551885474,49950,1578,1500,313,15000
1787551885574,49950,1578,1500,313,15000
1787551885674,49950,1578,1500,313,15000
1787551885774,49950,1578,1500,313,15000
1787551885875,49950,1578,1500,313,15000
1787551885974,49950,1578,1500,313,15000
1787551886074,49950,1578,1500,313,15000
1787551886175,49950,1578,1500,313,15000
1787551886274,49950,1578,1500,313,15000
1787551886374,49950,1578,1500,313,15000
1787551886474,49950,1578,1500,313,15000
1787551886574,49950,1578,1500,313,15000
1787551886675,49950,1578,1500,313,15000
1787551886774,49950,1578,1500,313,15000
1787551886874,49950,1578,1500,313,15000
1787551886975,49950,1578,1500,313,15000
1787551887074,49950,1578,1500,313,15000
1787551887174,49950,1578,1500,313,15000
1787551887274,49950,1578,1500,313,15000
1787551887374,49950,1578,1500,313,15000
1787551887475,49950,1578,1500,313,15000
1787551887574,49950,1578,1500,313,15000
1787551887674,49950,1578,1500,313,15000
1787551887774,49950,1578,1600,313,15000
1787551887874,49950,1578,1600,313,15000
1787551887974,49950,1578,1600,313,15000
1787551888074,49950,1578,1600,313,15000
1787551888174,49950,1578,1600,313,15000
1787551888274,49950,1578,1600,313,15000
1787551888374,49950,1578,1500,313,15000
1787551888474,49950,1578,1500,313,15000
1787551888574,49950,1578,1500,313,15000
1787551888674,49950,1578,1500,313,15000
1787551888774,49950,1578,1500,313,15000
1787551888874,49950,1578,1500,313,15000
1787551888975,49950,1578,1500,313,15000
1787551889074,49950,1578,1500,313,15000
1787551889174,49950,1578,1500,313,15000
1787551889274,49950,1578,1500,313,15000
1787551889374,49950,1578,1500,313,15000
1787551889474,49950,1578,1500,313,15000
1787551889574,49950,1578,1500,313,15000
1787551889674,49950,1578,1500,313,15000
1787551889774,49950,1578,1500,313,15000
1787551889874,49950,1578,1500,313,15000
1787551889974,49950,1578,1500,313,15000
1787551890074,49950,1578,1600,313,15000
1787551890175,49950,1578,1600,313,15000
1787551890274,49950,1578,1600,313,15000
1787551890375,49950,1578,1600,313,15000
1787551890474,49950,1578,1600,313,15000
1787551890574,49950,1578,1600,313,15000
1787551890675,49950,1578,1500,313,15000
1787551890774,49950,1578,1500,313,15000
1787551890875,49950,1578,1500,313,15000
1787551890974,49950,1578,1500,313,15000
1787551891075,49950,1578,1500,313,15000
1787551891174,49950,1578,1500,313,15000
1787551891274,49950,1578,1500,313,15000
1787551891374,49950,1578,1500,313,15000
1787551891474,49950,1578,1500,313,15000
1787551891575,49950,1578,1500,313,15000
1787551891675,49950,1578,1500,313,15000
1787551891774,49950,1578,1500,313,15000
1787551891875,49950,1578,1500,313,15000
1787551891975,49950,1578,1600,313,15000
1787551892074,49950,1578,1600,313,15000
1787551892174,49950,1578,1600,313,15000
1787551892274,49950,1578,1600,313,15000
1787551892374,49950,1578,1600,313,15000
1787551892474,49950,1578,1600,313,15000
1787551892574,49950,1578,1500,313,15000
1787551892674,49950,1578,1500,313,15000
1787551892775,49950,1578,1500,313,15000
1787551892874,49950,1578,1500,313,15000
1787551892974,49950,1578,1500,313,15000
1787551893074,49950,1578,1500,313,15000
1787551893174,49950,1578,1500,313,15000
1787551893274,49950,1578,1500,313,15000
1787551893374,49950,1578,1500,313,15000
1787551893475,49950,1578,1500,313,15000
1787551893574,49950,1578,1500,313,15000
1787551893674,49950,1578,1500,313,15000
1787551893775,49950,1578,1500,313,15000
1787551893875,49950,1578,1500,313,15000
1787551893974,49950,1578,1500,313,15000
1787551894075,49950,1578,1500,313,15000
1787551894174,49950,1578,1500,313,15000
1787551894274,49950,1578,1500,313,15000
1787551894374,49950,1578,1500,313,15000
1787551894475,49950,1578,1500,313,15000
1787551894575,49950,1578,1500,313,15000
1787551894674,49950,1578,1500,313,15000
1787551894775,49950,1578,1500,313,15000
1787551894874,49950,1578,1500,313,15000
1787551894974,49950,1578,1500,313,15000
1787551895074,49950,1578,1500,313,15000
1787551895174,49950,1578,1500,313,15000
1787551895275,49950,1578,1500,313,15000
1787551895374,49950,1578,1500,313,15000
1787551895474,49950,1578,1500,313,15000
1787551895574,49950,1578,1500,313,15000
1787551895675,49950,1578,1500,313,15000
1787551895774,49950,1578,1500,313,15000
1787551895874,49950,1578,1500,313,15000
1787551895974,49950,1578,1500,313,15000
1787551896074,49950,1578,1500,313,15000
1787551896174,49950,1578,1500,313,15000
1787551896274,49950,1578,1500,313,15000
1787551896374,49950,1578,1500,313,15000
1787551896474,49950,1578,1500,313,15000
1787551896574,49950,1578,1500,313,15000
1787551896675,49950,1578,1500,313,15000
1787551896775,49950,1578,1500,313,15000
1787551896875,49950,1578,1500,313,15000
1787551896975,49950,1578,1500,313,15000
1787551897074,49950,1578,1500,313,15000
1787551897174,49950,1578,1500,313,15000
1787551897274,49950,1578,1500,313,15000
1787551897374,49950,1578,1500,313,15000
1787551897474,49950,1578,1500,313,15000
1787551897574,49950,1578,1500,313,15000
1787551897674,49950,1578,1500,313,15000
1787551897774,49950,1578,1500,313,15000
1787551897874,49950,1578,1500,313,15000
1787551897974,49950,1578,1500,313,15000
1787551898074,49950,1578,1500,313,15000
1787551898174,49950,1578,1500,313,15000
1787551898275,49950,1578,1500,313,15000
1787551898374,49950,1578,1500,313,15000
1787551898474,49950,1578,1500,313,15000
1787551898575,49950,1578,1500,313,15000
1787551898674,49950,1578,1500,313,15000
1787551898774,49950,1578,1500,313,15000
1787551898874,49950,1578,1500,313,15000
1787551898974,49950,1578,1500,313,15000
1787551899074,49950,1578,1500,313,15000
1787551899174,49950,1578,1500,313,15000
1787551899274,49950,1578,1500,313,15000
1787551899374,49950,1578,1500,313,15000
1787551899474,49950,1578,1500,313,15000
1787551899574,49950,1578,1500,313,15000
1787551899674,49950,1578,1500,313,15000
1787551899774,49950,1578,1500,313,15000
1787551899874,49950,1578,1500,313,15000
1787551899974,49950,1578,1500,313,15000
1787551900074,49950,1578,1500,313,15000
1787551900174,49950,1578,1500,313,15000
1787551900274,49950,1578,1500,313,15000
1787551900374,49950,1578,1500,313,15000
1787551900474,49950,1578,1500,313,15000
1787551900574,49950,1578,1500,313,15000
1787551900675,49950,1578,1500,313,15000
1787551900775,49950,1578,1500,313,15000
1787551900875,49950,1578,1500,313,15000
1787551900974,49950,1578,1500,313,15000
1787551901074,49950,1578,1500,313,15000
1787551901174,49950,1578,1500,313,15000
1787551901275,49950,1578,1500,313,15000
1787551901374,49950,1578,1500,313,15000
1787551901475,49950,1578,1500,313,15000
1787551901574,49950,1578,1500,313,15000
1787551901674,49950,1578,1500,313,15000
1787551901774,49950,1578,1500,313,15000
1787551901875,49950,1578,1500,313,15000
1787551901974,49950,1578,1500,313,15000
1787551902075,49950,1578,1500,313,15000
1787551902174,49950,1578,1500,313,15000
1787551902274,49950,1578,1500,313,15000
1787551902374,49950,1578,1500,313,15000
1787551902474,49950,1578,1500,313,15000
1787551902574,49950,1578,1500,313,15000
1787551902674,49950,1578,1500,313,15000
1787551902774,49950,1578,1500,313,15000
1787551902875,49950,1578,1500,313,15000
1787551902974,49950,1578,1500,313,15000
1787551903074,49950,1578,1500,313,15000
1787551903175,49950,1578,1500,313,15000
1787551903274,49950,1578,1500,313,15000
1787551903374,49950,1578,1500,313,15000
1787551903474,49950,1578,1500,313,15000
1787551903574,49950,1578,1500,313,15000
1787551903675,49950,1578,1500,313,15000
1787551903774,49950,1578,1500,313,15000
1787551903874,49950,1578,1500,313,15000
1787551903974,49950,1578,1500,313,15000
1787551904075,49950,1578,1500,313,15000
1787551904174,49950,1578,1500,313,15000
1787551904274,49950,1578,1500,313,15000
1787551904374,49950,1578,1500,313,15000
1787551904474,49950,1578,1500,313,15000
1787551904574,49950,1578,1500,313,15000
1787551904674,49950,1578,1500,313,15000
1787551904774,49950,1578,1500,313,15000
1787551904874,49950,1578,1500,313,15000
1787551904975,49950,1578,1500,313,15000
1787551905075,49950,1578,1500,313,15000
1787551905175,49950,1578,1500,313,15000
1787551905274,49950,1578,1500,313,15000
1787551905374,49950,1578,1500,313,15000
1787551905474,49950,1578,1500,313,15000
1787551905574,49950,1578,1500,313,15000
1787551905674,49950,1578,1500,313,15000
1787551905774,49950,1578,1500,313,15000
1787551905874,49950,1578,1500,313,15000
1787551905974,49950,1578,1500,313,15000
1787551906074,49950,1578,1500,313,15000
1787551906174,49950,1578,1500,313,15000
1787551906274,49950,1578,1500,313,15000
1787551906374,49950,1578,1500,313,15000
1787551906474,49950,1578,1600,313,15000
1787551906574,49950,1578,1600,313,15000
1787551906674,49950,1578,1600,313,15000
1787551906774,49950,1578,1600,313,15000
1787551906874,49950,1578,1600,313,15000
1787551906974,49950,1578,1600,313,15000
1787551907074,49950,1578,1600,313,15000
1787551907174,49950,1578,1500,313,15000
1787551907274,49950,1578,1500,313,15000
1787551907374,49950,1578,1500,313,15000
1787551907474,49950,1578,1500,313,15000
1787551907574,49950,1578,1500,313,15000
1787551907674,49950,1578,1500,313,15000
1787551907774,49950,1578,1500,313,15000
1787551907874,49950,1578,1500,313,15000
1787551907974,49950,1578,1500,313,15000
1787551908075,49950,1578,1500,313,15000
1787551908175,49950,1578,1500,313,15000
1787551908274,49950,1578,1500,313,15000
1787551908374,49950,1578,1600,313,15000
1787551908475,49950,1578,1600,313,15000
1787551908574,49950,1578,1600,313,15000
1787551908675,49950,1578,1600,313,15000
1787551908774,49950,1578,1600,313,15000
1787551908874,49950,1578,1600,313,15000
1787551908974,49950,1578,1500,313,15000
1787551909074,49950,1578,1500,313,15000
1787551909174,49950,1578,1500,313,15000
1787551909274,49950,1578,1500,313,15000
1787551909374,49950,1578,1500,313,15000
1787551909474,49950,1578,1500,313,15000
1787551909574,49950,1578,1500,313,15000
1787551909674,49950,1578,1500,313,15000
1787551909775,49950,1578,1500,313,15000
1787551909874,49950,1578,1500,313,15000
1787551909974,49950,1578,1500,313,15000
1787551910074,49950,1578,1600,313,15000
1787551910174,49950,1578,1600,313,15000
1787551910274,49950,1578,1600,313,15000
1787551910374,49950,1578,1600,313,15000
1787551910474,49950,1578,1600,313,15000
1787551910575,49950,1578,1600,313,15000
1787551910675,49950,1578,1500,313,15000
1787551910775,49950,1578,1500,313,15000
1787551910874,49950,1578,1500,313,15000
1787551910975,49950,1578,1500,313,15000
1787551911074,49950,1578,1500,313,15000
1787551911174,49950,1578,1500,313,15000
1787551911274,49950,1578,1500,313,15000
1787551911374,49950,1578,1500,313,15000
1787551911474,49950,1578,1500,313,15000
1787551911574,49950,1578,1500,313,15000
1787551911674,49950,1578,1500,313,15000
1787551911775,49950,1578,1500,313,15000
1787551911874,49950,1578,1500,313,15000
1787551911975,49950,1578,1500,313,15000
1787551912075,49950,1578,1500,313,15000
1787551912174,49950,1578,1500,313,15000
1787551912274,49950,1578,1500,313,15000
1787551912374,49950,1578,1500,313,15000
1787551912474,49950,1578,1500,313,15000
1787551912574,49950,1578,1500,313,15000
1787551912674,49950,1578,1500,313,15000
1787551912775,49950,1578,1500,313,15000
1787551912874,49950,1578,1500,313,15000
1787551912974,49950,1578,1500,313,15000
1787551913074,49950,1578,1500,313,15000
1787551913174,49950,1578,1500,313,15000
1787551913274,49950,1578,1500,313,15000
1787551913374,49950,1578,1500,313,15000
1787551913474,49950,1578,1500,313,15000
1787551913574,49950,1578,1500,313,15000
1787551913674,49950,1578,1500,313,15000
1787551913774,49950,1578,1500,313,15000
1787551913874,49950,1578,1500,313,15000
1787551913974,49950,1578,1500,313,15000
1787551914074,49950,1578,1500,313,15000
1787551914174,49950,1578,1500,313,15000
1787551914274,49950,1578,1500,313,15000
1787551914374,49950,1578,1500,313,15000
1787551914474,49950,1578,1500,313,15000
1787551914574,49950,1578,1500,313,15000
1787551914675,49950,1578,1500,313,15000
1787551914774,49950,1578,1500,313,15000
1787551914874,49950,1578,1500,313,15000
1787551914974,49950,1578,1500,313,15000
1787551915074,49950,1578,1500,313,15000
1787551915175,49950,1578,1500,313,15000
1787551915274,49950,1578,1500,313,15000
1787551915375,49950,1578,1500,313,15000
1787551915474,49950,1578,1500,313,15000
1787551915574,49950,1578,1500,313,15000
1787551915674,49950,1578,1500,313,15000
1787551915774,49950,1578,1500,313,15000
1787551915874,49950,1578,1500,313,15000
1787551915974,49950,1578,1500,313,15000
1787551916074,49950,1578,1500,313,15000
1787551916174,49950,1578,1500,313,15000
1787551916275,49950,1578,1500,313,15000
1787551916374,49950,1578,1500,313,15000
1787551916474,49950,1578,1500,313,15000
1787551916574,49950,1578,1500,313,15000
1787551916675,49950,1578,1500,313,15000
1787551916774,49950,1578,1500,313,15000
1787551916874,49950,1578,1500,313,15000
1787551916974,49950,1578,1500,313,15000
1787551917074,49950,1578,1500,313,15000
1787551917174,49950,1578,1500,313,15000
1787551917274,49950,1578,1500,313,15000
1787551917375,49950,1578,1500,313,15000
1787551917475,49950,1578,1500,313,15000
1787551917574,49950,1578,1500,313,15000
1787551917674,49950,1578,1500,313,15000
1787551917774,49950,1578,1500,313,15000
1787551917874,49950,1578,1500,313,15000
1787551917974,49950,1578,1500,313,15000
1787551918075,49950,1578,1500,313,15000
1787551918174,49950,1578,1500,313,15000
1787551918274,49950,1578,1500,313,15000
1787551918375,49950,1578,1500,313,15000
1787551918474,49950,1578,1500,313,15000
1787551918574,49950,1578,1500,313,15000
1787551918674,49950,1578,1500,313,15000
1787551918775,49950,1578,1500,313,15000
1787551918874,49950,1578,1500,313,15000
1787551918974,49950,1578,1500,313,15000
1787551919074,49950,1578,1500,313,15000
1787551919174,49950,1578,1500,313,15000
1787551919274,49950,1578,1500,313,15000
1787551919374,49950,1578,1500,313,15000
1787551919474,49950,1578,1500,313,15000
1787551919575,49950,1578,1500,313,15000
1787551919675,49950,1578,1500,313,15000
1787551919774,49950,1578,1500,313,15000
1787551919874,49950,1578,1500,313,15000
1787551919974,49950,1578,1500,313,15000
1787551920074,49950,1578,1500,313,15000
1787551920175,49950,1578,1500,313,15000
1787551920275,49950,1578,1500,313,15000
1787551920374,49950,1578,1500,313,15000
1787551920474,49950,1578,1500,313,15000
1787551920575,49950,1578,1500,313,15000
1787551920674,49950,1578,1500,313,15000
1787551920774,49950,1578,1500,313,15000
1787551920874,49950,1578,1500,313,15000
1787551920975,49950,1578,1500,313,15000
1787551921074,49950,1578,1500,313,15000
1787551921174,49950,1578,1500,313,15000
1787551921274,49950,1578,1500,313,15000
1787551921374,49950,1578,1500,313,15000
1787551921474,49950,1578,1500,313,15000
1787551921575,49950,1578,1600,313,15000
1787551921674,49950,1578,1600,313,15000
1787551921774,49950,1578,1600,313,15000
1787551921874,49950,1578,1600,313,15000
1787551921974,49950,1578,1600,313,15000
1787551922074,49950,1578,1600,313,15000
1787551922174,49950,1578,1500,313,15000
1787551922275,49950,1578,1500,313,15000
1787551922374,49950,1578,1500,313,15000
1787551922474,49950,1578,1500,313,15000
1787551922574,49950,1578,1500,313,15000
1787551922675,49950,1578,1500,313,15000
1787551922774,49950,1578,1500,313,15000
1787551922874,49950,1578,1500,313,15000
1787551922974,49950,1578,1500,313,15000
1787551923074,49950,1578,1500,313,15000
1787551923174,49950,1578,1500,313,15000
1787551923274,49950,1578,1500,313,15000
1787551923374,49950,1578,1500,313,15000
1787551923474,49950,1578,1500,313,15000
1787551923574,49950,1578,1500,313,15000
1787551923675,49950,1578,1500,313,15000
1787551923774,49950,1578,1500,313,15000
1787551923875,49950,1578,1500,313,15000
1787551923974,49950,1578,1500,313,15000
1787551924074,49950,1578,1500,313,15000
1787551924175,49950,1578,1500,313,15000
1787551924275,49950,1578,1500,313,15000
1787551924374,49950,1578,1500,313,15000
1787551924474,49950,1578,1500,313,15000
1787551924574,49950,1578,1500,313,15000
1787551924674,49950,1578,1500,313,15000
1787551924774,49950,1578,1500,313,15000
1787551924875,49950,1578,1500,313,15000
1787551924975,49950,1578,1500,313,15000
1787551925074,49950,1578,1500,313,15000
1787551925174,49950,1578,1500,313,15000
1787551925275,49950,1578,1500,313,15000
1787551925375,49950,1578,1500,313,15000
1787551925474,49950,1578,1500,313,15000
1787551925574,49950,1578,1500,313,15000
1787551925674,49950,1578,1500,313,15000
1787551925774,49950,1578,1500,313,15000
1787551925875,49950,1578,1500,313,15000
1787551925974,49950,1578,1500,313,15000
1787551926074,49950,1578,1500,313,15000
1787551926174,49950,1578,1500,313,15000
1787551926274,49950,1578,1500,313,15000
1787551926374,49950,1578,1500,313,15000
1787551926474,49950,1578,1500,313,15000
1787551926574,49950,1578,1500,313,15000
1787551926675,49950,1578,1500,313,15000
1787551926774,49950,1578,1500,313,15000
1787551926874,49950,1578,1500,313,15000
1787551926975,49950,1578,1500,313,15000
1787551927075,49950,1578,1500,313,15000
1787551927174,49950,1578,1500,313,15000
1787551927275,49950,1578,1500,313,15000
1787551927374,49950,1578,1500,313,15000
1787551927474,49950,1578,1500,313,15000
1787551927574,49950,1578,1500,313,15000
1787551927675,49950,1578,1500,313,15000
1787551927774,49950,1578,1500,313,15000
1787551927874,49950,1578,1500,313,15000
1787551927974,49950,1578,1500,313,15000
1787551928074,49950,1578,1500,313,15000
1787551928174,49950,1578,1500,313,15000
1787551928274,49950,1578,1500,313,15000
1787551928375,49950,1578,1500,313,15000
1787551928474,49950,1578,1500,313,15000
1787551928574,49950,1578,1500,313,15000
1787551928674,49950,1578,1500,313,15000
1787551928774,49950,1578,1500,313,15000
1787551928874,49950,1578,1500,313,15000
1787551928974,49950,1578,1500,313,15000
1787551929074,49950,1578,1500,313,15000
1787551929174,49950,1578,1500,313,15000
1787551929274,49950,1578,1500,313,15000
1787551929374,49950,1578,1500,313,15000
1787551929474,49950,1578,1500,313,15000
1787551929574,49950,1578,1500,313,15000
1787551929675,49950,1578,1500,313,15000
1787551929775,49950,1578,1500,313,15000
1787551929874,49950,1578,1500,313,15000
1787551929974,49950,1578,1500,313,15000
1787551930074,49950,1578,1500,313,15000
1787551930174,49950,1578,1500,313,15000
1787551930274,49950,1578,1500,313,15000
1787551930374,49950,1578,1500,313,15000
1787551930475,49950,1578,1500,313,15000
1787551930575,49950,1578,1500,313,15000
1787551930674,49950,1578,1500,313,15000
1787551930774,49950,1578,1500,313,15000
1787551930874,49950,1578,1500,313,15000
1787551930974,49950,1578,1500,313,15000
1787551931075,49950,1578,1500,313,15000
1787551931174,49950,1578,1500,313,15000
1787551931274,49950,1578,1500,313,15000
1787551931374,49950,1578,1500,313,15000
1787551931474,49950,1578,1500,313,15000
1787551931574,49950,1578,1500,313,15000
1787551931674,49950,1578,1500,313,15000
1787551931775,49950,1578,1500,313,15000
1787551931874,49950,1578,1500,313,15000
1787551931974,49950,1578,1500,313,15000
1787551932074,49950,1578,1500,313,15000
1787551932174,49950,1578,1500,313,15000
1787551932274,49950,1578,1500,313,15000
1787551932375,49950,1578,1500,313,15000
1787551932475,49950,1578,1500,313,15000
1787551932575,49950,1578,1500,313,15000
1787551932675,49950,1578,1500,313,15000
1787551932774,49950,1578,1500,313,15000
1787551932874,49950,1578,1500,313,15000
1787551932974,49950,1578,1500,313,15000
1787551933074,49950,1578,1500,313,15000
1787551933174,49950,1578,1500,313,15000
1787551933275,49950,1578,1500,313,15000
1787551933374,49950,1578,1500,313,15000
1787551933474,49950,1578,1500,313,15000
1787551933574,49950,1578,1500,313,15000
1787551933674,49950,1578,1500,313,15000
1787551933774,49950,1578,1500,313,15000
1787551933874,49950,1578,1500,313,15000
1787551933975,49950,1578,1500,313,15000
1787551934074,49950,1578,1500,313,15000
1787551934174,49950,1578,1500,313,15000
1787551934274,49950,1578,1500,313,15000
1787551934374,49950,1578,1500,313,15000
1787551934474,49950,1578,1500,313,15000
1787551934574,49950,1578,1500,313,15000
1787551934675,49950,1578,1500,313,15000
1787551934774,49950,1578,1500,313,15000
1787551934875,49950,1578,1500,313,15000
1787551934974,49950,1578,1500,313,15000
1787551935074,49950,1578,1500,313,15000
1787551935174,49950,1578,1500,313,15000
1787551935274,49950,1578,1500,313,15000
1787551935374,49950,1578,1500,313,15000
1787551935475,49950,1578,1500,313,15000
1787551935574,49950,1578,1500,313,15000
1787551935674,49950,1578,1500,313,15000
1787551935774,49950,1578,1500,313,15000
1787551935875,49950,1578,1500,313,15000
1787551935974,49950,1578,1500,313,15000
1787551936074,49950,1578,1500,313,15000
1787551936175,49950,1578,1500,313,15000
1787551936274,49950,1578,1500,313,15000
1787551936374,49950,1578,1500,313,15000
1787551936474,49950,1578,1500,313,15000
1787551936574,49950,1578,1500,313,15000
1787551936674,49950,1578,1500,313,15000
1787551936774,49950,1578,1500,313,15000
1787551936874,49950,1578,1500,313,15000
1787551936974,49950,1578,1500,313,15000
1787551937074,49950,1578,1500,313,15000
1787551937174,49950,1578,1500,313,15000
1787551937274,49950,1578,1500,313,15000
1787551937375,49950,1578,1500,313,15000
1787551937474,49950,1578,1500,313,15000
1787551937574,49950,1578,1500,313,15000
1787551937674,49950,1578,1500,313,15000
1787551937774,49950,1578,1500,313,15000
1787551937874,49950,1578,1500,313,15000
1787551937974,49950,1578,1500,313,15000
1787551938074,49950,1578,1500,313,15000
1787551938175,49950,1578,1500,313,15000
1787551938275,49950,1578,1500,313,15000
1787551938374,49950,1578,1500,313,15000
1787551938474,49950,1578,1500,313,15000
1787551938574,49950,1578,1500,313,15000
1787551938675,49950,1578,1500,313,15000
1787551938774,49950,1578,1500,313,15000
1787551938874,49950,1578,1500,313,15000
1787551938974,49950,1578,1500,313,15000
1787551939074,49950,1578,1500,313,15000
1787551939174,49950,1578,1500,313,15000
1787551939274,49950,1578,1500,313,15000
1787551939374,49950,1578,1500,313,15000
1787551939475,49950,1578,1500,313,15000
1787551939574,49950,1578,1500,313,15000
1787551939674,49950,1578,1500,313,15000
1787551939774,49950,1578,1500,313,15000
1787551939874,49950,1578,1500,313,15000
1787551939974,49950,1578,1500,313,15000
1787551940074,49950,1578,1500,313,15000
1787551940174,49950,1578,1500,313,15000
1787551940274,49950,1578,1500,313,15000
1787551940374,49950,1578,1500,313,15000
1787551940474,49950,1578,1500,313,15000
1787551940575,49950,1578,1500,313,15000
1787551940675,49950,1578,1500,313,15000
1787551940774,49950,1578,1500,313,15000
1787551940874,49950,1578,1600,313,15000
1787551940974,49950,1578,1600,313,15000
1787551941075,49950,1578,1600,313,15000
1787551941174,49950,1578,1600,313,15000
1787551941274,49950,1578,1600,313,15000
1787551941375,49950,1578,1600,313,15000
1787551941474,49950,1578,1500,313,15000
1787551941574,49950,1578,1500,313,15000
1787551941674,49950,1578,1500,313,15000
1787551941774,49950,1578,1500,313,15000
1787551941874,49950,1578,1500,313,15000
1787551941974,49950,1578,1500,313,15000
1787551942074,49950,1578,1500,313,15000
1787551942174,49950,1578,1500,313,15000
1787551942274,49950,1578,1500,313,15000
1787551942374,49950,1578,1500,313,15000
1787551942474,49950,1578,1500,313,15000
1787551942574,49950,1578,1500,313,15000
1787551942674,49950,1578,1500,313,15000
1787551942774,49950,1578,1500,313,15000
1787551942874,49950,1578,1500,313,15000
1787551942974,49950,1578,1500,313,15000
1787551943074,49950,1578,1500,313,15000
1787551943174,49950,1578,1500,313,15000
1787551943274,49950,1578,1500,313,15000
1787551943374,49950,1578,1600,313,15000
1787551943474,49950,1578,1600,313,15000
1787551943574,49950,1578,1600,313,15000
1787551943674,49950,1578,1600,313,15000
1787551943774,49950,1578,1600,313,15000
1787551943874,49950,1578,1600,313,15000
1787551943975,49950,1578,1600,313,15000
1787551944074,49950,1578,1600,313,15000
1787551944174,49950,1578,1600,313,15000
1787551944274,49950,1578,1600,313,15000
1787551944375,49950,1578,1600,313,15000
1787551944475,49950,1578,1600,313,15000
1787551944574,49950,1578,1500,313,15000
1787551944675,49950,1578,1500,313,15000
1787551944774,49950,1578,1500,313,15000
1787551944874,49950,1578,1500,313,15000
1787551944974,49950,1578,1500,313,15000
1787551945074,49950,1578,1500,313,15000
1787551945174,49950,1578,1500,313,15000
1787551945274,49950,1578,1500,313,15000
1787551945374,49950,1578,1500,313,15000
1787551945474,49950,1578,1500,313,15000
1787551945574,49950,1578,1500,313,15000
1787551945674,49950,1578,1500,313,15000
1787551945774,49950,1578,1500,313,15000
1787551945874,49950,1578,1500,313,15000
1787551945974,49950,1578,1500,313,15000
1787551946074,49950,1578,1500,313,15000
1787551946174,49950,1578,1500,313,15000
1787551946274,49950,1578,1600,313,15000
1787551946374,49950,1578,1600,313,15000
1787551946474,49950,1578,1600,313,15000
1787551946574,49950,1578,1600,313,15000
1787551946674,49950,1578,1600,313,15000
1787551946774,49950,1578,1600,313,15000
1787551946874,49950,1578,1500,313,15000
1787551946974,49950,1578,1500,313,15000
1787551947074,49950,1578,1500,313,15000
1787551947175,49950,1578,1500,313,15000
1787551947274,49950,1578,1500,313,15000
1787551947374,49950,1578,1500,313,15000
1787551947474,49950,1578,1500,313,15000
1787551947574,49950,1578,1500,313,15000
1787551947674,49950,1578,1500,313,15000
1787551947774,49950,1578,1500,313,15000
1787551947874,49950,1578,1500,313,15000
1787551947974,49950,1578,1500,313,15000
1787551948074,49950,1578,1500,313,15000
1787551948175,49950,1578,1500,313,15000
1787551948274,49950,1578,1500,313,15000
1787551948374,49950,1578,1500,313,15000
1787551948474,49950,1578,1500,313,15000
1787551948574,49950,1578,1500,313,15000
1787551948674,49950,1578,1500,313,15000
1787551948774,49950,1578,1500,313,15000
1787551948874,49950,1578,1500,313,15000
1787551948974,49950,1578,1500,313,15000
1787551949074,49950,1578,1500,313,15000
1787551949174,49950,1578,1500,313,15000
1787551949274,49950,1578,1500,313,15000
1787551949374,49950,1578,1500,313,15000
1787551949474,49950,1578,1500,313,15000
1787551949575,49950,1578,1500,313,15000
1787551949674,49950,1578,1500,313,15000
1787551949774,49950,1578,1500,313,15000
1787551949874,49950,1578,1500,313,15000
1787551949974,49950,1578,1500,313,15000
1787551950074,49950,1578,1500,313,15000
1787551950174,49950,1578,1500,313,15000
1787551950274,49950,1578,1500,313,15000
1787551950374,49950,1578,1500,313,15000
1787551950475,49950,1578,1600,313,15000
1787551950574,49950,1578,1600,313,15000
1787551950674,49950,1578,1600,313,15000
1787551950774,49950,1578,1600,313,15000
1787551950874,49950,1578,1600,313,15000
1787551950974,49950,1578,1600,313,15000
1787551951074,49950,1578,1600,313,15000
1787551951175,49950,1578,1500,313,15000
1787551951275,49950,1578,1500,313,15000
1787551951374,49950,1578,1500,313,15000
1787551951474,49950,1578,1500,313,15000
1787551951574,49950,1578,1500,313,15000
1787551951675,49950,1578,1500,313,15000
1787551951774,49950,1578,1500,313,15000
1787551951874,49950,1578,1500,313,15000
1787551951974,49950,1578,1500,313,15000
1787551952075,49950,1578,1500,313,15000
1787551952174,49950,1578,1500,313,15000
1787551952274,49950,1578,1500,313,15000
1787551952374,49950,1578,1500,313,15000
1787551952474,49950,1578,1500,313,15000
1787551952574,49950,1578,1500,313,15000
1787551952674,49950,1578,1500,313,15000
1787551952774,49950,1578,1500,313,15000
1787551952875,49950,1578,1500,313,15000
1787551952975,49950,1578,1600,313,15000
1787551953074,49950,1578,1600,313,15000
1787551953174,49950,1578,1600,313,15000
1787551953275,49950,1578,1600,313,15000
1787551953375,49950,1578,1600,313,15000
1787551953474,49950,1578,1600,313,15000
1787551953574,49950,1578,1500,313,15000
1787551953675,49950,1578,1500,313,15000
1787551953774,49950,1578,1500,313,15000
1787551953874,49950,1578,1500,313,15000
1787551953974,49950,1578,1500,313,15000
1787551954074,49950,1578,1500,313,15000
1787551954174,49950,1578,1500,313,15000
1787551954274,49950,1578,1500,313,15000
1787551954374,49950,1578,1500,313,15000
1787551954474,49950,1578,1500,313,15000
1787551954574,49950,1578,1500,313,15000
1787551954674,49950,1578,1500,313,15000
1787551954774,49950,1578,1500,313,15000
1787551954874,49950,1578,1500,313,15000
1787551954975,49950,1578,1500,313,15000
1787551955074,49950,1578,1500,313,15000
1787551955174,49950,1578,1500,313,15000
1787551955275,49950,1578,1500,313,15000
1787551955374,49950,1578,1500,313,15000
1787551955474,49950,1578,1500,313,15000
1787551955575,49950,1578,1500,313,15000
1787551955674,49950,1578,1500,313,15000
1787551955775,49950,1578,1500,313,15000
1787551955874,49950,1578,1500,313,15000
1787551955974,49950,1578,1500,313,15000
1787551956075,49950,1578,1500,313,15000
1787551956174,49950,1578,1500,313,15000
1787551956274,49950,1578,1500,313,15000
1787551956374,49950,1578,1500,313,15000
1787551956474,49950,1578,1500,313,15000
1787551956575,49950,1578,1500,313,15000
1787551956674,49950,1578,1500,313,15000
1787551956775,49950,1578,1500,313,15000
1787551956875,49950,1578,1500,313,15000
1787551956974,49950,1578,1500,313,15000
1787551957074,49950,1578,1500,313,15000
1787551957174,49950,1578,1500,313,15000
1787551957274,49950,1578,1500,313,15000
1787551957374,49950,1578,1500,313,15000
1787551957474,49950,1578,1500,313,15000
1787551957574,49950,1578,1500,313,15000
1787551957674,49950,1578,1500,313,15000
1787551957775,49950,1578,1500,313,15000
1787551957874,49950,1578,1500,313,15000
1787551957975,49950,1578,1500,313,15000
1787551958074,49950,1578,1500,313,15000
1787551958175,49950,1578,1500,313,15000
1787551958275,49950,1578,1500,313,15000
1787551958374,49950,1578,1500,313,15000
1787551958474,49950,1578,1500,313,15000
1787551958575,49950,1578,1500,313,15000
1787551958674,49950,1578,1500,313,15000
1787551958774,49950,1578,1500,313,15000
1787551958874,49950,1578,1500,313,15000
1787551958974,49950,1578,1500,313,15000
1787551959074,49950,1578,1500,313,15000
1787551959174,49950,1578,1500,313,15000
1787551959274,49950,1578,1500,313,15000
1787551959374,49950,1578,1500,313,15000
1787551959474,49950,1578,1500,313,15000
1787551959574,49950,1578,1500,313,15000
1787551959675,49950,1578,1500,313,15000
1787551959774,49950,1578,1500,313,15000
1787551959874,49950,1578,1500,313,15000
1787551959975,49950,1578,1500,313,15000
1787551960074,49950,1578,1500,313,15000
1787551960174,49950,1578,1500,313,15000
1787551960274,49950,1578,1500,313,15000
1787551960375,49950,1578,1500,313,15000
1787551960475,49950,1578,1500,313,15000
1787551960574,49950,1578,1500,313,15000
1787551960674,49950,1578,1500,313,15000
1787551960774,49950,1578,1500,313,15000
1787551960874,49950,1578,1500,313,15000
1787551960974,49950,1578,1500,313,15000
1787551961074,49950,1578,1500,313,15000
1787551961175,49950,1578,1500,313,15000
1787551961274,49950,1578,1500,313,15000
1787551961374,49950,1578,1500,313,15000
1787551961474,49950,1578,1500,313,15000
1787551961574,49950,1578,1500,313,15000
1787551961674,49950,1578,1500,313,15000
1787551961775,49950,1578,1500,313,15000
1787551961874,49950,1578,1500,313,15000
1787551961975,49950,1578,1500,313,15000
1787551962074,49950,1578,1500,313,15000
1787551962174,49950,1578,1500,313,15000
1787551962275,49950,1578,1500,313,15000
1787551962374,49950,1578,1500,313,15000
1787551962474,49950,1578,1500,313,15000
1787551962574,49950,1578,1500,313,15000
1787551962674,49950,1578,1500,313,15000
1787551962774,49950,1578,1500,313,15000
1787551962874,49950,1578,1500,313,15000
1787551962974,49950,1578,1500,313,15000
1787551963074,49950,1578,1500,313,15000
1787551963175,49950,1578,1500,313,15000
1787551963275,49950,1578,1500,313,15000
1787551963374,49950,1578,1500,313,15000
1787551963474,49950,1578,1500,313,15000
1787551963574,49950,1578,1500,313,15000
1787551963675,49950,1578,1500,313,15000
1787551963774,49950,1578,1500,313,15000
1787551963874,49950,1578,1500,313,15000
1787551963974,49950,1578,1500,313,15000
1787551964074,49950,1578,1500,313,15000
1787551964174,49950,1578,1500,313,15000
1787551964274,49950,1578,1500,313,15000
1787551964375,49950,1578,1500,313,15000
1787551964474,49950,1578,1500,313,15000
1787551964574,49950,1578,1500,313,15000
1787551964674,49950,1578,1500,313,15000
1787551964774,49950,1578,1500,313,15000
1787551964874,49950,1578,1500,313,15000
1787551964974,49950,1578,1500,313,15000
1787551965075,49950,1578,1500,313,15000
1787551965174,49950,1578,1600,313,15000
1787551965274,49950,1578,1600,313,15000
1787551965375,49950,1578,1600,313,15000
1787551965474,49950,1578,1600,313,15000
1787551965574,49950,1578,1600,313,15000
1787551965674,49950,1578,1600,313,15000
1787551965774,49950,1578,1500,313,15000
1787551965874,49950,1578,1500,313,15000
1787551965974,49950,1578,1500,313,15000
1787551966074,49950,1578,1500,313,15000
1787551966174,49950,1578,1500,313,15000
1787551966274,49950,1578,1500,313,15000
1787551966374,49950,1578,1500,313,15000
1787551966474,49950,1578,1500,313,15000
1787551966575,49950,1578,1500,313,15000
1787551966674,49950,1578,1500,313,15000
1787551966775,49950,1578,1500,313,15000
1787551966874,49950,1578,1500,313,15000
1787551966974,49950,1578,1500,313,15000
1787551967074,49950,1578,1500,313,15000
1787551967174,49950,1578,1500,313,15000
1787551967274,49950,1578,1500,313,15000
1787551967374,49950,1578,1500,313,15000
1787551967474,49950,1578,1500,313,15000
1787551967574,49950,1578,1500,313,15000
1787551967674,49950,1578,1500,313,15000
1787551967774,49950,1578,1500,313,15000
1787551967874,49950,1578,1500,313,15000
1787551967974,49950,1578,1500,313,15000
1787551968075,49950,1578,1600,313,15000
1787551968174,49950,1578,1600,313,15000
1787551968274,49950,1578,1600,313,15000
1787551968374,49950,1578,1600,313,15000
1787551968474,49950,1578,1600,313,15000
1787551968575,49950,1578,1600,313,15000
1787551968674,49950,1578,1500,313,15000
1787551968774,49950,1578,1500,313,15000
1787551968875,49950,1578,1500,313,15000
1787551968974,49950,1578,1500,313,15000
1787551969074,49950,1578,1500,313,15000
1787551969174,49950,1578,1500,313,15000
1787551969274,49950,1578,1500,313,15000
1787551969374,49950,1578,1500,313,15000
1787551969474,49950,1578,1500,313,15000
1787551969574,49950,1578,1500,313,15000
1787551969674,49950,1578,1500,313,15000
1787551969774,49950,1578,1500,313,15000
1787551969875,49950,1578,1500,313,15000
1787551969974,49950,1578,1500,313,15000
1787551970074,49950,1578,1500,313,15000
1787551970174,49950,1578,1500,313,15000
1787551970274,49950,1578,1500,313,15000
1787551970374,49950,1578,1500,313,15000
1787551970474,49950,1578,1500,313,15000
1787551970574,49950,1578,1500,313,15000
1787551970675,49950,1578,1500,313,15000
1787551970774,49950,1578,1500,313,15000
1787551970874,49950,1578,1500,313,15000
1787551970974,49950,1578,1500,313,15000
1787551971075,49950,1578,1500,313,15000
1787551971175,49950,1578,1500,313,15000
1787551971274,49950,1578,1500,313,15000
1787551971374,49950,1578,1500,313,15000
1787551971475,49950,1578,1500,313,15000
1787551971574,49950,1578,1500,313,15000
1787551971674,49950,1578,1600,313,15000
1787551971774,49950,1578,1600,313,15000
1787551971875,49950,1578,1600,313,15000
1787551971974,49950,1578,1600,313,15000
1787551972074,49950,1578,1600,313,15000
1787551972174,49950,1578,1600,313,15000
1787551972274,49950,1578,1500,313,15000
1787551972374,49950,1578,1500,313,15000
1787551972474,49950,1578,1500,313,15000
1787551972574,49950,1578,1500,313,15000
1787551972674,49950,1578,1500,313,15000
1787552456439,49950,0,0,313,15000
1787552456536,49950,0,0,313,15000
1787552456637,49950,0,0,313,15000
1787552456736,49950,0,0,313,15000
1787552456836,49950,0,0,313,15000
1787552456936,49950,0,0,313,15000
1787552457036,49950,0,0,313,15000
1787552457136,49950,0,0,313,15000
1787552457236,49950,0,0,313,15000
1787552457337,49950,0,0,313,15000
1787552457436,49950,0,0,313,15000
1787552457536,49950,0,0,313,15000
1787552458784,49950,0,0,313,15000
1787552458884,49950,0,0,313,15000
1787552458984,49950,0,0,313,15000
1787552459084,49950,0,0,313,15000
1787552459184,49950,0,0,313,15000
1787552459284,49950,0,0,313,15000
1787552459385,49950,0,0,313,15000
1787552459489,49950,0,0,313,15000
1787552459591,49950,0,0,313,15000
1787552459691,49950,0,0,313,15000
1787552459790,49950,0,0,313,15000
1787552459891,49950,0,0,313,15000
1787552459990,49950,0,0,313,15000
1787552460090,49950,0,0,313,15000
1787552460208,49950,0,0,313,15000
1787552460309,49950,0,0,313,15000
1787552460409,49950,0,0,313,15000
1787552460509,49950,0,0,313,15000
1787552460609,49950,0,0,313,15000
1787552460709,49950,0,0,313,15000
1787552460809,49950,0,0,313,15000
1787552460909,49950,0,0,313,15000
1787552461010,49950,0,0,313,15000
1787552461110,49950,0,0,313,15000
1787552461209,49950,0,0,313,15000
1787552461309,49950,1578,0,313,15000
1787552461409,49950,1578,0,313,15000
1787552461509,49950,1578,0,313,15000
1787552461609,49950,1578,600,313,15000
1787552461710,49950,1578,600,313,15000
1787552461810,49950,1578,600,313,15000
1787552461909,49950,1578,600,313,15000
1787552462009,49950,1578,600,313,15000
1787552462109,49950,1578,600,313,15000
1787552462210,49950,1578,1500,313,15000
1787552462309,49950,1578,1500,313,15000
1787552462409,49950,1578,1500,313,15000
1787552462509,49950,1578,1500,313,15000
1787552462609,49950,1578,1500,313,15000
1787552462710,49950,1578,1500,313,15000
1787552462810,49950,1578,1500,313,15000
1787552462910,49950,1578,1500,313,15000
1787552463009,49950,1578,1500,313,15000
1787552463110,49950,1578,1500,313,15000
1787552463210,49950,1578,1500,313,15000
1787552463309,49950,1578,1500,313,15000
1787552463409,49950,1578,1500,313,15000
1787552463509,49950,1578,1500,313,15000
1787552463610,49950,1578,1500,313,15000
1787552463710,49950,1578,1500,313,15000
1787552463809,49950,1578,1500,313,15000
1787552463910,49950,1578,1500,313,15000
1787552464010,49950,1578,1500,313,15000
1787552464109,49950,1578,1500,313,15000
1787552464210,49950,1578,1500,313,15000
1787552464309,49950,1578,1500,313,15000
1787552464410,49950,1578,1500,313,15000
1787552464509,49950,1578,1500,313,15000
1787552464609,49950,1578,1500,313,15000
1787552464709,49950,1578,1500,313,15000
1787552464809,49950,1578,1500,313,15000
1787552464910,49950,1578,1500,313,15000
1787552465009,49950,1578,1500,313,15000
1787552465109,49950,1578,1500,313,15000
1787552465210,49950,1578,1500,313,15000
1787552465309,49950,1578,1500,313,15000
1787552465409,49950,1578,1500,313,15000
1787552465510,49950,1578,1500,313,15000
1787552465609,49950,1578,1500,313,15000
1787552465709,49950,1578,1500,313,15000
1787552465810,49950,1578,1500,313,15000
1787552465910,49950,1578,1500,313,15000
1787552466009,49950,1578,1500,313,15000
1787552466109,49950,1578,1500,313,15000
1787552466209,49950,1578,1500,313,15000
1787552466309,49950,1578,1500,313,15000
1787552466409,49950,1578,1500,313,15000
1787552466509,49950,1578,1500,313,15000
1787552466609,49950,1578,1500,313,15000
1787552466710,49950,1578,1500,313,15000
1787552466809,49950,1578,1500,313,15000
1787552466910,49950,1578,1500,313,15000
1787552467009,49950,1578,1500,313,15000
1787552467109,49950,1578,1500,313,15000
1787552467209,49950,1578,1500,313,15000
1787552467309,49950,1578,1500,313,15000
1787552467410,49950,1578,1500,313,15000
1787552467509,49950,1578,1500,313,15000
1787552467610,49950,1578,1500,313,15000
1787552467709,49950,1578,1500,313,15000
1787552467809,49950,1578,1500,313,15000
1787552467909,49950,1578,1500,313,15000
1787552468009,49950,1578,1500,313,15000
1787552468109,49950,1578,1500,313,15000
1787552468210,49950,1578,1500,313,15000
1787552468309,49950,1578,1500,313,15000
1787552468409,49950,1578,1500,313,15000
1787552468510,49950,1578,1500,313,15000
1787552468609,49950,1578,1500,313,15000
1787552468709,49950,1578,1500,313,15000
1787552468809,49950,1578,1500,313,15000
1787552468909,49950,1578,1500,313,15000
1787552469010,49950,1578,1500,313,15000
1787552469110,49950,1578,1500,313,15000
1787552469209,49950,1578,1500,313,15000
1787552469310,49950,1578,1500,313,15000
1787552469410,49950,1578,1500,313,15000
1787552469510,49950,1578,1500,313,15000
1787552469609,49950,1578,1500,313,15000
1787552469710,49950,1578,1500,313,15000
1787552469809,49950,1578,1500,313,15000
1787552469909,49950,1578,1500,313,15000
1787552470009,49950,1578,1500,313,15000
1787552470109,49950,1578,1500,313,15000
1787552470210,49950,1578,1500,313,15000
1787552470309,49950,1578,1500,313,15000
1787552470410,49950,1578,1500,313,15000
1787552470509,49950,1578,1500,313,15000
1787552470610,49950,1578,1500,313,15000
1787552470710,49950,1578,1500,313,15000
1787552470809,49950,1578,1500,313,15000
1787552470910,49950,1578,1500,313,15000
1787552471010,49950,1578,1500,313,15000
1787552471110,49950,1578,1500,313,15000
1787552471209,49950,1578,1500,313,15000
1787552471309,49950,1578,1500,313,15000
1787552471409,49950,1578,1500,313,15000
1787552471510,49950,1578,1500,313,15000
1787552471609,49950,1578,1500,313,15000
1787552471709,49950,1578,1500,313,15000
1787552471810,49950,1578,1500,313,15000
1787552471909,49950,1578,1500,313,15000
1787552472009,49950,1578,1500,313,15000
1787552472109,49950,1578,1500,313,15000
1787552472209,49950,1578,1500,313,15000
1787552472309,49950,1578,1500,313,15000
1787552472410,49950,1578,1500,313,15000
1787552472509,49950,1578,1500,313,15000
1787552472609,49950,1578,1500,313,15000
1787552472710,49950,1578,1500,313,15000
1787552472809,49950,1578,1500,313,15000
1787552472909,49950,1578,1500,313,15000
1787552473009,49950,1578,1500,313,15000
1787552473109,49950,1578,1500,313,15000
1787552473209,49950,1578,1500,313,15000
1787552473309,49950,1578,1500,313,15000
1787552473409,49950,1578,1500,313,15000
1787552473509,49950,1578,1500,313,15000
1787552473609,49950,1578,1500,313,15000
1787552473709,49950,1578,1500,313,15000
1787552473809,49950,1578,1500,313,15000
1787552473910,49950,1578,1500,313,15000
1787552474009,49950,1578,1500,313,15000
1787552474109,49950,1578,1500,313,15000
1787552474210,49950,1578,1500,313,15000
1787552474309,49950,1578,1500,313,15000
1787552474409,49950,1578,1500,313,15000
1787552474509,49950,1578,1500,313,15000
1787552474609,49950,1578,1500,313,15000
1787552474709,49950,1578,1500,313,15000
1787552474810,49950,1578,1500,313,15000
1787552474910,49950,1578,1500,313,15000
1787552475009,49950,1578,1500,313,15000
1787552475109,49950,1578,1500,313,15000
1787552475209,49950,1578,1500,313,15000
1787552475310,49950,1578,1500,313,15000
1787552475409,49950,1578,1500,313,15000
1787552475509,49950,1578,1500,313,15000
1787552475610,49950,1578,1500,313,15000
1787552475709,49950,1578,1500,313,15000
1787552475809,49950,1578,1500,313,15000
1787552475909,49950,1578,1500,313,15000
1787552476009,49950,1578,1500,313,15000
1787552476109,49950,1578,1500,313,15000
1787552476209,49950,1578,1500,313,15000
1787552476309,49950,1578,1500,313,15000
1787552476409,49950,1578,1500,313,15000
1787552476510,49950,1578,1500,313,15000
1787552476609,49950,1578,1500,313,15000
1787552476709,49950,1578,1500,313,15000
1787552476810,49950,1578,1600,313,15000
1787552476910,49950,1578,1600,313,15000
1787552477009,49950,1578,1600,313,15000
1787552477110,49950,1578,1600,313,15000
1787552477209,49950,1578,1600,313,15000
1787552477310,49950,1578,1600,313,15000
1787552477409,49950,1578,1500,313,15000
1787552477510,49950,1578,1500,313,15000
1787552477609,49950,1578,1500,313,15000
1787552477709,49950,1578,1500,313,15000
1787552477810,49950,1578,1500,313,15000
1787552477910,49950,1578,1500,313,15000
1787552478010,49950,1578,1500,313,15000
1787552478109,49950,1578,1500,313,15000
1787552478209,49950,1578,1500,313,15000
1787552478309,49950,1578,1500,313,15000
1787552478409,49950,1578,1500,313,15000
1787552478509,49950,1578,1500,313,15000
1787552478609,49950,1578,1500,313,15000
1787552478709,49950,1578,1500,313,15000
1787552478809,49950,1578,1500,313,15000
1787552478910,49950,1578,1500,313,15000
1787552479009,49950,1578,1500,313,15000
1787552479109,49950,1578,1500,313,15000
1787552479209,49950,1578,1500,313,15000
1787552479309,49950,1578,1500,313,15000
1787552479409,49950,1578,1500,313,15000
1787552479509,49950,1578,1500,313,15000
1787552479609,49950,1578,1500,313,15000
1787552479710,49950,1578,1500,313,15000
1787552479809,49950,1578,1600,313,15000
1787552479909,49950,1578,1600,313,15000
1787552480010,49950,1578,1600,313,15000
1787552480109,49950,1578,1600,313,15000
1787552480210,49950,1578,1600,313,15000
1787552480309,49950,1578,1600,313,15000
1787552480409,49950,1578,1500,313,15000
1787552480509,49950,1578,1500,313,15000
1787552480610,49950,1578,1500,313,15000
1787552480709,49950,1578,1500,313,15000
1787552480810,49950,1578,1500,313,15000
1787552480910,49950,1578,1500,313,15000
1787552481009,49950,1578,1500,313,15000
1787552481109,49950,1578,1500,313,15000
1787552481209,49950,1578,1500,313,15000
1787552481310,49950,1578,1500,313,15000
1787552481410,49950,1578,1500,313,15000
1787552481509,49950,1578,1500,313,15000
1787552481610,49950,1578,1500,313,15000
1787552481709,49950,1578,1500,313,15000
1787552481809,49950,1578,1500,313,15000
1787552481910,49950,1578,1500,313,15000
1787552482009,49950,1578,1500,313,15000
1787552482109,49950,1578,1500,313,15000
1787552482209,49950,1578,1500,313,15000
1787552482309,49950,1578,1500,313,15000
1787552482409,49950,1578,1500,313,15000
1787552482509,49950,1578,1500,313,15000
1787552482609,49950,1578,1500,313,15000
1787552482709,49950,1578,1500,313,15000
1787552482810,49950,1578,1500,313,15000
1787552482910,49950,1578,1500,313,15000
1787552483010,49950,1578,1500,313,15000
1787552483110,49950,1578,1500,313,15000
1787552483209,49950,1578,1500,313,15000
1787552483309,49950,1578,1500,313,15000
1787552483410,49950,1578,1500,313,15000
1787552483509,49950,1578,1500,313,15000
1787552483609,49950,1578,1500,313,15000
1787552483710,49950,1578,1500,313,15000
1787552483809,49950,1578,1500,313,15000
1787552483909,49950,1578,1500,313,15000
1787552484009,49950,1578,1500,313,15000
1787552484109,49950,1578,1500,313,15000
1787552484209,49950,1578,1500,313,15000
1787552484309,49950,1578,1500,313,15000
1787552484410,49950,1578,1500,313,15000
1787552484509,49950,1578,1500,313,15000
1787552484610,49950,1578,1500,313,15000
1787552484709,49950,1578,1500,313,15000
1787552484809,49950,1578,1500,313,15000
1787552484910,49950,1578,1500,313,15000
1787552485009,49950,1578,1500,313,15000
1787552485110,49950,1578,1500,313,15000
1787552485209,49950,1578,1500,313,15000
1787552485309,49950,1578,1500,313,15000
1787552485409,49950,1578,1500,313,15000
1787552485509,49950,1578,1500,313,15000
1787552485609,49950,1578,1500,313,15000
1787552485710,49950,1578,1500,313,15000
1787552485809,49950,1578,1500,313,15000
1787552485909,49950,1578,1600,313,15000
1787552486009,49950,1578,1600,313,15000
1787552486110,49950,1578,1600,313,15000
1787552486210,49950,1578,1600,313,15000
1787552486309,49950,1578,1600,313,15000
1787552486409,49950,1578,1600,313,15000
1787552486509,49950,1578,1500,313,15000
1787552486609,49950,1578,1500,313,15000
1787552486709,49950,1578,1500,313,15000
1787552486809,49950,1578,1500,313,15000
1787552486909,49950,1578,1500,313,15000
1787552487009,49950,1578,1500,313,15000
1787552487110,49950,1578,1500,313,15000
1787552487209,49950,1578,1500,313,15000
1787552487309,49950,1578,1500,313,15000
1787552487409,49950,1578,1500,313,15000
1787552487509,49950,1578,1500,313,15000
1787552487609,49950,1578,1500,313,15000
1787552487709,49950,1578,1500,313,15000
1787552487810,49950,1578,1500,313,15000
1787552487909,49950,1578,1500,313,15000
1787552488009,49950,1578,1500,313,15000
1787552488109,49950,1578,1500,313,15000
1787552488209,49950,1578,1500,313,15000
1787552488309,49950,1578,1500,313,15000
1787552488409,49950,1578,1500,313,15000
1787552488509,49950,1578,1500,313,15000
1787552488609,49950,1578,1500,313,15000
1787552488709,49950,1578,1500,313,15000
1787552488809,49950,1578,1500,313,15000
1787552488909,49950,1578,1500,313,15000
1787552489009,49950,1578,1500,313,15000
1787552489110,49950,1578,1500,313,15000
1787552489209,49950,1578,1500,313,15000
1787552489309,49950,1578,1500,313,15000
1787552489410,49950,1578,1500,313,15000
1787552489509,49950,1578,1600,313,15000
1787552489609,49950,1578,1600,313,15000
1787552489709,49950,1578,1600,313,15000
1787552489809,49950,1578,1600,313,15000
1787552489910,49950,1578,1600,313,15000
1787552490009,49950,1578,1600,313,15000
1787552490109,49950,1578,1500,313,15000
1787552490210,49950,1578,1500,313,15000
1787552490309,49950,1578,1500,313,15000
1787552490410,49950,1578,1500,313,15000
1787552490510,49950,1578,1500,313,15000
1787552490609,49950,1578,1500,313,15000
1787552490709,49950,1578,1500,313,15000
1787552490809,49950,1578,1500,313,15000
1787552490909,49950,1578,1500,313,15000
1787552491009,49950,1578,1500,313,15000
1787552491110,49950,1578,1500,313,15000
1787552491209,49950,1578,1500,313,15000
1787552491309,49950,1578,1500,313,15000
1787552491409,49950,1578,1500,313,15000
1787552491509,49950,1578,1500,313,15000
1787552491609,49950,1578,1500,313,15000
1787552491709,49950,1578,1500,313,15000
1787552491809,49950,1578,1500,313,15000
1787552491910,49950,1578,1500,313,15000
1787552492010,49950,1578,1500,313,15000
1787552492109,49950,1578,1500,313,15000
1787552492210,49950,1578,1500,313,15000
1787552492309,49950,1578,1500,313,15000
1787552492409,49950,1578,1500,313,15000
1787552492510,49950,1578,1500,313,15000
1787552492609,49950,1578,1600,313,15000
1787552492709,49950,1578,1600,313,15000
1787552492810,49950,1578,1600,313,15000
1787552492909,49950,1578,1600,313,15000
1787552493010,49950,1578,1500,313,15000
1787552493109,49950,1578,1500,313,15000
1787552493210,49950,1578,1500,313,15000
1787552493309,49950,1578,1500,313,15000
1787552493410,49950,1578,1500,313,15000
1787552493509,49950,1578,1500,313,15000
1787552493609,49950,1578,1500,313,15000
1787552493709,49950,1578,1500,313,15000
1787552493809,49950,1578,1500,313,15000
1787552493910,49950,1578,1500,313,15000
1787552494009,49950,1578,1500,313,15000
1787552494109,49950,1578,1500,313,15000
1787552494209,49950,1578,1500,313,15000
1787552494310,49950,1578,1500,313,15000
1787552494409,49950,1578,1500,313,15000
1787552494510,49950,1578,1500,313,15000
1787552494610,49950,1578,1500,313,15000
1787552494709,49950,1578,1500,313,15000
1787552494809,49950,1578,1500,313,15000
1787552494910,49950,1578,1500,313,15000
1787552495009,49950,1578,1500,313,15000
1787552495109,49950,1578,1500,313,15000
1787552495209,49950,1578,1500,313,15000
1787552495309,49950,1578,1500,313,15000
1787552495409,49950,1578,1500,313,15000
1787552495509,49950,1578,1600,313,15000
1787552495609,49950,1578,1600,313,15000
1787552495709,49950,1578,1600,313,15000
1787552495810,49950,1578,1600,313,15000
1787552495910,49950,1578,1600,313,15000
1787552496009,49950,1578,1600,313,15000
1787552496109,49950,1578,1600,313,15000
1787552496209,49950,1578,1500,313,15000
1787552496309,49950,1578,1500,313,15000
1787552496409,49950,1578,1500,313,15000
1787552496509,49950,1578,1500,313,15000
1787552496609,49950,1578,1500,313,15000
1787552496709,49950,1578,1500,313,15000
1787552496810,49950,1578,1500,313,15000
1787552496909,49950,1578,1500,313,15000
1787552497009,49950,1578,1500,313,15000
1787552497109,49950,1578,1500,313,15000
1787552497210,49950,1578,1500,313,15000
1787552497310,49950,1578,1500,313,15000
1787552497410,49950,1578,1500,313,15000
1787552497509,49950,1578,1500,313,15000
1787552497609,49950,1578,1500,313,15000
1787552497709,49950,1578,1500,313,15000
1787552497809,49950,1578,1500,313,15000
1787552497909,49950,1578,1500,313,15000
1787552498009,49950,1578,1500,313,15000
1787552498109,49950,1578,1500,313,15000
1787552498209,49950,1578,1500,313,15000
1787552498309,49950,1578,1500,313,15000
1787552498409,49950,1578,1500,313,15000
1787552498510,49950,1578,1500,313,15000
1787552498609,49950,1578,1500,313,15000
1787552498710,49950,1578,1500,313,15000
1787552498810,49950,1578,1500,313,15000
1787552498909,49950,1578,1500,313,15000
1787552499010,49950,1578,1500,313,15000
1787552499109,49950,1578,1500,313,15000
1787552499209,49950,1578,1500,313,15000
1787552499309,49950,1578,1500,313,15000
1787552499409,49950,1578,1500,313,15000
1787552499510,49950,1578,1500,313,15000
1787552499609,49950,1578,1500,313,15000
1787552499710,49950,1578,1500,313,15000
1787552499809,49950,1578,1500,313,15000
1787552499909,49950,1578,1500,313,15000
1787552500010,49950,1578,1500,313,15000
1787552500109,49950,1578,1500,313,15000
1787552500210,49950,1578,1500,313,15000
1787552500309,49950,1578,1500,313,15000
1787552500409,49950,1578,1500,313,15000
1787552500509,49950,1578,1500,313,15000
1787552500610,49950,1578,1500,313,15000
1787552500709,49950,1578,1500,313,15000
1787552500809,49950,1578,1500,313,15000
1787552500909,49950,1578,1500,313,15000
1787552501009,49950,1578,1500,313,15000
1787552501109,49950,1578,1500,313,15000
1787552501210,49950,1578,1500,313,15000
1787552501309,49950,1578,1500,313,15000
1787552501410,49950,1578,1500,313,15000
1787552501510,49950,1578,1500,313,15000
1787552501609,49950,1578,1500,313,15000
1787552501709,49950,1578,1500,313,15000
1787552501810,49950,1578,1500,313,15000
1787552501909,49950,1578,1500,313,15000
1787552502010,49950,1578,1500,313,15000
1787552502109,49950,1578,1500,313,15000
1787552502210,49950,1578,1500,313,15000
1787552502310,49950,1578,1500,313,15000
1787552502409,49950,1578,1500,313,15000
1787552502509,49950,1578,1500,313,15000
1787552502609,49950,1578,1500,313,15000
1787552502710,49950,1578,1500,313,15000
1787552502810,49950,1578,1500,313,15000
1787552502909,49950,1578,1500,313,15000
1787552503009,49950,1578,1500,313,15000
1787552503110,49950,1578,1500,313,15000
1787552503209,49950,1578,1500,313,15000
1787552503309,49950,1578,1500,313,15000
1787552503410,49950,1578,1500,313,15000
1787552503509,49950,1578,1500,313,15000
1787552503609,49950,1578,1500,313,15000
1787552503710,49950,1578,1500,313,15000
1787552503809,49950,1578,1500,313,15000
1787552503909,49950,1578,1500,313,15000
1787552504009,49950,1578,1500,313,15000
1787552504109,49950,1578,1500,313,15000
1787552504209,49950,1578,1500,313,15000
1787552504309,49950,1578,1500,313,15000
1787552504410,49950,1578,1500,313,15000
1787552504509,49950,1578,1500,313,15000
1787552504609,49950,1578,1500,313,15000
1787552504709,49950,1578,1500,313,15000
1787552504810,49950,1578,1500,313,15000
1787552504909,49950,1578,1500,313,15000
1787552505009,49950,1578,1500,313,15000
1787552505109,49950,1578,1500,313,15000
1787552505209,49950,1578,1500,313,15000
1787552505310,49950,1578,1500,313,15000
1787552505409,49950,1578,1500,313,15000
1787552505510,49950,1578,1500,313,15000
1787552505609,49950,1578,1500,313,15000
1787552505709,49950,1578,1500,313,15000
1787552505810,49950,1578,1600,313,15000
1787552505910,49950,1578,1600,313,15000
1787552506009,49950,1578,1600,313,15000
1787552506109,49950,1578,1600,313,15000
1787552506210,49950,1578,1600,313,15000
1787552506309,49950,1578,1600,313,15000
1787552506410,49950,1578,1500,313,15000
1787552506510,49950,1578,1500,313,15000
1787552506609,49950,1578,1500,313,15000
1787552506709,49950,1578,1500,313,15000
1787552506809,49950,1578,1500,313,15000
1787552506909,49950,1578,1500,313,15000
1787552507009,49950,1578,1500,313,15000
1787552507109,49950,1578,1500,313,15000
1787552507209,49950,1578,1500,313,15000
1787552507309,49950,1578,1500,313,15000
1787552507409,49950,1578,1500,313,15000
1787552507509,49950,1578,1500,313,15000
1787552507610,49950,1578,1500,313,15000
1787552507709,49950,1578,1500,313,15000
1787552507809,49950,1578,1500,313,15000
1787552507910,49950,1578,1500,313,15000
1787552508009,49950,1578,1500,313,15000
1787552508109,49950,1578,1500,313,15000
1787552508209,49950,1578,1500,313,15000
1787552508309,49950,1578,1500,313,15000
1787552508409,49950,1578,1500,313,15000
1787552508510,49950,1578,1500,313,15000
1787552508609,49950,1578,1500,313,15000
1787552508709,49950,1578,1500,313,15000
1787552508809,49950,1578,1500,313,15000
1787552508909,49950,1578,1500,313,15000
1787552509009,49950,1578,1500,313,15000
1787552509110,49950,1578,1500,313,15000
1787552509209,49950,1578,1500,313,15000
1787552509309,49950,1578,1500,313,15000
1787552509409,49950,1578,1500,313,15000
1787552509509,49950,1578,1500,313,15000
1787552509609,49950,1578,1500,313,15000
1787552509709,49950,1578,1500,313,15000
1787552509809,49950,1578,1500,313,15000
1787552509909,49950,1578,1500,313,15000
1787552510009,49950,1578,1500,313,15000
1787552510109,49950,1578,1500,313,15000
1787552510209,49950,1578,1500,313,15000
1787552510309,49950,1578,1500,313,15000
1787552510409,49950,1578,1500,313,15000
1787552510510,49950,1578,1500,313,15000
1787552510610,49950,1578,1500,313,15000
1787552510709,49950,1578,1500,313,15000
1787552510810,49950,1578,1500,313,15000
1787552510909,49950,1578,1500,313,15000
1787552511010,49950,1578,1500,313,15000
1787552511109,49950,1578,1500,313,15000
1787552511209,49950,1578,1500,313,15000
1787552511309,49950,1578,1500,313,15000
1787552511409,49950,1578,1500,313,15000
1787552511509,49950,1578,1500,313,15000
1787552511610,49950,1578,1500,313,15000
1787552511709,49950,1578,1500,313,15000
1787552511809,49950,1578,1500,313,15000
1787552511909,49950,1578,1500,313,15000
1787552512009,49950,1578,1500,313,15000
1787552512109,49950,1578,1500,313,15000
1787552512209,49950,1578,1500,313,15000
1787552512309,49950,1578,1500,313,15000
1787552512409,49950,1578,1500,313,15000
1787552512510,49950,1578,1500,313,15000
1787552512609,49950,1578,1500,313,15000
1787552512710,49950,1578,1500,313,15000
1787552512810,49950,1578,1500,313,15000
1787552512910,49950,1578,1500,313,15000
1787552513010,49950,1578,1500,313,15000
1787552513109,49950,1578,1500,313,15000
1787552513209,49950,1578,1500,313,15000
1787552513309,49950,1578,1500,313,15000
1787552513409,49950,1578,1500,313,15000
1787552513509,49950,1578,1500,313,15000
1787552513609,49950,1578,1500,313,15000
1787552513709,49950,1578,1500,313,15000
1787552513810,49950,1578,1500,313,15000
1787552513909,49950,1578,1500,313,15000
1787552514010,49950,1578,1500,313,15000
1787552514109,49950,1578,1500,313,15000
1787552514209,49950,1578,1500,313,15000
1787552514310,49950,1578,1500,313,15000
1787552514409,49950,1578,1500,313,15000
1787552514509,49950,1578,1500,313,15000
1787552514610,49950,1578,1500,313,15000
1787552514710,49950,1578,1500,313,15000
1787552514809,49950,1578,1500,313,15000
1787552514910,49950,1578,1500,313,15000
1787552515010,49950,1578,1500,313,15000
1787552515110,49950,1578,1500,313,15000
1787552515209,49950,1578,1500,313,15000
1787552515309,49950,1578,1500,313,15000
1787552515409,49950,1578,1500,313,15000
1787552515509,49950,1578,1500,313,15000
1787552515609,49950,1578,1500,313,15000
1787552515710,49950,1578,1500,313,15000
1787552515809,49950,1578,1500,313,15000
1787552515909,49950,1578,1500,313,15000
1787552516009,49950,1578,1500,313,15000
1787552516109,49950,1578,1500,313,15000
1787552516209,49950,1578,1500,313,15000
1787552516309,49950,1578,1500,313,15000
1787552516409,49950,1578,1500,313,15000
1787552516510,49950,1578,1500,313,15000
1787552516609,49950,1578,1600,313,15000
1787552516709,49950,1578,1600,313,15000
1787552516809,49950,1578,1600,313,15000
1787552516909,49950,1578,1600,313,15000
1787552517009,49950,1578,1600,313,15000
1787552517109,49950,1578,1600,313,15000
1787552517209,49950,1578,1600,313,15000
1787552517309,49950,1578,1500,313,15000
1787552517409,49950,1578,1500,313,15000
1787552517510,49950,1578,1500,313,15000
1787552517610,49950,1578,1500,313,15000
1787552517709,49950,1578,1500,313,15000
1787552517810,49950,1578,1500,313,15000
1787552517909,49950,1578,1600,313,15000
1787552518009,49950,1578,1600,313,15000
1787552518109,49950,1578,1600,313,15000
1787552518209,49950,1578,1600,313,15000
1787552518309,49950,1578,1600,313,15000
1787552518409,49950,1578,1600,313,15000
1787552518510,49950,1578,1500,313,15000
1787552518609,49950,1578,1500,313,15000
1787552518709,49950,1578,1500,313,15000
1787552518809,49950,1578,1500,313,15000
1787552518909,49950,1578,1500,313,15000
1787552519010,49950,1578,1500,313,15000
1787552519109,49950,1578,1500,313,15000
1787552519209,49950,1578,1500,313,15000
1787552519309,49950,1578,1500,313,15000
1787552519410,49950,1578,1500,313,15000
1787552519509,49950,1578,1500,313,15000
1787552519609,49950,1578,1500,313,15000
1787552519709,49950,1578,1500,313,15000
1787552519809,49950,1578,1500,313,15000
1787552519909,49950,1578,1500,313,15000
1787552520010,49950,1578,1500,313,15000
1787552520109,49950,1578,1500,313,15000
1787552520209,49950,1578,1500,313,15000
1787552520309,49950,1578,1500,313,15000
1787552520409,49950,1578,1500,313,15000
1787552520510,49950,1578,1500,313,15000
1787552520609,49950,1578,1500,313,15000
1787552520709,49950,1578,1500,313,15000
1787552520809,49950,1578,1500,313,15000
1787552520910,49950,1578,1500,313,15000
1787552521009,49950,1578,1500,313,15000
1787552521109,49950,1578,1500,313,15000
1787552521209,49950,1578,1500,313,15000
1787552521309,49950,1578,1500,313,15000
1787552521410,49950,1578,1500,313,15000
1787552521509,49950,1578,1500,313,15000
1787552521609,49950,1578,1500,313,15000
1787552521710,49950,1578,1500,313,15000
1787552521809,49950,1578,1500,313,15000
1787552521909,49950,1578,1500,313,15000
1787552522010,49950,1578,1500,313,15000
1787552522109,49950,1578,1500,313,15000
1787552522209,49950,1578,1500,313,15000
1787552522309,49950,1578,1500,313,15000
1787552522409,49950,1578,1500,313,15000
1787552522509,49950,1578,1500,313,15000
1787552522609,49950,1578,1500,313,15000
1787552522709,49950,1578,1600,313,15000
1787552522809,49950,1578,1600,313,15000
1787552522910,49950,1578,1600,313,15000
1787552523009,49950,1578,1600,313,15000
1787552523109,49950,1578,1600,313,15000
1787552523209,49950,1578,1600,313,15000
1787552523309,49950,1578,1600,313,15000
1787552523409,49950,1578,1500,313,15000
1787552523509,49950,1578,1500,313,15000
1787552523609,49950,1578,1500,313,15000
1787552523709,49950,1578,1500,313,15000
1787552523810,49950,1578,1500,313,15000
1787552523909,49950,1578,1500,313,15000
1787552524010,49950,1578,1500,313,15000
1787552524109,49950,1578,1500,313,15000
1787552524209,49950,1578,1500,313,15000
1787552524309,49950,1578,1500,313,15000
1787552524410,49950,1578,1500,313,15000
1787552524509,49950,1578,1500,313,15000
1787552524610,49950,1578,1500,313,15000
1787552524709,49950,1578,1500,313,15000
1787552524810,49950,1578,1500,313,15000
1787552524909,49950,1578,1500,313,15000
1787552525009,49950,1578,1500,313,15000
1787552525110,49950,1578,1500,313,15000
1787552525209,49950,1578,1500,313,15000
1787552525310,49950,1578,1500,313,15000
1787552525409,49950,1578,1500,313,15000
1787552525509,49950,1578,1500,313,15000
1787552525609,49950,1578,1500,313,15000
1787552525709,49950,1578,1500,313,15000
1787552525810,49950,1578,1500,313,15000
1787552525909,49950,1578,1500,313,15000
1787552526009,49950,1578,1500,313,15000
1787552526109,49950,1578,1500,313,15000
1787552526210,49950,1578,1500,313,15000
1787552526309,49950,1578,1500,313,15000
1787552526409,49950,1578,1500,313,15000
1787552526509,49950,1578,1500,313,15000
1787552526610,49950,1578,1500,313,15000
1787552526709,49950,1578,1500,313,15000
1787552526810,49950,1578,1500,313,15000
1787552526909,49950,1578,1600,313,15000
1787552527009,49950,1578,1600,313,15000
1787552527110,49950,1578,1600,313,15000
1787552527209,49950,1578,1600,313,15000
1787552527309,49950,1578,1600,313,15000
1787552527409,49950,1578,1600,313,15000
1787552527509,49950,1578,1600,313,15000
1787552527609,49950,1578,1500,313,15000
1787552527710,49950,1578,1500,313,15000
1787552527810,49950,1578,1500,313,15000
1787552527909,49950,1578,1500,313,15000
1787552528009,49950,1578,1500,313,15000
1787552528109,49950,1578,1500,313,15000
1787552528209,49950,1578,1500,313,15000
1787552528309,49950,1578,1500,313,15000
1787552528410,49950,1578,1500,313,15000
1787552528509,49950,1578,1500,313,15000
1787552528609,49950,1578,1500,313,15000
1787552528709,49950,1578,1500,313,15000
1787552528810,49950,1578,1500,313,15000
1787552528909,49950,1578,1500,313,15000
1787552529009,49950,1578,1500,313,15000
1787552529109,49950,1578,1500,313,15000
1787552529210,49950,1578,1500,313,15000
1787552529309,49950,1578,1500,313,15000
1787552529409,49950,1578,1500,313,15000
1787552529510,49950,1578,1500,313,15000
1787552529610,49950,1578,1500,313,15000
1787552529709,49950,1578,1500,313,15000
1787552529809,49950,1578,1500,313,15000
1787552529909,49950,1578,1500,313,15000
1787552530010,49950,1578,1500,313,15000
1787552530110,49950,1578,1500,313,15000
1787552530209,49950,1578,1500,313,15000
1787552530309,49950,1578,1500,313,15000
1787552530409,49950,1578,1500,313,15000
1787552530509,49950,1578,1500,313,15000
1787552530609,49950,1578,1500,313,15000
1787552530709,49950,1578,1500,313,15000
1787552530809,49950,1578,1500,313,15000
1787552530909,49950,1578,1500,313,15000
1787552531009,49950,1578,1500,313,15000
1787552531110,49950,1578,1500,313,15000
1787552531210,49950,1578,1500,313,15000
1787552531309,49950,1578,1500,313,15000
1787552531410,49950,1578,1500,313,15000
1787552531509,49950,1578,1500,313,15000
1787552531609,49950,1578,1500,313,15000
1787552531710,49950,1578,1500,313,15000
1787552531809,49950,1578,1600,313,15000
1787552531909,49950,1578,1600,313,15000
1787552532009,49950,1578,1600,313,15000
1787552532109,49950,1578,1600,313,15000
1787552532209,49950,1578,1600,313,15000
1787552532309,49950,1578,1600,313,15000
1787552532410,49950,1578,1500,313,15000
1787552532510,49950,1578,1500,313,15000
1787552532609,49950,1578,1500,313,15000
1787552532710,49950,1578,1500,313,15000
1787552532809,49950,1578,1500,313,15000
1787552532909,49950,1578,1500,313,15000
1787552533009,49950,1578,1600,313,15000
1787552533109,49950,1578,1600,313,15000
1787552533209,49950,1578,1600,313,15000
1787552533309,49950,1578,1600,313,15000
1787552533410,49950,1578,1600,313,15000
1787552533509,49950,1578,1600,313,15000
1787552533609,49950,1578,1600,313,15000
1787552533709,49950,1578,1500,313,15000
1787552533809,49950,1578,1500,313,15000
1787552533909,49950,1578,1500,313,15000
1787552534009,49950,1578,1500,313,15000
1787552534109,49950,1578,1500,313,15000
1787552534209,49950,1578,1500,313,15000
1787552534309,49950,1578,1500,313,15000
1787552534410,49950,1578,1500,313,15000
1787552534509,49950,1578,1500,313,15000
1787552534610,49950,1578,1500,313,15000
1787552534709,49950,1578,1500,313,15000
1787552534809,49950,1578,1500,313,15000
1787552534910,49950,1578,1500,313,15000
1787552535009,49950,1578,1500,313,15000
1787552535109,49950,1578,1500,313,15000
1787552535209,49950,1578,1500,313,15000
1787552535309,49950,1578,1500,313,15000
1787552535409,49950,1578,1500,313,15000
1787552535509,49950,1578,1500,313,15000
1787552535610,49950,1578,1500,313,15000
1787552535709,49950,1578,1500,313,15000
1787552535809,49950,1578,1500,313,15000
1787552535910,49950,1578,1500,313,15000
1787552536009,49950,1578,1500,313,15000
1787552536110,49950,1578,1500,313,15000
1787552536209,49950,1578,1500,313,15000
1787552536309,49950,1578,1500,313,15000
1787552536410,49950,1578,1500,313,15000
1787552536509,49950,1578,1500,313,15000
1787552536609,49950,1578,1500,313,15000
1787552536709,49950,1578,1500,313,15000
1787552536809,49950,1578,1500,313,15000
1787552536909,49950,1578,1500,313,15000
1787552537010,49950,1578,1500,313,15000
1787552537109,49950,1578,1500,313,15000
1787552537209,49950,1578,1500,313,15000
1787552537309,49950,1578,1500,313,15000
1787552537409,49950,1578,1500,313,15000
1787552537509,49950,1578,1500,313,15000
1787552537610,49950,1578,1500,313,15000
1787552537709,49950,1578,1500,313,15000
1787552537809,49950,1578,1500,313,15000
1787552537909,49950,1578,1500,313,15000
1787552538009,49950,1578,1500,313,15000
1787552538109,49950,1578,1500,313,15000
1787552538209,49950,1578,1500,313,15000
1787552538309,49950,1578,1500,313,15000
1787552538410,49950,1578,1500,313,15000
1787552538509,49950,1578,1500,313,15000
1787552538610,49950,1578,1500,313,15000
1787552538709,49950,1578,1500,313,15000
1787552538809,49950,1578,1500,313,15000
1787552538910,49950,1578,1500,313,15000
1787552539009,49950,1578,1500,313,15000
1787552539109,49950,1578,1500,313,15000
1787552539209,49950,1578,1500,313,15000
1787552539309,49950,1578,1500,313,15000
1787552539409,49950,1578,1500,313,15000
1787552539509,49950,1578,1500,313,15000
1787552539609,49950,1578,1500,313,15000
1787552539709,49950,1578,1500,313,15000
1787552539809,49950,1578,1500,313,15000
1787552539909,49950,1578,1500,313,15000
1787552540009,49950,1578,1500,313,15000
1787552540109,49950,1578,1500,313,15000
1787552540209,49950,1578,1500,313,15000
1787552540309,49950,1578,1500,313,15000
1787552540409,49950,1578,1500,313,15000
1787552540509,49950,1578,1500,313,15000
1787552540609,49950,1578,1500,313,15000
1787552540709,49950,1578,1500,313,15000
1787552540809,49950,1578,1500,313,15000
1787552540910,49950,1578,1500,313,15000
1787552541010,49950,1578,1500,313,15000
1787552541109,49950,1578,1500,313,15000
1787552541209,49950,1578,1500,313,15000
1787552541309,49950,1578,1500,313,15000
1787552541409,49950,1578,1500,313,15000
1787552541509,49950,1578,1500,313,15000
1787552541610,49950,1578,1500,313,15000
1787552541709,49950,1578,1500,313,15000
1787552541809,49950,1578,1500,313,15000
1787552541909,49950,1578,1500,313,15000
1787552542009,49950,1578,1500,313,15000
1787552542109,49950,1578,1500,313,15000
1787552542209,49950,1578,1500,313,15000
1787552542310,49950,1578,1500,313,15000
1787552542409,49950,1578,1500,313,15000
1787552542510,49950,1578,1500,313,15000
1787552542609,49950,1578,1500,313,15000
1787552542710,49950,1578,1500,313,15000
1787552542809,49950,1578,1500,313,15000
1787552542910,49950,1578,1500,313,15000
1787552543010,49950,1578,1500,313,15000
1787552543109,49950,1578,1500,313,15000
1787552543209,49950,1578,1500,313,15000
1787552543309,49950,1578,1500,313,15000
1787552543409,49950,1578,1500,313,15000
1787552543509,49950,1578,1500,313,15000
1787552543609,49950,1578,1500,313,15000
1787552543709,49950,1578,1500,313,15000
1787552543810,49950,1578,1500,313,15000
1787552543909,49950,1578,1500,313,15000
1787552544009,49950,1578,1500,313,15000
1787552544109,49950,1578,1500,313,15000
1787552544209,49950,1578,1500,313,15000
1787552544309,49950,1578,1500,313,15000
1787552544409,49950,1578,1600,313,15000
1787552544510,49950,1578,1600,313,15000
1787552544609,49950,1578,1600,313,15000
1787552544709,49950,1578,1600,313,15000
1787552544810,49950,1578,1600,313,15000
1787552544909,49950,1578,1600,313,15000
1787552545009,49950,1578,1500,313,15000
1787552545109,49950,1578,1500,313,15000
1787552545209,49950,1578,1500,313,15000
1787552545310,49950,1578,1500,313,15000
1787552545409,49950,1578,1500,313,15000
1787552545509,49950,1578,1500,313,15000
1787552545609,49950,1578,1500,313,15000
1787552545709,49950,1578,1500,313,15000
1787552545809,49950,1578,1500,313,15000
1787552545910,49950,1578,1500,313,15000
1787552546009,49950,1578,1500,313,15000
1787552546110,49950,1578,1500,313,15000
1787552546209,49950,1578,1500,313,15000
1787552546310,49950,1578,1500,313,15000
1787552546410,49950,1578,1500,313,15000
1787552546509,49950,1578,1500,313,15000
1787552546609,49950,1578,1500,313,15000
1787552546709,49950,1578,1500,313,15000
1787552546809,49950,1578,1500,313,15000
1787552546909,49950,1578,1500,313,15000
1787552547010,49950,1578,1500,313,15000
1787552547109,49950,1578,1500,313,15000
1787552547209,49950,1578,1500,313,15000
1787552547309,49950,1578,1500,313,15000
1787552547409,49950,1578,1500,313,15000
1787552547509,49950,1578,1500,313,15000
1787552547610,49950,1578,1500,313,15000
1787552547709,49950,1578,1500,313,15000
1787552547810,49950,1578,1500,313,15000
1787552547909,49950,1578,1500,313,15000
1787552548009,49950,1578,1500,313,15000
1787552548109,49950,1578,1500,313,15000
1787552548210,49950,1578,1500,313,15000
1787552548309,49950,1578,1500,313,15000
1787552548409,49950,1578,1500,313,15000
1787552548510,49950,1578,1500,313,15000
1787552548609,49950,1578,1500,313,15000
1787552548709,49950,1578,1500,313,15000
1787552548809,49950,1578,1500,313,15000
1787552548909,49950,1578,1500,313,15000
1787552549009,49950,1578,1500,313,15000
1787552549109,49950,1578,1500,313,15000
1787552549210,49950,1578,1500,313,15000
1787552549309,49950,1578,1500,313,15000
1787552549410,49950,1578,1500,313,15000
1787552549510,49950,1578,1500,313,15000
1787552549609,49950,1578,1500,313,15000
1787552549710,49950,1578,1500,313,15000
1787552549810,49950,1578,1500,313,15000
1787552549909,49950,1578,1500,313,15000
1787552550009,49950,1578,1500,313,15000
1787552550109,49950,1578,1500,313,15000
1787552550209,49950,1578,1500,313,15000
1787552550309,49950,1578,1500,313,15000
1787552550410,49950,1578,1500,313,15000
1787552550509,49950,1578,1500,313,15000
1787552550609,49950,1578,1500,313,15000
1787552550709,49950,1578,1500,313,15000
1787552550809,49950,1578,1500,313,15000
1787552550909,49950,1578,1500,313,15000
1787552551009,49950,1578,1500,313,15000
1787552551110,49950,1578,1500,313,15000
1787552551209,49950,1578,1500,313,15000
1787552551309,49950,1578,1500,313,15000
1787552551409,49950,1578,1500,313,15000
1787552551509,49950,1578,1500,313,15000
1787552551609,49950,1578,1500,313,15000
1787552551709,49950,1578,1500,313,15000
1787552551809,49950,1578,1500,313,15000
1787552551909,49950,1578,1500,313,15000
1787552552009,49950,1578,1500,313,15000
1787552552109,49950,1578,1500,313,15000
1787552552209,49950,1578,1500,313,15000
1787552552310,49950,1578,1500,313,15000
1787552552409,49950,1578,1500,313,15000
1787552552510,49950,1578,1500,313,15000
1787552552609,49950,1578,1500,313,15000
1787552552709,49950,1578,1500,313,15000
1787552552809,49950,1578,1500,313,15000
1787552552909,49950,1578,1500,313,15000
1787552553009,49950,1578,1500,313,15000
1787552553109,49950,1578,1500,313,15000
1787552553209,49950,1578,1500,313,15000
1787552553309,49950,1578,1500,313,15000
1787552553409,49950,1578,1500,313,15000
1787552553509,49950,1578,1500,313,15000
1787552553609,49950,1578,1500,313,15000
1787552553709,49950,1578,1500,313,15000
1787552553809,49950,1578,1500,313,15000
1787552553909,49950,1578,1500,313,15000
1787552554010,49950,1578,1500,313,15000
1787552554109,49950,1578,1500,313,15000
1787552554210,49950,1578,1500,313,15000
1787552554309,49950,1578,1500,313,15000
1787552554410,49950,1578,1500,313,15000
1787552554510,49950,1578,1500,313,15000
1787552554609,49950,1578,1500,313,15000
1787552554709,49950,1578,1500,313,15000
1787552554809,49950,1578,1500,313,15000
1787552554910,49950,1578,1500,313,15000
1787552555009,49950,1578,1500,313,15000
1787552555109,49950,1578,1500,313,15000
1787552555209,49950,1578,1500,313,15000
1787552555309,49950,1578,1500,313,15000
1787552555409,49950,1578,1500,313,15000
1787552555509,49950,1578,1500,313,15000
1787552555610,49950,1578,1500,313,15000
1787552555709,49950,1578,1500,313,15000
1787552555809,49950,1578,1500,313,15000
1787552555910,49950,1578,1500,313,15000
1787552556009,49950,1578,1500,313,15000
1787552556109,49950,1578,1500,313,15000
1787552556210,49950,1578,1500,313,15000
1787552556309,49950,1578,1500,313,15000
1787552556409,49950,1578,1500,313,15000
1787552556510,49950,1578,1500,313,15000
1787552556609,49950,1578,1500,313,15000
1787552556709,49950,1578,1500,313,15000
1787552556809,49950,1578,1500,313,15000
1787552556909,49950,1578,1500,313,15000
1787552557009,49950,1578,1500,313,15000
1787552557109,49950,1578,1500,313,15000
1787552557210,49950,1578,1500,313,15000
1787552557309,49950,1578,1500,313,15000
1787552557409,49950,1578,1500,313,15000
1787552557510,49950,1578,1500,313,15000
1787552557609,49950,1578,1500,313,15000
1787552557709,49950,1578,1500,313,15000
1787552557810,49950,1578,1500,313,15000
1787552557909,49950,1578,1500,313,15000
1787552558009,49950,1578,1500,313,15000
1787552558110,49950,1578,1500,313,15000
1787552558209,49950,1578,1500,313,15000
1787552558310,49950,1578,1500,313,15000
1787552558409,49950,1578,1500,313,15000
1787552558509,49950,1578,1500,313,15000
1787552558610,49950,1578,1500,313,15000
1787552558710,49950,1578,1500,313,15000
1787552558809,49950,1578,1500,313,15000
1787552558909,49950,1578,1500,313,15000
1787552559010,49950,1578,1500,313,15000
1787552559109,49950,1578,1500,313,15000
1787552559209,49950,1578,1500,313,15000
1787552559309,49950,1578,1500,313,15000
1787552559409,49950,1578,1500,313,15000
1787552559509,49950,1578,1500,313,15000
1787552559610,49950,1578,1500,313,15000
1787552559710,49950,1578,1500,313,15000
1787552559809,49950,1578,1500,313,15000
1787552559909,49950,1578,1500,313,15000
1787552560009,49950,1578,1500,313,15000
1787552560109,49950,1578,1500,313,15000
1787552560210,49950,1578,1500,313,15000
1787552560309,49950,1578,1500,313,15000
1787552560409,49950,1578,1500,313,15000
1787552560510,49950,1578,1500,313,15000
1787552560609,49950,1578,1500,313,15000
1787552560709,49950,1578,1500,313,15000
1787552560809,49950,1578,1500,313,15000
1787552560909,49950,1578,1500,313,15000
1787552561009,49950,1578,1500,313,15000
1787552561109,49950,1578,1500,313,15000
1787552561209,49950,1578,1500,313,15000
1787552561309,49950,1578,1500,313,15000
1787552561410,49950,1578,1500,313,15000
1787552561509,49950,1578,1500,313,15000
1787552561610,49950,1578,1500,313,15000
1787552561709,49950,1578,1500,313,15000
1787552561809,49950,1578,1500,313,15000
1787552561909,49950,1578,1500,313,15000
1787552562009,49950,1578,1500,313,15000
1787552562109,49950,1578,1500,313,15000
1787552562209,49950,1578,1500,313,15000
1787552562309,49950,1578,1500,313,15000
1787552562409,49950,1578,1500,313,15000
1787552562510,49950,1578,1500,313,15000
1787552562609,49950,1578,1500,313,15000
1787552562710,49950,1578,1500,313,15000
1787552562809,49950,1578,1500,313,15000
1787552562909,49950,1578,1500,313,15000
1787552563009,49950,1578,1500,313,15000
1787552563109,49950,1578,1500,313,15000
1787552563209,49950,1578,1500,313,15000
1787552563309,49950,1578,1500,313,15000
1787552563409,49950,1578,1500,313,15000
1787552563509,49950,1578,1500,313,15000
1787552563609,49950,1578,1500,313,15000
1787552563709,49950,1578,1500,313,15000
1787552563809,49950,1578,1500,313,15000
1787552563909,49950,1578,1500,313,15000
1787552564010,49950,1578,1500,313,15000
1787552564110,49950,1578,1500,313,15000
1787552564209,49950,1578,1500,313,15000
1787552564309,49950,1578,1500,313,15000
1787552564409,49950,1578,1500,313,15000
1787552564509,49950,1578,1500,313,15000
1787552564609,49950,1578,1500,313,15000
1787552564709,49950,1578,1500,313,15000
1787552564810,49950,1578,1500,313,15000
1787552564909,49950,1578,1500,313,15000
1787552565009,49950,1578,1500,313,15000
1787552565109,49950,1578,1500,313,15000
1787552565210,49950,1578,1500,313,15000
1787552565310,49950,1578,1500,313,15000
1787552565409,49950,1578,1500,313,15000
1787552565509,49950,1578,1500,313,15000
1787552565609,49950,1578,1500,313,15000
1787552565709,49950,1578,1500,313,15000
1787552565810,49950,1578,1500,313,15000
1787552565909,49950,1578,1500,313,15000
1787552566010,49950,1578,1500,313,15000
1787552566109,49950,1578,1500,313,15000
1787552566209,49950,1578,1500,313,15000
1787552566310,49950,1578,1500,313,15000
1787552566409,49950,1578,1500,313,15000
1787552566509,49950,1578,1500,313,15000
1787552566609,49950,1578,1500,313,15000
1787552566709,49950,1578,1500,313,15000
1787552566809,49950,1578,1500,313,15000
1787552566909,49950,1578,1600,313,15000
1787552567009,49950,1578,1600,313,15000
1787552567109,49950,1578,1600,313,15000
1787552567210,49950,1578,1600,313,15000
1787552567310,49950,1578,1600,313,15000
1787552567409,49950,1578,1600,313,15000
1787552567510,49950,1578,1500,313,15000
1787552567609,49950,1578,1500,313,15000
1787552567709,49950,1578,1500,313,15000
1787552567810,49950,1578,1500,313,15000
1787552567909,49950,1578,1500,313,15000
1787552568009,49950,1578,1500,313,15000
1787552568109,49950,1578,1500,313,15000
1787552568210,49950,1578,1500,313,15000
1787552568309,49950,1578,1500,313,15000
1787552568409,49950,1578,1500,313,15000
1787552568509,49950,1578,1500,313,15000
1787552568609,49950,1578,1500,313,15000
1787552568709,49950,1578,1500,313,15000
1787552568809,49950,1578,1500,313,15000
1787552568909,49950,1578,1500,313,15000
1787552569009,49950,1578,1500,313,15000
1787552569110,49950,1578,1500,313,15000
1787552569209,49950,1578,1500,313,15000
1787552569309,49950,1578,1500,313,15000
1787552569409,49950,1578,1500,313,15000
1787552569510,49950,1578,1500,313,15000
1787552569609,49950,1578,1500,313,15000
1787552569709,49950,1578,1500,313,15000
1787552569809,49950,1578,1500,313,15000
1787552569909,49950,1578,1500,313,15000
1787552570009,49950,1578,1500,313,15000
1787552570109,49950,1578,1500,313,15000
1787552570209,49950,1578,1500,313,15000
1787552570309,49950,1578,1500,313,15000
1787552570410,49950,1578,1500,313,15000
1787552570509,49950,1578,1600,313,15000
1787552570609,49950,1578,1600,313,15000
1787552570709,49950,1578,1600,313,15000
1787552570810,49950,1578,1600,313,15000
1787552570909,49950,1578,1600,313,15000
1787552571010,49950,1578,1600,313,15000
1787552571110,49950,1578,1500,313,15000
1787552571209,49950,1578,1500,313,15000
1787552571310,49950,1578,1500,313,15000
1787552571409,49950,1578,1500,313,15000
1787552571509,49950,1578,1500,313,15000
1787552571609,49950,1578,1500,313,15000
1787552571709,49950,1578,1500,313,15000
1787552571810,49950,1578,1500,313,15000
1787552571909,49950,1578,1500,313,15000
1787552572010,49950,1578,1500,313,15000
1787552572109,49950,1578,1500,313,15000
1787552572209,49950,1578,1500,313,15000
1787552572309,49950,1578,1500,313,15000
1787552572409,49950,1578,1500,313,15000
1787552572510,49950,1578,1500,313,15000
1787552572609,49950,1578,1500,313,15000
1787552572709,49950,1578,1500,313,15000
1787552572809,49950,1578,1500,313,15000
1787552572909,49950,1578,1500,313,15000
1787552573009,49950,1578,1500,313,15000
1787552573109,49950,1578,1500,313,15000
1787552573209,49950,1578,1500,313,15000
1787552573309,49950,1578,1500,313,15000
1787552573409,49950,1578,1500,313,15000
1787552573509,49950,1578,1500,313,15000
1787552573610,49950,1578,1500,313,15000
1787552573710,49950,1578,1500,313,15000
1787552573810,49950,1578,1500,313,15000
1787552573910,49950,1578,1500,313,15000
1787552574010,49950,1578,1500,313,15000
1787552574109,49950,1578,1500,313,15000
1787552574209,49950,1578,1500,313,15000
1787552574309,49950,1578,1500,313,15000
1787552574409,49950,1578,1500,313,15000
1787552574509,49950,1578,1500,313,15000
1787552574609,49950,1578,1500,313,15000
1787552574710,49950,1578,1500,313,15000
1787552574810,49950,1578,1500,313,15000
1787552574909,49950,1578,1500,313,15000
1787552575010,49950,1578,1500,313,15000
1787552575109,49950,1578,1500,313,15000
1787552575210,49950,1578,1500,313,15000
1787552575309,49950,1578,1600,313,15000
1787552575409,49950,1578,1600,313,15000
1787552575509,49950,1578,1600,313,15000
1787552575609,49950,1578,1600,313,15000
1787552575710,49950,1578,1600,313,15000
1787552575809,49950,1578,1600,313,15000
1787552575909,49950,1578,1600,313,15000
1787552576009,49950,1578,1600,313,15000
1787552576110,49950,1578,1600,313,15000
1787552576209,49950,1578,1600,313,15000
1787552576309,49950,1578,1600,313,15000
1787552576410,49950,1578,1600,313,15000
1787552576509,49950,1578,1500,313,15000
1787552576609,49950,1578,1500,313,15000
1787552576710,49950,1578,1500,313,15000
1787552576809,49950,1578,1500,313,15000
1787552576909,49950,1578,1500,313,15000
1787552577010,49950,1578,1500,313,15000
1787552577109,49950,1578,1500,313,15000
1787552577210,49950,1578,1500,313,15000
1787552577309,49950,1578,1500,313,15000
1787552577409,49950,1578,1500,313,15000
1787552577509,49950,1578,1500,313,15000
1787552577610,49950,1578,1500,313,15000
1787552577709,49950,1578,1500,313,15000
1787552577809,49950,1578,1500,313,15000
1787552577910,49950,1578,1500,313,15000
1787552578010,49950,1578,1500,313,15000
1787552578110,49950,1578,1500,313,15000
1787552578209,49950,1578,1500,313,15000
1787552578309,49950,1578,1500,313,15000
1787552578409,49950,1578,1500,313,15000
1787552578509,49950,1578,1500,313,15000
1787552578609,49950,1578,1500,313,15000
1787552578710,49950,1578,1500,313,15000
1787552578809,49950,1578,1500,313,15000
1787552578909,49950,1578,1500,313,15000
1787552579009,49950,1578,1500,313,15000
1787552579109,49950,1578,1500,313,15000
1787552579210,49950,1578,1500,313,15000
1787552579310,49950,1578,1500,313,15000
1787552579410,49950,1578,1500,313,15000
1787552579509,49950,1578,1500,313,15000
1787552579609,49950,1578,1500,313,15000
1787552579710,49950,1578,1500,313,15000
1787552579809,49950,1578,1500,313,15000
1787552579909,49950,1578,1500,313,15000
1787552580009,49950,1578,1500,313,15000
1787552580110,49950,1578,1500,313,15000
1787552580209,49950,1578,1500,313,15000
1787552580309,49950,1578,1500,313,15000
1787552580409,49950,1578,1500,313,15000
1787552580509,49950,1578,1500,313,15000
1787552580609,49950,1578,1500,313,15000
1787552580709,49950,1578,1500,313,15000
1787552580809,49950,1578,1500,313,15000
1787552580909,49950,1578,1500,313,15000
1787552581010,49950,1578,1500,313,15000
1787552581109,49950,1578,1500,313,15000
1787552581210,49950,1578,1500,313,15000
1787552581309,49950,1578,1500,313,15000
1787552581410,49950,1578,1500,313,15000
1787552581510,49950,1578,1500,313,15000
1787552581609,49950,1578,1500,313,15000
1787552581709,49950,1578,1500,313,15000
1787552581810,49950,1578,1500,313,15000
1787552581909,49950,1578,1500,313,15000
1787552582010,49950,1578,1500,313,15000
1787552582109,49950,1578,1500,313,15000
1787552582209,49950,1578,1500,313,15000
1787552582309,49950,1578,1500,313,15000
1787552582409,49950,1578,1500,313,15000
1787552582509,49950,1578,1500,313,15000
1787552582609,49950,1578,1500,313,15000
1787552582709,49950,1578,1500,313,15000
1787552582809,49950,1578,1500,313,15000
1787552582910,49950,1578,1500,313,15000
1787552583010,49950,1578,1500,313,15000
1787552583110,49950,1578,1500,313,15000
1787552583209,49950,1578,1500,313,15000
1787552583309,49950,1578,1500,313,15000
1787552583409,49950,1578,1500,313,15000
1787552583510,49950,1578,1500,313,15000
1787552583609,49950,1578,1500,313,15000
1787552583709,49950,1578,1500,313,15000
1787552583809,49950,1578,1500,313,15000
1787552583909,49950,1578,1500,313,15000
1787552584009,49950,1578,1500,313,15000
1787552584109,49950,1578,1500,313,15000
1787552584210,49950,1578,1500,313,15000
1787552584309,49950,1578,1500,313,15000
1787552584410,49950,1578,1500,313,15000
1787552584509,49950,1578,1500,313,15000
1787552584609,49950,1578,1500,313,15000
1787552584709,49950,1578,1500,313,15000
1787552584809,49950,1578,1500,313,15000
1787552584909,49950,1578,1500,313,15000
1787552585009,49950,1578,1500,313,15000
1787552585110,49950,1578,1500,313,15000
1787552585210,49950,1578,1500,313,15000
1787552585309,49950,1578,1500,313,15000
1787552585409,49950,1578,1500,313,15000
1787552585509,49950,1578,1500,313,15000
1787552585609,49950,1578,1500,313,15000
1787552585709,49950,1578,1500,313,15000
1787552585809,49950,1578,1500,313,15000
1787552585909,49950,1578,1500,313,15000
1787552586009,49950,1578,1500,313,15000
1787552586109,49950,1578,1500,313,15000
1787552586209,49950,1578,1500,313,15000
1787552586310,49950,1578,1500,313,15000
1787552586409,49950,1578,1500,313,15000
1787552586510,49950,1578,1500,313,15000
1787552586610,49950,1578,1500,313,15000
1787552586709,49950,1578,1500,313,15000
1787552586809,49950,1578,1500,313,15000
1787552586909,49950,1578,1500,313,15000
1787552587010,49950,1578,1500,313,15000
1787552587110,49950,1578,1500,313,15000
1787552587210,49950,1578,1500,313,15000
1787552587309,49950,1578,1500,313,15000
1787552587410,49950,1578,1500,313,15000
1787552587509,49950,1578,1500,313,15000
1787552587609,49950,1578,1500,313,15000
1787552587710,49950,1578,1500,313,15000
1787552587809,49950,1578,1500,313,15000
1787552587909,49950,1578,1500,313,15000
1787552588009,49950,1578,1500,313,15000
1787552588109,49950,1578,1500,313,15000
1787552588209,49950,1578,1500,313,15000
1787552588309,49950,1578,1500,313,15000
1787552588410,49950,1578,1500,313,15000
1787552588509,49950,1578,1500,313,15000
1787552588609,49950,1578,1500,313,15000
1787552588710,49950,1578,1500,313,15000
1787552588809,49950,1578,1500,313,15000
1787552588910,49950,1578,1500,313,15000
1787552589009,49950,1578,1500,313,15000
1787552589109,49950,1578,1500,313,15000
1787552589209,49950,1578,1500,313,15000
1787552589309,49950,1578,1500,313,15000
1787552589409,49950,1578,1500,313,15000
1787552589509,49950,1578,1500,313,15000
1787552589609,49950,1578,1500,313,15000
1787552589709,49950,1578,1500,313,15000
1787552589809,49950,1578,1500,313,15000
1787552589909,49950,1578,1500,313,15000
1787552590010,49950,1578,1500,313,15000
1787552590109,49950,1578,1500,313,15000
1787552590210,49950,1578,1500,313,15000
1787552590309,49950,1578,1500,313,15000
1787552590410,49950,1578,1500,313,15000
1787552590509,49950,1578,1500,313,15000
1787552590609,49950,1578,1500,313,15000
1787552590709,49950,1578,1500,313,15000
1787552590810,49950,1578,1500,313,15000
1787552590909,49950,1578,1500,313,15000
1787552591009,49950,1578,1500,313,15000
1787552591109,49950,1578,1500,313,15000
1787552591210,49950,1578,1500,313,15000
1787552591310,49950,1578,1500,313,15000
1787552591409,49950,1578,1500,313,15000
1787552591509,49950,1578,1500,313,15000
1787552591609,49950,1578,1500,313,15000
1787552591710,49950,1578,1500,313,15000
1787552591809,49950,1578,1500,313,15000
1787552591909,49950,1578,1500,313,15000
1787552592009,49950,1578,1500,313,15000
1787552592109,49950,1578,1500,313,15000
1787552592210,49950,1578,1500,313,15000
1787552592309,49950,1578,1500,313,15000
1787552592409,49950,1578,1500,313,15000
1787552592509,49950,1578,1500,313,15000
1787552592610,49950,1578,1500,313,15000
1787552592709,49950,1578,1500,313,15000
1787552592809,49950,1578,1500,313,15000
1787552592909,49950,1578,1500,313,15000
1787552593009,49950,1578,1500,313,15000
1787552593109,49950,1578,1500,313,15000
1787552593210,49950,1578,1500,313,15000
1787552593309,49950,1578,1500,313,15000
1787552593409,49950,1578,1500,313,15000
1787552593509,49950,1578,1500,313,15000
1787552593609,49950,1578,1500,313,15000
1787552593710,49950,1578,1500,313,15000
1787552593809,49950,1578,1500,313,15000
1787552593909,49950,1578,1500,313,15000
1787552594010,49950,1578,1500,313,15000
1787552594110,49950,1578,1500,313,15000
1787552594210,49950,1578,1500,313,15000
1787552594309,49950,1578,1500,313,15000
1787552594409,49950,1578,1500,313,15000
1787552594509,49950,1578,1500,313,15000
1787552594609,49950,1578,1600,313,15000
1787552594710,49950,1578,1600,313,15000
1787552594809,49950,1578,1600,313,15000
1787552594909,49950,1578,1600,313,15000
1787552595010,49950,1578,1600,313,15000
1787552595109,49950,1578,1600,313,15000
1787552595209,49950,1578,1500,313,15000
1787552595309,49950,1578,1500,313,15000
1787552595409,49950,1578,1500,313,15000
1787552595510,49950,1578,1500,313,15000
1787552595609,49950,1578,1500,313,15000
1787552595709,49950,1578,1500,313,15000
1787552595809,49950,1578,1500,313,15000
1787552595909,49950,1578,1500,313,15000
1787552596009,49950,1578,1500,313,15000
1787552596110,49950,1578,1500,313,15000
1787552596209,49950,1578,1500,313,15000
1787552596309,49950,1578,1500,313,15000
1787552596410,49950,1578,1500,313,15000
1787552596509,49950,1578,1600,313,15000
1787552596610,49950,1578,1600,313,15000
1787552596709,49950,1578,1600,313,15000
1787552596810,49950,1578,1600,313,15000
1787552596909,49950,1578,1600,313,15000
1787552597009,49950,1578,1600,313,15000
1787552597109,49950,1578,1500,313,15000
1787552597209,49950,1578,1500,313,15000
1787552597309,49950,1578,1500,313,15000
1787552597410,49950,1578,1500,313,15000
1787552597510,49950,1578,1500,313,15000
1787552597609,49950,1578,1500,313,15000
1787552597709,49950,1578,1500,313,15000
1787552597809,49950,1578,1500,313,15000
1787552597910,49950,1578,1500,313,15000
1787552598010,49950,1578,1500,313,15000
1787552598109,49950,1578,1500,313,15000
1787552598209,49950,1578,1500,313,15000
1787552598309,49950,1578,1500,313,15000
1787552598409,49950,1578,1500,313,15000
1787552598509,49950,1578,1500,313,15000
1787552598609,49950,1578,1500,313,15000
1787552598709,49950,1578,1500,313,15000
1787552598809,49950,1578,1500,313,15000
1787552598909,49950,1578,1500,313,15000
1787552599009,49950,1578,1500,313,15000
1787552599109,49950,1578,1500,313,15000
1787552599210,49950,1578,1500,313,15000
1787552599310,49950,1578,1500,313,15000
1787552599410,49950,1578,1500,313,15000
1787552599509,49950,1578,1500,313,15000
1787552599610,49950,1578,1500,313,15000
1787552599709,49950,1578,1500,313,15000
1787552599809,49950,1578,1500,313,15000
1787552599909,49950,1578,1500,313,15000
1787552600009,49950,1578,1500,313,15000
1787552600109,49950,1578,1500,313,15000
1787552600209,49950,1578,1500,313,15000
1787552600309,49950,1578,1500,313,15000
1787552600410,49950,1578,1500,313,15000
1787552600509,49950,1578,1500,313,15000
1787552600610,49950,1578,1500,313,15000
1787552600709,49950,1578,1500,313,15000
1787552600809,49950,1578,1500,313,15000
1787552600909,49950,1578,1500,313,15000
1787552601009,49950,1578,1500,313,15000
1787552601109,49950,1578,1500,313,15000
1787552601210,49950,1578,1500,313,15000
1787552601309,49950,1578,1500,313,15000
1787552601409,49950,1578,1500,313,15000
1787552601509,49950,1578,1500,313,15000
1787552601609,49950,1578,1500,313,15000
1787552601710,49950,1578,1500,313,15000
1787552601809,49950,1578,1500,313,15000
1787552601910,49950,1578,1500,313,15000
1787552602010,49950,1578,1500,313,15000
1787552602109,49950,1578,1500,313,15000
1787552602209,49950,1578,1500,313,15000
1787552602310,49950,1578,1500,313,15000
1787552602409,49950,1578,1500,313,15000
1787552602510,49950,1578,1500,313,15000
1787552602609,49950,1578,1500,313,15000
1787552602709,49950,1578,1500,313,15000
1787552602809,49950,1578,1500,313,15000
1787552602910,49950,1578,1500,313,15000
1787552603010,49950,1578,1500,313,15000
1787552603109,49950,1578,1500,313,15000
1787552603209,49950,1578,1500,313,15000
1787552603309,49950,1578,1500,313,15000
1787552603409,49950,1578,1500,313,15000
1787552603509,49950,1578,1500,313,15000
1787552603609,49950,1578,1500,313,15000
1787552603709,49950,1578,1500,313,15000
1787552603809,49950,1578,1500,313,15000
1787552603909,49950,1578,1500,313,15000
1787552604009,49950,1578,1500,313,15000
1787552604109,49950,1578,1500,313,15000
1787552604209,49950,1578,1500,313,15000
1787552604309,49950,1578,1500,313,15000
1787552604410,49950,1578,1500,313,15000
1787552604509,49950,1578,1500,313,15000
1787552604609,49950,1578,1500,313,15000
1787552604709,49950,1578,1500,313,15000
1787552604809,49950,1578,1500,313,15000
1787552604909,49950,1578,1500,313,15000
1787552605009,49950,1578,1500,313,15000
1787552605110,49950,1578,1500,313,15000
1787552605209,49950,1578,1500,313,15000
1787552605309,49950,1578,1500,313,15000
1787552605410,49950,1578,1500,313,15000
1787552605510,49950,1578,1600,313,15000
1787552605609,49950,1578,1600,313,15000
1787552605710,49950,1578,1600,313,15000
1787552605809,49950,1578,1600,313,15000
1787552605910,49950,1578,1600,313,15000
1787552606009,49950,1578,1600,313,15000
1787552606109,49950,1578,1500,313,15000
1787552606209,49950,1578,1500,313,15000
1787552606309,49950,1578,1500,313,15000
1787552606409,49950,1578,1500,313,15000
1787552606509,49950,1578,1500,313,15000
1787552606609,49950,1578,1500,313,15000
1787552606709,49950,1578,1500,313,15000
1787552606809,49950,1578,1500,313,15000
1787552606910,49950,1578,1500,313,15000
1787552607009,49950,1578,1500,313,15000
1787552607109,49950,1578,1500,313,15000
1787552607210,49950,1578,1500,313,15000
1787552607309,49950,1578,1500,313,15000
1787552607410,49950,1578,1500,313,15000
1787552607509,49950,1578,1500,313,15000
1787552607609,49950,1578,1500,313,15000
1787552607709,49950,1578,1500,313,15000
1787552607809,49950,1578,1500,313,15000
1787552607910,49950,1578,1500,313,15000
1787552608009,49950,1578,1500,313,15000
1787552608109,49950,1578,1500,313,15000
1787552608209,49950,1578,1500,313,15000
1787552608309,49950,1578,1500,313,15000
1787552608409,49950,1578,1500,313,15000
1787552608509,49950,1578,1500,313,15000
1787552608609,49950,1578,1500,313,15000
1787552608710,49950,1578,1500,313,15000
1787552608810,49950,1578,1500,313,15000
1787552608909,49950,1578,1500,313,15000
1787552609010,49950,1578,1500,313,15000
1787552609110,49950,1578,1500,313,15000
1787552609209,49950,1578,1500,313,15000
1787552609309,49950,1578,1500,313,15000
1787552609409,49950,1578,1500,313,15000
1787552609509,49950,1578,1500,313,15000
1787552609609,49950,1578,1500,313,15000
1787552609709,49950,1578,1500,313,15000
1787552609810,49950,1578,1500,313,15000
1787552609910,49950,1578,1500,313,15000
1787552610010,49950,1578,1500,313,15000
1787552610109,49950,1578,1500,313,15000
1787552610209,49950,1578,1500,313,15000
1787552610309,49950,1578,1500,313,15000
1787552610410,49950,1578,1500,313,15000
1787552610509,49950,1578,1500,313,15000
1787552610609,49950,1578,1500,313,15000
1787552610709,49950,1578,1500,313,15000
1787552610810,49950,1578,1500,313,15000
1787552610909,49950,1578,1500,313,15000
1787552611009,49950,1578,1500,313,15000
1787552611110,49950,1578,1500,313,15000
1787552611209,49950,1578,1500,313,15000
1787552611309,49950,1578,1500,313,15000
1787552611409,49950,1578,1500,313,15000
1787552611510,49950,1578,1500,313,15000
1787552611609,49950,1578,1500,313,15000
1787552611709,49950,1578,1500,313,15000
1787552611809,49950,1578,1500,313,15000
1787552611909,49950,1578,1500,313,15000
1787552612010,49950,1578,1500,313,15000
1787552612109,49950,1578,1500,313,15000
1787552612210,49950,1578,1500,313,15000
1787552612309,49950,1578,1500,313,15000
1787552612409,49950,1578,1500,313,15000
1787552612510,49950,1578,1500,313,15000
1787552612609,49950,1578,1500,313,15000
1787552612709,49950,1578,1500,313,15000
1787552612809,49950,1578,1500,313,15000
1787552612910,49950,1578,1500,313,15000
1787552613009,49950,1578,1500,313,15000
1787552613109,49950,1578,1500,313,15000
1787552613209,49950,1578,1500,313,15000
1787552613309,49950,1578,1500,313,15000
1787552613409,49950,1578,1500,313,15000
1787552613509,49950,1578,1500,313,15000
1787552613610,49950,1578,1500,313,15000
1787552613710,49950,1578,1500,313,15000
1787552613810,49950,1578,1500,313,15000
1787552613910,49950,1578,1500,313,15000
1787552614010,49950,1578,1500,313,15000
1787552614110,49950,1578,1500,313,15000
1787552614209,49950,1578,1500,313,15000
1787552614309,49950,1578,1500,313,15000
1787552614410,49950,1578,1500,313,15000
1787552614509,49950,1578,1500,313,15000
1787552614609,49950,1578,1500,313,15000
1787552614709,49950,1578,1600,313,15000
1787552614809,49950,1578,1600,313,15000
1787552614909,49950,1578,1600,313,15000
1787552615010,49950,1578,1600,313,15000
1787552615109,49950,1578,1600,313,15000
1787552615209,49950,1578,1600,313,15000
1787552615309,49950,1578,1500,313,15000
1787552615409,49950,1578,1500,313,15000
1787552615509,49950,1578,1500,313,15000
1787552615609,49950,1578,1500,313,15000
1787552615710,49950,1578,1500,313,15000
1787552615809,49950,1578,1500,313,15000
1787552615909,49950,1578,1500,313,15000
1787552616010,49950,1578,1500,313,15000
1787552616109,49950,1578,1500,313,15000
1787552616209,49950,1578,1500,313,15000
1787552616309,49950,1578,1500,313,15000
1787552616409,49950,1578,1500,313,15000
1787552616509,49950,1578,1500,313,15000
1787552616609,49950,1578,1500,313,15000
1787552616709,49950,1578,1500,313,15000
1787552616810,49950,1578,1500,313,15000
1787552616909,49950,1578,1500,313,15000
1787552617009,49950,1578,1500,313,15000
1787552617110,49950,1578,1500,313,15000
1787552617209,49950,1578,1500,313,15000
1787552617309,49950,1578,1500,313,15000
1787552617409,49950,1578,1500,313,15000
1787552617509,49950,1578,1500,313,15000
1787552617610,49950,1578,1500,313,15000
1787552617709,49950,1578,1500,313,15000
1787552617810,49950,1578,1500,313,15000
1787552617909,49950,1578,1500,313,15000
1787552618010,49950,1578,1500,313,15000
1787552618110,49950,1578,1500,313,15000
1787552618209,49950,1578,1500,313,15000
1787552618309,49950,1578,1500,313,15000
1787552618409,49950,1578,1500,313,15000
1787552618509,49950,1578,1500,313,15000
1787552618609,49950,1578,1500,313,15000
1787552618709,49950,1578,1500,313,15000
1787552618809,49950,1578,1500,313,15000
1787552618909,49950,1578,1500,313,15000
1787552619010,49950,1578,1500,313,15000
1787552619109,49950,1578,1500,313,15000
1787552619209,49950,1578,1500,313,15000
1787552619309,49950,1578,1500,313,15000
1787552619410,49950,1578,1500,313,15000
1787552619510,49950,1578,1500,313,15000
1787552619609,49950,1578,1500,313,15000
1787552619709,49950,1578,1500,313,15000
1787552619810,49950,1578,1500,313,15000
1787552619909,49950,1578,1500,313,15000
1787552620009,49950,1578,1500,313,15000
1787552620109,49950,1578,1500,313,15000
1787552620209,49950,1578,1500,313,15000
1787552620310,49950,1578,1500,313,15000
1787552620409,49950,1578,1500,313,15000
1787552620509,49950,1578,1500,313,15000
1787552620609,49950,1578,1500,313,15000
1787552620709,49950,1578,1500,313,15000
1787552620810,49950,1578,1500,313,15000
1787552620910,49950,1578,1500,313,15000
1787552621009,49950,1578,1500,313,15000
1787552621109,49950,1578,1500,313,15000
1787552621209,49950,1578,1500,313,15000
1787552621310,49950,1578,1500,313,15000
1787552621410,49950,1578,1500,313,15000
1787552621509,49950,1578,1500,313,15000
1787552621609,49950,1578,1500,313,15000
1787552621709,49950,1578,1500,313,15000
1787552621809,49950,1578,1500,313,15000
1787552621910,49950,1578,1600,313,15000
1787552622009,49950,1578,1600,313,15000
1787552622110,49950,1578,1600,313,15000
1787552622209,49950,1578,1600,313,15000
1787552622309,49950,1578,1600,313,15000
1787552622409,49950,1578,1600,313,15000
1787552622509,49950,1578,1600,313,15000
1787552622609,49950,1578,1500,313,15000
1787552622709,49950,1578,1500,313,15000
1787552622809,49950,1578,1500,313,15000
1787552622909,49950,1578,1500,313,15000
1787552623010,49950,1578,1500,313,15000
1787552623109,49950,1578,1500,313,15000
1787552623209,49950,1578,1500,313,15000
1787552623310,49950,1578,1500,313,15000
1787552623409,49950,1578,1500,313,15000
1787552623509,49950,1578,1500,313,15000
1787552623610,49950,1578,1500,313,15000
1787552623709,49950,1578,1500,313,15000
1787552623810,49950,1578,1500,313,15000
1787552623909,49950,1578,1500,313,15000
1787552624010,49950,1578,1500,313,15000
1787552624109,49950,1578,1500,313,15000
1787552624209,49950,1578,1500,313,15000
1787552624309,49950,1578,1600,313,15000
1787552624409,49950,1578,1600,313,15000
1787552624509,49950,1578,1600,313,15000
1787552624610,49950,1578,1600,313,15000
1787552624709,49950,1578,1600,313,15000
1787552624809,49950,1578,1600,313,15000
1787552624909,49950,1578,1600,313,15000
1787552625009,49950,1578,1600,313,15000
1787552625109,49950,1578,1600,313,15000
1787552625210,49950,1578,1600,313,15000
1787552625309,49950,1578,1600,313,15000
1787552625409,49950,1578,1600,313,15000
1787552625509,49950,1578,1500,313,15000
1787552625609,49950,1578,1500,313,15000
1787552625709,49950,1578,1500,313,15000
1787552625809,49950,1578,1500,313,15000
1787552625909,49950,1578,1500,313,15000
1787552626009,49950,1578,1500,313,15000
1787552626109,49950,1578,1500,313,15000
1787552626210,49950,1578,1500,313,15000
1787552626310,49950,1578,1500,313,15000
1787552626409,49950,1578,1500,313,15000
1787552626509,49950,1578,1500,313,15000
1787552626609,49950,1578,1500,313,15000
1787552626709,49950,1578,1500,313,15000
1787552626810,49950,1578,1500,313,15000
1787552626909,49950,1578,1500,313,15000
1787552627009,49950,1578,1500,313,15000
1787552627109,49950,1578,1500,313,15000
1787552627209,49950,1578,1500,313,15000
1787552627309,49950,1578,1500,313,15000
1787552627410,49950,1578,1500,313,15000
1787552627510,49950,1578,1500,313,15000
1787552627609,49950,1578,1500,313,15000
1787552627710,49950,1578,1500,313,15000
1787552627809,49950,1578,1500,313,15000
1787552627910,49950,1578,1500,313,15000
1787552628009,49950,1578,1500,313,15000
1787552628109,49950,1578,1500,313,15000
1787552628209,49950,1578,1500,313,15000
1787552628309,49950,1578,1500,313,15000
1787552628410,49950,1578,1500,313,15000
1787552628509,49950,1578,1500,313,15000
1787552628609,49950,1578,1500,313,15000
1787552628710,49950,1578,1500,313,15000
1787552628809,49950,1578,1500,313,15000
1787552628909,49950,1578,1500,313,15000
1787552629009,49950,1578,1500,313,15000
1787552629109,49950,1578,1500,313,15000
1787552629209,49950,1578,1500,313,15000
1787552629309,49950,1578,1500,313,15000
1787552629409,49950,1578,1500,313,15000
1787552629509,49950,1578,1500,313,15000
1787552629610,49950,1578,1500,313,15000
1787552629709,49950,1578,1500,313,15000
1787552629810,49950,1578,1500,313,15000
1787552629909,49950,1578,1500,313,15000
1787552630009,49950,1578,1500,313,15000
1787552630109,49950,1578,1500,313,15000
1787552630209,49950,1578,1500,313,15000
1787552630309,49950,1578,1500,313,15000
1787552630409,49950,1578,1500,313,15000
1787552630509,49950,1578,1500,313,15000
1787552630610,49950,1578,1500,313,15000
1787552630709,49950,1578,1500,313,15000
1787552630810,49950,1578,1500,313,15000
1787552630909,49950,1578,1500,313,15000
1787552631009,49950,1578,1500,313,15000
1787552631109,49950,1578,1500,313,15000
1787552631210,49950,1578,1500,313,15000
1787552631309,49950,1578,1500,313,15000
1787552631409,49950,1578,1500,313,15000
1787552631510,49950,1578,1500,313,15000
1787552631609,49950,1578,1500,313,15000
1787552631709,49950,1578,1500,313,15000
1787552631809,49950,1578,1500,313,15000
1787552631910,49950,1578,1500,313,15000
1787552632010,49950,1578,1500,313,15000
1787552632109,49950,1578,1500,313,15000
1787552632209,49950,1578,1500,313,15000
1787552632309,49950,1578,1500,313,15000
1787552632409,49950,1578,1500,313,15000
1787552632509,49950,1578,1500,313,15000
1787552632610,49950,1578,1500,313,15000
1787552632709,49950,1578,1500,313,15000
1787552632809,49950,1578,1500,313,15000
1787552632909,49950,1578,1500,313,15000
1787552633009,49950,1578,1500,313,15000
1787552633109,49950,1578,1500,313,15000
1787552633209,49950,1578,1500,313,15000
1787552633309,49950,1578,1500,313,15000
1787552633409,49950,1578,1500,313,15000
1787552633510,49950,1578,1500,313,15000
1787552633610,49950,1578,1500,313,15000
1787552633710,49950,1578,1500,313,15000
1787552633809,49950,1578,1500,313,15000
1787552633909,49950,1578,1500,313,15000
1787552634010,49950,1578,1500,313,15000
1787552634110,49950,1578,1500,313,15000
1787552634209,49950,1578,1500,313,15000
1787552634309,49950,1578,1500,313,15000
1787552634410,49950,1578,1500,313,15000
1787552634509,49950,1578,1500,313,15000
1787552634610,49950,1578,1500,313,15000
1787552634709,49950,1578,1500,313,15000
1787552634809,49950,1578,1500,313,15000
1787552634909,49950,1578,1500,313,15000
1787552635009,49950,1578,1500,313,15000
1787552635109,49950,1578,1500,313,15000
1787552635209,49950,1578,1500,313,15000
1787552635309,49950,1578,1500,313,15000
1787552635409,49950,1578,1500,313,15000
1787552635509,49950,1578,1500,313,15000
1787552635609,49950,1578,1500,313,15000
1787552635709,49950,1578,1500,313,15000
1787552635809,49950,1578,1500,313,15000
1787552635910,49950,1578,1500,313,15000
1787552636009,49950,1578,1500,313,15000
1787552636109,49950,1578,1500,313,15000
1787552636209,49950,1578,1500,313,15000
1787552636309,49950,1578,1500,313,15000
1787552636409,49950,1578,1500,313,15000
1787552636509,49950,1578,1500,313,15000
1787552636609,49950,1578,1500,313,15000
1787552636710,49950,1578,1500,313,15000
1787552636810,49950,1578,1500,313,15000
1787552636909,49950,1578,1500,313,15000
1787552637010,49950,1578,1500,313,15000
1787552637110,49950,1578,1500,313,15000
1787552637209,49950,1578,1500,313,15000
1787552637310,49950,1578,1500,313,15000
1787552637409,49950,1578,1500,313,15000
1787552637509,49950,1578,1500,313,15000
1787552637609,49950,1578,1500,313,15000
1787552637709,49950,1578,1500,313,15000
1787552637809,49950,1578,1500,313,15000
1787552637909,49950,1578,1500,313,15000
1787552638010,49950,1578,1500,313,15000
1787552638109,49950,1578,1500,313,15000
1787552638209,49950,1578,1500,313,15000
1787552638309,49950,1578,1500,313,15000
1787552638409,49950,1578,1500,313,15000
1787552638509,49950,1578,1500,313,15000
1787552638609,49950,1578,1500,313,15000
1787552638710,49950,1578,1500,313,15000
1787552638809,49950,1578,1500,313,15000
1787552638910,49950,1578,1500,313,15000
1787552639009,49950,1578,1500,313,15000
1787552639109,49950,1578,1500,313,15000
1787552639209,49950,1578,1500,313,15000
1787552639309,49950,1578,1500,313,15000
1787552639409,49950,1578,1500,313,15000
1787552639510,49950,1578,1500,313,15000
1787552639610,49950,1578,1500,313,15000
1787552639710,49950,1578,1500,313,15000
1787552639809,49950,1578,1500,313,15000
1787552639910,49950,1578,1500,313,15000
1787552640010,49950,1578,1500,313,15000
1787552640109,49950,1578,1500,313,15000
1787552640209,49950,1578,1500,313,15000
1787552640309,49950,1578,1500,313,15000
1787552640410,49950,1578,1500,313,15000
1787552640509,49950,1578,1500,313,15000
1787552640609,49950,1578,1500,313,15000
1787552640709,49950,1578,1500,313,15000
1787552640809,49950,1578,1500,313,15000
1787552640909,49950,1578,1500,313,15000
1787552641009,49950,1578,1500,313,15000
1787552641109,49950,1578,1500,313,15000
1787552641209,49950,1578,1500,313,15000
1787552641309,49950,1578,1500,313,15000
1787552641409,49950,1578,1500,313,15000
1787552641510,49950,1578,1500,313,15000
1787552641609,49950,1578,1500,313,15000
1787552641709,49950,1578,1500,313,15000
1787552641810,49950,1578,1500,313,15000
1787552641909,49950,1578,1500,313,15000
1787552642010,49950,1578,1500,313,15000
1787552642109,49950,1578,1500,313,15000
1787552642210,49950,1578,1500,313,15000
1787552642309,49950,1578,1500,313,15000
1787552642410,49950,1578,1500,313,15000
1787552642510,49950,1578,1500,313,15000
1787552642609,49950,1578,1500,313,15000
1787552642710,49950,1578,1500,313,15000
1787552642810,49950,1578,1500,313,15000
1787552642909,49950,1578,1500,313,15000
1787552643010,49950,1578,1500,313,15000
1787552643110,49950,1578,1500,313,15000
1787552643209,49950,1578,1500,313,15000
1787552643309,49950,1578,1500,313,15000
1787552643410,49950,1578,1500,313,15000
1787552643509,49950,1578,1500,313,15000
1787552643609,49950,1578,1500,313,15000
1787552643710,49950,1578,1500,313,15000
1787552643809,49950,1578,1500,313,15000
1787552643909,49950,1578,1500,313,15000
1787552644009,49950,1578,1500,313,15000
1787552644109,49950,1578,1500,313,15000
1787552644209,49950,1578,1500,313,15000
1787552644309,49950,1578,1500,313,15000
1787552644410,49950,1578,1500,313,15000
1787552644509,49950,1578,1500,313,15000
1787552644610,49950,1578,1500,313,15000
1787552644709,49950,1578,1500,313,15000
1787552644810,49950,1578,1500,313,15000
1787552644909,49950,1578,1500,313,15000
1787552645009,49950,1578,1500,313,15000
1787552645109,49950,1578,1500,313,15000
1787552645210,49950,1578,1500,313,15000
1787552645310,49950,1578,1500,313,15000
1787552645409,49950,1578,1500,313,15000
1787552645509,49950,1578,1500,313,15000
1787552645609,49950,1578,1500,313,15000
1787552645709,49950,1578,1500,313,15000
1787552645809,49950,1578,1500,313,15000
1787552645909,49950,1578,1500,313,15000
1787552646009,49950,1578,1500,313,15000
1787552646109,49950,1578,1500,313,15000
1787552646210,49950,1578,1500,313,15000
1787552646309,49950,1578,1500,313,15000
1787552646410,49950,1578,1500,313,15000
1787552646510,49950,1578,1500,313,15000
1787552646610,49950,1578,1600,313,15000
1787552646709,49950,1578,1600,313,15000
1787552646809,49950,1578,1600,313,15000
1787552646910,49950,1578,1600,313,15000
1787552647009,49950,1578,1600,313,15000
1787552647109,49950,1578,1600,313,15000
1787552647210,49950,1578,1500,313,15000
1787552647309,49950,1578,1500,313,15000
1787552647410,49950,1578,1500,313,15000
1787552647510,49950,1578,1500,313,15000
1787552647610,49950,1578,1500,313,15000
1787552647709,49950,1578,1500,313,15000
1787552647809,49950,1578,1500,313,15000
1787552647910,49950,1578,1500,313,15000
1787552648009,49950,1578,1500,313,15000
1787552648110,49950,1578,1500,313,15000
1787552648209,49950,1578,1500,313,15000
1787552648309,49950,1578,1500,313,15000
1787552648409,49950,1578,1500,313,15000
1787552648509,49950,1578,1600,313,15000
1787552648609,49950,1578,1600,313,15000
1787552648709,49950,1578,1600,313,15000
1787552648809,49950,1578,1600,313,15000
1787552648909,49950,1578,1600,313,15000
1787552649010,49950,1578,1600,313,15000
1787552649109,49950,1578,1500,313,15000
1787552649209,49950,1578,1500,313,15000
1787552649309,49950,1578,1500,313,15000
1787552649409,49950,1578,1500,313,15000
1787552649509,49950,1578,1500,313,15000
1787552649609,49950,1578,1500,313,15000
1787552649709,49950,1578,1500,313,15000
1787552649809,49950,1578,1500,313,15000
1787552649910,49950,1578,1500,313,15000
1787552650009,49950,1578,1500,313,15000
1787552650109,49950,1578,1500,313,15000
1787552650210,49950,1578,1500,313,15000
1787552650309,49950,1578,1500,313,15000
1787552650409,49950,1578,1500,313,15000
1787552650510,49950,1578,1500,313,15000
1787552650609,49950,1578,1500,313,15000
1787552650709,49950,1578,1500,313,15000
1787552650810,49950,1578,1500,313,15000
1787552650909,49950,1578,1500,313,15000
1787552651009,49950,1578,1500,313,15000
1787552651110,49950,1578,1500,313,15000
1787552651209,49950,1578,1500,313,15000
1787552651309,49950,1578,1500,313,15000
1787552651409,49950,1578,1500,313,15000
1787552651510,49950,1578,1500,313,15000
1787552651609,49950,1578,1500,313,15000
1787552651709,49950,1578,1500,313,15000
1787552651809,49950,1578,1500,313,15000
1787552651910,49950,1578,1500,313,15000
1787552652009,49950,1578,1500,313,15000
1787552652109,49950,1578,1500,313,15000
1787552652209,49950,1578,1500,313,15000
1787552652309,49950,1578,1500,313,15000
1787552652409,49950,1578,1500,313,15000
1787552652510,49950,1578,1500,313,15000
1787552652609,49950,1578,1500,313,15000
1787552652709,49950,1578,1500,313,15000
1787552652809,49950,1578,1500,313,15000
1787552652909,49950,1578,1500,313,15000
1787552653010,49950,1578,1500,313,15000
1787552653109,49950,1578,1500,313,15000
1787552653209,49950,1578,1500,313,15000
1787552653309,49950,1578,1500,313,15000
1787552653409,49950,1578,1500,313,15000
1787552653510,49950,1578,1500,313,15000
1787552653609,49950,1578,1500,313,15000
1787552653709,49950,1578,1500,313,15000
1787552653809,49950,1578,1500,313,15000
1787552653909,49950,1578,1500,313,15000
1787552654009,49950,1578,1500,313,15000
1787552654109,49950,1578,1500,313,15000
1787552654209,49950,1578,1500,313,15000
1787552654309,49950,1578,1500,313,15000
1787552654409,49950,1578,1500,313,15000
1787552654509,49950,1578,1500,313,15000
1787552654610,49950,1578,1500,313,15000
1787552654709,49950,1578,1500,313,15000
1787552654809,49950,1578,1500,313,15000
1787552654910,49950,1578,1500,313,15000
1787552655009,49950,1578,1500,313,15000
1787552655109,49950,1578,1500,313,15000
1787552655210,49950,1578,1500,313,15000
1787552655309,49950,1578,1500,313,15000
1787552655409,49950,1578,1500,313,15000
1787552655510,49950,1578,1500,313,15000
1787552655610,49950,1578,1500,313,15000
1787552655709,49950,1578,1500,313,15000
1787552655809,49950,1578,1500,313,15000
1787552655910,49950,1578,1500,313,15000
1787552656010,49950,1578,1500,313,15000
1787552656109,49950,1578,1500,313,15000
1787552656209,49950,1578,1500,313,15000
1787552656309,49950,1578,1500,313,15000
1787552656409,49950,1578,1500,313,15000
1787552656510,49950,1578,1500,313,15000
1787552656610,49950,1578,1500,313,15000
1787552656709,49950,1578,1500,313,15000
1787552656809,49950,1578,1500,313,15000
1787552656909,49950,1578,1500,313,15000
1787552657009,49950,1578,1500,313,15000
1787552657109,49950,1578,1500,313,15000
1787552657209,49950,1578,1500,313,15000
1787552657309,49950,1578,1500,313,15000
1787552657409,49950,1578,1500,313,15000
1787552657510,49950,1578,1500,313,15000
1787552657609,49950,1578,1500,313,15000
1787552657709,49950,1578,1500,313,15000
1787552657810,49950,1578,1500,313,15000
1787552657909,49950,1578,1500,313,15000
1787552658009,49950,1578,1500,313,15000
1787552658109,49950,1578,1500,313,15000
1787552658209,49950,1578,1500,313,15000
1787552658309,49950,1578,1500,313,15000
1787552658410,49950,1578,1500,313,15000
1787552658509,49950,1578,1500,313,15000
1787552658610,49950,1578,1500,313,15000
1787552658709,49950,1578,1500,313,15000
1787552658809,49950,1578,1500,313,15000
1787552658909,49950,1578,1500,313,15000
1787552659009,49950,1578,1500,313,15000
1787552659109,49950,1578,1500,313,15000
1787552659209,49950,1578,1500,313,15000
1787552659309,49950,1578,1500,313,15000
1787552659409,49950,1578,1500,313,15000
1787552659509,49950,1578,1500,313,15000
1787552659610,49950,1578,1500,313,15000
1787552659710,49950,1578,1500,313,15000
1787552659809,49950,1578,1500,313,15000
1787552659910,49950,1578,1500,313,15000
1787552660009,49950,1578,1500,313,15000
1787552660109,49950,1578,1500,313,15000
1787552660209,49950,1578,1500,313,15000
1787552660309,49950,1578,1500,313,15000
1787552660409,49950,1578,1500,313,15000
1787552660509,49950,1578,1500,313,15000
1787552660609,49950,1578,1500,313,15000
1787552660709,49950,1578,1500,313,15000
1787552660809,49950,1578,1500,313,15000
1787552660910,49950,1578,1500,313,15000
1787552661010,49950,1578,1500,313,15000
1787552661109,49950,1578,1500,313,15000
1787552661209,49950,1578,1500,313,15000
1787552661310,49950,1578,1500,313,15000
1787552661409,49950,1578,1500,313,15000
1787552661509,49950,1578,1500,313,15000
1787552661610,49950,1578,1500,313,15000
1787552661709,49950,1578,1500,313,15000
1787552661809,49950,1578,1500,313,15000
1787552661909,49950,1578,1500,313,15000
1787552662010,49950,1578,1500,313,15000
1787552662109,49950,1578,1500,313,15000
1787552662209,49950,1578,1500,313,15000
1787552662309,49950,1578,1500,313,15000
1787552662409,49950,1578,1500,313,15000
1787552662509,49950,1578,1500,313,15000
1787552662609,49950,1578,1500,313,15000
1787552662709,49950,1578,1500,313,15000
1787552662810,49950,1578,1500,313,15000
1787552662909,49950,1578,1500,313,15000
1787552663009,49950,1578,1500,313,15000
1787552663109,49950,1578,1500,313,15000
1787552663209,49950,1578,1500,313,15000
1787552663310,49950,1578,1500,313,15000
1787552663410,49950,1578,1500,313,15000
1787552663510,49950,1578,1500,313,15000
1787552663610,49950,1578,1500,313,15000
1787552663709,49950,1578,1500,313,15000
1787552663809,49950,1578,1500,313,15000
1787552663909,49950,1578,1500,313,15000
1787552664010,49950,1578,1500,313,15000
1787552664109,49950,1578,1500,313,15000
1787552664210,49950,1578,1500,313,15000
1787552664309,49950,1578,1500,313,15000
1787552664409,49950,1578,1500,313,15000
1787552664509,49950,1578,1500,313,15000
1787552664609,49950,1578,1500,313,15000
1787552664710,49950,1578,1500,313,15000
1787552664810,49950,1578,1500,313,15000
1787552664909,49950,1578,1500,313,15000
1787552665009,49950,1578,1500,313,15000
1787552665109,49950,1578,1500,313,15000
1787552665210,49950,1578,1500,313,15000
1787552665309,49950,1578,1500,313,15000
1787552665410,49950,1578,1500,313,15000
1787552665510,49950,1578,1500,313,15000
1787552665609,49950,1578,1500,313,15000
1787552665709,49950,1578,1500,313,15000
1787552665809,49950,1578,1500,313,15000
1787552665910,49950,1578,1500,313,15000
1787552666009,49950,1578,1500,313,15000
1787552666109,49950,1578,1500,313,15000
1787552666209,49950,1578,1500,313,15000
1787552666309,49950,1578,1500,313,15000
1787552666409,49950,1578,1500,313,15000
1787552666509,49950,1578,1500,313,15000
1787552666609,49950,1578,1500,313,15000
1787552666709,49950,1578,1500,313,15000
1787552666810,49950,1578,1500,313,15000
1787552666909,49950,1578,1500,313,15000
1787552667009,49950,1578,1500,313,15000
1787552667109,49950,1578,1500,313,15000
1787552667209,49950,1578,1500,313,15000
1787552667309,49950,1578,1500,313,15000
1787552667410,49950,1578,1500,313,15000
1787552667509,49950,1578,1500,313,15000
1787552667609,49950,1578,1500,313,15000
1787552667709,49950,1578,1500,313,15000
1787552667810,49950,1578,1500,313,15000
1787552667909,49950,1578,1500,313,15000
1787552668009,49950,1578,1500,313,15000
1787552668110,49950,1578,1500,313,15000
1787552668209,49950,1578,1500,313,15000
1787552668309,49950,1578,1500,313,15000
1787552668409,49950,1578,1500,313,15000
1787552668510,49950,1578,1500,313,15000
1787552668609,49950,1578,1500,313,15000
1787552668709,49950,1578,1500,313,15000
1787552668809,49950,1578,1500,313,15000
1787552668910,49950,1578,1500,313,15000
1787552669009,49950,1578,1500,313,15000
1787552669109,49950,1578,1500,313,15000
1787552669210,49950,1578,1500,313,15000
1787552669309,49950,1578,1500,313,15000
1787552669410,49950,1578,1500,313,15000
1787552669509,49950,1578,1500,313,15000
1787552669610,49950,1578,1500,313,15000
1787552669709,49950,1578,1500,313,15000
1787552669810,49950,1578,1500,313,15000
1787552669909,49950,1578,1500,313,15000
1787552670009,49950,1578,1500,313,15000
1787552670109,49950,1578,1500,313,15000
1787552670210,49950,1578,1500,313,15000
1787552670310,49950,1578,1500,313,15000
1787552670409,49950,1578,1500,313,15000
1787552670509,49950,1578,1500,313,15000
1787552670609,49950,1578,1500,313,15000
1787552670709,49950,1578,1500,313,15000
1787552670810,49950,1578,1500,313,15000
1787552670910,49950,1578,1500,313,15000
1787552671009,49950,1578,1500,313,15000
1787552671110,49950,1578,1500,313,15000
1787552671210,49950,1578,1500,313,15000
1787552671309,49950,1578,1500,313,15000
1787552671409,49950,1578,1500,313,15000
1787552671509,49950,1578,1500,313,15000
1787552671610,49950,1578,1500,313,15000
1787552671709,49950,1578,1500,313,15000
1787552671809,49950,1578,1500,313,15000
1787552671909,49950,1578,1500,313,15000
1787552672009,49950,1578,1500,313,15000
1787552672109,49950,1578,1500,313,15000
1787552672209,49950,1578,1500,313,15000
1787552672309,49950,1578,1500,313,15000
1787552672409,49950,1578,1500,313,15000
1787552672509,49950,1578,1500,313,15000
1787552672609,49950,1578,1500,313,15000
1787552672709,49950,1578,1500,313,15000
1787552672809,49950,1578,1500,313,15000
1787552672909,49950,1578,1500,313,15000
1787552673010,49950,1578,1500,313,15000
1787552673109,49950,1578,1500,313,15000
1787552673209,49950,1578,1500,313,15000
1787552673309,49950,1578,1500,313,15000
1787552673409,49950,1578,1500,313,15000
1787552673509,49950,1578,1500,313,15000
1787552673609,49950,1578,1500,313,15000
1787552673709,49950,1578,1500,313,15000
1787552673809,49950,1578,1500,313,15000
1787552673909,49950,1578,1500,313,15000
1787552674009,49950,1578,1500,313,15000
1787552674109,49950,1578,1500,313,15000
1787552674210,49950,1578,1500,313,15000
1787552674309,49950,1578,1500,313,15000
1787552674409,49950,1578,1500,313,15000
1787552674509,49950,1578,1500,313,15000
1787552674609,49950,1578,1500,313,15000
1787552674709,49950,1578,1500,313,15000
1787552674809,49950,1578,1500,313,15000
1787552674909,49950,1578,1500,313,15000
1787552675010,49950,1578,1500,313,15000
1787552675109,49950,1578,1500,313,15000
1787552675210,49950,1578,1500,313,15000
1787552675310,49950,1578,1500,313,15000
1787552675409,49950,1578,1500,313,15000
1787552675510,49950,1578,1500,313,15000
1787552675609,49950,1578,1500,313,15000
1787552675709,49950,1578,1500,313,15000
1787552675809,49950,1578,1500,313,15000
1787552675909,49950,1578,1500,313,15000
1787552676009,49950,1578,1500,313,15000
1787552676109,49950,1578,1500,313,15000
1787552676209,49950,1578,1500,313,15000
1787552676309,49950,1578,1500,313,15000
1787552676409,49950,1578,1500,313,15000
1787552676509,49950,1578,1500,313,15000
1787552676609,49950,1578,1500,313,15000
1787552676710,49950,1578,1500,313,15000
1787552676810,49950,1578,1500,313,15000
1787552676909,49950,1578,1500,313,15000
1787552677009,49950,1578,1500,313,15000
1787552677110,49950,1578,1500,313,15000
1787552677209,49950,1578,1500,313,15000
1787552677309,49950,1578,1500,313,15000
1787552677410,49950,1578,1500,313,15000
1787552677509,49950,1578,1500,313,15000
1787552677610,49950,1578,1500,313,15000
1787552677709,49950,1578,1500,313,15000
1787552677810,49950,1578,1500,313,15000
1787552677910,49950,1578,1500,313,15000
1787552678010,49950,1578,1500,313,15000
1787552678109,49950,1578,1500,313,15000
1787552678210,49950,1578,1500,313,15000
1787552678309,49950,1578,1500,313,15000
1787552678409,49950,1578,1500,313,15000
1787552678509,49950,1578,1500,313,15000
1787552678609,49950,1578,1500,313,15000
1787552678710,49950,1578,1500,313,15000
1787552678810,49950,1578,1500,313,15000
1787552678909,49950,1578,1500,313,15000
1787552679009,49950,1578,1500,313,15000
1787552679110,49950,1578,1500,313,15000
1787552679209,49950,1578,1500,313,15000
1787552679309,49950,1578,1500,313,15000
1787552679409,49950,1578,1500,313,15000
1787552679510,49950,1578,1500,313,15000
1787552679609,49950,1578,1500,313,15000
1787552679709,49950,1578,1500,313,15000
1787552679809,49950,1578,1500,313,15000
1787552679910,49950,1578,1500,313,15000
1787552680009,49950,1578,1500,313,15000
1787552680109,49950,1578,1500,313,15000
1787552680209,49950,1578,1500,313,15000
1787552680309,49950,1578,1500,313,15000
1787552680409,49950,1578,1500,313,15000
1787552680509,49950,1578,1500,313,15000
1787552680609,49950,1578,1500,313,15000
1787552680709,49950,1578,1500,313,15000
1787552680809,49950,1578,1500,313,15000
1787552680909,49950,1578,1500,313,15000
1787552681009,49950,1578,1500,313,15000
1787552681109,49950,1578,1500,313,15000
1787552681209,49950,1578,1500,313,15000
1787552681309,49950,1578,1500,313,15000
1787552681409,49950,1578,1500,313,15000
1787552681509,49950,1578,1500,313,15000
1787552681609,49950,1578,1500,313,15000
1787552681710,49950,1578,1500,313,15000
1787552681809,49950,1578,1500,313,15000
1787552681909,49950,1578,1500,313,15000
1787552682009,49950,1578,1500,313,15000
1787552682110,49950,1578,1500,313,15000
1787552682210,49950,1578,1600,313,15000
1787552682309,49950,1578,1600,313,15000
1787552682409,49950,1578,1600,313,15000
1787552682509,49950,1578,1600,313,15000
1787552682609,49950,1578,1600,313,15000
1787552682709,49950,1578,1600,313,15000
1787552682809,49950,1578,1500,313,15000
1787552682909,49950,1578,1500,313,15000
1787552683010,49950,1578,1500,313,15000
1787552683109,49950,1578,1500,313,15000
1787552683209,49950,1578,1500,313,15000
1787552683309,49950,1578,1500,313,15000
1787552683409,49950,1578,1500,313,15000
1787552683509,49950,1578,1500,313,15000
1787552683609,49950,1578,1500,313,15000
1787552683709,49950,1578,1500,313,15000
1787552683809,49950,1578,1500,313,15000
1787552683909,49950,1578,1500,313,15000
1787552684009,49950,1578,1500,313,15000
1787552684109,49950,1578,1500,313,15000
1787552684209,49950,1578,1500,313,15000
1787552684309,49950,1578,1500,313,15000
1787552684409,49950,1578,1500,313,15000
1787552684510,49950,1578,1500,313,15000
1787552684609,49950,1578,1500,313,15000
1787552684709,49950,1578,1500,313,15000
1787552684809,49950,1578,1500,313,15000
1787552684909,49950,1578,1500,313,15000
1787552685009,49950,1578,1500,313,15000
1787552685110,49950,1578,1500,313,15000
1787552685210,49950,1578,1500,313,15000
1787552685309,49950,1578,1500,313,15000
1787552685409,49950,1578,1500,313,15000
1787552685510,49950,1578,1500,313,15000
1787552685609,49950,1578,1500,313,15000
1787552685709,49950,1578,1500,313,15000
1787552685809,49950,1578,1500,313,15000
1787552685909,49950,1578,1500,313,15000
1787552686009,49950,1578,1500,313,15000
1787552686109,49950,1578,1500,313,15000
1787552686210,49950,1578,1500,313,15000
1787552686309,49950,1578,1500,313,15000
1787552686409,49950,1578,1500,313,15000
1787552686510,49950,1578,1500,313,15000
1787552686609,49950,1578,1500,313,15000
1787552686709,49950,1578,1500,313,15000
1787552686809,49950,1578,1500,313,15000
1787552686909,49950,1578,1500,313,15000
1787552687010,49950,1578,1500,313,15000
1787552687109,49950,1578,1500,313,15000
1787552687209,49950,1578,1500,313,15000
1787552687309,49950,1578,1500,313,15000
1787552687409,49950,1578,1500,313,15000
1787552687510,49950,1578,1500,313,15000
1787552687609,49950,1578,1500,313,15000
1787552687709,49950,1578,1500,313,15000
1787552687809,49950,1578,1500,313,15000
1787552687909,49950,1578,1500,313,15000
1787552688009,49950,1578,1500,313,15000
1787552688110,49950,1578,1500,313,15000
1787552688209,49950,1578,1500,313,15000
1787552688309,49950,1578,1500,313,15000
1787552688409,49950,1578,1500,313,15000
1787552688509,49950,1578,1500,313,15000
1787552688610,49950,1578,1500,313,15000
1787552688709,49950,1578,1500,313,15000
1787552688809,49950,1578,1500,313,15000
1787552688909,49950,1578,1500,313,15000
1787552689010,49950,1578,1500,313,15000
1787552689109,49950,1578,1500,313,15000
1787552689209,49950,1578,1500,313,15000
1787552689309,49950,1578,1500,313,15000
1787552689409,49950,1578,1500,313,15000
1787552689509,49950,1578,1500,313,15000
1787552689609,49950,1578,1500,313,15000
1787552689709,49950,1578,1500,313,15000
1787552689809,49950,1578,1500,313,15000
1787552689909,49950,1578,1500,313,15000
1787552690010,49950,1578,1500,313,15000
1787552690110,49950,1578,1500,313,15000
1787552690209,49950,1578,1500,313,15000
1787552690310,49950,1578,1500,313,15000
1787552690410,49950,1578,1500,313,15000
1787552690509,49950,1578,1500,313,15000
1787552690609,49950,1578,1500,313,15000
1787552690709,49950,1578,1500,313,15000
1787552690809,49950,1578,1500,313,15000
1787552690909,49950,1578,1500,313,15000
1787552691009,49950,1578,1500,313,15000
1787552691109,49950,1578,1500,313,15000
1787552691209,49950,1578,1500,313,15000
1787552691309,49950,1578,1500,313,15000
1787552691409,49950,1578,1500,313,15000
1787552691509,49950,1578,1500,313,15000
1787552691609,49950,1578,1500,313,15000
1787552691709,49950,1578,1500,313,15000
1787552691810,49950,1578,1500,313,15000
1787552691909,49950,1578,1500,313,15000
1787552692010,49950,1578,1500,313,15000
1787552692109,49950,1578,1500,313,15000
1787552692209,49950,1578,1500,313,15000
1787552692309,49950,1578,1500,313,15000
1787552692410,49950,1578,1500,313,15000
1787552692509,49950,1578,1500,313,15000
1787552692609,49950,1578,1500,313,15000
1787552692709,49950,1578,1500,313,15000
1787552692809,49950,1578,1500,313,15000
1787552692909,49950,1578,1500,313,15000
1787552693009,49950,1578,1500,313,15000
1787552693109,49950,1578,1500,313,15000
1787552693209,49950,1578,1500,313,15000
1787552693309,49950,1578,1500,313,15000
1787552693409,49950,1578,1500,313,15000
1787552693509,49950,1578,1500,313,15000
1787552693609,49950,1578,1500,313,15000
1787552693710,49950,1578,1500,313,15000
1787552693809,49950,1578,1500,313,15000
1787552693909,49950,1578,1500,313,15000
1787552694010,49950,1578,1500,313,15000
1787552694109,49950,1578,1500,313,15000
1787552694209,49950,1578,1500,313,15000
1787552694309,49950,1578,1600,313,15000
1787552694410,49950,1578,1600,313,15000
1787552694509,49950,1578,1600,313,15000
1787552694609,49950,1578,1600,313,15000
1787552694709,49950,1578,1600,313,15000
1787552694809,49950,1578,1600,313,15000
1787552694910,49950,1578,1500,313,15000
1787552695009,49950,1578,1500,313,15000
1787552695109,49950,1578,1500,313,15000
1787552695209,49950,1578,1500,313,15000
1787552695310,49950,1578,1500,313,15000
1787552695409,49950,1578,1500,313,15000
1787552695509,49950,1578,1500,313,15000
1787552695610,49950,1578,1500,313,15000
1787552695710,49950,1578,1500,313,15000
1787552695809,49950,1578,1500,313,15000
1787552695910,49950,1578,1500,313,15000
1787552696010,49950,1578,1500,313,15000
1787552696110,49950,1578,1500,313,15000
1787552696209,49950,1578,1500,313,15000
1787552696309,49950,1578,1500,313,15000
1787552696409,49950,1578,1500,313,15000
1787552696509,49950,1578,1500,313,15000
1787552696610,49950,1578,1500,313,15000
1787552696709,49950,1578,1500,313,15000
1787552696809,49950,1578,1500,313,15000
1787552696909,49950,1578,1500,313,15000
1787552697010,49950,1578,1500,313,15000
1787552697109,49950,1578,1500,313,15000
1787552697209,49950,1578,1500,313,15000
1787552697309,49950,1578,1500,313,15000
1787552697409,49950,1578,1500,313,15000
1787552697509,49950,1578,1500,313,15000
1787552697609,49950,1578,1500,313,15000
1787552697709,49950,1578,1500,313,15000
1787552697809,49950,1578,1500,313,15000
1787552697909,49950,1578,1500,313,15000
1787552698009,49950,1578,1500,313,15000
1787552698109,49950,1578,1500,313,15000
1787552698210,49950,1578,1500,313,15000
1787552698309,49950,1578,1500,313,15000
1787552698409,49950,1578,1500,313,15000
1787552698509,49950,1578,1500,313,15000
1787552698610,49950,1578,1500,313,15000
1787552698709,49950,1578,1500,313,15000
1787552698809,49950,1578,1500,313,15000
1787552698909,49950,1578,1500,313,15000
1787552699010,49950,1578,1500,313,15000
1787552699109,49950,1578,1500,313,15000
1787552699209,49950,1578,1500,313,15000
1787552699309,49950,1578,1500,313,15000
1787552699409,49950,1578,1500,313,15000
1787552699509,49950,1578,1500,313,15000
1787552699609,49950,1578,1500,313,15000
1787552699710,49950,1578,1500,313,15000
1787552699810,49950,1578,1500,313,15000
1787552699909,49950,1578,1500,313,15000
1787552700009,49950,1578,1500,313,15000
1787552700109,49950,1578,1500,313,15000
1787552700210,49950,1578,1500,313,15000
1787552700309,49950,1578,1500,313,15000
1787552700409,49950,1578,1500,313,15000
1787552700510,49950,1578,1500,313,15000
1787552700609,49950,1578,1500,313,15000
1787552700709,49950,1578,1500,313,15000
1787552700809,49950,1578,1500,313,15000
1787552700909,49950,1578,1500,313,15000
1787552701009,49950,1578,1500,313,15000
1787552701109,49950,1578,1500,313,15000
1787552701209,49950,1578,1500,313,15000
1787552701309,49950,1578,1500,313,15000
1787552701410,49950,1578,1500,313,15000
1787552701509,49950,1578,1500,313,15000
1787552701609,49950,1578,1500,313,15000
1787552701709,49950,1578,1500,313,15000
1787552701809,49950,1578,1500,313,15000
1787552701910,49950,1578,1500,313,15000
1787552702010,49950,1578,1500,313,15000
1787552702109,49950,1578,1500,313,15000
1787552702209,49950,1578,1500,313,15000
1787552702309,49950,1578,1500,313,15000
1787552702409,49950,1578,1500,313,15000
1787552702509,49950,1578,1500,313,15000
1787552702609,49950,1578,1500,313,15000
1787552702709,49950,1578,1500,313,15000
1787552702809,49950,1578,1500,313,15000
1787552702909,49950,1578,1500,313,15000
1787552703009,49950,1578,1500,313,15000
1787552703110,49950,1578,1500,313,15000
1787552703209,49950,1578,1500,313,15000
1787552703309,49950,1578,1500,313,15000
1787552703409,49950,1578,1500,313,15000
1787552703510,49950,1578,1500,313,15000
1787552703610,49950,1578,1500,313,15000
1787552703710,49950,1578,1500,313,15000
1787552703810,49950,1578,1500,313,15000
1787552703910,49950,1578,1500,313,15000
1787552704010,49950,1578,1500,313,15000
1787552704110,49950,1578,1500,313,15000
1787552704209,49950,1578,1500,313,15000
1787552704309,49950,1578,1500,313,15000
1787552704409,49950,1578,1500,313,15000
1787552704510,49950,1578,1500,313,15000
1787552704609,49950,1578,1500,313,15000
1787552704709,49950,1578,1500,313,15000
1787552704810,49950,1578,1500,313,15000
1787552704909,49950,1578,1500,313,15000
1787552705009,49950,1578,1500,313,15000
1787552705109,49950,1578,1500,313,15000
1787552705210,49950,1578,1500,313,15000
1787552705309,49950,1578,1500,313,15000
1787552705409,49950,1578,1500,313,15000
1787552705510,49950,1578,1500,313,15000
1787552705609,49950,1578,1500,313,15000
1787552705709,49950,1578,1500,313,15000
1787552705809,49950,1578,1500,313,15000
1787552705909,49950,1578,1500,313,15000
1787552706010,49950,1578,1500,313,15000
1787552706109,49950,1578,1500,313,15000
1787552706210,49950,1578,1500,313,15000
1787552706309,49950,1578,1500,313,15000
1787552706409,49950,1578,1500,313,15000
1787552706510,49950,1578,1600,313,15000
1787552706609,49950,1578,1600,313,15000
1787552706709,49950,1578,1600,313,15000
1787552706809,49950,1578,1600,313,15000
1787552706909,49950,1578,1600,313,15000
1787552707009,49950,1578,1500,313,15000
1787552707109,49950,1578,1500,313,15000
1787552707209,49950,1578,1500,313,15000
1787552707309,49950,1578,1500,313,15000
1787552707409,49950,1578,1500,313,15000
1787552707510,49950,1578,1500,313,15000
1787552707609,49950,1578,1500,313,15000
1787552707709,49950,1578,1500,313,15000
1787552707809,49950,1578,1500,313,15000
1787552707909,49950,1578,1500,313,15000
1787552708009,49950,1578,1500,313,15000
1787552708109,49950,1578,1500,313,15000
1787552708210,49950,1578,1500,313,15000
1787552708309,49950,1578,1500,313,15000
1787552708409,49950,1578,1500,313,15000
1787552708509,49950,1578,1500,313,15000
1787552708609,49950,1578,1500,313,15000
1787552708709,49950,1578,1500,313,15000
1787552708809,49950,1578,1500,313,15000
1787552708909,49950,1578,1500,313,15000
1787552709009,49950,1578,1500,313,15000
1787552709110,49950,1578,1500,313,15000
1787552709209,49950,1578,1500,313,15000
1787552709309,49950,1578,1500,313,15000
1787552709409,49950,1578,1500,313,15000
1787552709510,49950,1578,1600,313,15000
1787552709609,49950,1578,1600,313,15000
1787552709709,49950,1578,1600,313,15000
1787552709809,49950,1578,1600,313,15000
1787552709909,49950,1578,1600,313,15000
1787552710009,49950,1578,1600,313,15000
1787552710109,49950,1578,1500,313,15000
1787552710209,49950,1578,1500,313,15000
1787552710309,49950,1578,1500,313,15000
1787552710410,49950,1578,1500,313,15000
1787552710509,49950,1578,1500,313,15000
1787552710609,49950,1578,1500,313,15000
1787552710709,49950,1578,1500,313,15000
1787552710809,49950,1578,1500,313,15000
1787552710909,49950,1578,1500,313,15000
1787552711009,49950,1578,1500,313,15000
1787552711109,49950,1578,1500,313,15000
1787552711209,49950,1578,1500,313,15000
1787552711309,49950,1578,1500,313,15000
1787552711409,49950,1578,1500,313,15000
1787552711510,49950,1578,1500,313,15000
1787552711610,49950,1578,1500,313,15000
1787552711709,49950,1578,1500,313,15000
1787552711810,49950,1578,1500,313,15000
1787552711909,49950,1578,1500,313,15000
1787552712009,49950,1578,1500,313,15000
1787552712109,49950,1578,1500,313,15000
1787552712209,49950,1578,1500,313,15000
1787552712309,49950,1578,1500,313,15000
1787552712410,49950,1578,1500,313,15000
1787552712509,49950,1578,1500,313,15000
1787552712610,49950,1578,1500,313,15000
1787552712710,49950,1578,1500,313,15000
1787552712809,49950,1578,1500,313,15000
1787552712910,49950,1578,1500,313,15000
1787552713009,49950,1578,1500,313,15000
1787552713109,49950,1578,1600,313,15000
1787552713210,49950,1578,1600,313,15000
1787552713309,49950,1578,1600,313,15000
1787552713409,49950,1578,1600,313,15000
1787552713509,49950,1578,1600,313,15000
1787552713610,49950,1578,1600,313,15000
1787552713709,49950,1578,1500,313,15000
1787552713809,49950,1578,1500,313,15000
1787552713909,49950,1578,1500,313,15000
1787552714009,49950,1578,1500,313,15000
1787552714109,49950,1578,1500,313,15000
1787552714209,49950,1578,1500,313,15000
1787552714309,49950,1578,1500,313,15000
1787552714409,49950,1578,1500,313,15000
1787552714509,49950,1578,1500,313,15000
1787552714609,49950,1578,1500,313,15000
1787552714709,49950,1578,1500,313,15000
1787552714809,49950,1578,1500,313,15000
1787552714909,49950,1578,1500,313,15000
1787552715009,49950,1578,1500,313,15000
1787552715109,49950,1578,1500,313,15000
1787552715209,49950,1578,1500,313,15000
1787552715310,49950,1578,1500,313,15000
1787552715409,49950,1578,1500,313,15000
1787552715509,49950,1578,1500,313,15000
1787552715609,49950,1578,1500,313,15000
1787552715710,49950,1578,1500,313,15000
1787552715810,49950,1578,1500,313,15000
1787552715909,49950,1578,1500,313,15000
1787552716009,49950,1578,1500,313,15000
1787552716109,49950,1578,1500,313,15000
1787552716210,49950,1578,1500,313,15000
1787552716310,49950,1578,1500,313,15000
1787552716409,49950,1578,1500,313,15000
1787552716509,49950,1578,1500,313,15000
1787552716609,49950,1578,1500,313,15000
1787552716709,49950,1578,1500,313,15000
1787552716809,49950,1578,1500,313,15000
1787552716910,49950,1578,1500,313,15000
1787552717010,49950,1578,1500,313,15000
1787552717109,49950,1578,1500,313,15000
1787552717210,49950,1578,1500,313,15000
1787552717309,49950,1578,1500,313,15000
1787552717409,49950,1578,1500,313,15000
1787552717510,49950,1578,1500,313,15000
1787552717610,49950,1578,1500,313,15000
1787552717709,49950,1578,1500,313,15000
1787552717809,49950,1578,1600,313,15000
1787552717909,49950,1578,1600,313,15000
1787552718009,49950,1578,1600,313,15000
1787552718109,49950,1578,1600,313,15000
1787552718209,49950,1578,1600,313,15000
1787552718309,49950,1578,1600,313,15000
1787552718409,49950,1578,1600,313,15000
1787552718509,49950,1578,1500,313,15000
1787552718610,49950,1578,1500,313,15000
1787552718709,49950,1578,1500,313,15000
1787552718809,49950,1578,1500,313,15000
1787552718910,49950,1578,1500,313,15000
1787552719009,49950,1578,1500,313,15000
1787552719109,49950,1578,1500,313,15000
1787552719209,49950,1578,1500,313,15000
1787552719309,49950,1578,1500,313,15000
1787552719410,49950,1578,1500,313,15000
1787552719509,49950,1578,1500,313,15000
1787552719609,49950,1578,1500,313,15000
1787552719710,49950,1578,1500,313,15000
1787552719809,49950,1578,1500,313,15000
1787552719909,49950,1578,1500,313,15000
1787552720009,49950,1578,1500,313,15000
1787552720109,49950,1578,1500,313,15000
1787552720210,49950,1578,1500,313,15000
1787552720309,49950,1578,1500,313,15000
1787552720409,49950,1578,1500,313,15000
1787552720509,49950,1578,1500,313,15000
1787552720609,49950,1578,1500,313,15000
1787552720709,49950,1578,1500,313,15000
1787552720810,49950,1578,1500,313,15000
1787552720909,49950,1578,1500,313,15000
1787552721009,49950,1578,1500,313,15000
1787552721109,49950,1578,1500,313,15000
1787552721209,49950,1578,1500,313,15000
1787552721309,49950,1578,1500,313,15000
1787552721409,49950,1578,1500,313,15000
1787552721509,49950,1578,1500,313,15000
1787552721609,49950,1578,1500,313,15000
1787552721710,49950,1578,1500,313,15000
1787552721809,49950,1578,1500,313,15000
1787552721909,49950,1578,1500,313,15000
1787552722009,49950,1578,1500,313,15000
1787552722109,49950,1578,1500,313,15000
1787552722209,49950,1578,1500,313,15000
1787552722309,49950,1578,1500,313,15000
1787552722409,49950,1578,1500,313,15000
1787552722509,49950,1578,1500,313,15000
1787552722610,49950,1578,1500,313,15000
1787552722709,49950,1578,1500,313,15000
1787552722809,49950,1578,1500,313,15000
1787552722910,49950,1578,1500,313,15000
1787552723009,49950,1578,1500,313,15000
1787552723109,49950,1578,1500,313,15000
1787552723209,49950,1578,1500,313,15000
1787552723309,49950,1578,1500,313,15000
1787552723409,49950,1578,1500,313,15000
1787552723509,49950,1578,1500,313,15000
1787552723610,49950,1578,1500,313,15000
1787552723709,49950,1578,1500,313,15000
1787552723810,49950,1578,1500,313,15000
1787552723910,49950,1578,1500,313,15000
1787552724009,49950,1578,1500,313,15000
1787552724109,49950,1578,1500,313,15000
1787552724209,49950,1578,1500,313,15000
1787552724309,49950,1578,1500,313,15000
1787552724409,49950,1578,1500,313,15000
1787552724510,49950,1578,1500,313,15000
1787552724609,49950,1578,1500,313,15000
1787552724709,49950,1578,1500,313,15000
1787552724809,49950,1578,1500,313,15000
1787552724909,49950,1578,1500,313,15000
1787552725009,49950,1578,1500,313,15000
1787552725109,49950,1578,1500,313,15000
1787552725209,49950,1578,1500,313,15000
1787552725309,49950,1578,1500,313,15000
1787552725410,49950,1578,1500,313,15000
1787552725509,49950,1578,1500,313,15000
1787552725610,49950,1578,1500,313,15000
1787552725710,49950,1578,1500,313,15000
1787552725809,49950,1578,1500,313,15000
1787552725909,49950,1578,1500,313,15000
1787552726009,49950,1578,1500,313,15000
1787552726109,49950,1578,1500,313,15000
1787552726210,49950,1578,1500,313,15000
1787552726309,49950,1578,1500,313,15000
1787552726410,49950,1578,1500,313,15000
1787552726510,49950,1578,1500,313,15000
1787552726609,49950,1578,1500,313,15000
1787552726709,49950,1578,1500,313,15000
1787552726810,49950,1578,1500,313,15000
1787552726909,49950,1578,1500,313,15000
1787552727009,49950,1578,1500,313,15000
1787552727109,49950,1578,1500,313,15000
1787552727210,49950,1578,1500,313,15000
1787552727309,49950,1578,1500,313,15000
1787552727409,49950,1578,1500,313,15000
1787552727509,49950,1578,1500,313,15000
1787552727610,49950,1578,1500,313,15000
1787552727709,49950,1578,1500,313,15000
1787552727809,49950,1578,1500,313,15000
1787552727909,49950,1578,1500,313,15000
1787552728009,49950,1578,1500,313,15000
1787552728109,49950,1578,1500,313,15000
1787552728209,49950,1578,1500,313,15000
1787552728309,49950,1578,1500,313,15000
1787552728409,49950,1578,1500,313,15000
1787552728509,49950,1578,1500,313,15000
1787552728610,49950,1578,1500,313,15000
1787552728710,49950,1578,1500,313,15000
1787552728809,49950,1578,1500,313,15000
1787552728909,49950,1578,1500,313,15000
1787552729009,49950,1578,1500,313,15000
1787552729109,49950,1578,1500,313,15000
1787552729209,49950,1578,1500,313,15000
1787552729309,49950,1578,1600,313,15000
1787552729409,49950,1578,1600,313,15000
1787552729510,49950,1578,1600,313,15000
1787552729609,49950,1578,1600,313,15000
1787552729710,49950,1578,1600,313,15000
1787552729809,49950,1578,1600,313,15000
1787552729909,49950,1578,1500,313,15000
1787552730010,49950,1578,1500,313,15000
1787552730110,49950,1578,1500,313,15000
1787552730209,49950,1578,1500,313,15000
1787552730309,49950,1578,1500,313,15000
1787552730410,49950,1578,1500,313,15000
1787552730510,49950,1578,1500,313,15000
1787552730610,49950,1578,1500,313,15000
1787552730709,49950,1578,1500,313,15000
1787552730809,49950,1578,1500,313,15000
1787552730909,49950,1578,1500,313,15000
1787552731009,49950,1578,1500,313,15000
1787552731109,49950,1578,1500,313,15000
1787552731209,49950,1578,1500,313,15000
1787552731309,49950,1578,1500,313,15000
1787552731409,49950,1578,1500,313,15000
1787552731509,49950,1578,1500,313,15000
1787552731609,49950,1578,1500,313,15000
1787552731709,49950,1578,1500,313,15000
1787552731809,49950,1578,1600,313,15000
1787552731909,49950,1578,1600,313,15000
1787552732010,49950,1578,1600,313,15000
1787552732109,49950,1578,1600,313,15000
1787552732210,49950,1578,1600,313,15000
1787552732309,49950,1578,1600,313,15000
1787552732409,49950,1578,1500,313,15000
1787552732509,49950,1578,1500,313,15000
1787552732610,49950,1578,1500,313,15000
1787552732710,49950,1578,1500,313,15000
1787552732809,49950,1578,1500,313,15000
1787552732909,49950,1578,1500,313,15000
1787552733010,49950,1578,1500,313,15000
1787552733109,49950,1578,1500,313,15000
1787552733210,49950,1578,1500,313,15000
1787552733309,49950,1578,1500,313,15000
1787552733409,49950,1578,1500,313,15000
1787552733509,49950,1578,1500,313,15000
1787552733609,49950,1578,1600,313,15000
1787552733710,49950,1578,1600,313,15000
1787552733809,49950,1578,1600,313,15000
1787552733909,49950,1578,1600,313,15000
1787552734010,49950,1578,1600,313,15000
1787552734109,49950,1578,1600,313,15000
1787552734209,49950,1578,1600,313,15000
1787552734309,49950,1578,1500,313,15000
1787552734409,49950,1578,1500,313,15000
1787552734509,49950,1578,1500,313,15000
1787552734610,49950,1578,1500,313,15000
1787552734709,49950,1578,1500,313,15000
1787552734809,49950,1578,1500,313,15000
1787552734909,49950,1578,1500,313,15000
1787552735010,49950,1578,1500,313,15000
1787552735109,49950,1578,1500,313,15000
1787552735209,49950,1578,1500,313,15000
1787552735309,49950,1578,1600,313,15000
1787552735409,49950,1578,1600,313,15000
1787552735509,49950,1578,1600,313,15000
1787552735609,49950,1578,1600,313,15000
1787552735710,49950,1578,1600,313,15000
1787552735809,49950,1578,1600,313,15000
1787552735910,49950,1578,1600,313,15000
1787552736010,49950,1578,1500,313,15000
1787552736109,49950,1578,1500,313,15000
1787552736209,49950,1578,1500,313,15000
1787552736309,49950,1578,1500,313,15000
1787552736409,49950,1578,1500,313,15000
1787552736510,49950,1578,1500,313,15000
1787552736609,49950,1578,1500,313,15000
1787552736710,49950,1578,1500,313,15000
1787552736809,49950,1578,1500,313,15000
1787552736909,49950,1578,1500,313,15000
1787552737009,49950,1578,1500,313,15000
1787552737109,49950,1578,1500,313,15000
1787552737209,49950,1578,1500,313,15000
1787552737309,49950,1578,1500,313,15000
1787552737409,49950,1578,1500,313,15000
1787552737509,49950,1578,1500,313,15000
1787552737609,49950,1578,1500,313,15000
1787552737709,49950,1578,1500,313,15000
1787552737809,49950,1578,1500,313,15000
1787552737909,49950,1578,1500,313,15000
1787552738009,49950,1578,1500,313,15000
1787552738109,49950,1578,1500,313,15000
1787552738210,49950,1578,1500,313,15000
1787552738310,49950,1578,1500,313,15000
1787552738409,49950,1578,1500,313,15000
1787552738510,49950,1578,1500,313,15000
1787552738610,49950,1578,1500,313,15000
1787552738709,49950,1578,1500,313,15000
1787552738809,49950,1578,1500,313,15000
1787552738909,49950,1578,1500,313,15000
1787552739009,49950,1578,1500,313,15000
1787552739110,49950,1578,1500,313,15000
1787552739209,49950,1578,1500,313,15000
1787552739309,49950,1578,1500,313,15000
1787552739409,49950,1578,1500,313,15000
1787552739510,49950,1578,1500,313,15000
1787552739610,49950,1578,1500,313,15000
1787552739709,49950,1578,1500,313,15000
1787552739809,49950,1578,1500,313,15000
1787552739909,49950,1578,1500,313,15000
1787552740009,49950,1578,1500,313,15000
1787552740109,49950,1578,1500,313,15000
1787552740209,49950,1578,1500,313,15000
1787552740309,49950,1578,1500,313,15000
1787552740409,49950,1578,1500,313,15000
1787552740509,49950,1578,1500,313,15000
1787552740609,49950,1578,1500,313,15000
1787552740709,49950,1578,1500,313,15000
1787552740810,49950,1578,1500,313,15000
1787552740909,49950,1578,1500,313,15000
1787552741010,49950,1578,1500,313,15000
1787552741109,49950,1578,1500,313,15000
1787552741210,49950,1578,1500,313,15000
1787552741310,49950,1578,1500,313,15000
1787552741409,49950,1578,1500,313,15000
1787552741509,49950,1578,1500,313,15000
1787552741609,49950,1578,1500,313,15000
1787552741709,49950,1578,1500,313,15000
1787552741809,49950,1578,1500,313,15000
1787552741909,49950,1578,1500,313,15000
1787552742009,49950,1578,1500,313,15000
1787552742110,49950,1578,1500,313,15000
1787552742210,49950,1578,1500,313,15000
1787552742309,49950,1578,1500,313,15000
1787552742409,49950,1578,1500,313,15000
1787552742509,49950,1578,1500,313,15000
1787552742610,49950,1578,1500,313,15000
1787552742710,49950,1578,1500,313,15000
1787552742809,49950,1578,1500,313,15000
1787552742910,49950,1578,1500,313,15000
1787552743009,49950,1578,1500,313,15000
1787552743109,49950,1578,1500,313,15000
1787552743210,49950,1578,1500,313,15000
1787552743309,49950,1578,1500,313,15000
1787552743410,49950,1578,1500,313,15000
1787552743510,49950,1578,1500,313,15000
1787552743609,49950,1578,1500,313,15000
1787552743709,49950,1578,1500,313,15000
1787552743809,49950,1578,1500,313,15000
1787552743909,49950,1578,1500,313,15000
1787552744010,49950,1578,1500,313,15000
1787552744110,49950,1578,1500,313,15000
1787552744210,49950,1578,1500,313,15000
1787552744309,49950,1578,1500,313,15000
1787552744409,49950,1578,1500,313,15000
1787552744509,49950,1578,1500,313,15000
1787552744610,49950,1578,1500,313,15000
1787552744710,49950,1578,1500,313,15000
1787552744809,49950,1578,1500,313,15000
1787552744910,49950,1578,1500,313,15000
1787552745009,49950,1578,1500,313,15000
1787552745110,49950,1578,1500,313,15000
1787552745209,49950,1578,1600,313,15000
1787552745309,49950,1578,1600,313,15000
1787552745409,49950,1578,1600,313,15000
1787552745509,49950,1578,1600,313,15000
1787552745610,49950,1578,1600,313,15000
1787552745709,49950,1578,1600,313,15000
1787552745810,49950,1578,1600,313,15000
1787552745910,49950,1578,1600,313,15000
1787552746010,49950,1578,1600,313,15000
1787552746109,49950,1578,1600,313,15000
1787552746209,49950,1578,1500,313,15000
1787552746310,49950,1578,1500,313,15000
1787552746409,49950,1578,1500,313,15000
1787552746509,49950,1578,1500,313,15000
1787552746609,49950,1578,1500,313,15000
1787552746709,49950,1578,1500,313,15000
1787552746809,49950,1578,1500,313,15000
1787552746910,49950,1578,1500,313,15000
1787552747009,49950,1578,1500,313,15000
1787552747109,49950,1578,1500,313,15000
1787552747210,49950,1578,1500,313,15000
1787552747309,49950,1578,1500,313,15000
1787552747410,49950,1578,1500,313,15000
1787552747509,49950,1578,1500,313,15000
1787552747610,49950,1578,1500,313,15000
1787552747710,49950,1578,1500,313,15000
1787552747809,49950,1578,1500,313,15000
1787552747909,49950,1578,1500,313,15000
1787552748009,49950,1578,1500,313,15000
1787552748109,49950,1578,1500,313,15000
1787552748209,49950,1578,1500,313,15000
1787552748309,49950,1578,1500,313,15000
1787552748409,49950,1578,1500,313,15000
1787552748509,49950,1578,1500,313,15000
1787552748610,49950,1578,1500,313,15000
1787552748710,49950,1578,1500,313,15000
1787552748810,49950,1578,1500,313,15000
1787552748909,49950,1578,1500,313,15000
1787552749009,49950,1578,1500,313,15000
1787552749109,49950,1578,1500,313,15000
1787552749210,49950,1578,1500,313,15000
1787552749310,49950,1578,1500,313,15000
1787552749409,49950,1578,1500,313,15000
1787552749509,49950,1578,1500,313,15000
1787552749609,49950,1578,1500,313,15000
1787552749710,49950,1578,1500,313,15000
1787552749810,49950,1578,1500,313,15000
1787552749910,49950,1578,1500,313,15000
1787552750010,49950,1578,1500,313,15000
1787552750109,49950,1578,1500,313,15000
1787552750209,49950,1578,1500,313,15000
1787552750309,49950,1578,1500,313,15000
1787552750409,49950,1578,1500,313,15000
1787552750509,49950,1578,1500,313,15000
1787552750609,49950,1578,1500,313,15000
1787552750709,49950,1578,1500,313,15000
1787552750809,49950,1578,1500,313,15000
1787552750910,49950,1578,1500,313,15000
1787552751010,49950,1578,1500,313,15000
1787552751109,49950,1578,1500,313,15000
1787552751209,49950,1578,1500,313,15000
1787552751309,49950,1578,1500,313,15000
1787552751410,49950,1578,1500,313,15000
1787552751509,49950,1578,1500,313,15000
1787552751610,49950,1578,1500,313,15000
1787552751710,49950,1578,1500,313,15000
1787552751809,49950,1578,1500,313,15000
1787552751910,49950,1578,1500,313,15000
1787552752009,49950,1578,1500,313,15000
1787552752109,49950,1578,1500,313,15000
1787552752210,49950,1578,1500,313,15000
1787552752309,49950,1578,1500,313,15000
1787552752410,49950,1578,1500,313,15000
1787552752509,49950,1578,1500,313,15000
1787552752610,49950,1578,1500,313,15000
1787552752709,49950,1578,1500,313,15000
1787552752810,49950,1578,1500,313,15000
1787552752909,49950,1578,1500,313,15000
1787552753009,49950,1578,1500,313,15000
1787552753110,49950,1578,1500,313,15000
1787552753210,49950,1578,1500,313,15000
1787552753309,49950,1578,1500,313,15000
1787552753409,49950,1578,1500,313,15000
1787552753509,49950,1578,1500,313,15000
1787552753609,49950,1578,1500,313,15000
1787552753709,49950,1578,1500,313,15000
1787552753809,49950,1578,1500,313,15000
1787552753909,49950,1578,1500,313,15000
1787552754009,49950,1578,1500,313,15000
1787552754109,49950,1578,1500,313,15000
1787552754209,49950,1578,1500,313,15000
1787552754309,49950,1578,1500,313,15000
1787552754409,49950,1578,1500,313,15000
1787552754509,49950,1578,1500,313,15000
1787552754609,49950,1578,1500,313,15000
1787552754709,49950,1578,1500,313,15000
1787552754809,49950,1578,1500,313,15000
1787552754909,49950,1578,1500,313,15000
1787552755009,49950,1578,1500,313,15000
1787552755109,49950,1578,1500,313,15000
1787552755209,49950,1578,1500,313,15000
1787552755309,49950,1578,1500,313,15000
1787552755409,49950,1578,1500,313,15000
1787552755510,49950,1578,1600,313,15000
1787552755609,49950,1578,1600,313,15000
1787552755710,49950,1578,1600,313,15000
1787552755810,49950,1578,1600,313,15000
1787552755909,49950,1578,1500,313,15000
1787552756009,49950,1578,1500,313,15000
1787552756110,49950,1578,1500,313,15000
1787552756209,49950,1578,1500,313,15000
1787552756309,49950,1578,1500,313,15000
1787552756410,49950,1578,1500,313,15000
1787552756509,49950,1578,1500,313,15000
1787552756610,49950,1578,1500,313,15000
1787552756709,49950,1578,1500,313,15000
1787552756810,49950,1578,1500,313,15000
1787552756910,49950,1578,1500,313,15000
1787552757009,49950,1578,1500,313,15000
1787552757109,49950,1578,1500,313,15000
1787552757209,49950,1578,1500,313,15000
1787552757310,49950,1578,1500,313,15000
1787552757409,49950,1578,1500,313,15000
1787552757510,49950,1578,1500,313,15000
1787552757609,49950,1578,1500,313,15000
1787552757709,49950,1578,1500,313,15000
1787552757810,49950,1578,1600,313,15000
1787552757910,49950,1578,1600,313,15000
1787552758009,49950,1578,1600,313,15000
1787552758109,49950,1578,1600,313,15000
1787552758210,49950,1578,1600,313,15000
1787552758309,49950,1578,1600,313,15000
1787552758409,49950,1578,1500,313,15000
1787552758510,49950,1578,1500,313,15000
1787552758610,49950,1578,1500,313,15000
1787552758709,49950,1578,1500,313,15000
1787552758810,49950,1578,1500,313,15000
1787552758910,49950,1578,1500,313,15000
1787552759009,49950,1578,1500,313,15000
1787552759109,49950,1578,1500,313,15000
1787552759209,49950,1578,1500,313,15000
1787552759309,49950,1578,1500,313,15000
1787552759410,49950,1578,1500,313,15000
1787552759510,49950,1578,1500,313,15000
1787552759609,49950,1578,1500,313,15000
1787552759709,49950,1578,1500,313,15000
1787552759809,49950,1578,1500,313,15000
1787552759910,49950,1578,1500,313,15000
1787552760010,49950,1578,1500,313,15000
1787552760109,49950,1578,1500,313,15000
1787552760209,49950,1578,1500,313,15000
1787552760309,49950,1578,1600,313,15000
1787552760410,49950,1578,1600,313,15000
1787552760509,49950,1578,1600,313,15000
1787552760610,49950,1578,1600,313,15000
1787552760709,49950,1578,1600,313,15000
1787552760809,49950,1578,1600,313,15000
1787552760909,49950,1578,1500,313,15000
1787552761009,49950,1578,1500,313,15000
1787552761110,49950,1578,1500,313,15000
1787552761209,49950,1578,1500,313,15000
1787552761309,49950,1578,1500,313,15000
1787552761409,49950,1578,1500,313,15000
1787552761509,49950,1578,1500,313,15000
1787552761609,49950,1578,1500,313,15000
1787552761709,49950,1578,1500,313,15000
1787552761809,49950,1578,1500,313,15000
1787552761909,49950,1578,1500,313,15000
1787552762009,49950,1578,1500,313,15000
1787552762109,49950,1578,1500,313,15000
1787552762210,49950,1578,1500,313,15000
1787552762309,49950,1578,1500,313,15000
1787552762409,49950,1578,1500,313,15000
1787552762509,49950,1578,1500,313,15000
1787552762610,49950,1578,1500,313,15000
1787552762710,49950,1578,1500,313,15000
1787552762809,49950,1578,1500,313,15000
1787552762909,49950,1578,1500,313,15000
1787552763010,49950,1578,1500,313,15000
1787552763109,49950,1578,1500,313,15000
1787552763209,49950,1578,1600,313,15000
1787552763310,49950,1578,1600,313,15000
1787552763409,49950,1578,1600,313,15000
1787552763509,49950,1578,1600,313,15000
1787552763610,49950,1578,1600,313,15000
1787552763710,49950,1578,1600,313,15000
1787552763809,49950,1578,1500,313,15000
1787552763909,49950,1578,1500,313,15000
1787552764009,49950,1578,1500,313,15000
1787552764109,49950,1578,1500,313,15000
1787552764209,49950,1578,1500,313,15000
1787552764309,49950,1578,1500,313,15000
1787552764410,49950,1578,1500,313,15000
1787552764509,49950,1578,1500,313,15000
1787552764610,49950,1578,1500,313,15000
1787552764709,49950,1578,1500,313,15000
1787552764809,49950,1578,1500,313,15000
1787552764909,49950,1578,1500,313,15000
1787552765010,49950,1578,1500,313,15000
1787552765109,49950,1578,1500,313,15000
1787552765209,49950,1578,1500,313,15000
1787552765309,49950,1578,1500,313,15000
1787552765409,49950,1578,1500,313,15000
1787552765509,49950,1578,1500,313,15000
1787552765609,49950,1578,1500,313,15000
1787552765709,49950,1578,1500,313,15000
1787552765809,49950,1578,1500,313,15000
1787552765909,49950,1578,1500,313,15000
1787552766009,49950,1578,1500,313,15000
1787552766109,49950,1578,1500,313,15000
1787552766210,49950,1578,1500,313,15000
1787552766309,49950,1578,1500,313,15000
1787552766409,49950,1578,1500,313,15000
1787552766509,49950,1578,1500,313,15000
1787552766610,49950,1578,1500,313,15000
1787552766709,49950,1578,1500,313,15000
1787552766809,49950,1578,1500,313,15000
1787552766909,49950,1578,1500,313,15000
1787552767009,49950,1578,1500,313,15000
1787552767109,49950,1578,1500,313,15000
1787552767209,49950,1578,1500,313,15000
1787552767309,49950,1578,1500,313,15000
1787552767409,49950,1578,1500,313,15000
1787552767509,49950,1578,1500,313,15000
1787552767610,49950,1578,1500,313,15000
1787552767709,49950,1578,1500,313,15000
1787552767809,49950,1578,1500,313,15000
1787552767910,49950,1578,1500,313,15000
1787552768009,49950,1578,1500,313,15000
1787552768109,49950,1578,1500,313,15000
1787552768209,49950,1578,1500,313,15000
1787552768309,49950,1578,1500,313,15000
1787552768410,49950,1578,1500,313,15000
1787552768510,49950,1578,1500,313,15000
1787552768609,49950,1578,1500,313,15000
1787552768710,49950,1578,1500,313,15000
1787552768810,49950,1578,1500,313,15000
1787552768909,49950,1578,1500,313,15000
1787552769010,49950,1578,1500,313,15000
1787552769109,49950,1578,1500,313,15000
1787552769209,49950,1578,1500,313,15000
1787552769309,49950,1578,1500,313,15000
1787552769410,49950,1578,1500,313,15000
1787552769509,49950,1578,1500,313,15000
1787552769609,49950,1578,1500,313,15000
1787552769709,49950,1578,1500,313,15000
1787552769809,49950,1578,1500,313,15000
1787552769909,49950,1578,1500,313,15000
1787552770009,49950,1578,1500,313,15000
1787552770109,49950,1578,1500,313,15000
1787552770209,49950,1578,1500,313,15000
1787552770309,49950,1578,1500,313,15000
1787552770409,49950,1578,1500,313,15000
1787552770509,49950,1578,1500,313,15000
1787552770609,49950,1578,1500,313,15000
1787552770709,49950,1578,1500,313,15000
1787552770809,49950,1578,1500,313,15000
1787552770909,49950,1578,1500,313,15000
1787552771009,49950,1578,1500,313,15000
1787552771109,49950,1578,1500,313,15000
1787552771210,49950,1578,1500,313,15000
1787552771309,49950,1578,1500,313,15000
1787552771409,49950,1578,1500,313,15000
1787552771509,49950,1578,1500,313,15000
1787552771610,49950,1578,1500,313,15000
1787552771710,49950,1578,1500,313,15000
1787552771809,49950,1578,1500,313,15000
1787552771909,49950,1578,1500,313,15000
1787552772009,49950,1578,1500,313,15000
1787552772110,49950,1578,1500,313,15000
1787552772209,49950,1578,1500,313,15000
1787552772309,49950,1578,1500,313,15000
1787552772409,49950,1578,1500,313,15000
1787552772509,49950,1578,1500,313,15000
1787552772609,49950,1578,1500,313,15000
1787552772709,49950,1578,1500,313,15000
1787552772809,49950,1578,1600,313,15000
1787552772909,49950,1578,1600,313,15000
1787552773009,49950,1578,1600,313,15000
1787552773109,49950,1578,1600,313,15000
1787552773209,49950,1578,1600,313,15000
1787552773310,49950,1578,1600,313,15000
1787552773409,49950,1578,1500,313,15000
1787552773509,49950,1578,1500,313,15000
1787552773610,49950,1578,1500,313,15000
1787552773709,49950,1578,1500,313,15000
1787552773809,49950,1578,1500,313,15000
1787552773910,49950,1578,1500,313,15000
1787552774009,49950,1578,1500,313,15000
1787552774109,49950,1578,1500,313,15000
1787552774210,49950,1578,1500,313,15000
1787552774309,49950,1578,1500,313,15000
1787552774410,49950,1578,1500,313,15000
1787552774509,49950,1578,1500,313,15000
1787552774609,49950,1578,1500,313,15000
1787552774709,49950,1578,1500,313,15000
1787552774809,49950,1578,1500,313,15000
1787552774909,49950,1578,1500,313,15000
1787552775009,49950,1578,1500,313,15000
1787552775109,49950,1578,1500,313,15000
1787552775209,49950,1578,1500,313,15000
1787552775309,49950,1578,1500,313,15000
1787552775409,49950,1578,1500,313,15000
1787552775509,49950,1578,1500,313,15000
1787552775609,49950,1578,1500,313,15000
1787552775709,49950,1578,1500,313,15000
1787552775809,49950,1578,1500,313,15000
1787552775909,49950,1578,1500,313,15000
1787552776010,49950,1578,1500,313,15000
1787552776109,49950,1578,1500,313,15000
1787552776209,49950,1578,1500,313,15000
1787552776309,49950,1578,1500,313,15000
1787552776409,49950,1578,1500,313,15000
1787552776510,49950,1578,1500,313,15000
1787552776609,49950,1578,1500,313,15000
1787552776709,49950,1578,1500,313,15000
1787552776809,49950,1578,1500,313,15000
1787552776909,49950,1578,1500,313,15000
1787552777010,49950,1578,1500,313,15000
1787552777109,49950,1578,1500,313,15000
1787552777209,49950,1578,1500,313,15000
1787552777309,49950,1578,1500,313,15000
1787552777410,49950,1578,1500,313,15000
1787552777509,49950,1578,1500,313,15000
1787552777609,49950,1578,1500,313,15000
1787552777709,49950,1578,1500,313,15000
1787552777809,49950,1578,1500,313,15000
1787552777909,49950,1578,1500,313,15000
1787552778010,49950,1578,1500,313,15000
1787552778110,49950,1578,1500,313,15000
1787552778209,49950,1578,1500,313,15000
1787552778309,49950,1578,1500,313,15000
1787552778409,49950,1578,1500,313,15000
1787552778509,49950,1578,1500,313,15000
1787552778609,49950,1578,1500,313,15000
1787552778710,49950,1578,1500,313,15000
1787552778809,49950,1578,1500,313,15000
1787552778910,49950,1578,1500,313,15000
1787552779010,49950,1578,1500,313,15000
1787552779110,49950,1578,1500,313,15000
1787552779209,49950,1578,1500,313,15000
1787552779309,49950,1578,1500,313,15000
1787552779409,49950,1578,1500,313,15000
1787552779509,49950,1578,1500,313,15000
1787552779609,49950,1578,1500,313,15000
1787552779709,49950,1578,1600,313,15000
1787552779810,49950,1578,1600,313,15000
1787552779909,49950,1578,1600,313,15000
1787552780009,49950,1578,1600,313,15000
1787552780109,49950,1578,1500,313,15000
1787552780209,49950,1578,1500,313,15000
1787552780310,49950,1578,1500,313,15000
1787552780410,49950,1578,1500,313,15000
1787552780509,49950,1578,1500,313,15000
1787552780609,49950,1578,1500,313,15000
1787552780710,49950,1578,1500,313,15000
1787552780809,49950,1578,1500,313,15000
1787552780910,49950,1578,1500,313,15000
1787552781009,49950,1578,1500,313,15000
1787552781109,49950,1578,1500,313,15000
1787552781209,49950,1578,1500,313,15000
1787552781309,49950,1578,1500,313,15000
1787552781409,49950,1578,1500,313,15000
1787552781509,49950,1578,1500,313,15000
1787552781609,49950,1578,1500,313,15000
1787552781709,49950,1578,1500,313,15000
1787552781809,49950,1578,1500,313,15000
1787552781909,49950,1578,1500,313,15000
1787552782009,49950,1578,1500,313,15000
1787552782110,49950,1578,1500,313,15000
1787552782209,49950,1578,1500,313,15000
1787552782309,49950,1578,1500,313,15000
1787552782409,49950,1578,1500,313,15000
1787552782510,49950,1578,1500,313,15000
1787552782610,49950,1578,1500,313,15000
1787552782709,49950,1578,1500,313,15000
1787552782809,49950,1578,1500,313,15000
1787552782909,49950,1578,1500,313,15000
1787552783010,49950,1578,1500,313,15000
1787552783110,49950,1578,1500,313,15000
1787552783209,49950,1578,1500,313,15000
1787552783309,49950,1578,1500,313,15000
1787552783409,49950,1578,1500,313,15000
1787552783510,49950,1578,1500,313,15000
1787552783609,49950,1578,1500,313,15000
1787552783709,49950,1578,1500,313,15000
1787552783809,49950,1578,1500,313,15000
1787552783909,49950,1578,1500,313,15000
1787552784009,49950,1578,1500,313,15000
1787552784109,49950,1578,1500,313,15000
1787552784210,49950,1578,1500,313,15000
1787552784309,49950,1578,1500,313,15000
1787552784409,49950,1578,1500,313,15000
1787552784509,49950,1578,1500,313,15000
1787552784609,49950,1578,1500,313,15000
1787552784710,49950,1578,1500,313,15000
1787552784810,49950,1578,1500,313,15000
1787552784909,49950,1578,1500,313,15000
1787552785009,49950,1578,1500,313,15000
1787552785109,49950,1578,1500,313,15000
1787552785209,49950,1578,1500,313,15000
1787552785310,49950,1578,1500,313,15000
1787552785410,49950,1578,1500,313,15000
1787552785509,49950,1578,1500,313,15000
1787552785609,49950,1578,1500,313,15000
1787552785709,49950,1578,1500,313,15000
1787552785809,49950,1578,1500,313,15000
1787552785909,49950,1578,1500,313,15000
1787552786009,49950,1578,1500,313,15000
1787552786109,49950,1578,1500,313,15000
1787552786209,49950,1578,1500,313,15000
1787552786309,49950,1578,1600,313,15000
1787552786410,49950,1578,1600,313,15000
1787552786510,49950,1578,1600,313,15000
1787552786610,49950,1578,1600,313,15000
1787552786709,49950,1578,1600,313,15000
1787552786810,49950,1578,1600,313,15000
1787552786910,49950,1578,1500,313,15000
1787552787009,49950,1578,1500,313,15000
1787552787110,49950,1578,1500,313,15000
1787552787209,49950,1578,1500,313,15000
1787552787309,49950,1578,1500,313,15000
1787552787409,49950,1578,1500,313,15000
1787552787509,49950,1578,1500,313,15000
1787552787609,49950,1578,1500,313,15000
1787552787709,49950,1578,1500,313,15000
1787552787810,49950,1578,1500,313,15000
1787552787910,49950,1578,1500,313,15000
1787552788009,49950,1578,1500,313,15000
1787552788109,49950,1578,1500,313,15000
1787552788210,49950,1578,1500,313,15000
1787552788310,49950,1578,1500,313,15000
1787552788409,49950,1578,1500,313,15000
1787552788509,49950,1578,1500,313,15000
1787552788609,49950,1578,1600,313,15000
1787552788710,49950,1578,1600,313,15000
1787552788810,49950,1578,1600,313,15000
1787552788909,49950,1578,1600,313,15000
1787552789010,49950,1578,1600,313,15000
1787552789110,49950,1578,1600,313,15000
1787552789209,49950,1578,1500,313,15000
1787552789309,49950,1578,1500,313,15000
1787552789410,49950,1578,1500,313,15000
1787552789509,49950,1578,1500,313,15000
1787552789610,49950,1578,1500,313,15000
1787552789709,49950,1578,1500,313,15000
1787552789809,49950,1578,1500,313,15000
1787552789909,49950,1578,1500,313,15000
1787552790009,49950,1578,1500,313,15000
1787552790109,49950,1578,1500,313,15000
1787552790209,49950,1578,1500,313,15000
1787552790309,49950,1578,1500,313,15000
1787552790410,49950,1578,1500,313,15000
1787552790509,49950,1578,1500,313,15000
1787552790609,49950,1578,1500,313,15000
1787552790709,49950,1578,1500,313,15000
1787552790810,49950,1578,1500,313,15000
1787552790909,49950,1578,1500,313,15000
1787552791009,49950,1578,1500,313,15000
1787552791110,49950,1578,1500,313,15000
1787552791209,49950,1578,1500,313,15000
1787552791309,49950,1578,1500,313,15000
1787552791410,49950,1578,1500,313,15000
1787552791509,49950,1578,1500,313,15000
1787552791609,49950,1578,1500,313,15000
1787552791709,49950,1578,1500,313,15000
1787552791809,49950,1578,1500,313,15000
1787552791910,49950,1578,1500,313,15000
1787552792009,49950,1578,1500,313,15000
1787552792109,49950,1578,1500,313,15000
1787552792210,49950,1578,1500,313,15000
1787552792309,49950,1578,1500,313,15000
1787552792410,49950,1578,1500,313,15000
1787552792509,49950,1578,1500,313,15000
1787552792609,49950,1578,1500,313,15000
1787552792709,49950,1578,1500,313,15000
1787552792809,49950,1578,1500,313,15000
1787552792909,49950,1578,1500,313,15000
1787552793009,49950,1578,1500,313,15000
1787552793109,49950,1578,1500,313,15000
1787552793210,49950,1578,1500,313,15000
1787552793309,49950,1578,1500,313,15000
1787552793409,49950,1578,1600,313,15000
1787552793509,49950,1578,1600,313,15000
1787552793609,49950,1578,1600,313,15000
1787552793710,49950,1578,1600,313,15000
1787552793809,49950,1578,1600,313,15000
1787552793909,49950,1578,1600,313,15000
1787552794009,49950,1578,1500,313,15000
1787552794109,49950,1578,1500,313,15000
1787552794210,49950,1578,1500,313,15000
1787552794309,49950,1578,1500,313,15000
1787552794409,49950,1578,1500,313,15000
1787552794509,49950,1578,1500,313,15000
1787552794609,49950,1578,1600,313,15000
1787552794709,49950,1578,1600,313,15000
1787552794809,49950,1578,1600,313,15000
1787552794909,49950,1578,1600,313,15000
1787552795009,49950,1578,1600,313,15000
1787552795109,49950,1578,1600,313,15000
1787552795209,49950,1578,1500,313,15000
1787552795309,49950,1578,1500,313,15000
1787552795409,49950,1578,1500,313,15000
1787552795510,49950,1578,1500,313,15000
1787552795609,49950,1578,1500,313,15000
1787552795709,49950,1578,1500,313,15000
1787552795810,49950,1578,1500,313,15000
1787552795909,49950,1578,1500,313,15000
1787552796009,49950,1578,1500,313,15000
1787552796110,49950,1578,1500,313,15000
1787552796209,49950,1578,1500,313,15000
1787552796309,49950,1578,1500,313,15000
1787552796409,49950,1578,1500,313,15000
1787552796509,49950,1578,1500,313,15000
1787552796610,49950,1578,1500,313,15000
1787552796710,49950,1578,1500,313,15000
1787552796809,49950,1578,1500,313,15000
1787552796910,49950,1578,1500,313,15000
1787552797010,49950,1578,1500,313,15000
1787552797110,49950,1578,1600,313,15000
1787552797209,49950,1578,1600,313,15000
1787552797309,49950,1578,1600,313,15000
1787552797409,49950,1578,1600,313,15000
1787552797509,49950,1578,1600,313,15000
1787552797610,49950,1578,1600,313,15000
1787552797710,49950,1578,1500,313,15000
1787552797809,49950,1578,1500,313,15000
1787552797909,49950,1578,1500,313,15000
1787552798009,49950,1578,1500,313,15000
1787552798109,49950,1578,1500,313,15000
1787552798209,49950,1578,1500,313,15000
1787552798309,49950,1578,1500,313,15000
1787552798410,49950,1578,1500,313,15000
1787552798509,49950,1578,1500,313,15000
1787552798609,49950,1578,1500,313,15000
1787552798710,49950,1578,1500,313,15000
1787552798809,49950,1578,1500,313,15000
1787552798909,49950,1578,1500,313,15000
1787552799009,49950,1578,1500,313,15000
1787552799109,49950,1578,1500,313,15000
1787552799209,49950,1578,1500,313,15000
1787552799309,49950,1578,1500,313,15000
1787552799410,49950,1578,1500,313,15000
1787552799509,49950,1578,1500,313,15000
1787552799609,49950,1578,1500,313,15000
1787552799709,49950,1578,1500,313,15000
1787552799810,49950,1578,1500,313,15000
1787552799910,49950,1578,1500,313,15000
1787552800009,49950,1578,1500,313,15000
1787552800110,49950,1578,1500,313,15000
1787552800209,49950,1578,1500,313,15000
1787552800310,49950,1578,1500,313,15000
1787552800409,49950,1578,1500,313,15000
1787552800509,49950,1578,1500,313,15000
1787552800610,50000,0,1500,313,15000
1787552800709,50000,0,1500,313,15000
1787552800809,50000,0,1500,313,15000
1787552800910,50000,0,1500,313,15000
1787552801009,50000,0,1500,313,15000
1787552801109,50000,0,1500,313,15000
1787552801209,50000,0,1500,313,15000
1787552801309,50000,0,0,313,15000
1787552801409,50000,0,0,313,15000
1787552801510,50000,0,0,313,15000
1787552801609,50000,0,0,313,15000
1787552801709,50000,0,0,313,15000
1787552801809,50000,0,0,313,15000
1787552801910,50000,0,0,313,15000
1787552802009,50000,0,0,313,15000
1787552802109,50000,0,0,313,15000
1787552802209,50000,0,0,313,15000
1787552802309,50000,0,0,313,15000
1787552802409,50000,0,0,313,15000
1787552802510,50000,0,0,313,15000
1787552802609,50000,0,0,313,15000
1787552802709,50000,0,0,313,15000
1787552802809,50000,0,0,313,15000
1787552802909,50000,0,0,313,15000
1787552803010,50000,0,0,313,15000
1787552803109,50000,0,0,313,15000
1787552803209,50000,0,0,313,15000
1787552803309,50000,0,0,313,15000
1787552803409,50000,0,0,313,15000
1787552803509,50000,0,0,313,15000
1787552803609,50000,0,0,313,15000
1787552803709,50000,0,0,313,15000
1787552803809,50000,0,0,313,15000
1787552803909,50000,0,0,313,15000
1787552804010,50000,0,0,313,15000
1787552804110,50000,0,0,313,15000
1787552804209,50000,0,0,313,15000
1787552804309,50000,0,0,313,15000
1787552804409,50000,0,0,313,15000
1787552804510,50000,0,0,313,15000
1787552804610,50000,0,0,313,15000
1787552804709,50000,0,0,313,15000
1787552804809,50000,0,0,313,15000
1787552804909,50000,0,0,313,15000
1787552805010,50000,0,0,313,15000
1787552805109,50000,0,0,313,15000
1787552805210,50000,0,0,313,15000
1787552805309,50000,0,0,313,15000
1787552805410,50000,0,0,313,15000
1787552805510,50000,0,0,313,15000
1787552805609,50000,0,0,313,15000
1787552805710,50000,0,0,313,15000
1787552805810,50000,0,0,313,15000
1787552805909,50000,0,0,313,15000
1787552806010,50000,0,0,313,15000
1787552806109,50000,0,0,313,15000
1787552806210,50000,0,0,313,15000
1787552806309,50000,0,0,313,15000
1787552806409,50000,0,0,313,15000
1787552806510,50000,0,0,313,15000
1787552806610,50000,0,0,313,15000
1787552806709,50000,0,0,313,15000
1787552806809,50000,0,0,313,15000
1787552806909,50000,0,0,313,15000
1787552807009,50000,0,0,313,15000
1787552807109,50000,0,0,313,15000
1787552807210,50000,0,0,313,15000
1787552807309,50000,0,0,313,15000
1787552807410,50000,0,0,313,15000
1787552807509,50000,0,0,313,15000
1787552807610,50000,0,0,313,15000
1787552807710,50000,0,0,313,15000
1787552807809,50000,0,0,313,15000
1787552807909,50000,0,0,313,15000
1787552808010,50000,0,0,313,15000
1787552808109,50000,0,0,313,15000
1787552808210,50000,0,0,313,15000
1787552808310,50000,0,0,313,15000
1787552808409,50000,0,0,313,15000
1787552808509,50000,0,0,313,15000
1787552808609,50000,0,0,313,15000
1787552808709,50000,0,0,313,15000
1787552808809,50000,0,0,313,15000
1787552808909,50000,0,0,313,15000
1787552809009,50000,0,0,313,15000
1787552809109,50000,0,0,313,15000
1787552809209,50000,0,0,313,15000
1787552809309,50000,0,0,313,15000
1787552809410,50000,0,0,313,15000
1787552809509,50000,0,0,313,15000
1787552809609,50000,0,0,313,15000
1787552809709,50000,0,0,313,15000
1787552809809,50000,0,0,313,15000
1787552809909,50000,0,0,313,15000
1787552810009,50000,0,0,313,15000
1787552810109,50000,0,0,313,15000
1787552810210,50000,0,0,313,15000
1787552810309,50000,0,0,313,15000
1787552810410,50000,0,0,313,15000
1787552810509,50000,0,0,313,15000
1787552810609,50000,0,0,313,15000
1787552810709,50000,0,0,313,15000
1787552810810,50000,0,0,313,15000
1787552810909,50000,0,0,313,15000
1787552811010,50000,0,0,313,15000
1787552811110,50000,0,0,313,15000
1787552811209,50000,0,0,313,15000
1787552811309,50000,0,0,313,15000
1787552811409,50000,0,0,313,15000
1787552811510,50000,0,0,313,15000
1787552811609,50000,0,0,313,15000
1787552811709,50000,0,0,313,15000
1787552811809,50000,0,0,313,15000
1787552811909,50000,0,0,313,15000
1787552812009,50000,0,0,313,15000
1787552812109,50000,0,0,313,15000
1787552812209,50000,0,0,313,15000
1787552812309,50000,0,0,313,15000
1787552812410,50000,0,0,313,15000
1787552812509,50000,0,0,313,15000
1787552812609,50000,0,0,313,15000
1787552812709,50000,0,0,313,15000
1787552812809,50000,0,0,313,15000
1787552812909,50000,0,0,313,15000
1787552813010,50000,0,0,313,15000
1787552813109,50000,0,0,313,15000
1787552813209,50000,0,0,313,15000
1787552813309,50000,0,0,313,15000
1787552813409,50000,0,0,313,15000
1787552813510,50000,0,0,313,15000
1787552813609,50000,0,0,313,15000
1787552813710,50000,0,0,313,15000
1787552813809,50000,0,0,313,15000
1787552813909,50000,0,0,313,15000
1787552814009,50000,0,0,313,15000
1787552814109,50000,0,0,313,15000
1787552814210,50000,0,0,313,15000
1787552814309,50000,0,0,313,15000
1787552814410,50000,0,0,313,15000
1787552814509,50000,0,0,313,15000
1787552814609,50000,0,0,313,15000
1787552814710,50000,0,0,313,15000
1787552814810,50000,0,0,313,15000
1787552814910,50000,0,0,313,15000
1787552815009,50000,0,0,313,15000
1787552815110,50000,0,0,313,15000
1787552815210,50000,0,0,313,15000
1787552815310,50000,0,0,313,15000
1787552815409,50000,0,0,313,15000
1787552815509,50000,0,0,313,15000
1787552815610,50000,0,0,313,15000
1787552815710,50000,0,0,313,15000
1787552815809,50000,0,0,313,15000
1787552815910,50000,0,0,313,15000
1787552816009,50000,0,0,313,15000
1787552816109,50000,0,0,313,15000
1787552816209,50000,0,0,313,15000
1787552816309,50000,0,0,313,15000
1787552816409,50000,0,0,313,15000
1787552816509,50000,0,0,313,15000
1787552816609,50000,0,0,313,15000
1787552816709,50000,0,0,313,15000
1787552816810,50000,0,0,313,15000
1787552816909,50000,0,0,313,15000
1787552817010,50000,0,0,313,15000
1787552817109,50000,0,0,313,15000
1787552817209,50000,0,0,313,15000
1787552817309,50000,0,0,313,15000
1787552817409,50000,0,0,313,15000
1787552817510,50000,0,0,313,15000
1787552817609,50000,0,0,313,15000
1787552817709,50000,0,0,313,15000
1787552817809,50000,0,0,313,15000
1787552817909,50000,0,0,313,15000
1787552818010,50000,0,0,313,15000
1787552818109,50000,0,0,313,15000
1787552818210,50000,0,0,313,15000
1787552818309,50000,0,0,313,15000
1787552818410,50000,0,0,313,15000
1787552818510,50000,0,0,313,15000
1787552818609,50000,0,0,313,15000
1787552818709,50000,0,0,313,15000
1787552818809,50000,0,0,313,15000
1787552818910,50000,0,0,313,15000
1787552819009,50000,0,0,313,15000
1787552819109,50000,0,0,313,15000
1787552819209,50000,0,0,313,15000
1787552819310,50000,0,0,313,15000
1787552819409,50000,0,0,313,15000
1787552819509,50000,0,0,313,15000
1787552819609,50000,0,0,313,15000
1787552819709,50000,0,0,313,15000
1787552819809,50000,0,0,313,15000
1787552819909,50000,0,0,313,15000
1787552820009,50000,0,0,313,15000
1787552820109,50000,0,0,313,15000
1787552820209,50000,0,0,313,15000
1787552820309,50000,0,0,313,15000
1787552820409,50000,0,0,313,15000
1787552820510,50000,0,0,313,15000
1787552820610,50000,0,0,313,15000
1787552820709,50000,0,0,313,15000
1787552820809,50000,0,0,313,15000
1787552820909,50000,0,0,313,15000
1787552821010,50000,0,0,313,15000
1787552821109,50000,0,0,313,15000
1787552821209,50000,0,0,313,15000
1787552821309,50000,0,0,313,15000
1787552821409,50000,0,0,313,15000
1787552821510,50000,0,0,313,15000
1787552821609,50000,0,0,313,15000
1787552821709,50000,0,0,313,15000
1787552821809,50000,0,0,313,15000
1787552821909,50000,0,0,313,15000
1787552822009,50000,0,0,313,15000
1787552822109,50000,0,0,313,15000
1787552822209,50000,0,0,313,15000
1787552822309,50000,0,0,313,15000
1787552822409,50000,0,0,313,15000
1787552822509,50000,0,0,313,15000
1787552822609,50000,0,0,313,15000
1787552822709,50000,0,0,313,15000
1787552822809,50000,0,0,313,15000
1787552822909,50000,0,0,313,15000
1787552823009,50000,0,0,313,15000
1787552823109,50000,0,0,313,15000
1787552823209,50000,0,0,313,15000
1787552823309,50000,0,0,313,15000
1787552823410,50000,0,0,312,15000
1787552823509,50000,0,0,312,15000
1787552823609,50000,0,0,312,15000
1787552823710,50000,0,0,312,15000
1787552823810,50000,0,0,312,15000
1787552823909,50000,0,0,312,15000
1787552824009,50000,0,0,312,15000
1787552824109,50000,0,0,312,15000
1787552824209,50000,0,0,312,15000
1787552824309,50000,0,0,312,15000
1787552824409,50000,0,0,312,15000
1787552824509,50000,0,0,312,15000
1787552824609,50000,0,0,312,15000
1787552824709,50000,0,0,312,15000
1787552824810,50000,0,0,312,15000
1787552824910,50000,0,0,312,15000
1787552825009,50000,0,0,312,15000
1787552825109,50000,0,0,312,15000
1787552825209,50000,0,0,312,15000
1787552825309,50000,0,0,312,15000
1787552825409,50000,0,0,312,15000
1787552825509,50000,0,0,312,15000
1787552825610,50000,0,0,312,15000
1787552825709,50000,0,0,312,15000
1787552825810,50000,0,0,312,15000
1787552825909,50000,0,0,312,15000
1787552826010,50000,0,0,312,15000
1787552826109,50000,0,0,312,15000
1787552826209,50000,0,0,312,15000
1787552826309,50000,0,0,312,15000
1787552826409,50000,0,0,312,15000
1787552826509,50000,0,0,312,15000
1787552826609,50000,0,0,312,15000
1787552826709,50000,0,0,312,15000
1787552826809,50000,0,0,312,15000
1787552826910,50000,0,0,312,15000
1787552827009,50000,0,0,312,15000
1787552827109,50000,0,0,312,15000
1787552827209,50000,0,0,312,15000
1787552827309,50000,0,0,312,15000
1787552827410,50000,0,0,312,15000
1787552827510,50000,0,0,312,15000
1787552827609,50000,0,0,312,15000
1787552827709,50000,0,0,312,15000
1787552827809,50000,0,0,312,15000
1787552827909,50000,0,0,312,15000
1787552828009,50000,0,0,312,15000
1787552828109,50000,0,0,312,15000
1787552828209,50000,0,0,312,15000
1787552828309,50000,0,0,312,15000
1787552828409,50000,0,0,312,15000
1787552828510,50000,0,0,312,15000
1787552828610,50000,0,0,312,15000
1787552828710,50000,0,0,312,15000
1787552828809,50000,0,0,312,15000
1787552828909,50000,0,0,312,15000
1787552829009,50000,0,0,312,15000
1787552829109,50000,0,0,312,15000
1787552829209,50000,0,0,312,15000
1787552829309,50000,0,0,312,15000
1787552829409,50000,0,0,312,15000
1787552829509,50000,0,0,312,15000
1787552829609,50000,0,0,312,15000
1787552829709,50000,0,0,312,15000
1787552829809,50000,0,0,312,15000
1787552829910,50000,0,0,312,15000
1787552830009,50000,0,0,312,15000
1787552830109,50000,0,0,312,15000
1787552830209,50000,0,0,312,15000
1787552830309,50000,0,0,312,15000
1787552830409,50000,0,0,312,15000
1787552830510,50000,0,0,312,15000
1787552830610,50000,0,0,312,15000
1787552830709,50000,0,0,312,15000
1787552830809,50000,0,0,312,15000
1787552830910,50000,0,0,312,15000
1787552831009,50000,0,0,312,15000
1787552831109,50000,0,0,312,15000
1787552831209,50000,0,0,312,15000
1787552831309,50000,0,0,312,15000
1787552831409,50000,0,0,312,15000
1787552831509,50000,0,0,312,15000
1787552831610,50000,0,0,312,15000
1787552831709,50000,0,0,312,15000
1787552831809,50000,0,0,312,15000
1787552831909,50000,0,0,312,15000
1787552832010,50000,0,0,312,15000
1787552832109,50000,0,0,312,15000
1787552832209,50000,0,0,312,15000
1787552832309,50000,0,0,312,15000
1787552832409,50000,0,0,312,15000
1787552832509,50000,0,0,312,15000
1787552832610,50000,0,0,312,15000
1787552832709,50000,0,0,312,15000
1787552832809,50000,0,0,312,15000
1787552832909,50000,0,0,312,15000
1787552833010,50000,0,0,312,15000
1787552833109,50000,0,0,312,15000
1787552833209,50000,0,0,312,15000
1787552833309,50000,0,0,312,15000
1787552833409,50000,0,0,312,15000
1787552833509,50000,0,0,312,15000
1787552833609,50000,0,0,312,15000
1787552833709,50000,0,0,312,15000
1787552833809,50000,0,0,312,15000
1787552833909,50000,0,0,312,15000
1787552834009,50000,0,0,312,15000
1787552834109,50000,0,0,312,15000
1787552834209,50000,0,0,312,15000
1787552834309,50000,0,0,312,15000
1787552834409,50000,0,0,312,15000
1787552834509,50000,0,0,312,15000
1787552834610,50000,0,0,312,15000
1787552834709,50000,0,0,312,15000
1787552834809,50000,0,0,312,15000
1787552834909,50000,0,0,312,15000
1787552835010,50000,0,0,312,15000
1787552835109,50000,0,0,312,15000
1787552835209,50000,0,0,312,15000
1787552835309,50000,0,0,312,15000
1787552835409,50000,0,0,312,15000
1787552835509,50000,0,0,312,15000
1787552835609,50000,0,0,312,15000
1787552835709,50000,0,0,312,15000
1787552835810,50000,0,0,312,15000
1787552835909,50000,0,0,312,15000
1787552836009,50000,0,0,312,15000
1787552836109,50000,0,0,312,15000
1787552836209,50000,0,0,312,15000
1787552836309,50000,0,0,312,15000
1787552836409,50000,0,0,312,15000
1787552836510,50000,0,0,312,15000
1787552836609,50000,0,0,312,15000
1787552836710,50000,0,0,312,15000
1787552836809,50000,0,0,312,15000
1787552836909,50000,0,0,312,15000
1787552837009,50000,0,0,312,15000
1787552837109,50000,0,0,312,15000
1787552837209,50000,0,0,312,15000
1787552837309,50000,0,0,312,15000
1787552837410,50000,0,0,312,15000
1787552837509,50000,0,0,312,15000
1787552837609,50000,0,0,312,15000
1787552837709,50000,0,0,312,15000
1787552837809,50000,0,0,312,15000
1787552837909,50000,0,0,312,15000
1787552838009,50000,0,0,312,15000
1787552838109,50000,0,0,312,15000
1787552838209,50000,0,0,312,15000
1787552838309,50000,0,0,312,15000
1787552838409,50000,0,0,312,15000
1787552838509,50000,0,0,312,15000
1787552838610,50000,0,0,312,15000
1787552838710,50000,0,0,312,15000
1787552838809,50000,0,0,312,15000
1787552838910,50000,0,0,312,15000
1787552839009,50000,0,0,312,15000
1787552839109,50000,0,0,312,15000
1787552839209,50000,0,0,312,15000
1787552839309,50000,0,0,312,15000
1787552839409,50000,0,0,312,15000
1787552839509,50000,0,0,312,15000
1787552839609,50000,0,0,312,15000
1787552839709,50000,0,0,312,15000
1787552839809,50000,0,0,312,15000
1787552839909,50000,0,0,312,15000
1787552840009,50000,0,0,312,15000
1787552840110,50000,0,0,312,15000
1787552840209,50000,0,0,312,15000
1787552840309,50000,0,0,312,15000
1787552840409,50000,0,0,312,15000
1787552840509,50000,0,0,312,15000
1787552840610,50000,0,0,312,15000
1787552840709,50000,0,0,312,15000
1787552840809,50000,0,0,312,15000
1787552840909,50000,0,0,312,15000
1787552841009,50000,0,0,312,15000
1787552841109,50000,0,0,312,15000
1787552841209,50000,0,0,312,15000
1787552841309,50000,0,0,312,15000
1787552841409,50000,0,0,312,15000
1787552841509,50000,0,0,312,15000
1787552841610,50000,0,0,312,15000
1787552841709,50000,0,0,312,15000
1787552841810,50000,0,0,312,15000
1787552841910,50000,0,0,312,15000
1787552842009,50000,0,0,312,15000
1787552842109,50000,0,0,312,15000
1787552842209,50000,0,0,312,15000
1787552842309,50000,0,0,312,15000
1787552842410,50000,0,0,312,15000
1787552842510,50000,0,0,312,15000
1787552842610,50000,0,0,312,15000
1787552842709,50000,0,0,312,15000
1787552842809,50000,0,0,312,15000
1787552842909,50000,0,0,312,15000
1787552843010,50000,0,0,312,15000
1787552843109,50000,0,0,312,15000
1787552843209,50000,0,0,312,15000
1787552843309,50000,0,0,312,15000
1787552843409,50000,0,0,312,15000
1787552843509,50000,0,0,312,15000
1787552843609,50000,0,0,312,15000
1787552843709,50000,0,0,312,15000
1787552843810,50000,0,0,312,15000
1787552843909,50000,0,0,312,15000
1787552844009,50000,0,0,312,15000
1787552844109,50000,0,0,312,15000
1787552844209,50000,0,0,312,15000
1787552844309,50000,0,0,312,15000
1787552844409,50000,0,0,312,15000
1787552844510,50000,0,0,312,15000
1787552844609,50000,0,0,312,15000
1787552844709,50000,0,0,312,15000
1787552844809,50000,0,0,312,15000
1787552844909,50000,0,0,312,15000
1787552845009,50000,0,0,312,15000
1787552845109,50000,0,0,312,15000
1787552845209,50000,0,0,312,15000
1787552845310,50000,0,0,312,15000
1787552845409,50000,0,0,312,15000
1787552845509,50000,0,0,312,15000
1787552845609,50000,0,0,312,15000
1787552845709,50000,0,0,312,15000
1787552845809,50000,0,0,312,15000
1787552845909,50000,0,0,312,15000
1787552846009,50000,0,0,312,15000
1787552846109,50000,0,0,312,15000
1787552846209,50000,0,0,312,15000
1787552846309,50000,0,0,312,15000
1787552846409,50000,0,0,312,15000
1787552846509,50000,0,0,312,15000
1787552846610,50000,0,0,312,15000
1787552846710,50000,0,0,312,15000
1787552846809,50000,0,0,312,15000
1787552846910,50000,0,0,312,15000
1787552847009,50000,0,0,312,15000
1787552847109,50000,0,0,312,15000
1787552847210,50000,0,0,312,15000
1787552847309,50000,0,0,312,15000
1787552847409,50000,0,0,312,15000
1787552847509,50000,0,0,312,15000
1787552847609,50000,0,0,312,15000
1787552847709,50000,0,0,312,15000
1787552847810,50000,0,0,312,15000
1787552847910,50000,0,0,312,15000
1787552848009,50000,0,0,312,15000
1787552848109,50000,0,0,312,15000
1787552848209,50000,0,0,312,15000
1787552848309,50000,0,0,312,15000
1787552848410,50000,0,0,312,15000
1787552848509,50000,0,0,312,15000
1787552848610,50000,0,0,312,15000
1787552848710,50000,0,0,312,15000
1787552848809,50000,0,0,312,15000
1787552848909,50000,0,0,312,15000
1787552849009,50000,0,0,312,15000
1787552849109,50000,0,0,312,15000
1787552849210,50000,0,0,312,15000
1787552849310,50000,0,0,312,15000
1787552849409,50000,0,0,312,15000
1787552849509,50000,0,0,312,15000
1787552849609,50000,0,0,312,15000
1787552849710,50000,0,0,312,15000
1787552849809,50000,0,0,312,15000
1787552849910,50000,0,0,312,15000
1787552850010,50000,0,0,312,15000
1787552850109,50000,0,0,312,15000
1787552850209,50000,0,0,312,15000
1787552850309,50000,0,0,312,15000
1787552850409,50000,0,0,312,15000
1787552850510,50000,0,0,312,15000
1787552850609,50000,0,0,312,15000
1787552850709,50000,0,0,312,15000
1787552850810,50000,0,0,312,15000
1787552850909,50000,0,0,312,15000
1787552851009,50000,0,0,312,15000
1787552851109,50000,0,0,312,15000
1787552851209,50000,0,0,312,15000
1787552851309,50000,0,0,312,15000
1787552851409,50000,0,0,312,15000
1787552851509,50000,0,0,312,15000
1787552851610,50000,0,0,312,15000
1787552851709,50000,0,0,312,15000
1787552851809,50000,0,0,312,15000
1787552851909,50000,0,0,312,15000
1787552852010,50000,0,0,312,15000
1787552852109,50000,0,0,312,15000
1787552852209,50000,0,0,312,15000
1787552852309,50000,0,0,312,15000
1787552852409,50000,0,0,312,15000
1787552852510,50000,0,0,312,15000
1787552852609,50000,0,0,312,15000
1787552852709,50000,0,0,312,15000
1787552852810,50000,0,0,312,15000
1787552852909,50000,0,0,312,15000
1787552853009,50000,0,0,312,15000
1787552853109,50000,0,0,312,15000
1787552853209,50000,0,0,312,15000
1787552853309,50000,0,0,312,15000
1787552853410,50000,0,0,312,15000
1787552853509,50000,0,0,312,15000
1787552853609,50000,0,0,312,15000
1787552853709,50000,0,0,312,15000
1787552853810,50000,0,0,312,15000
1787552853909,50000,0,0,312,15000
1787552854009,50000,0,0,312,15000
1787552854109,50000,0,0,312,15000
1787552854209,50000,0,0,312,15000
1787552854310,50000,0,0,312,15000
1787552854409,50000,0,0,312,15000
1787552854509,50000,0,0,312,15000
1787552854609,50000,0,0,312,15000
1787552854710,50000,0,0,312,15000
1787552854809,50000,0,0,312,15000
1787552854909,50000,0,0,312,15000
1787552855009,50000,0,0,312,15000
1787552855110,50000,0,0,312,15000
1787552855209,50000,0,0,312,15000
1787552855309,50000,0,0,312,15000
1787552855409,50000,0,0,312,15000
1787552855509,50000,0,0,312,15000
1787552855609,50000,0,0,312,15000
1787552855709,50000,0,0,312,15000
1787552855809,50000,0,0,312,15000
1787552855909,50000,0,0,312,15000
1787552856009,50000,0,0,312,15000
1787552856109,50000,0,0,312,15000
1787552856210,50000,0,0,312,15000
1787552856309,50000,0,0,312,15000
1787552856409,50000,0,0,312,15000
1787552856509,50000,0,0,312,15000
1787552856609,50000,0,0,312,15000
1787552856709,50000,0,0,312,15000
1787552856809,50000,0,0,312,15000
1787552856909,50000,0,0,312,15000
1787552857009,50000,0,0,312,15000
1787552857109,50000,0,0,312,15000
1787552857209,50000,0,0,312,15000
1787552857309,50000,0,0,312,15000
1787552857409,50000,0,0,312,15000
1787552857509,50000,0,0,312,15000
1787552857610,50000,0,0,312,15000
1787552857709,50000,0,0,312,15000
1787552857810,50000,0,0,312,15000
1787552857909,50000,0,0,312,15000
1787552858009,50000,0,0,312,15000
1787552858109,50000,0,0,312,15000
1787552858209,50000,0,0,312,15000
1787552858309,50000,0,0,312,15000
1787552858410,50000,0,0,312,15000
1787552858509,50000,0,0,312,15000
1787552858609,50000,0,0,312,15000
1787552858709,50000,0,0,312,15000
1787552858809,50000,0,0,312,15000
1787552858910,50000,0,0,312,15000
1787552859009,50000,0,0,312,15000
1787552859109,50000,0,0,312,15000
1787552859209,50000,0,0,312,15000
1787552859309,50000,0,0,312,15000
1787552859410,50000,0,0,312,15000
1787552859510,50000,0,0,312,15000
1787552859609,50000,0,0,312,15000
1787552859709,50000,0,0,312,15000
