ts_ms,freq_mhz,requested_w,actual_w,soc_pml,p_avail_w
1787294256081,50000,0,0,285,15000
1787294256180,50000,0,0,285,15000
1787294256281,50000,0,0,285,15000
1787294256381,50000,0,0,285,15000
1787294256481,50000,0,0,285,15000
1787294256580,50000,0,0,285,15000
1787294256681,50000,0,0,285,15000
1787294256781,50000,0,0,285,15000
1787294256881,50000,0,0,285,15000
1787294256981,50000,0,0,285,15000
1787294257081,50000,0,0,285,15000
1787294257181,50000,0,0,285,15000
1787294257281,50000,0,0,285,15000
1787294257381,50000,0,0,285,15000
1787294257480,50000,0,0,285,15000
1787294257581,50000,0,0,285,15000
1787294257680,50000,0,0,285,15000
1787294257781,50000,0,0,285,15000
1787294257880,50000,0,0,285,15000
1787294257981,50000,0,0,285,15000
1787294258081,50000,0,0,285,15000
1787294258181,50000,0,0,285,15000
1787294258281,50000,0,0,285,15000
1787294258381,50000,0,0,285,15000
1787294258481,50000,0,0,285,15000
1787294258581,50000,0,0,285,15000
1787294258681,50000,0,0,285,15000
1787294258780,50000,0,0,285,15000
1787294258881,50000,0,0,285,15000
1787294258980,50000,0,0,285,15000
1787294259080,50000,0,0,285,15000
1787294259180,50000,0,0,285,15000
1787294259281,50000,0,0,285,15000
1787294259381,50000,0,0,285,15000
1787294259480,50000,0,0,285,15000
1787294259581,50000,0,0,285,15000
1787294259681,50000,0,0,285,15000
1787294259781,50000,0,0,285,15000
1787294259880,50000,0,0,285,15000
1787294259980,50000,0,0,285,15000
1787294260081,50000,0,0,285,15000
1787294260181,50000,0,0,285,15000
1787294260281,50000,0,0,285,15000
1787294260381,50000,0,0,285,15000
1787294260481,50000,0,0,285,15000
1787294260581,50000,0,0,285,15000
1787294260680,50000,0,0,285,15000
1787294260780,50000,0,0,285,15000
1787294260881,50000,0,0,285,15000
1787294260981,50000,0,0,285,15000
1787294261080,50000,0,0,285,15000
1787294261180,50000,0,0,285,15000
1787294261281,50000,0,0,285,15000
1787294261381,50000,0,0,285,15000
1787294261481,50000,0,0,285,15000
1787294261581,50000,0,0,285,15000
1787294261680,50000,0,0,285,15000
1787294261780,50000,0,0,285,15000
1787294261881,50000,0,0,285,15000
1787294261980,50000,0,0,285,15000
1787294262081,50000,0,0,285,15000
1787294262180,50000,0,0,285,15000
1787294262280,50000,0,0,285,15000
1787294262380,50000,0,0,285,15000
1787294262480,50000,0,0,285,15000
1787294262580,50000,0,0,285,15000
1787294262680,50000,0,0,285,15000
1787294262781,50000,0,0,285,15000
1787294262881,50000,0,0,285,15000
1787294262981,50000,0,0,285,15000
1787294263081,50000,0,0,285,15000
1787294263181,50000,0,0,285,15000
1787294263281,50000,0,0,285,15000
1787294263381,50000,0,0,285,15000
1787294263481,50000,0,0,285,15000
1787294263581,50000,0,0,285,15000
1787294263680,50000,0,0,285,15000
1787294263781,50000,0,0,285,15000
1787294263881,50000,0,0,285,15000
1787294263981,50000,0,0,285,15000
1787294264080,50000,0,0,285,15000
1787294264181,50000,0,0,285,15000
1787294264281,50000,0,0,285,15000
1787294264381,50000,0,0,285,15000
1787294264481,50000,0,0,285,15000
1787294264580,50000,0,0,285,15000
1787294264680,50000,0,0,285,15000
1787294264781,50000,0,0,285,15000
1787294264881,50000,0,0,285,15000
1787294264981,50000,0,0,285,15000
1787294265081,50000,0,0,285,15000
1787294265181,50000,0,0,285,15000
1787294265281,50000,0,0,285,15000
1787294265380,50000,0,0,285,15000
1787294265481,50000,0,0,285,15000
1787294265581,50000,0,0,285,15000
1787294265681,50000,0,0,285,15000
1787294265780,50000,0,0,285,15000
1787294265881,50000,0,0,285,15000
1787294265981,50000,0,0,285,15000
1787294266081,50000,0,0,285,15000
1787294266181,50000,0,0,285,15000
1787294266281,50000,0,0,285,15000
1787294266380,50000,0,0,285,15000
1787294266481,50000,0,0,285,15000
1787294266580,50000,0,0,285,15000
1787294266680,50000,0,0,285,15000
1787294266780,50000,0,0,285,15000
1787294266881,50000,0,0,285,15000
1787294266980,50000,0,0,285,15000
1787294267080,50000,0,0,285,15000
1787294267181,50000,0,0,285,15000
1787294267281,50000,0,0,285,15000
1787294267381,50000,0,0,285,15000
1787294267481,50000,0,0,285,15000
1787294267580,50000,0,0,285,15000
1787294267680,50000,0,0,285,15000
1787294267781,50000,0,0,285,15000
1787294267881,50000,0,0,285,15000
1787294267980,50000,0,0,285,15000
1787294268081,50000,0,0,285,15000
1787294268180,50000,0,0,285,15000
1787294268281,50000,0,0,285,15000
1787294268380,50000,0,0,285,15000
1787294268480,50000,0,0,285,15000
1787294268581,50000,0,0,285,15000
1787294268681,50000,0,0,285,15000
1787294268781,50000,0,0,285,15000
1787294268880,50000,0,0,285,15000
1787294268981,50000,0,0,285,15000
1787294269081,50000,0,0,285,15000
1787294269181,50000,0,0,285,15000
1787294269281,50000,0,0,285,15000
1787294269381,50000,0,0,285,15000
1787294269481,50000,0,0,285,15000
1787294269580,50000,0,0,285,15000
1787294269681,50000,0,0,285,15000
1787294269780,50000,0,0,285,15000
1787294269880,50000,0,0,285,15000
1787294269981,50000,0,0,285,15000
1787294270081,50000,0,0,285,15000
1787294270180,50000,0,0,285,15000
1787294270281,50000,0,0,285,15000
1787294270381,50000,0,0,285,15000
1787294270481,50000,0,0,285,15000
1787294270581,50000,0,0,285,15000
1787294270681,50000,0,0,285,15000
1787294270781,50000,0,0,285,15000
1787294270881,50000,0,0,285,15000
1787294270981,50000,0,0,285,15000
1787294271081,50000,0,0,285,15000
1787294271181,50000,0,0,285,15000
1787294271281,50000,0,0,285,15000
1787294271381,50000,0,0,285,15000
1787294271481,50000,0,0,285,15000
1787294271581,50000,0,0,285,15000
1787294271681,50000,0,0,285,15000
1787294271780,50000,0,0,285,15000
1787294271880,50000,0,0,285,15000
1787294271981,50000,0,0,285,15000
1787294272080,50000,0,0,285,15000
1787294272181,50000,0,0,285,15000
1787294272281,50000,0,0,285,15000
1787294272381,50000,0,0,285,15000
1787294272481,50000,0,0,285,15000
1787294272581,50000,0,0,285,15000
1787294272681,50000,0,0,285,15000
1787294272781,50000,0,0,285,15000
1787294272881,50000,0,0,285,15000
1787294272981,50000,0,0,285,15000
1787294273080,50000,0,0,285,15000
1787294273181,50000,0,0,285,15000
1787294273281,50000,0,0,285,15000
1787294273381,50000,0,0,285,15000
1787294273480,50000,0,0,285,15000
1787294273581,50000,0,0,285,15000
1787294273681,50000,0,0,285,15000
1787294273781,50000,0,0,285,15000
1787294273881,50000,0,0,285,15000
1787294273980,50000,0,0,285,15000
1787294274080,50000,0,0,285,15000
1787294274180,50000,0,0,285,15000
1787294274281,50000,0,0,285,15000
1787294274381,50000,0,0,285,15000
1787294274480,50000,0,0,285,15000
1787294274581,50000,0,0,285,15000
1787294274681,50000,0,0,285,15000
1787294274781,50000,0,0,285,15000
1787294274881,50000,0,0,285,15000
1787294274981,50000,0,0,285,15000
1787294275080,50000,0,0,285,15000
1787294275181,50000,0,0,285,15000
1787294275281,50000,0,0,285,15000
1787294275381,50000,0,0,285,15000
1787294275481,50000,0,0,285,15000
1787294275581,50000,0,0,285,15000
1787294275681,50000,0,0,285,15000
1787294275781,50000,0,0,285,15000
1787294275880,50000,0,0,285,15000
1787294275981,50000,0,0,285,15000
1787294276080,50000,0,0,285,15000
1787294276181,50000,0,0,285,15000
1787294276281,50000,0,0,285,15000
1787294276380,50000,0,0,285,15000
1787294276481,50000,0,0,285,15000
1787294276580,50000,0,0,285,15000
1787294276681,50000,0,0,285,15000
1787294276781,50000,0,0,285,15000
1787294276881,50000,0,0,285,15000
1787294276981,50000,0,0,285,15000
1787294277080,50000,0,0,285,15000
1787294277180,50000,0,0,285,15000
1787294277281,50000,0,0,285,15000
1787294277381,50000,0,0,285,15000
1787294277481,50000,0,0,285,15000
1787294277581,50000,0,0,285,15000
1787294277680,50000,0,0,285,15000
1787294277781,50000,0,0,285,15000
1787294277880,50000,0,0,285,15000
1787294277981,50000,0,0,285,15000
1787294278081,50000,0,0,285,15000
1787294278180,50000,0,0,285,15000
1787294278281,50000,0,0,285,15000
1787294278381,50000,0,0,285,15000
1787294278481,50000,0,0,285,15000
1787294278581,50000,0,0,285,15000
1787294278680,50000,0,0,285,15000
1787294278781,50000,0,0,285,15000
1787294278880,50000,0,0,285,15000
1787294278981,50000,0,0,285,15000
1787294279081,50000,0,0,285,15000
1787294279181,50000,0,0,285,15000
1787294279281,50000,0,0,285,15000
1787294279381,50000,0,0,285,15000
1787294279481,50000,0,0,285,15000
1787294279581,50000,0,0,285,15000
1787294279681,50000,0,0,285,15000
1787294279780,50000,0,0,285,15000
1787294279881,50000,0,0,285,15000
1787294279980,50000,0,0,285,15000
1787294280080,50000,0,0,285,15000
1787294280181,50000,0,0,285,15000
1787294280281,50000,0,0,285,15000
1787294280381,50000,0,0,285,15000
1787294280481,50000,0,0,285,15000
1787294280581,50000,0,0,285,15000
1787294280680,50000,0,0,285,15000
1787294280780,50000,0,0,285,15000
1787294280881,50000,0,0,285,15000
1787294280981,50000,0,0,285,15000
1787294281080,50000,0,0,285,15000
1787294281180,50000,0,0,285,15000
1787294281281,50000,0,0,285,15000
1787294281381,50000,0,0,285,15000
1787294281481,50000,0,0,285,15000
1787294281581,50000,0,0,285,15000
1787294281680,50000,0,0,285,15000
1787294281781,50000,0,0,285,15000
1787294281880,50000,0,0,285,15000
1787294281980,50000,0,0,285,15000
1787294282081,50000,0,0,285,15000
1787294282180,50000,0,0,285,15000
1787294282281,50000,0,0,285,15000
1787294282381,50000,0,0,285,15000
1787294282481,50000,0,0,285,15000
1787294282580,50000,0,0,285,15000
1787294282680,50000,0,0,285,15000
1787294282781,50000,0,0,285,15000
1787294282880,50000,0,0,285,15000
1787294282980,50000,0,0,285,15000
1787294283081,50000,0,0,285,15000
1787294283180,50000,0,0,285,15000
1787294283281,50000,0,0,285,15000
1787294283380,50000,0,0,285,15000
1787294283480,50000,0,0,285,15000
1787294283581,50000,0,0,285,15000
1787294283681,50000,0,0,285,15000
1787294283781,50000,0,0,285,15000
1787294283881,50000,0,0,285,15000
1787294283980,50000,0,0,285,15000
1787294284080,50000,0,0,285,15000
1787294284181,50000,0,0,285,15000
1787294284281,50000,0,0,285,15000
1787294284380,50000,0,0,285,15000
1787294284480,50000,0,0,285,15000
1787294284580,50000,0,0,285,15000
1787294284681,50000,0,0,285,15000
1787294284780,50000,0,0,285,15000
1787294284880,50000,0,0,285,15000
1787294284981,50000,0,0,285,15000
1787294285081,50000,0,0,285,15000
1787294285180,50000,0,0,285,15000
1787294285281,50000,0,0,285,15000
1787294285381,50000,0,0,285,15000
1787294285480,50000,0,0,285,15000
1787294285581,50000,0,0,285,15000
1787294285680,50000,0,0,285,15000
1787294285785,50000,0,0,285,15000
1787294285886,50000,0,0,285,15000
1787294285986,50000,0,0,285,15000
1787294286086,50000,0,0,285,15000
1787294286186,50000,0,0,285,15000
1787294286286,50000,0,0,285,15000
1787294286386,50000,0,0,285,15000
1787294286486,50000,0,0,285,15000
1787294286586,50000,0,0,285,15000
1787294286685,50000,0,0,285,15000
1787294286785,50000,0,0,285,15000
1787294286886,50000,0,0,285,15000
1787294286986,50000,0,0,285,15000
1787294287086,50000,0,0,285,15000
1787294287185,50000,0,0,285,15000
1787294287286,50000,0,0,285,15000
1787294287386,50000,0,0,285,15000
1787294287485,50000,0,0,285,15000
1787294287586,50000,0,0,285,15000
1787294287685,50000,0,0,285,15000
1787294287785,50000,0,0,285,15000
1787294287886,50000,0,0,285,15000
1787294287985,50000,0,0,285,15000
1787294288086,50000,0,0,285,15000
1787294288185,50000,0,0,285,15000
1787294288286,50000,0,0,285,15000
1787294288385,50000,0,0,285,15000
1787294288486,50000,0,0,285,15000
1787294288586,50000,0,0,285,15000
1787294288686,50000,0,0,285,15000
1787294288786,50000,0,0,285,15000
1787294288886,50000,0,0,285,15000
1787294288986,50000,0,0,285,15000
1787294289085,50000,0,0,285,15000
1787294289186,50000,0,0,285,15000
1787294289286,50000,0,0,285,15000
1787294289386,50000,0,0,285,15000
1787294289486,50000,0,0,285,15000
1787294289586,50000,0,0,285,15000
1787294289685,50000,0,0,285,15000
1787294289785,50000,0,0,285,15000
1787294289886,50000,0,0,285,15000
1787294289986,50000,0,0,285,15000
1787294290086,50000,0,0,285,15000
1787294290186,50000,0,0,285,15000
1787294290286,50000,0,0,285,15000
1787294290386,50000,0,0,285,15000
1787294290486,50000,0,0,285,15000
1787294290586,50000,0,0,285,15000
1787294290686,50000,0,0,285,15000
1787294290786,50000,0,0,285,15000
1787294290886,50000,0,0,285,15000
1787294290986,50000,0,0,285,15000
1787294291085,50000,0,0,285,15000
1787294291186,50000,0,0,285,15000
1787294291286,50000,0,0,285,15000
1787294291386,50000,0,0,285,15000
1787294291485,50000,0,0,285,15000
1787294291585,50000,0,0,285,15000
1787294291686,50000,0,0,285,15000
1787294291786,50000,0,0,285,15000
1787294291886,50000,0,0,285,15000
1787294291985,50000,0,0,285,15000
1787294292086,50000,0,0,285,15000
1787294292186,50000,0,0,285,15000
1787294292286,50000,0,0,285,15000
1787294292386,50000,0,0,285,15000
1787294292486,50000,0,0,285,15000
1787294292586,50000,0,0,285,15000
1787294292686,50000,0,0,285,15000
1787294292785,50000,0,0,285,15000
1787294292886,50000,0,0,285,15000
1787294292986,50000,0,0,285,15000
1787294293085,50000,0,0,285,15000
1787294293185,50000,0,0,285,15000
1787294293286,50000,0,0,285,15000
1787294293386,50000,0,0,285,15000
1787294293485,50000,0,0,285,15000
1787294293586,50000,0,0,285,15000
1787294293686,50000,0,0,285,15000
1787294293786,50000,0,0,285,15000
1787294293885,50000,0,0,285,15000
1787294293986,50000,0,0,285,15000
1787294294086,50000,0,0,285,15000
1787294294186,50000,0,0,285,15000
1787294294286,50000,0,0,285,15000
1787294294385,50000,0,0,285,15000
1787294294485,50000,0,0,285,15000
1787294294585,50000,0,0,285,15000
1787294294686,50000,0,0,285,15000
1787294294786,50000,0,0,285,15000
1787294294885,50000,0,0,285,15000
1787294294986,50000,0,0,285,15000
1787294295086,50000,0,0,285,15000
1787294295186,50000,0,0,285,15000
1787294295285,50000,0,0,285,15000
1787294295385,50000,0,0,285,15000
1787294295486,50000,0,0,285,15000
1787294295586,50000,0,0,285,15000
1787294295686,50000,0,0,285,15000
1787294295786,50000,0,0,285,15000
1787294295886,50000,0,0,285,15000
1787294295986,50000,0,0,285,15000
1787294296085,50000,0,0,285,15000
1787294296186,50000,0,0,285,15000
1787294296286,50000,0,0,285,15000
1787294296386,50000,0,0,285,15000
1787294296486,50000,0,0,285,15000
1787294296586,50000,0,0,285,15000
1787294296686,50000,0,0,285,15000
1787294296785,50000,0,0,285,15000
1787294296885,50000,0,0,285,15000
1787294296986,50000,0,0,285,15000
1787294297086,50000,0,0,285,15000
1787294297185,50000,0,0,285,15000
1787294297286,50000,0,0,285,15000
1787294297386,50000,0,0,285,15000
1787294297486,50000,0,0,285,15000
1787294297586,50000,0,0,285,15000
1787294297686,50000,0,0,285,15000
1787294297786,50000,0,0,285,15000
1787294297886,50000,0,0,285,15000
1787294297986,50000,0,0,285,15000
1787294298085,50000,0,0,285,15000
1787294298186,50000,0,0,285,15000
1787294298286,50000,0,0,285,15000
1787294298386,50000,0,0,285,15000
1787294298486,50000,0,0,285,15000
1787294298585,50000,0,0,285,15000
1787294298686,50000,0,0,285,15000
1787294298786,50000,0,0,285,15000
1787294298886,50000,0,0,285,15000
1787294298986,50000,0,0,285,15000
1787294299086,50000,0,0,285,15000
1787294299185,50000,0,0,285,15000
1787294299286,50000,0,0,285,15000
1787294299385,50000,0,0,285,15000
1787294299486,50000,0,0,285,15000
1787294299586,50000,0,0,285,15000
1787294299686,50000,0,0,285,15000
1787294299785,50000,0,0,285,15000
1787294299886,50000,0,0,285,15000
1787294299985,50000,0,0,285,15000
1787294300086,50000,0,0,285,15000
1787294300185,50000,0,0,285,15000
1787294300286,50000,0,0,285,15000
1787294300386,50000,0,0,285,15000
1787294300486,50000,0,0,285,15000
1787294300586,50000,0,0,285,15000
1787294300686,50000,0,0,285,15000
1787294300785,50000,0,0,285,15000
1787294300885,50000,0,0,285,15000
1787294300986,50000,0,0,285,15000
1787294301085,50000,0,0,285,15000
1787294301186,50000,0,0,285,15000
1787294301286,50000,0,0,285,15000
1787294301385,50000,0,0,285,15000
1787294301486,50000,0,0,285,15000
1787294301586,50000,0,0,285,15000
1787294301686,50000,0,0,285,15000
1787294301786,50000,0,0,285,15000
1787294301886,50000,0,0,285,15000
1787294301985,50000,0,0,285,15000
1787294302086,50000,0,0,285,15000
1787294302186,50000,0,0,285,15000
1787294302286,50000,0,0,285,15000
1787294302385,50000,0,0,285,15000
1787294302485,50000,0,0,285,15000
1787294302585,50000,0,0,285,15000
1787294302686,50000,0,0,285,15000
1787294302786,50000,0,0,285,15000
1787294302885,50000,0,0,285,15000
1787294302985,50000,0,0,285,15000
1787294303086,50000,0,0,285,15000
1787294303186,50000,0,0,285,15000
1787294303286,50000,0,0,285,15000
1787294303385,50000,0,0,285,15000
1787294303486,50000,0,0,285,15000
1787294303586,50000,0,0,285,15000
1787294303685,50000,0,0,285,15000
1787294303785,50000,0,0,285,15000
1787294303886,50000,0,0,285,15000
1787294303985,50000,0,0,285,15000
1787294304085,50000,0,0,285,15000
1787294304186,50000,0,0,285,15000
1787294304286,50000,0,0,285,15000
1787294304385,50000,0,0,285,15000
1787294304486,50000,0,0,285,15000
1787294304586,50000,0,0,285,15000
1787294304686,50000,0,0,285,15000
1787294304785,50000,0,0,285,15000
1787294304886,50000,0,0,285,15000
1787294304986,50000,0,0,285,15000
1787294305086,50000,0,0,285,15000
1787294305185,50000,0,0,285,15000
1787294305286,50000,0,0,285,15000
1787294305386,50000,0,0,285,15000
1787294305485,50000,0,0,285,15000
1787294305586,50000,0,0,285,15000
1787294305685,50000,0,0,285,15000
1787294305786,50000,0,0,285,15000
1787294305885,50000,0,0,285,15000
1787294305985,50000,0,0,285,15000
1787294306086,50000,0,0,285,15000
1787294306185,50000,0,0,285,15000
1787294306286,50000,0,0,285,15000
1787294306386,50000,0,0,285,15000
1787294306486,50000,0,0,285,15000
1787294306586,50000,0,0,285,15000
1787294306686,50000,0,0,285,15000
1787294306785,50000,0,0,285,15000
1787294306886,50000,0,0,285,15000
1787294306986,50000,0,0,285,15000
1787294307086,50000,0,0,285,15000
1787294307186,50000,0,0,285,15000
1787294307286,50000,0,0,285,15000
1787294307386,50000,0,0,285,15000
1787294307486,50000,0,0,285,15000
1787294307585,50000,0,0,285,15000
1787294307686,50000,0,0,285,15000
1787294307786,50000,0,0,285,15000
1787294307886,50000,0,0,285,15000
1787294307986,50000,0,0,285,15000
1787294308086,50000,0,0,285,15000
1787294308185,50000,0,0,285,15000
1787294308286,50000,0,0,285,15000
1787294308386,50000,0,0,285,15000
1787294308486,50000,0,0,285,15000
1787294308585,50000,0,0,285,15000
1787294308686,50000,0,0,285,15000
1787294308786,50000,0,0,285,15000
1787294308886,50000,0,0,285,15000
1787294308986,50000,0,0,285,15000
1787294309086,50000,0,0,285,15000
1787294309185,50000,0,0,285,15000
1787294309286,50000,0,0,285,15000
1787294309385,50000,0,0,285,15000
1787294309486,50000,0,0,285,15000
1787294309585,50000,0,0,285,15000
1787294309685,50000,0,0,285,15000
1787294309786,50000,0,0,285,15000
1787294309885,50000,0,0,285,15000
1787294309986,50000,0,0,285,15000
1787294310086,50000,0,0,285,15000
1787294310185,50000,0,0,285,15000
1787294310286,50000,0,0,285,15000
1787294310386,50000,0,0,285,15000
1787294310486,50000,0,0,285,15000
1787294310586,50000,0,0,285,15000
1787294310685,50000,0,0,285,15000
1787294310785,50000,0,0,285,15000
1787294310886,50000,0,0,285,15000
1787294310986,50000,0,0,285,15000
1787294311086,50000,0,0,285,15000
1787294311185,50000,0,0,285,15000
1787294311286,50000,0,0,285,15000
1787294311386,50000,0,0,285,15000
1787294311485,50000,0,0,285,15000
1787294311585,50000,0,0,285,15000
1787294311686,50000,0,0,285,15000
1787294311786,50000,0,0,285,15000
1787294311885,50000,0,0,285,15000
1787294311986,50000,0,0,285,15000
1787294312085,50000,0,0,285,15000
1787294312186,50000,0,0,285,15000
1787294312286,50000,0,0,285,15000
1787294312385,50000,0,0,285,15000
1787294312485,50000,0,0,285,15000
1787294312586,50000,0,0,285,15000
1787294312686,50000,0,0,285,15000
1787294312786,50000,0,0,285,15000
1787294312886,50000,0,0,285,15000
1787294312986,50000,0,0,285,15000
1787294313086,50000,0,0,285,15000
1787294313186,50000,0,0,285,15000
1787294313286,50000,0,0,285,15000
1787294313385,50000,0,0,285,15000
1787294313486,50000,0,0,285,15000
1787294313586,50000,0,0,285,15000
1787294313686,50000,0,0,285,15000
1787294313786,50000,0,0,285,15000
1787294313886,50000,0,0,285,15000
1787294313986,50000,0,0,285,15000
1787294314086,50000,0,0,285,15000
1787294314185,50000,0,0,285,15000
1787294314286,50000,0,0,285,15000
1787294314386,50000,0,0,285,15000
1787294314486,50000,0,0,285,15000
1787294314585,50000,0,0,285,15000
1787294314686,50000,0,0,285,15000
1787294314786,50000,0,0,285,15000
1787294314886,50000,0,0,285,15000
1787294314986,50000,0,0,285,15000
1787294315086,50000,0,0,285,15000
1787294315185,50000,0,0,285,15000
1787294315285,50000,0,0,285,15000
1787294315386,50000,0,0,285,15000
1787294315485,50000,0,0,285,15000
1787294315586,50000,0,0,285,15000
1787294315686,50000,0,0,285,15000
1787294315786,50000,0,0,285,15000
1787294315886,50000,0,0,285,15000
1787294315986,50000,0,0,285,15000
1787294316086,50000,0,0,285,15000
1787294316186,50000,0,0,285,15000
1787294316286,50000,0,0,285,15000
1787294316386,50000,0,0,285,15000
1787294316485,50000,0,0,285,15000
1787294316585,50000,0,0,285,15000
1787294316685,50000,0,0,285,15000
1787294316786,50000,0,0,285,15000
1787294316886,50000,0,0,285,15000
1787294316985,50000,0,0,285,15000
1787294317086,50000,0,0,285,15000
1787294317185,50000,0,0,285,15000
1787294317286,50000,0,0,285,15000
1787294317386,50000,0,0,285,15000
1787294317485,50000,0,0,285,15000
1787294317585,50000,0,0,285,15000
1787294317685,50000,0,0,285,15000
1787294317786,50000,0,0,285,15000
1787294317885,50000,0,0,285,15000
1787294317985,50000,0,0,285,15000
1787294318086,50000,0,0,285,15000
1787294318185,50000,0,0,285,15000
1787294318286,50000,0,0,285,15000
1787294318385,50000,0,0,285,15000
1787294318485,50000,0,0,285,15000
1787294318586,50000,0,0,285,15000
1787294318686,50000,0,0,285,15000
1787294318785,50000,0,0,285,15000
1787294318885,50000,0,0,285,15000
1787294318985,50000,0,0,285,15000
1787294319085,50000,0,0,285,15000
1787294319186,50000,0,0,285,15000
1787294319286,50000,0,0,285,15000
1787294319386,50000,0,0,285,15000
1787294319486,50000,0,0,285,15000
1787294319586,50000,0,0,285,15000
1787294319686,50000,0,0,285,15000
1787294319786,50000,0,0,285,15000
1787294319886,50000,0,0,285,15000
1787294319986,50000,0,0,285,15000
1787294320085,50000,0,0,285,15000
1787294320185,50000,0,0,285,15000
1787294320286,50000,0,0,285,15000
1787294320386,50000,0,0,285,15000
1787294320486,50000,0,0,285,15000
1787294320586,50000,0,0,285,15000
1787294320686,50000,0,0,285,15000
1787294320786,50000,0,0,285,15000
1787294320885,50000,0,0,285,15000
1787294320985,50000,0,0,285,15000
1787294321086,50000,0,0,285,15000
1787294321186,50000,0,0,285,15000
1787294321286,50000,0,0,285,15000
1787294321385,50000,0,0,285,15000
1787294321486,50000,0,0,285,15000
1787294321586,50000,0,0,285,15000
1787294321686,50000,0,0,285,15000
1787294321785,50000,0,0,285,15000
1787294321886,50000,0,0,285,15000
1787294321986,50000,0,0,285,15000
1787294322086,50000,0,0,285,15000
1787294322185,50000,0,0,285,15000
1787294322286,50000,0,0,285,15000
1787294322386,50000,0,0,285,15000
1787294322486,50000,0,0,285,15000
1787294322585,50000,0,0,285,15000
1787294322686,50000,0,0,285,15000
1787294322786,50000,0,0,285,15000
1787294322886,50000,0,0,285,15000
1787294322986,50000,0,0,285,15000
1787294323086,50000,0,0,285,15000
1787294323186,50000,0,0,285,15000
1787294323286,50000,0,0,285,15000
1787294323386,50000,0,0,285,15000
1787294323486,50000,0,0,285,15000
1787294323585,50000,0,0,285,15000
1787294323686,50000,0,0,285,15000
1787294323785,50000,0,0,285,15000
1787294323886,50000,0,0,285,15000
1787294323986,50000,0,0,285,15000
1787294324086,50000,0,0,285,15000
1787294324186,50000,0,0,285,15000
1787294324286,50000,0,0,285,15000
1787294324385,50000,0,0,285,15000
1787294324486,50000,0,0,285,15000
1787294324585,50000,0,0,285,15000
1787294324686,50000,0,0,285,15000
1787294324786,50000,0,0,285,15000
1787294324885,50000,0,0,285,15000
1787294324985,50000,0,0,285,15000
1787294325086,50000,0,0,285,15000
1787294325186,50000,0,0,285,15000
1787294325285,50000,0,0,285,15000
1787294325386,50000,0,0,285,15000
1787294325486,50000,0,0,285,15000
1787294325585,50000,0,0,285,15000
1787294325685,50000,0,0,285,15000
1787294325786,50000,0,0,285,15000
1787294325886,50000,0,0,285,15000
1787294325986,50000,0,0,285,15000
1787294326086,50000,0,0,285,15000
1787294326186,50000,0,0,285,15000
1787294326286,50000,0,0,285,15000
1787294326386,50000,0,0,285,15000
1787294326485,50000,0,0,285,15000
1787294326586,50000,0,0,285,15000
1787294326686,50000,0,0,285,15000
1787294326786,50000,0,0,285,15000
1787294326886,50000,0,0,285,15000
1787294326986,50000,0,0,285,15000
1787294327086,50000,0,0,285,15000
1787294327186,50000,0,0,285,15000
1787294327286,50000,0,0,285,15000
1787294327386,50000,0,0,285,15000
1787294327485,50000,0,0,285,15000
1787294327586,50000,0,0,285,15000
1787294327685,50000,0,0,285,15000
1787294327785,50000,0,0,285,15000
1787294327885,50000,0,0,285,15000
1787294327985,50000,0,0,285,15000
1787294328085,50000,0,0,285,15000
1787294328186,50000,0,0,285,15000
1787294328286,50000,0,0,285,15000
1787294328385,50000,0,0,285,15000
1787294328485,50000,0,0,285,15000
1787294328586,50000,0,0,285,15000
1787294328686,50000,0,0,285,15000
1787294328785,50000,0,0,285,15000
1787294328886,50000,0,0,285,15000
1787294328986,50000,0,0,285,15000
1787294329085,50000,0,0,285,15000
1787294329186,50000,0,0,285,15000
1787294329286,50000,0,0,285,15000
1787294329386,50000,0,0,285,15000
1787294329486,50000,0,0,285,15000
1787294329586,50000,0,0,285,15000
1787294329686,50000,0,0,285,15000
1787294329785,50000,0,0,285,15000
1787294329886,50000,0,0,285,15000
1787294329986,50000,0,0,285,15000
1787294330085,50000,0,0,285,15000
1787294330186,50000,0,0,285,15000
1787294330286,50000,0,0,285,15000
1787294330386,50000,0,0,285,15000
1787294330486,50000,0,0,285,15000
1787294330586,50000,0,0,285,15000
1787294330686,50000,0,0,285,15000
1787294330786,50000,0,0,285,15000
1787294330886,50000,0,0,285,15000
1787294330985,50000,0,0,285,15000
1787294331086,50000,0,0,285,15000
1787294331186,50000,0,0,285,15000
1787294331286,50000,0,0,285,15000
1787294331385,50000,0,0,285,15000
1787294331486,50000,0,0,285,15000
1787294331586,50000,0,0,285,15000
1787294331686,50000,0,0,285,15000
1787294331785,50000,0,0,285,15000
1787294331886,50000,0,0,285,15000
1787294331985,50000,0,0,285,15000
1787294332085,50000,0,0,285,15000
1787294332185,50000,0,0,285,15000
1787294332286,50000,0,0,285,15000
1787294332386,50000,0,0,285,15000
1787294332486,50000,0,0,285,15000
1787294332585,50000,0,0,285,15000
1787294332686,50000,0,0,285,15000
1787294332786,50000,0,0,285,15000
1787294332886,50000,0,0,285,15000
1787294332986,50000,0,0,285,15000
1787294333085,50000,0,0,285,15000
1787294333186,50000,0,0,285,15000
1787294333286,50000,0,0,285,15000
1787294333385,50000,0,0,285,15000
1787294333485,50000,0,0,285,15000
1787294333586,50000,0,0,285,15000
1787294333685,50000,0,0,285,15000
1787294333786,50000,0,0,285,15000
1787294333886,50000,0,0,285,15000
1787294333985,50000,0,0,285,15000
1787294334086,50000,0,0,285,15000
1787294334186,50000,0,0,285,15000
1787294334286,50000,0,0,285,15000
1787294334386,50000,0,0,285,15000
1787294334486,50000,0,0,285,15000
1787294334586,50000,0,0,285,15000
1787294334686,50000,0,0,285,15000
1787294334785,50000,0,0,285,15000
1787294334885,50000,0,0,285,15000
1787294334985,50000,0,0,285,15000
1787294335086,50000,0,0,285,15000
1787294335185,50000,0,0,285,15000
1787294335286,50000,0,0,285,15000
1787294335385,50000,0,0,285,15000
1787294335486,50000,0,0,285,15000
1787294335586,50000,0,0,285,15000
1787294335686,50000,0,0,285,15000
1787294335785,50000,0,0,285,15000
1787294335885,50000,0,0,285,15000
1787294335985,50000,0,0,285,15000
1787294336086,50000,0,0,285,15000
1787294336186,50000,0,0,285,15000
1787294336286,50000,0,0,285,15000
1787294336386,50000,0,0,285,15000
1787294336486,50000,0,0,285,15000
1787294336586,50000,0,0,285,15000
1787294336685,50000,0,0,285,15000
1787294336786,50000,0,0,285,15000
1787294336886,50000,0,0,285,15000
1787294336985,50000,0,0,285,15000
1787294337086,50000,0,0,285,15000
1787294337186,50000,0,0,285,15000
1787294337286,50000,0,0,285,15000
1787294337386,50000,0,0,285,15000
1787294337485,50000,0,0,285,15000
1787294337586,50000,0,0,285,15000
1787294337686,50000,0,0,285,15000
1787294337786,50000,0,0,285,15000
1787294337885,50000,0,0,285,15000
1787294337985,50000,0,0,285,15000
1787294338085,50000,0,0,285,15000
1787294338186,50000,0,0,285,15000
1787294338286,50000,0,0,285,15000
1787294338386,50000,0,0,285,15000
1787294338486,50000,0,0,285,15000
1787294338586,50000,0,0,285,15000
1787294338685,50000,0,0,285,15000
1787294338786,50000,0,0,285,15000
1787294338886,50000,0,0,285,15000
1787294338985,50000,0,0,285,15000
1787294339086,50000,0,0,285,15000
1787294339186,50000,0,0,285,15000
1787294339286,50000,0,0,285,15000
1787294339386,50000,0,0,285,15000
1787294339485,50000,0,0,285,15000
1787294339586,50000,0,0,285,15000
1787294339685,50000,0,0,285,15000
1787294339786,50000,0,0,285,15000
1787294339886,50000,0,0,285,15000
1787294339985,50000,0,0,285,15000
1787294340086,50000,0,0,285,15000
1787294340186,50000,0,0,285,15000
1787294340286,50000,0,0,285,15000
1787294340386,50000,0,0,285,15000
1787294340485,50000,0,0,285,15000
1787294340586,50000,0,0,285,15000
1787294340686,50000,0,0,285,15000
1787294340786,50000,0,0,285,15000
1787294340886,50000,0,0,285,15000
1787294340986,50000,0,0,285,15000
1787294341085,50000,0,0,285,15000
1787294341186,50000,0,0,285,15000
1787294341285,50000,0,0,285,15000
1787294341386,50000,0,0,285,15000
1787294341485,50000,0,0,285,15000
1787294341585,50000,0,0,285,15000
1787294341685,50000,0,0,285,15000
1787294341786,50000,0,0,285,15000
1787294341886,50000,0,0,285,15000
1787294341986,50000,0,0,285,15000
1787294342086,50000,0,0,285,15000
1787294342186,50000,0,0,285,15000
1787294342286,50000,0,0,285,15000
1787294342385,50000,0,0,285,15000
1787294342486,50000,0,0,285,15000
1787294342586,50000,0,0,285,15000
1787294342686,50000,0,0,285,15000
1787294342785,50000,0,0,285,15000
1787294342886,50000,0,0,285,15000
1787294342986,50000,0,0,285,15000
1787294343086,50000,0,0,285,15000
1787294343185,50000,0,0,285,15000
1787294343286,50000,0,0,285,15000
1787294343386,50000,0,0,285,15000
1787294343486,50000,0,0,285,15000
1787294343586,50000,0,0,285,15000
1787294343686,50000,0,0,285,15000
1787294343786,50000,0,0,285,15000
1787294343885,50000,0,0,285,15000
1787294343986,50000,0,0,285,15000
1787294344086,50000,0,0,285,15000
1787294344186,50000,0,0,285,15000
1787294344285,50000,0,0,285,15000
1787294344386,50000,0,0,285,15000
1787294344486,50000,0,0,285,15000
1787294344585,50000,0,0,285,15000
1787294344686,50000,0,0,285,15000
1787294344786,50000,0,0,285,15000
1787294344886,50000,0,0,285,15000
1787294344985,50000,0,0,285,15000
1787294345086,50000,0,0,285,15000
1787294345186,50000,0,0,285,15000
1787294345285,50000,0,0,285,15000
1787294345386,50000,0,0,285,15000
1787294345486,50000,0,0,285,15000
1787294345586,50000,0,0,285,15000
1787294345686,50000,0,0,285,15000
1787294345786,50000,0,0,285,15000
1787294345885,50000,0,0,285,15000
1787294345986,50000,0,0,285,15000
1787294346085,50000,0,0,285,15000
1787294346186,50000,0,0,285,15000
1787294346286,50000,0,0,285,15000
1787294346386,50000,0,0,285,15000
1787294346486,50000,0,0,285,15000
1787294346586,50000,0,0,285,15000
1787294346686,50000,0,0,285,15000
1787294346785,50000,0,0,285,15000
1787294346886,50000,0,0,285,15000
1787294346985,50000,0,0,285,15000
1787294347086,50000,0,0,285,15000
1787294347185,50000,0,0,285,15000
1787294347286,50000,0,0,285,15000
1787294347386,50000,0,0,285,15000
1787294347486,50000,0,0,285,15000
1787294347586,50000,0,0,285,15000
1787294347686,50000,0,0,285,15000
1787294347785,50000,0,0,285,15000
1787294347886,50000,0,0,285,15000
1787294347986,50000,0,0,285,15000
1787294348086,50000,0,0,285,15000
1787294348185,50000,0,0,285,15000
1787294348286,50000,0,0,285,15000
1787294348385,50000,0,0,285,15000
1787294348485,50000,0,0,285,15000
1787294348586,50000,0,0,285,15000
1787294348686,50000,0,0,285,15000
1787294348786,50000,0,0,285,15000
1787294348886,50000,0,0,285,15000
1787294348986,50000,0,0,285,15000
1787294349086,50000,0,0,285,15000
1787294349185,50000,0,0,285,15000
1787294349286,50000,0,0,285,15000
1787294349385,50000,0,0,285,15000
1787294349485,50000,0,0,285,15000
1787294349586,50000,0,0,285,15000
1787294349686,50000,0,0,285,15000
1787294349786,50000,0,0,285,15000
1787294349886,50000,0,0,285,15000
1787294349985,50000,0,0,285,15000
1787294350085,50000,0,0,285,15000
1787294350186,50000,0,0,285,15000
1787294350286,50000,0,0,285,15000
1787294350386,50000,0,0,285,15000
1787294350486,50000,0,0,285,15000
1787294350586,50000,0,0,285,15000
1787294350686,50000,0,0,285,15000
1787294350786,50000,0,0,285,15000
1787294350886,50000,0,0,285,15000
1787294350985,50000,0,0,285,15000
1787294351086,50000,0,0,285,15000
1787294351186,50000,0,0,285,15000
1787294351286,50000,0,0,285,15000
1787294351386,50000,0,0,285,15000
1787294351486,50000,0,0,285,15000
1787294351586,50000,0,0,285,15000
1787294351685,50000,0,0,285,15000
1787294351786,50000,0,0,285,15000
1787294351886,50000,0,0,285,15000
1787294351986,50000,0,0,285,15000
1787294352086,50000,0,0,285,15000
1787294352185,50000,0,0,285,15000
1787294352286,50000,0,0,285,15000
1787294352386,50000,0,0,285,15000
1787294352485,50000,0,0,285,15000
1787294352586,50000,0,0,285,15000
1787294352686,50000,0,0,285,15000
1787294352786,50000,0,0,285,15000
1787294352885,50000,0,0,285,15000
1787294352986,50000,0,0,285,15000
1787294353086,50000,0,0,285,15000
1787294353185,50000,0,0,285,15000
1787294353286,50000,0,0,285,15000
1787294353385,50000,0,0,285,15000
1787294353485,50000,0,0,285,15000
1787294353586,50000,0,0,285,15000
1787294353686,50000,0,0,285,15000
1787294353785,50000,0,0,285,15000
1787294353886,50000,0,0,285,15000
1787294353986,50000,0,0,285,15000
1787294354086,50000,0,0,285,15000
1787294354186,50000,0,0,285,15000
1787294354286,50000,0,0,285,15000
1787294354386,50000,0,0,285,15000
1787294354486,50000,0,0,285,15000
1787294354586,50000,0,0,285,15000
1787294354686,50000,0,0,285,15000
1787294354786,50000,0,0,285,15000
1787294354886,50000,0,0,285,15000
1787294354985,50000,0,0,285,15000
1787294355085,50000,0,0,285,15000
1787294355186,50000,0,0,285,15000
1787294355285,50000,0,0,285,15000
1787294355385,50000,0,0,285,15000
1787294355485,50000,0,0,285,15000
1787294355586,50000,0,0,285,15000
1787294355686,50000,0,0,285,15000
1787294355786,50000,0,0,285,15000
1787294355886,50000,0,0,285,15000
1787294355986,50000,0,0,285,15000
1787294356086,50000,0,0,285,15000
1787294356185,50000,0,0,285,15000
1787294356285,50000,0,0,285,15000
1787294356386,50000,0,0,285,15000
1787294356486,50000,0,0,285,15000
1787294356585,50000,0,0,285,15000
1787294356686,50000,0,0,285,15000
1787294356786,50000,0,0,285,15000
1787294356886,50000,0,0,285,15000
1787294356985,50000,0,0,285,15000
1787294357086,50000,0,0,285,15000
1787294357186,50000,0,0,285,15000
1787294357286,50000,0,0,285,15000
1787294357386,50000,0,0,285,15000
1787294357486,50000,0,0,285,15000
1787294357586,50000,0,0,285,15000
1787294357685,50000,0,0,285,15000
1787294357785,50000,0,0,285,15000
1787294357885,50000,0,0,285,15000
1787294357986,50000,0,0,285,15000
1787294358086,50000,0,0,285,15000
1787294358186,50000,0,0,285,15000
1787294358286,50000,0,0,285,15000
1787294358386,50000,0,0,285,15000
1787294358486,50000,0,0,285,15000
1787294358586,50000,0,0,285,15000
1787294358686,50000,0,0,285,15000
1787294358786,50000,0,0,285,15000
1787294358885,50000,0,0,285,15000
1787294358985,50000,0,0,285,15000
1787294359086,50000,0,0,285,15000
1787294359186,50000,0,0,285,15000
1787294359286,50000,0,0,285,15000
1787294359386,50000,0,0,285,15000
1787294359486,50000,0,0,285,15000
1787294359586,50000,0,0,285,15000
1787294359685,50000,0,0,285,15000
1787294359786,50000,0,0,285,15000
1787294359885,50000,0,0,285,15000
1787294359986,50000,0,0,285,15000
1787294360086,50000,0,0,285,15000
1787294360186,50000,0,0,285,15000
1787294360285,50000,0,0,285,15000
1787294360386,50000,0,0,285,15000
1787294360486,50000,0,0,285,15000
1787294360585,50000,0,0,285,15000
1787294360685,50000,0,0,285,15000
1787294360785,50000,0,0,285,15000
1787294360885,50000,0,0,285,15000
1787294360985,50000,0,0,285,15000
1787294361086,50000,0,0,285,15000
1787294361186,50000,0,0,285,15000
1787294361286,50000,0,0,285,15000
1787294361386,50000,0,0,285,15000
1787294361485,50000,0,0,285,15000
1787294361586,50000,0,0,285,15000
1787294361686,50000,0,0,285,15000
1787294361786,50000,0,0,285,15000
1787294361886,50000,0,0,285,15000
1787294361986,50000,0,0,285,15000
1787294362086,50000,0,0,285,15000
1787294362186,50000,0,0,285,15000
1787294362286,50000,0,0,285,15000
1787294362386,50000,0,0,285,15000
1787294362485,50000,0,0,285,15000
1787294362586,50000,0,0,285,15000
1787294362685,50000,0,0,285,15000
1787294362785,50000,0,0,285,15000
1787294362886,50000,0,0,285,15000
1787294362986,50000,0,0,285,15000
1787294363086,50000,0,0,285,15000
1787294363186,50000,0,0,285,15000
1787294363286,50000,0,0,285,15000
1787294363386,50000,0,0,285,15000
1787294363485,50000,0,0,285,15000
1787294363586,50000,0,0,285,15000
1787294363685,50000,0,0,285,15000
1787294363786,50000,0,0,285,15000
1787294363885,50000,0,0,285,15000
1787294363986,50000,0,0,285,15000
1787294364085,50000,0,0,285,15000
1787294364185,50000,0,0,285,15000
1787294364286,50000,0,0,285,15000
1787294364386,50000,0,0,285,15000
1787294364486,50000,0,0,285,15000
1787294364586,50000,0,0,285,15000
1787294364686,50000,0,0,285,15000
1787294364785,50000,0,0,285,15000
1787294364886,50000,0,0,285,15000
1787294364985,50000,0,0,285,15000
1787294365086,50000,0,0,285,15000
1787294365186,50000,0,0,285,15000
1787294365286,50000,0,0,285,15000
1787294365385,50000,0,0,285,15000
1787294365486,50000,0,0,285,15000
1787294365585,50000,0,0,285,15000
1787294365686,50000,0,0,285,15000
1787294365786,50000,0,0,285,15000
1787294365886,50000,0,0,285,15000
1787294365986,50000,0,0,285,15000
1787294366086,50000,0,0,285,15000
1787294366186,50000,0,0,285,15000
1787294366285,50000,0,0,285,15000
1787294366386,50000,0,0,285,15000
1787294366485,50000,0,0,285,15000
1787294366586,50000,0,0,285,15000
1787294366685,50000,0,0,285,15000
1787294366786,50000,0,0,285,15000
1787294366886,50000,0,0,285,15000
1787294366986,50000,0,0,285,15000
1787294367086,50000,0,0,285,15000
1787294367186,50000,0,0,285,15000
1787294367286,50000,0,0,285,15000
1787294367386,50000,0,0,285,15000
1787294367486,50000,0,0,285,15000
1787294367585,50000,0,0,285,15000
1787294367686,50000,0,0,285,15000
1787294367786,50000,0,0,285,15000
1787294367886,50000,0,0,285,15000
1787294367986,50000,0,0,285,15000
1787294368086,50000,0,0,285,15000
1787294368185,50000,0,0,285,15000
1787294368286,50000,0,0,285,15000
1787294368386,50000,0,0,285,15000
1787294368486,50000,0,0,285,15000
1787294368586,50000,0,0,285,15000
1787294368686,50000,0,0,285,15000
1787294368786,50000,0,0,285,15000
1787294368886,50000,0,0,285,15000
1787294368985,50000,0,0,285,15000
1787294369086,50000,0,0,285,15000
1787294369186,50000,0,0,285,15000
1787294369286,50000,0,0,285,15000
1787294369385,50000,0,0,285,15000
1787294369485,50000,0,0,285,15000
1787294369585,50000,0,0,285,15000
1787294369685,50000,0,0,285,15000
1787294369785,50000,0,0,285,15000
1787294369885,50000,0,0,285,15000
1787294369985,50000,0,0,285,15000
1787294370085,50000,0,0,285,15000
1787294370186,50000,0,0,285,15000
1787294370285,50000,0,0,285,15000
1787294370386,50000,0,0,285,15000
1787294370485,50000,0,0,285,15000
1787294370586,50000,0,0,285,15000
1787294370686,50000,0,0,285,15000
1787294370785,50000,0,0,285,15000
1787294370886,50000,0,0,285,15000
1787294370986,50000,0,0,285,15000
1787294371085,50000,0,0,285,15000
1787294371186,50000,0,0,285,15000
1787294371286,50000,0,0,285,15000
1787294371386,50000,0,0,285,15000
1787294371485,50000,0,0,285,15000
1787294371586,50000,0,0,285,15000
1787294371686,50000,0,0,285,15000
1787294371786,50000,0,0,285,15000
1787294371885,50000,0,0,285,15000
1787294371985,50000,0,0,285,15000
1787294372086,50000,0,0,285,15000
1787294372186,50000,0,0,285,15000
1787294372286,50000,0,0,285,15000
1787294372386,50000,0,0,285,15000
1787294372485,50000,0,0,285,15000
1787294372586,50000,0,0,285,15000
1787294372686,50000,0,0,285,15000
1787294372786,50000,0,0,285,15000
1787294372886,50000,0,0,285,15000
1787294372985,50000,0,0,285,15000
1787294373086,50000,0,0,285,15000
1787294373186,50000,0,0,285,15000
1787294373286,50000,0,0,285,15000
1787294373386,50000,0,0,285,15000
1787294373486,50000,0,0,285,15000
1787294373586,50000,0,0,285,15000
1787294373686,50000,0,0,285,15000
1787294373786,50000,0,0,285,15000
1787294373885,50000,0,0,285,15000
1787294373986,50000,0,0,285,15000
1787294374086,50000,0,0,285,15000
1787294374185,50000,0,0,285,15000
1787294374286,50000,0,0,285,15000
1787294374385,50000,0,0,285,15000
1787294374486,50000,0,0,285,15000
1787294374586,50000,0,0,285,15000
1787294374686,50000,0,0,285,15000
1787294374786,50000,0,0,285,15000
1787294374885,50000,0,0,285,15000
1787294374986,50000,0,0,285,15000
1787294375085,50000,0,0,285,15000
1787294375186,50000,0,0,285,15000
1787294375286,50000,0,0,285,15000
1787294375386,50000,0,0,285,15000
1787294375485,50000,0,0,285,15000
1787294375585,50000,0,0,285,15000
1787294375686,50000,0,0,285,15000
1787294375786,50000,0,0,285,15000
1787294375886,50000,0,0,285,15000
1787294375986,50000,0,0,285,15000
1787294376085,50000,0,0,285,15000
1787294376186,50000,0,0,285,15000
1787294376286,49700,15000,0,285,15000
1787294376385,49700,15000,0,285,15000
1787294376486,49700,15000,0,285,15000
1787294376586,49700,15000,0,285,15000
1787294376686,49700,15000,0,285,15000
1787294376785,49700,15000,11700,285,15000
1787294376886,49700,15000,11700,285,15000
1787294376986,49700,15000,11700,285,15000
1787294377086,49700,15000,11700,285,15000
1787294377186,49700,15000,11700,285,15000
1787294377286,49700,15000,11700,285,15000
1787294377385,49700,15000,14800,285,15000
1787294377486,49700,15000,14800,285,15000
1787294377586,49700,15000,14800,285,15000
1787294377685,49700,15000,14800,285,15000
1787294377786,49700,15000,14800,285,15000
1787294377886,49700,15000,14800,285,15000
1787294377986,49700,15000,14800,285,15000
1787294378086,49700,15000,14900,285,15000
1787294378186,49700,15000,14900,285,15000
1787294378286,49700,15000,14900,285,15000
1787294378386,49700,15000,14900,285,15000
1787294378486,49700,15000,14900,285,15000
1787294378585,49700,15000,14900,285,15000
1787294378686,49700,15000,15000,285,15000
1787294378785,49700,15000,15000,285,15000
1787294378885,49700,15000,15000,285,15000
1787294378986,49700,15000,15000,285,15000
1787294379086,49700,15000,15000,285,15000
1787294379186,49700,15000,15000,285,15000
1787294379286,49700,15000,14900,285,15000
1787294379386,49700,15000,14900,285,15000
1787294379486,49700,15000,14900,285,15000
1787294379585,49700,15000,14900,285,15000
1787294379686,49700,15000,14900,285,15000
1787294379785,49700,15000,15000,285,15000
1787294379886,49700,15000,15000,285,15000
1787294379986,49700,15000,15000,285,15000
1787294380085,49700,15000,15000,285,15000
1787294380185,49700,15000,15000,285,15000
1787294380286,49700,15000,15000,285,15000
1787294380385,49700,15000,14900,285,15000
1787294380485,49700,15000,14900,285,15000
1787294380586,49700,15000,14900,285,15000
1787294380686,49700,15000,14900,285,15000
1787294380786,49700,15000,14900,285,15000
1787294380885,49700,15000,14900,285,15000
1787294380985,49700,15000,15000,285,15000
1787294381086,49700,15000,15000,285,15000
1787294381186,49700,15000,15000,285,15000
1787294381286,49700,15000,15000,285,15000
1787294381386,49700,15000,15000,285,15000
1787294381485,49700,15000,15000,285,15000
1787294381586,49700,15000,14900,285,15000
1787294381685,49700,15000,14900,285,15000
1787294381786,49700,15000,14900,285,15000
1787294381885,49700,15000,14900,285,15000
1787294381985,49700,15000,14900,285,15000
1787294382085,49700,15000,14900,285,15000
1787294382186,49700,15000,14900,285,15000
1787294382286,49700,15000,14900,285,15000
1787294382386,49700,15000,14900,285,15000
1787294382485,49700,15000,14900,285,15000
1787294382586,49700,15000,14900,285,15000
1787294382686,49700,15000,14900,285,15000
1787294382786,49700,15000,14900,285,15000
1787294382886,49700,15000,14900,285,15000
1787294382986,49700,15000,14900,285,15000
1787294383086,49700,15000,14900,285,15000
1787294383185,49700,15000,14900,285,15000
1787294383286,49700,15000,14900,285,15000
1787294383386,49700,15000,14900,285,15000
1787294383486,49700,15000,15000,285,15000
1787294383586,49700,15000,15000,285,15000
1787294383686,49700,15000,15000,285,15000
1787294383786,49700,15000,15000,285,15000
1787294383886,49700,15000,15000,285,15000
1787294383985,49700,15000,15000,285,15000
1787294384085,49700,15000,15000,285,15000
1787294384185,49700,15000,15000,285,15000
1787294384286,49700,15000,15000,285,15000
1787294384386,49700,15000,15000,285,15000
1787294384486,49700,15000,15000,285,15000
1787294384585,49700,15000,15000,285,15000
1787294384686,49700,15000,14900,285,15000
1787294384786,49700,15000,14900,285,15000
1787294384886,49700,15000,14900,285,15000
1787294384985,49700,15000,14900,285,15000
1787294385086,49700,15000,14900,285,15000
1787294385186,49700,15000,14900,285,15000
1787294385285,49700,15000,14900,285,15000
1787294385385,49700,15000,14900,285,15000
1787294385485,49700,15000,14900,285,15000
1787294385586,49700,15000,14900,285,15000
1787294385686,49700,15000,14900,285,15000
1787294385786,49700,15000,15000,285,15000
1787294385886,49700,15000,15000,285,15000
1787294385985,49700,15000,15000,285,15000
1787294386086,49700,15000,15000,285,15000
1787294386186,49700,15000,15000,285,15000
1787294386286,49700,15000,15000,285,15000
1787294386386,49700,15000,14900,285,15000
1787294386485,49700,15000,14900,285,15000
1787294386586,49700,15000,14900,285,15000
1787294386686,49700,15000,14900,285,15000
1787294386785,49700,15000,14900,285,15000
1787294386886,49700,15000,14900,285,15000
1787294386986,49700,15000,14900,285,15000
1787294387086,49700,15000,14900,285,15000
1787294387186,49700,15000,14900,285,15000
1787294387286,49700,15000,14900,285,15000
1787294387386,49700,15000,14900,285,15000
1787294387486,49700,15000,14900,285,15000
1787294387586,49700,15000,14900,285,15000
1787294387686,49700,15000,15000,285,15000
1787294387786,49700,15000,15000,285,15000
1787294387886,49700,15000,15000,285,15000
1787294387986,49700,15000,15000,285,15000
1787294388085,49700,15000,15000,285,15000
1787294388186,49700,15000,15000,285,15000
1787294388286,49700,15000,14900,285,15000
1787294388385,49700,15000,14900,285,15000
1787294388486,49700,15000,14900,285,15000
1787294388586,49700,15000,14900,285,15000
1787294388685,49700,15000,14900,285,15000
1787294388786,49700,15000,14900,285,15000
1787294388886,49700,15000,14900,285,15000
1787294388986,49700,15000,14900,285,15000
1787294389086,49700,15000,14900,285,15000
1787294389186,49700,15000,14900,285,15000
1787294389286,49700,15000,14900,285,15000
1787294389386,49700,15000,14900,285,15000
1787294389485,49700,15000,15000,285,15000
1787294389586,49700,15000,15000,285,15000
1787294389686,49700,15000,15000,285,15000
1787294389785,49700,15000,15000,285,15000
1787294389885,49700,15000,15000,285,15000
1787294389986,49700,15000,15000,285,15000
1787294390086,49700,15000,15000,285,15000
1787294390186,49700,15000,14900,285,15000
1787294390286,49700,15000,14900,285,15000
1787294390386,49700,15000,14900,285,15000
1787294390486,49700,15000,14900,285,15000
1787294390585,49700,15000,14900,285,15000
1787294390686,49700,15000,14900,285,15000
1787294390785,49700,15000,14900,285,15000
1787294390886,49700,15000,14900,285,15000
1787294390985,49700,15000,14900,285,15000
1787294391085,49700,15000,14900,285,15000
1787294391185,49700,15000,14900,285,15000
1787294391286,49700,15000,14900,285,15000
1787294391386,49700,15000,15000,285,15000
1787294391485,49700,15000,15000,285,15000
1787294391586,49700,15000,15000,285,15000
1787294391686,49700,15000,15000,285,15000
1787294391786,49700,15000,15000,285,15000
1787294391886,49700,15000,15000,285,15000
1787294391986,49700,15000,14900,285,15000
1787294392086,49700,15000,14900,285,15000
1787294392186,49700,15000,14900,285,15000
1787294392286,49700,15000,14900,285,15000
1787294392386,49700,15000,14900,285,15000
1787294392486,49700,15000,14900,285,15000
1787294392585,49700,15000,14900,285,15000
1787294392685,49700,15000,14900,285,15000
1787294392785,49700,15000,14900,285,15000
1787294392886,49700,15000,14900,285,15000
1787294392986,49700,15000,14900,285,15000
1787294393085,49700,15000,14900,285,15000
1787294393186,49700,15000,14900,285,15000
1787294393286,49700,15000,14900,285,15000
1787294393386,49700,15000,14900,285,15000
1787294393486,49700,15000,14900,285,15000
1787294393586,49700,15000,14900,285,15000
1787294393685,49700,15000,14900,285,15000
1787294393785,49700,15000,14900,285,15000
1787294393886,49700,15000,14900,285,15000
1787294393986,49700,15000,14900,285,15000
1787294394085,49700,15000,14900,285,15000
1787294394186,49700,15000,14900,285,15000
1787294394285,49700,15000,14900,285,15000
1787294394386,49700,15000,14900,285,15000
1787294394485,49700,15000,14900,285,15000
1787294394586,49700,15000,14900,285,15000
1787294394685,49700,15000,14900,285,15000
1787294394785,49700,15000,14900,285,15000
1787294394886,49700,15000,14900,285,15000
1787294394985,49700,15000,14900,285,15000
1787294395086,49700,15000,14900,285,15000
1787294395185,49700,15000,14900,285,15000
1787294395286,49700,15000,14900,285,15000
1787294395385,49700,15000,14900,285,15000
1787294395485,49700,15000,14900,285,15000
1787294395586,49700,15000,14900,285,15000
1787294395686,49700,15000,14900,285,15000
1787294395785,49700,15000,14900,285,15000
1787294395886,49700,15000,14900,285,15000
1787294395986,49700,15000,14900,285,15000
1787294396085,49700,15000,14900,285,15000
1787294396186,49700,15000,14900,285,15000
1787294396286,49700,15000,14900,285,15000
1787294396386,49700,15000,14900,285,15000
1787294396486,49700,15000,14900,285,15000
1787294396586,49700,15000,14900,285,15000
1787294396686,49700,15000,14900,285,15000
1787294396786,49700,15000,14900,285,15000
1787294396885,49700,15000,14900,285,15000
1787294396986,49700,15000,14900,285,15000
1787294397086,49700,15000,14900,285,15000
1787294397186,49700,15000,14900,285,15000
1787294397286,49700,15000,14900,285,15000
1787294397386,49700,15000,14900,285,15000
1787294397486,49700,15000,15000,285,15000
1787294397586,49700,15000,15000,285,15000
1787294397686,49700,15000,15000,285,15000
1787294397785,49700,15000,15000,285,15000
1787294397886,49700,15000,14900,285,15000
1787294397985,49700,15000,14900,285,15000
1787294398086,49700,15000,14900,285,15000
1787294398186,49700,15000,14900,285,15000
1787294398286,49700,15000,14900,285,15000
1787294398386,49700,15000,14900,285,15000
1787294398485,49700,15000,15000,285,15000
1787294398586,49700,15000,15000,285,15000
1787294398686,49700,15000,15000,285,15000
1787294398785,49700,15000,15000,285,15000
1787294398885,49700,15000,15000,285,15000
1787294398985,49700,15000,15000,285,15000
1787294399086,49700,15000,15000,285,15000
1787294399186,49700,15000,15000,285,15000
1787294399286,49700,15000,15000,285,15000
1787294399385,49700,15000,15000,285,15000
1787294399485,49700,15000,15000,285,15000
1787294399586,49700,15000,15000,285,15000
1787294399686,49700,15000,15000,285,15000
1787294399785,49700,15000,15000,285,15000
1787294399885,49700,15000,15000,285,15000
1787294399986,49700,15000,15000,285,15000
1787294400085,49700,15000,15000,285,15000
1787294400185,49700,15000,15000,285,15000
1787294400286,49700,15000,15000,285,15000
1787294400386,49700,15000,14900,285,15000
1787294400485,49700,15000,14900,285,15000
1787294400586,49700,15000,14900,285,15000
1787294400686,49700,15000,14900,285,15000
1787294400786,49700,15000,14900,285,15000
1787294400886,49700,15000,14900,285,15000
1787294400986,49700,15000,14900,285,15000
1787294401086,49700,15000,14900,285,15000
1787294401186,49700,15000,14900,285,15000
1787294401286,49700,15000,14900,285,15000
1787294401386,49700,15000,14900,285,15000
1787294401486,49700,15000,14900,285,15000
1787294401586,49700,15000,14900,285,15000
1787294401686,49700,15000,14900,285,15000
1787294401785,49700,15000,14900,285,15000
1787294401886,49700,15000,14900,285,15000
1787294401986,49700,15000,14900,285,15000
1787294402086,49700,15000,14900,285,15000
1787294402185,49700,15000,14900,285,15000
1787294402285,49700,15000,14900,285,15000
1787294402386,49700,15000,14900,285,15000
1787294402486,49700,15000,14900,285,15000
1787294402586,49700,15000,14900,285,15000
1787294402686,49700,15000,14900,285,15000
1787294402786,49700,15000,14900,285,15000
1787294402885,49700,15000,14900,285,15000
1787294402985,49700,15000,14900,285,15000
1787294403086,49700,15000,14900,285,15000
1787294403185,49700,15000,14900,285,15000
1787294403286,49700,15000,14900,285,15000
1787294403386,49700,15000,14900,285,15000
1787294403486,49700,15000,14900,285,15000
1787294403586,49700,15000,14900,285,15000
1787294403685,49700,15000,14900,285,15000
1787294403785,49700,15000,14900,285,15000
1787294403886,49700,15000,14900,285,15000
1787294403986,49700,15000,14900,285,15000
1787294404085,49700,15000,14900,285,15000
1787294404186,49700,15000,14900,285,15000
1787294404286,49700,15000,14900,285,15000
1787294404386,49700,15000,14900,285,15000
1787294404486,49700,15000,14900,285,15000
1787294404586,49700,15000,14900,285,15000
1787294404686,49700,15000,14900,285,15000
1787294404786,49700,15000,14900,285,15000
1787294404885,49700,15000,14900,285,15000
1787294404986,49700,15000,14900,285,15000
1787294405086,49700,15000,14900,285,15000
1787294405186,49700,15000,14900,285,15000
1787294405286,49700,15000,14900,285,15000
1787294405386,49700,15000,14900,285,15000
1787294405486,49700,15000,14900,285,15000
1787294405586,49700,15000,14900,285,15000
1787294405686,49700,15000,14900,285,15000
1787294405786,49700,15000,14900,285,15000
1787294405886,49700,15000,14900,285,15000
1787294405986,49700,15000,14900,285,15000
1787294406086,49700,15000,14900,285,15000
1787294406185,49700,15000,14900,285,15000
1787294406286,49700,15000,14900,285,15000
1787294406386,49700,15000,14900,285,15000
1787294406485,49700,15000,14900,285,15000
1787294406585,49700,15000,14900,285,15000
1787294406686,49700,15000,14900,285,15000
1787294406786,49700,15000,14900,285,15000
1787294406886,49700,15000,14900,285,15000
1787294406986,49700,15000,14900,285,15000
1787294407086,49700,15000,14900,285,15000
1787294407185,49700,15000,14900,285,15000
1787294407286,49700,15000,14900,285,15000
1787294407385,49700,15000,14900,285,15000
1787294407486,49700,15000,14900,285,15000
1787294407586,49700,15000,14900,285,15000
1787294407686,49700,15000,14900,285,15000
1787294407786,49700,15000,14900,285,15000
1787294407885,49700,15000,14900,285,15000
1787294407986,49700,15000,14900,285,15000
1787294408086,49700,15000,14900,285,15000
1787294408186,49700,15000,14900,285,15000
1787294408286,49700,15000,14900,285,15000
1787294408386,49700,15000,14900,285,15000
1787294408486,49700,15000,14900,285,15000
1787294408586,49700,15000,14900,285,15000
1787294408686,49700,15000,14900,285,15000
1787294408786,49700,15000,14900,285,15000
1787294408886,49700,15000,14900,285,15000
1787294408985,49700,15000,14900,285,15000
1787294409085,49700,15000,14900,285,15000
1787294409185,49700,15000,14900,285,15000
1787294409286,49700,15000,14900,285,15000
1787294409386,49700,15000,14900,285,15000
1787294409485,49700,15000,14900,285,15000
1787294409586,49700,15000,14900,285,15000
1787294409685,49700,15000,14900,285,15000
1787294409786,49700,15000,14900,285,15000
1787294409885,49700,15000,14900,285,15000
1787294409986,49700,15000,14900,285,15000
1787294410085,49700,15000,14900,285,15000
1787294410186,49700,15000,14900,285,15000
1787294410286,49700,15000,14900,285,15000
1787294410386,49700,15000,14900,285,15000
1787294410486,49700,15000,14900,285,15000
1787294410585,49700,15000,14900,285,15000
1787294410686,49700,15000,14900,285,15000
1787294410785,49700,15000,14900,285,15000
1787294410886,49700,15000,14900,285,15000
1787294410986,49700,15000,14900,285,15000
1787294411086,49700,15000,14900,285,15000
1787294411186,49700,15000,14900,285,15000
1787294411286,49700,15000,14900,285,15000
1787294411386,49700,15000,14900,285,15000
1787294411485,49700,15000,14900,285,15000
1787294411586,49700,15000,14900,285,15000
1787294411686,49700,15000,14900,285,15000
1787294411785,49700,15000,14900,285,15000
1787294411886,49700,15000,14900,285,15000
1787294411985,49700,15000,14900,285,15000
1787294412085,49700,15000,14900,285,15000
1787294412186,49700,15000,14900,285,15000
1787294412286,49700,15000,14900,285,15000
1787294412386,49700,15000,14900,285,15000
1787294412486,49700,15000,14900,285,15000
1787294412586,49700,15000,14900,285,15000
1787294412686,49700,15000,14900,285,15000
1787294412786,49700,15000,14900,285,15000
1787294412886,49700,15000,14900,285,15000
1787294412986,49700,15000,14900,285,15000
1787294413085,49700,15000,14900,285,15000
1787294413186,49700,15000,14900,285,15000
1787294413286,49700,15000,14900,285,15000
1787294413386,49700,15000,14900,285,15000
1787294413486,49700,15000,14900,285,15000
1787294413585,49700,15000,14900,285,15000
1787294413686,49700,15000,14900,285,15000
1787294413786,49700,15000,14900,285,15000
1787294413886,49700,15000,14900,285,15000
1787294413986,49700,15000,14900,285,15000
1787294414086,49700,15000,14900,285,15000
1787294414186,49700,15000,14900,285,15000
1787294414286,49700,15000,14900,285,15000
1787294414386,49700,15000,15000,285,15000
1787294414485,49700,15000,15000,285,15000
1787294414586,49700,15000,15000,285,15000
1787294414686,49700,15000,15000,285,15000
1787294414786,49700,15000,15000,285,15000
1787294414885,49700,15000,14900,285,15000
1787294414985,49700,15000,14900,285,15000
1787294415086,49700,15000,14900,285,15000
1787294415186,49700,15000,14900,285,15000
1787294415286,49700,15000,14900,285,15000
1787294415386,49700,15000,14900,285,15000
1787294415486,49700,15000,14900,285,15000
1787294415586,49700,15000,14900,285,15000
1787294415685,49700,15000,14900,285,15000
1787294415785,49700,15000,14900,285,15000
1787294415886,49700,15000,14900,285,15000
1787294415986,49700,15000,14900,285,15000
1787294416086,49700,15000,14900,285,15000
1787294416186,49700,15000,14900,285,15000
1787294416286,49700,15000,14900,285,15000
1787294416386,49700,15000,14900,285,15000
1787294416485,49700,15000,14900,285,15000
1787294416586,49700,15000,14900,285,15000
1787294416685,49700,15000,14900,285,15000
1787294416785,49700,15000,14900,285,15000
1787294416886,49700,15000,14900,285,15000
1787294416986,49700,15000,14900,285,15000
1787294417086,49700,15000,14900,285,15000
1787294417185,49700,15000,14900,285,15000
1787294417286,49700,15000,14900,285,15000
1787294417386,49700,15000,14900,285,15000
1787294417486,49700,15000,14900,285,15000
1787294417586,49700,15000,14900,285,15000
1787294417686,49700,15000,14900,285,15000
1787294417786,49700,15000,14900,285,15000
1787294417886,49700,15000,14900,285,15000
1787294417986,49700,15000,14900,285,15000
1787294418085,49700,15000,14900,285,15000
1787294418186,49700,15000,14900,285,15000
1787294418286,49700,15000,14900,285,15000
1787294418386,49700,15000,14900,285,15000
1787294418485,49700,15000,14900,285,15000
1787294418586,49700,15000,14900,285,15000
1787294418685,49700,15000,14900,285,15000
1787294418785,49700,15000,14900,285,15000
1787294418885,49700,15000,14900,285,15000
1787294418986,49700,15000,14900,285,15000
1787294419086,49700,15000,14900,285,15000
1787294419186,49700,15000,14900,285,15000
1787294419286,49700,15000,14900,285,15000
1787294419386,49700,15000,14900,285,15000
1787294419485,49700,15000,14900,285,15000
1787294419585,49700,15000,14900,285,15000
1787294419686,49700,15000,14900,285,15000
1787294419786,49700,15000,14900,285,15000
1787294419886,49700,15000,14900,285,15000
1787294419986,49700,15000,14900,285,15000
1787294420085,49700,15000,14900,285,15000
1787294420186,49700,15000,14900,285,15000
1787294420286,49700,15000,14900,285,15000
1787294420386,49700,15000,14900,285,15000
1787294420486,49700,15000,14900,285,15000
1787294420585,49700,15000,14900,285,15000
1787294420686,49700,15000,14900,285,15000
1787294420786,49700,15000,14900,285,15000
1787294420885,49700,15000,14900,285,15000
1787294420985,49700,15000,14900,285,15000
1787294421086,49700,15000,14900,285,15000
1787294421186,49700,15000,14900,285,15000
1787294421286,49700,15000,14900,285,15000
1787294421385,49700,15000,14900,285,15000
1787294421486,49700,15000,14900,285,15000
1787294421585,49700,15000,14900,285,15000
1787294421686,49700,15000,14900,285,15000
1787294421785,49700,15000,14900,285,15000
1787294421885,49700,15000,14900,285,15000
1787294421986,49700,15000,14900,285,15000
1787294422086,49700,15000,14900,285,15000
1787294422186,49700,15000,15000,285,15000
1787294422286,49700,15000,15000,285,15000
1787294422386,49700,15000,15000,285,15000
1787294422486,49700,15000,15000,285,15000
1787294422586,49700,15000,15000,285,15000
1787294422686,49700,15000,15000,285,15000
1787294422785,49700,15000,15000,285,15000
1787294422886,49700,15000,14900,285,15000
1787294422985,49700,15000,14900,285,15000
1787294423086,49700,15000,14900,285,15000
1787294423186,49700,15000,14900,285,15000
1787294423286,49700,15000,14900,285,15000
1787294423386,49700,15000,14900,285,15000
1787294423486,49700,15000,14900,285,15000
1787294423586,49700,15000,14900,285,15000
1787294423686,49700,15000,14900,285,15000
1787294423785,49700,15000,14900,285,15000
1787294423886,49700,15000,14900,285,15000
1787294423985,49700,15000,14900,285,15000
1787294424085,49700,15000,14900,285,15000
1787294424186,49700,15000,14900,285,15000
1787294424286,49700,15000,14900,285,15000
1787294424386,49700,15000,14900,285,15000
1787294424486,49700,15000,14900,285,15000
1787294424585,49700,15000,14900,285,15000
1787294424686,49700,15000,14900,285,15000
1787294424786,49700,15000,14900,285,15000
1787294424886,49700,15000,14900,285,15000
1787294424986,49700,15000,14900,285,15000
1787294425086,49700,15000,14900,285,15000
1787294425185,49700,15000,14900,285,15000
1787294425285,49700,15000,14900,285,15000
1787294425386,49700,15000,14900,285,15000
1787294425486,49700,15000,14900,285,15000
1787294425585,49700,15000,14900,285,15000
1787294425686,49700,15000,14900,285,15000
1787294425786,49700,15000,14900,285,15000
1787294425886,49700,15000,14900,285,15000
1787294425986,49700,15000,14900,285,15000
1787294426085,49700,15000,14900,285,15000
1787294426185,49700,15000,14900,285,15000
1787294426286,49700,15000,14900,285,15000
1787294426386,49700,15000,14900,285,15000
1787294426485,49700,15000,14900,285,15000
1787294426586,49700,15000,14900,285,15000
1787294426685,49700,15000,14900,285,15000
1787294426786,49700,15000,14900,285,15000
1787294426885,49700,15000,14900,285,15000
1787294426985,49700,15000,14900,285,15000
1787294427085,49700,15000,14900,285,15000
1787294427185,49700,15000,14900,285,15000
1787294427286,49700,15000,14900,285,15000
1787294427386,49700,15000,14900,285,15000
1787294427485,49700,15000,14900,285,15000
1787294427585,49700,15000,14900,285,15000
1787294427685,49700,15000,14900,285,15000
1787294427786,49700,15000,14900,285,15000
1787294427886,49700,15000,14900,285,15000
1787294427986,49700,15000,14900,285,15000
1787294428086,49700,15000,14900,285,15000
1787294428186,49700,15000,14900,285,15000
1787294428285,49700,15000,14900,285,15000
1787294428385,49700,15000,14900,285,15000
1787294428485,49700,15000,14900,285,15000
1787294428585,49700,15000,14900,285,15000
1787294428686,49700,15000,14900,285,15000
1787294428786,49700,15000,14900,285,15000
1787294428885,49700,15000,14900,285,15000
1787294428986,49700,15000,14900,285,15000
1787294429086,49700,15000,14900,285,15000
1787294429186,49700,15000,14900,285,15000
1787294429286,49700,15000,14900,285,15000
1787294429386,49700,15000,14900,285,15000
1787294429486,49700,15000,14900,285,15000
1787294429586,49700,15000,14900,285,15000
1787294429685,49700,15000,14900,285,15000
1787294429785,49700,15000,14900,285,15000
1787294429885,49700,15000,14900,285,15000
1787294429986,49700,15000,14900,285,15000
1787294430086,49700,15000,14900,285,15000
1787294430186,49700,15000,14900,285,15000
1787294430286,49700,15000,14900,285,15000
1787294430385,49700,15000,14900,285,15000
1787294430486,49700,15000,14900,285,15000
1787294430585,49700,15000,14900,285,15000
1787294430686,49700,15000,14900,285,15000
1787294430785,49700,15000,14900,285,15000
1787294430886,49700,15000,14900,285,15000
1787294430985,49700,15000,14900,285,15000
1787294431086,49700,15000,14900,285,15000
1787294431186,49700,15000,14900,285,15000
1787294431286,49700,15000,14900,285,15000
1787294431386,49700,15000,14900,285,15000
1787294431485,49700,15000,14900,285,15000
1787294431585,49700,15000,14900,285,15000
1787294431686,49700,15000,14900,285,15000
1787294431786,49700,15000,14900,285,15000
1787294431885,49700,15000,14900,285,15000
1787294431986,49700,15000,14900,285,15000
1787294432086,49700,15000,14900,285,15000
1787294432186,49700,15000,14900,285,15000
1787294432286,49700,15000,14900,285,15000
1787294432385,49700,15000,14900,285,15000
1787294432486,49700,15000,14900,285,15000
1787294432586,49700,15000,14900,285,15000
1787294432685,49700,15000,14900,285,15000
1787294432786,49700,15000,14900,285,15000
1787294432886,49700,15000,14900,285,15000
1787294432985,49700,15000,14900,285,15000
1787294433086,49700,15000,14900,285,15000
1787294433186,49700,15000,14900,285,15000
1787294433286,49700,15000,14900,285,15000
1787294433386,49700,15000,14900,285,15000
1787294433486,49700,15000,14900,285,15000
1787294433585,49700,15000,14900,285,15000
1787294433686,49700,15000,14900,285,15000
1787294433786,49700,15000,14900,285,15000
1787294433886,49700,15000,14900,285,15000
1787294433986,49700,15000,14900,285,15000
1787294434086,49700,15000,14900,285,15000
1787294434186,49700,15000,14900,285,15000
1787294434285,49700,15000,14900,285,15000
1787294434386,49700,15000,14900,285,15000
1787294434485,49700,15000,14900,285,15000
1787294434585,49700,15000,14900,285,15000
1787294434686,49700,15000,14900,285,15000
1787294434786,49700,15000,14900,285,15000
1787294434886,49700,15000,14900,285,15000
1787294434985,49700,15000,14900,285,15000
1787294435085,49700,15000,14900,285,15000
1787294435186,49700,15000,14900,285,15000
1787294435286,49700,15000,14900,285,15000
1787294435386,49700,15000,14900,285,15000
1787294435486,49700,15000,14900,285,15000
1787294435585,49700,15000,14900,285,15000
1787294435686,49700,15000,14900,285,15000
1787294435786,49700,15000,14900,285,15000
1787294435885,49700,15000,14900,285,15000
1787294435986,49700,15000,14900,285,15000
1787294436086,49700,15000,14900,285,15000
1787294436186,49700,15000,14900,285,15000
1787294436286,49700,15000,14900,285,15000
1787294436385,49700,15000,14900,285,15000
1787294436486,49700,15000,14900,285,15000
1787294436586,49700,15000,14900,285,15000
1787294436686,49700,15000,14900,285,15000
1787294436785,49700,15000,14900,285,15000
1787294436886,49700,15000,14900,285,15000
1787294436986,49700,15000,14900,285,15000
1787294437086,49700,15000,14900,285,15000
1787294437186,49700,15000,14900,285,15000
1787294437286,49700,15000,14900,285,15000
1787294437386,49700,15000,14900,285,15000
1787294437486,49700,15000,14900,285,15000
1787294437586,49700,15000,14900,285,15000
1787294437685,49700,15000,14900,285,15000
1787294437786,49700,15000,14900,285,15000
1787294437886,49700,15000,14900,285,15000
1787294437986,49700,15000,14900,285,15000
1787294438085,49700,15000,14900,285,15000
1787294438186,49700,15000,14900,285,15000
1787294438286,49700,15000,14900,285,15000
1787294438386,49700,15000,14900,285,15000
1787294438486,49700,15000,14900,285,15000
1787294438586,49700,15000,14900,285,15000
1787294438686,49700,15000,14900,285,15000
1787294438785,49700,15000,14900,285,15000
1787294438885,49700,15000,14900,285,15000
1787294438986,49700,15000,14900,285,15000
1787294439086,49700,15000,14900,285,15000
1787294439186,49700,15000,14900,285,15000
1787294439286,49700,15000,14900,285,15000
1787294439385,49700,15000,14900,285,15000
1787294439486,49700,15000,14900,285,15000
1787294439586,49700,15000,14900,285,15000
1787294439685,49700,15000,14900,285,15000
1787294439785,49700,15000,14900,285,15000
1787294439886,49700,15000,14900,285,15000
1787294439986,49700,15000,14900,285,15000
1787294440086,49700,15000,14900,285,15000
1787294440186,49700,15000,14900,285,15000
1787294440286,49700,15000,14900,285,15000
1787294440385,49700,15000,14900,285,15000
1787294440486,49700,15000,14900,285,15000
1787294440586,49700,15000,14900,285,15000
1787294440686,49700,15000,14900,285,15000
1787294440786,49700,15000,14900,285,15000
1787294440885,49700,15000,14900,285,15000
1787294440986,49700,15000,14900,285,15000
1787294441086,49700,15000,14900,285,15000
1787294441186,49700,15000,14900,285,15000
1787294441286,49700,15000,14900,285,15000
1787294441386,49700,15000,14900,285,15000
1787294441485,49700,15000,14900,285,15000
1787294441586,49700,15000,14900,285,15000
1787294441686,49700,15000,14900,285,15000
1787294441786,49700,15000,14900,285,15000
1787294441886,49700,15000,14900,285,15000
1787294441985,49700,15000,14900,285,15000
1787294442086,49700,15000,14900,285,15000
1787294442185,49700,15000,14900,285,15000
1787294442286,49700,15000,14900,285,15000
1787294442386,49700,15000,14900,285,15000
1787294442486,49700,15000,14900,285,15000
1787294442586,49700,15000,14900,285,15000
1787294442686,49700,15000,14900,285,15000
1787294442785,49700,15000,14900,285,15000
1787294442885,49700,15000,14900,285,15000
1787294442986,49700,15000,14900,285,15000
1787294443086,49700,15000,14900,285,15000
1787294443186,49700,15000,14900,285,15000
1787294443286,49700,15000,14900,285,15000
1787294443386,49700,15000,14900,285,15000
1787294443485,49700,15000,14900,285,15000
1787294443585,49700,15000,14900,285,15000
1787294443686,49700,15000,14900,285,15000
1787294443786,49700,15000,14900,285,15000
1787294443886,49700,15000,14900,285,15000
1787294443986,49700,15000,14900,285,15000
1787294444086,49700,15000,14900,285,15000
1787294444185,49700,15000,14900,285,15000
1787294444286,49700,15000,14900,285,15000
1787294444386,49700,15000,14900,285,15000
1787294444486,49700,15000,14900,285,15000
1787294444586,49700,15000,14900,285,15000
1787294444686,49700,15000,14900,285,15000
1787294444786,49700,15000,14900,285,15000
1787294444886,49700,15000,14900,285,15000
1787294444986,49700,15000,14900,285,15000
1787294445085,49700,15000,14900,285,15000
1787294445186,49700,15000,14900,285,15000
1787294445286,49700,15000,14900,285,15000
1787294445386,49700,15000,14900,285,15000
1787294445486,49700,15000,14900,285,15000
1787294445586,49700,15000,14900,285,15000
1787294445685,49700,15000,14900,285,15000
1787294445786,49700,15000,14900,285,15000
1787294445885,49700,15000,14900,285,15000
1787294445986,49700,15000,14900,285,15000
1787294446086,49700,15000,14900,285,15000
1787294446185,49700,15000,14900,285,15000
1787294446286,49700,15000,14900,285,15000
1787294446386,49700,15000,14900,285,15000
1787294446486,49700,15000,14900,285,15000
1787294446586,49700,15000,14900,285,15000
1787294446685,49700,15000,14900,285,15000
1787294446786,49700,15000,14900,285,15000
1787294446886,49700,15000,14900,285,15000
1787294446986,49700,15000,14900,285,15000
1787294447086,49700,15000,14900,285,15000
1787294447185,49700,15000,14900,285,15000
1787294447286,49700,15000,14900,285,15000
1787294447385,49700,15000,14900,285,15000
1787294447486,49700,15000,14900,285,15000
1787294447586,49700,15000,14900,285,15000
1787294447686,49700,15000,14900,285,15000
1787294447785,49700,15000,14900,285,15000
1787294447886,49700,15000,14900,285,15000
1787294447985,49700,15000,14900,285,15000
1787294448086,49700,15000,14900,285,15000
1787294448186,49700,15000,14900,285,15000
1787294448286,49700,15000,14900,285,15000
1787294448386,49700,15000,14900,285,15000
1787294448486,49700,15000,14900,285,15000
1787294448586,49700,15000,14900,285,15000
1787294448686,49700,15000,14900,285,15000
1787294448786,49700,15000,14900,285,15000
1787294448886,49700,15000,14900,285,15000
1787294448986,49700,15000,14900,285,15000
1787294449085,49700,15000,14900,285,15000
1787294449186,49700,15000,14900,285,15000
1787294449286,49700,15000,14900,285,15000
1787294449386,49700,15000,14900,285,15000
1787294449485,49700,15000,14900,285,15000
1787294449585,49700,15000,14900,285,15000
1787294449686,49700,15000,14900,285,15000
1787294449785,49700,15000,14900,285,15000
1787294449886,49700,15000,14900,285,15000
1787294449986,49700,15000,14900,285,15000
1787294450085,49700,15000,14900,285,15000
1787294450186,49700,15000,14900,285,15000
1787294450286,49700,15000,14900,285,15000
1787294450385,49700,15000,14900,285,15000
1787294450485,49700,15000,14900,285,15000
1787294450586,49700,15000,14900,285,15000
1787294450686,49700,15000,14900,285,15000
1787294450785,49700,15000,14900,285,15000
1787294450886,49700,15000,14900,285,15000
1787294450986,49700,15000,14900,285,15000
1787294451086,49700,15000,14900,285,15000
1787294451185,49700,15000,14900,285,15000
1787294451286,49700,15000,14900,285,15000
1787294451385,49700,15000,14900,285,15000
1787294451485,49700,15000,14900,285,15000
1787294451586,49700,15000,14900,285,15000
1787294451686,49700,15000,14900,285,15000
1787294451786,49700,15000,14900,285,15000
1787294451886,49700,15000,14900,285,15000
1787294451985,49700,15000,14900,285,15000
1787294452086,49700,15000,14900,285,15000
1787294452186,49700,15000,14900,285,15000
1787294452286,49700,15000,14900,285,15000
1787294452386,49700,15000,14900,285,15000
1787294452486,49700,15000,14900,285,15000
1787294452585,49700,15000,14900,285,15000
1787294452685,49700,15000,14900,285,15000
1787294452785,49700,15000,14900,285,15000
1787294452885,49700,15000,14900,285,15000
1787294452985,49700,15000,14900,285,15000
1787294453085,49700,15000,14900,285,15000
1787294453186,49700,15000,14900,285,15000
1787294453286,49700,15000,14900,285,15000
1787294453385,49700,15000,14900,285,15000
1787294453486,49700,15000,14900,285,15000
1787294453585,49700,15000,14900,285,15000
1787294453685,49700,15000,14900,285,15000
1787294453786,49700,15000,14900,285,15000
1787294453885,49700,15000,14900,285,15000
1787294453985,49700,15000,14900,285,15000
1787294454086,49700,15000,14900,285,15000
1787294454186,49700,15000,14900,285,15000
1787294454286,49700,15000,14900,285,15000
1787294454385,49700,15000,14900,285,15000
1787294454486,49700,15000,14900,285,15000
1787294454586,49700,15000,14900,285,15000
1787294454686,49700,15000,14900,285,15000
1787294454785,49700,15000,14900,285,15000
1787294454886,49700,15000,14900,285,15000
1787294454985,49700,15000,14900,285,15000
1787294455085,49700,15000,14900,285,15000
1787294455186,49700,15000,14900,285,15000
1787294455286,49700,15000,14900,285,15000
1787294455385,49700,15000,14900,285,15000
1787294455486,49700,15000,14900,285,15000
1787294455586,49700,15000,14900,285,15000
1787294455686,49700,15000,14900,285,15000
1787294455785,49700,15000,14900,285,15000
1787294455885,49700,15000,14900,285,15000
1787294455985,49700,15000,14900,285,15000
1787294456086,49700,15000,14900,285,15000
1787294456186,49700,15000,14900,285,15000
1787294456285,49700,15000,14900,285,15000
1787294456386,49700,15000,14900,285,15000
1787294456486,49700,15000,14900,285,15000
1787294456585,49700,15000,14900,285,15000
1787294456686,49700,15000,14900,285,15000
1787294456786,49700,15000,14900,285,15000
1787294456886,49700,15000,14900,285,15000
1787294456986,49700,15000,14900,285,15000
1787294457085,49700,15000,14900,285,15000
1787294457186,49700,15000,14900,285,15000
1787294457286,49700,15000,14900,285,15000
1787294457386,49700,15000,14900,285,15000
1787294457486,49700,15000,14900,285,15000
1787294457585,49700,15000,14900,285,15000
1787294457686,49700,15000,14900,285,15000
1787294457786,49700,15000,14900,285,15000
1787294457885,49700,15000,14900,285,15000
1787294457986,49700,15000,14900,285,15000
1787294458085,49700,15000,14900,285,15000
1787294458185,49700,15000,14900,285,15000
1787294458286,49700,15000,14900,285,15000
1787294458386,49700,15000,14900,285,15000
1787294458485,49700,15000,14900,285,15000
1787294458586,49700,15000,14900,285,15000
1787294458686,49700,15000,14900,285,15000
1787294458786,49700,15000,14900,285,15000
1787294458885,49700,15000,14900,285,15000
1787294458986,49700,15000,14900,285,15000
1787294459086,49700,15000,14900,285,15000
1787294459185,49700,15000,14900,285,15000
1787294459286,49700,15000,14900,285,15000
1787294459386,49700,15000,14900,285,15000
1787294459486,49700,15000,14900,285,15000
1787294459586,49700,15000,14900,285,15000
1787294459686,49700,15000,14900,285,15000
1787294459785,49700,15000,14900,285,15000
1787294459886,49700,15000,14900,285,15000
1787294459986,49700,15000,14900,285,15000
1787294460085,49700,15000,14900,285,15000
1787294460185,49700,15000,14900,285,15000
1787294460285,49700,15000,14900,285,15000
1787294460385,49700,15000,14900,285,15000
1787294460485,49700,15000,14900,285,15000
1787294460585,49700,15000,14900,285,15000
1787294460685,49700,15000,14900,285,15000
1787294460786,49700,15000,14900,285,15000
1787294460886,49700,15000,14900,285,15000
1787294460986,49700,15000,14900,285,15000
1787294461086,49700,15000,14900,285,15000
1787294461186,49700,15000,14900,285,15000
1787294461286,49700,15000,14900,285,15000
1787294461385,49700,15000,14900,285,15000
1787294461486,49700,15000,14900,285,15000
1787294461585,49700,15000,14900,285,15000
1787294461686,49700,15000,14900,285,15000
1787294461786,49700,15000,14900,285,15000
1787294461885,49700,15000,14900,285,15000
1787294461986,49700,15000,14900,285,15000
1787294462085,49700,15000,14900,285,15000
1787294462185,49700,15000,14900,285,15000
1787294462286,49700,15000,14900,285,15000
1787294462386,49700,15000,14900,285,15000
1787294462486,49700,15000,14900,285,15000
1787294462585,49700,15000,14900,285,15000
1787294462685,49700,15000,14900,285,15000
1787294462786,49700,15000,14900,285,15000
1787294462885,49700,15000,14900,285,15000
1787294462986,49700,15000,14900,285,15000
1787294463086,49700,15000,14900,285,15000
1787294463185,49700,15000,14900,285,15000
1787294463286,49700,15000,14900,285,15000
1787294463386,49700,15000,14900,285,15000
1787294463485,49700,15000,14900,285,15000
1787294463586,49700,15000,14900,285,15000
1787294463686,49700,15000,14900,285,15000
1787294463785,49700,15000,14900,285,15000
1787294463886,49700,15000,14900,285,15000
1787294463985,49700,15000,14900,285,15000
1787294464086,49700,15000,14900,285,15000
1787294464186,49700,15000,14900,285,15000
1787294464286,49700,15000,14900,285,15000
1787294464385,49700,15000,14900,285,15000
1787294464486,49700,15000,14900,285,15000
1787294464586,49700,15000,14900,285,15000
1787294464686,49700,15000,14900,285,15000
1787294464785,49700,15000,14900,285,15000
1787294464885,49700,15000,14900,285,15000
1787294464985,49700,15000,14900,285,15000
1787294465086,49700,15000,14900,285,15000
1787294465185,49700,15000,14900,285,15000
1787294465286,49700,15000,14900,285,15000
1787294465386,49700,15000,14900,285,15000
1787294465486,49700,15000,14900,285,15000
1787294465585,49700,15000,14900,285,15000
1787294465686,49700,15000,14900,285,15000
1787294465786,49700,15000,14900,285,15000
1787294465886,49700,15000,14900,285,15000
1787294465986,49700,15000,14900,285,15000
1787294466086,49700,15000,14900,285,15000
1787294466186,49700,15000,14900,285,15000
1787294466286,49700,15000,14900,285,15000
1787294466385,49700,15000,14900,285,15000
1787294466486,49700,15000,14900,285,15000
1787294466585,49700,15000,14900,285,15000
1787294466685,49700,15000,14900,285,15000
1787294466786,49700,15000,14900,285,15000
1787294466886,49700,15000,14900,285,15000
1787294466985,49700,15000,14900,285,15000
1787294467085,49700,15000,14900,285,15000
1787294467185,49700,15000,14900,285,15000
1787294467286,49700,15000,14900,285,15000
1787294467385,49700,15000,14900,285,15000
1787294467485,49700,15000,14900,285,15000
1787294467586,49700,15000,14900,285,15000
1787294467685,49700,15000,14900,285,15000
1787294467786,49700,15000,14900,285,15000
1787294467886,49700,15000,14900,285,15000
1787294467986,49700,15000,14900,285,15000
1787294468085,49700,15000,14900,285,15000
1787294468186,49700,15000,14900,285,15000
1787294468286,49700,15000,14900,285,15000
1787294468386,49700,15000,14900,285,15000
1787294468486,49700,15000,14900,285,15000
1787294468586,49700,15000,14900,285,15000
1787294468685,49700,15000,14900,285,15000
1787294468786,49700,15000,14900,285,15000
1787294468886,49700,15000,14900,285,15000
1787294468985,49700,15000,14900,285,15000
1787294469086,49700,15000,14900,285,15000
1787294469185,49700,15000,14900,285,15000
1787294469286,49700,15000,14900,285,15000
1787294469386,49700,15000,14900,285,15000
1787294469486,49700,15000,14900,285,15000
1787294469586,49700,15000,14900,285,15000
1787294469686,49700,15000,14900,285,15000
1787294469785,49700,15000,14900,285,15000
1787294469886,49700,15000,14900,285,15000
1787294469986,49700,15000,14900,285,15000
1787294470085,49700,15000,14900,285,15000
1787294470186,49700,15000,14900,285,15000
1787294470286,49700,15000,14900,285,15000
1787294470385,49700,15000,14900,285,15000
1787294470485,49700,15000,14900,285,15000
1787294470585,49700,15000,14900,285,15000
1787294470686,49700,15000,14900,285,15000
1787294470786,49700,15000,14900,285,15000
1787294470886,49700,15000,14900,285,15000
1787294470985,49700,15000,14900,285,15000
1787294471086,49700,15000,14900,285,15000
1787294471186,49700,15000,14900,285,15000
1787294471286,49700,15000,14900,285,15000
1787294471386,49700,15000,14900,285,15000
1787294471486,49700,15000,14900,285,15000
1787294471586,49700,15000,14900,285,15000
1787294471686,49700,15000,14900,285,15000
1787294471786,49700,15000,14900,285,15000
1787294471886,49700,15000,14900,285,15000
1787294471985,49700,15000,14900,285,15000
1787294472085,49700,15000,14900,285,15000
1787294472185,49700,15000,14900,285,15000
1787294472285,49700,15000,14900,285,15000
1787294472385,49700,15000,14900,285,15000
1787294472486,49700,15000,14900,285,15000
1787294472585,49700,15000,14900,285,15000
1787294472686,49700,15000,14900,285,15000
1787294472786,49700,15000,14900,285,15000
1787294472885,49700,15000,14900,285,15000
1787294472985,49700,15000,14900,285,15000
1787294473086,49700,15000,14900,285,15000
1787294473186,49700,15000,14900,285,15000
1787294473286,49700,15000,14900,285,15000
1787294473386,49700,15000,14900,285,15000
1787294473486,49700,15000,14900,285,15000
1787294473586,49700,15000,14900,285,15000
1787294473685,49700,15000,14900,285,15000
1787294473786,49700,15000,14900,285,15000
1787294473885,49700,15000,14900,285,15000
1787294473986,49700,15000,14900,285,15000
1787294474086,49700,15000,14900,285,15000
1787294474186,49700,15000,14900,285,15000
1787294474286,49700,15000,14900,285,15000
1787294474385,49700,15000,14900,285,15000
1787294474486,49700,15000,14900,285,15000
1787294474585,49700,15000,14900,285,15000
1787294474686,49700,15000,14900,285,15000
1787294474786,49700,15000,14900,285,15000
1787294474885,49700,15000,14900,285,15000
1787294474985,49700,15000,14900,285,15000
1787294475086,49700,15000,14900,285,15000
1787294475186,49700,15000,14900,285,15000
1787294475286,49700,15000,14900,285,15000
1787294475385,49700,15000,14900,285,15000
1787294475486,49700,15000,14900,285,15000
1787294475585,49700,15000,14900,285,15000
1787294475686,49700,15000,14900,285,15000
1787294475786,49700,15000,14900,285,15000
1787294475886,49700,15000,14900,285,15000
1787294475985,49700,15000,14900,285,15000
1787294476086,49700,15000,14900,285,15000
1787294476185,49700,15000,14900,285,15000
1787294476286,49700,15000,14900,285,15000
1787294476386,49700,15000,14900,285,15000
1787294476486,49700,15000,14900,285,15000
1787294476585,49700,15000,14900,285,15000
1787294476686,49700,15000,15000,285,15000
1787294476785,49700,15000,15000,285,15000
1787294476886,49700,15000,15000,285,15000
1787294476986,49700,15000,15000,285,15000
1787294477086,49700,15000,15000,285,15000
1787294477186,49700,15000,15000,285,15000
1787294477286,49700,15000,14800,285,15000
1787294477385,49700,15000,14800,285,15000
1787294477485,49700,15000,14800,285,15000
1787294477586,49700,15000,14800,285,15000
1787294477685,49700,15000,14900,285,15000
1787294477786,49700,15000,14900,285,15000
1787294477885,49700,15000,14900,285,15000
1787294477986,49700,15000,14900,285,15000
1787294478086,49700,15000,14900,285,15000
1787294478185,49700,15000,14900,285,15000
1787294478286,49700,15000,14900,285,15000
1787294478386,49700,15000,14900,285,15000
1787294478485,49700,15000,14900,285,15000
1787294478586,49700,15000,14900,285,15000
1787294478685,49700,15000,14900,285,15000
1787294478786,49700,15000,14900,285,15000
1787294478885,49700,15000,14900,285,15000
1787294478985,49700,15000,14900,285,15000
1787294479085,49700,15000,14900,285,15000
1787294479186,49700,15000,14900,285,15000
1787294479286,49700,15000,14900,285,15000
1787294479386,49700,15000,14900,285,15000
1787294479486,49700,15000,14900,285,15000
1787294479586,49700,15000,14900,285,15000
1787294479685,49700,15000,14900,285,15000
1787294479785,49700,15000,14900,285,15000
1787294479885,49700,15000,14900,285,15000
1787294479985,49700,15000,14900,285,15000
1787294480086,49700,15000,14900,285,15000
1787294480185,49700,15000,14900,285,15000
1787294480285,49700,15000,14900,285,15000
1787294480386,49700,15000,14900,285,15000
1787294480486,49700,15000,14900,285,15000
1787294480586,49700,15000,14900,285,15000
1787294480686,49700,15000,14900,285,15000
1787294480786,49700,15000,14900,285,15000
1787294480886,49700,15000,14900,285,15000
1787294480986,49700,15000,14900,285,15000
1787294481086,49700,15000,14900,285,15000
1787294481185,49700,15000,14900,285,15000
1787294481286,49700,15000,14900,285,15000
1787294481386,49700,15000,14900,285,15000
1787294481486,49700,15000,14900,285,15000
1787294481585,49700,15000,14900,285,15000
1787294481685,49700,15000,14900,285,15000
1787294481786,49700,15000,14900,285,15000
1787294481886,49700,15000,14900,285,15000
1787294481986,49700,15000,14900,285,15000
1787294482085,49700,15000,14900,285,15000
1787294482185,49700,15000,14900,285,15000
1787294482286,49700,15000,14900,285,15000
1787294482385,49700,15000,14900,285,15000
1787294482486,49700,15000,14900,285,15000
1787294482586,49700,15000,14900,285,15000
1787294482686,49700,15000,14900,285,15000
1787294482786,49700,15000,14900,285,15000
1787294482885,49700,15000,14900,285,15000
1787294482986,49700,15000,14900,285,15000
1787294483085,49700,15000,14900,285,15000
1787294483186,49700,15000,14900,285,15000
1787294483286,49700,15000,14900,285,15000
1787294483386,49700,15000,14900,285,15000
1787294483486,49700,15000,14900,285,15000
1787294483585,49700,15000,14900,285,15000
1787294483685,49700,15000,14900,285,15000
1787294483785,49700,15000,14900,285,15000
1787294483885,49700,15000,14900,285,15000
1787294483985,49700,15000,14900,285,15000
1787294484086,49700,15000,14900,285,15000
1787294484185,49700,15000,14900,285,15000
1787294484286,49700,15000,14900,285,15000
1787294484386,49700,15000,14900,285,15000
1787294484486,49700,15000,14900,285,15000
1787294484585,49700,15000,14900,285,15000
1787294484686,49700,15000,14900,285,15000
1787294484786,49700,15000,14900,285,15000
1787294484885,49700,15000,14900,285,15000
1787294484986,49700,15000,14900,285,15000
1787294485086,49700,15000,14900,285,15000
1787294485186,49700,15000,14900,285,15000
1787294485286,49700,15000,14900,285,15000
1787294485386,49700,15000,14900,285,15000
1787294485486,49700,15000,14900,285,15000
1787294485585,49700,15000,14900,285,15000
1787294485686,49700,15000,14900,285,15000
1787294485786,49700,15000,14900,285,15000
1787294485886,49700,15000,14900,285,15000
1787294485985,49700,15000,14900,285,15000
1787294486085,49700,15000,14900,285,15000
1787294486185,49700,15000,14900,285,15000
1787294486286,49700,15000,14900,285,15000
1787294486385,49700,15000,14900,285,15000
1787294486485,49700,15000,14900,285,15000
1787294486586,49700,15000,14900,285,15000
1787294486685,49700,15000,14900,285,15000
1787294486786,49700,15000,14900,285,15000
1787294486886,49700,15000,14900,285,15000
1787294486985,49700,15000,14900,285,15000
1787294487085,49700,15000,14900,285,15000
1787294487186,49700,15000,14900,285,15000
1787294487286,49700,15000,14900,285,15000
1787294487385,49700,15000,14900,285,15000
1787294487486,49700,15000,14900,285,15000
1787294487585,49700,15000,14900,285,15000
1787294487686,49700,15000,14900,285,15000
1787294487785,49700,15000,14900,285,15000
1787294487885,49700,15000,14900,285,15000
1787294487986,49700,15000,14900,285,15000
1787294488085,49700,15000,14900,285,15000
1787294488186,49700,15000,14900,285,15000
1787294488286,49700,15000,14900,285,15000
1787294488386,49700,15000,14900,285,15000
1787294488486,49700,15000,14900,285,15000
1787294488586,49700,15000,14900,285,15000
1787294488685,49700,15000,14900,285,15000
1787294488786,49700,15000,14900,285,15000
1787294488886,49700,15000,14900,285,15000
1787294488986,49700,15000,14900,285,15000
1787294489086,49700,15000,14900,285,15000
1787294489186,49700,15000,14900,285,15000
1787294489286,49700,15000,14900,285,15000
1787294489386,49700,15000,14900,285,15000
1787294489486,49700,15000,14900,285,15000
1787294489586,49700,15000,14900,285,15000
1787294489686,49700,15000,14900,285,15000
1787294489786,49700,15000,14900,285,15000
1787294489886,49700,15000,14900,285,15000
1787294489986,49700,15000,14900,285,15000
1787294490086,49700,15000,14900,285,15000
1787294490185,49700,15000,14900,285,15000
1787294490286,49700,15000,14900,285,15000
1787294490385,49700,15000,14900,285,15000
1787294490486,49700,15000,14900,285,15000
1787294490585,49700,15000,14900,285,15000
1787294490685,49700,15000,14900,285,15000
1787294490786,49700,15000,14900,285,15000
1787294490886,49700,15000,14900,285,15000
1787294490986,49700,15000,14900,285,15000
1787294491086,49700,15000,14900,285,15000
1787294491186,49700,15000,14900,285,15000
1787294491285,49700,15000,14900,285,15000
1787294491385,49700,15000,14900,285,15000
1787294491485,49700,15000,14900,285,15000
1787294491585,49700,15000,14900,285,15000
1787294491685,49700,15000,14900,285,15000
1787294491786,49700,15000,14900,285,15000
1787294491886,49700,15000,14900,285,15000
1787294491986,49700,15000,14900,285,15000
1787294492086,49700,15000,14900,285,15000
1787294492185,49700,15000,14900,285,15000
1787294492286,49700,15000,14900,285,15000
1787294492385,49700,15000,14900,285,15000
1787294492486,49700,15000,14900,285,15000
1787294492586,49700,15000,14900,285,15000
1787294492686,49700,15000,14900,285,15000
1787294492786,49700,15000,14900,285,15000
1787294492886,49700,15000,14900,285,15000
1787294492985,49700,15000,14900,285,15000
1787294493086,49700,15000,14900,285,15000
1787294493185,49700,15000,14900,285,15000
1787294493286,49700,15000,14900,285,15000
1787294493386,49700,15000,14900,285,15000
1787294493486,49700,15000,14800,285,15000
1787294493585,49700,15000,14800,285,15000
1787294493686,49700,15000,14800,285,15000
1787294493785,49700,15000,14800,285,15000
1787294493886,49700,15000,14800,285,15000
1787294493986,49700,15000,14800,285,15000
1787294494086,49700,15000,14900,285,15000
1787294494186,49700,15000,14900,285,15000
1787294494286,49700,15000,14900,285,15000
1787294494385,49700,15000,14900,285,15000
1787294494486,49700,15000,14900,285,15000
1787294494585,49700,15000,14900,285,15000
1787294494686,49700,15000,14900,285,15000
1787294494786,49700,15000,14900,285,15000
1787294494886,49700,15000,14900,285,15000
1787294494985,49700,15000,14900,285,15000
1787294495085,49700,15000,14900,285,15000
1787294495185,49700,15000,14900,285,15000
1787294495286,49700,15000,14900,285,15000
1787294495386,49700,15000,14900,285,15000
1787294495485,49700,15000,14900,285,15000
1787294495585,49700,15000,14900,285,15000
1787294495686,49700,15000,14900,285,15000
1787294495786,49700,15000,14900,285,15000
1787294495886,49700,15000,14900,285,15000
1787294495986,49700,15000,14900,285,15000
1787294496086,49700,15000,14900,285,15000
1787294496185,49700,15000,14900,285,15000
1787294496286,49700,15000,14900,285,15000
1787294496386,49700,15000,14900,285,15000
1787294496485,49700,15000,14900,285,15000
1787294496585,49700,15000,14900,285,15000
1787294496686,49700,15000,14900,285,15000
1787294496785,49700,15000,14900,285,15000
1787294496886,49700,15000,14900,285,15000
1787294496986,49700,15000,14900,285,15000
1787294497085,49700,15000,14900,285,15000
1787294497186,49700,15000,14900,285,15000
1787294497286,49700,15000,14900,285,15000
1787294497385,49700,15000,14900,285,15000
1787294497486,49700,15000,14900,285,15000
1787294497586,49700,15000,14900,285,15000
1787294497685,49700,15000,14900,285,15000
1787294497785,49700,15000,14900,285,15000
1787294497886,49700,15000,14900,285,15000
1787294497985,49700,15000,14900,285,15000
1787294498086,49700,15000,14900,285,15000
1787294498186,49700,15000,14900,285,15000
1787294498286,49700,15000,14900,285,15000
1787294498386,49700,15000,14900,285,15000
1787294498486,49700,15000,14900,285,15000
1787294498586,49700,15000,14900,285,15000
1787294498686,49700,15000,14900,285,15000
1787294498785,49700,15000,14900,285,15000
1787294498886,49700,15000,14900,285,15000
1787294498986,49700,15000,14900,285,15000
1787294499086,49700,15000,14900,285,15000
1787294499186,49700,15000,14900,285,15000
1787294499286,49700,15000,14900,285,15000
1787294499386,49700,15000,14900,285,15000
1787294499485,49700,15000,14800,285,15000
1787294499586,49700,15000,14800,285,15000
1787294499686,49700,15000,14800,285,15000
1787294499786,49700,15000,14800,285,15000
1787294499886,49700,15000,14800,285,15000
1787294499986,49700,15000,14800,285,15000
1787294500085,49700,15000,14900,285,15000
1787294500186,49700,15000,14900,285,15000
1787294500286,49700,15000,14900,285,15000
1787294500386,49700,15000,14900,285,15000
1787294500486,49700,15000,14900,285,15000
1787294500586,49700,15000,14900,285,15000
1787294500686,49700,15000,14900,285,15000
1787294500785,49700,15000,14900,285,15000
1787294500885,49700,15000,14900,285,15000
1787294500986,49700,15000,14900,285,15000
1787294501086,49700,15000,14900,285,15000
1787294501185,49700,15000,14900,285,15000
1787294501286,49700,15000,14900,285,15000
1787294501386,49700,15000,14900,285,15000
1787294501486,49700,15000,14900,285,15000
1787294501586,49700,15000,14900,285,15000
1787294501686,49700,15000,14900,285,15000
1787294501786,49700,15000,14900,285,15000
1787294501886,49700,15000,14900,285,15000
1787294501986,49700,15000,14900,285,15000
1787294502085,49700,15000,14900,285,15000
1787294502185,49700,15000,14900,285,15000
1787294502286,49700,15000,14900,285,15000
1787294502386,49700,15000,14900,285,15000
1787294502485,49700,15000,14900,285,15000
1787294502585,49700,15000,14900,285,15000
1787294502686,49700,15000,14900,285,15000
1787294502785,49700,15000,14900,285,15000
1787294502885,49700,15000,14900,285,15000
1787294502986,49700,15000,14900,285,15000
1787294503086,49700,15000,14900,285,15000
1787294503185,49700,15000,14900,285,15000
1787294503286,49700,15000,14900,285,15000
1787294503386,49700,15000,14900,285,15000
1787294503486,49700,15000,14900,285,15000
1787294503586,49700,15000,14900,285,15000
1787294503686,49700,15000,14900,285,15000
1787294503786,49700,15000,14900,285,15000
1787294503886,49700,15000,14900,285,15000
1787294503985,49700,15000,14900,285,15000
1787294504085,49700,15000,14900,285,15000
1787294504185,49700,15000,14900,285,15000
1787294504286,49700,15000,14900,285,15000
1787294504386,49700,15000,14900,285,15000
1787294504486,49700,15000,14900,285,15000
1787294504586,49700,15000,14900,285,15000
1787294504686,49700,15000,14900,285,15000
1787294504785,49700,15000,14900,285,15000
1787294504886,49700,15000,14900,285,15000
1787294504985,49700,15000,14900,285,15000
1787294505085,49700,15000,14900,285,15000
1787294505186,49700,15000,14900,285,15000
1787294505286,49700,15000,14900,285,15000
1787294505386,49700,15000,14900,285,15000
1787294505486,49700,15000,14900,285,15000
1787294505585,49700,15000,14900,285,15000
1787294505686,49700,15000,14900,285,15000
1787294505786,49700,15000,14900,285,15000
1787294505885,49700,15000,14900,285,15000
1787294505985,49700,15000,14900,285,15000
1787294506086,49700,15000,14900,285,15000
1787294506186,49700,15000,14900,285,15000
1787294506285,49700,15000,14900,285,15000
1787294506385,49700,15000,14900,285,15000
1787294506486,49700,15000,14900,285,15000
1787294506586,49700,15000,14900,285,15000
1787294506685,49700,15000,14900,285,15000
1787294506785,49700,15000,14900,285,15000
1787294506886,49700,15000,14900,285,15000
1787294506986,49700,15000,14900,285,15000
1787294507086,49700,15000,14900,285,15000
1787294507186,49700,15000,14900,285,15000
1787294507286,49700,15000,14900,285,15000
1787294507385,49700,15000,14900,285,15000
1787294507485,49700,15000,14900,285,15000
1787294507586,49700,15000,14900,285,15000
1787294507685,49700,15000,14900,285,15000
1787294507786,49700,15000,14900,285,15000
1787294507886,49700,15000,14900,285,15000
1787294507986,49700,15000,14900,285,15000
1787294508085,49700,15000,14900,285,15000
1787294508186,49700,15000,14900,285,15000
1787294508285,49700,15000,14900,285,15000
1787294508386,49700,15000,14900,285,15000
1787294508486,49700,15000,14900,285,15000
1787294508586,49700,15000,14900,285,15000
1787294508686,49700,15000,14900,285,15000
1787294508785,49700,15000,14900,285,15000
1787294508886,49700,15000,14900,285,15000
1787294508986,49700,15000,14900,285,15000
1787294509086,49700,15000,14900,285,15000
1787294509186,49700,15000,14900,285,15000
1787294509285,49700,15000,14900,285,15000
1787294509386,49700,15000,14900,285,15000
1787294509486,49700,15000,14900,285,15000
1787294509585,49700,15000,14900,285,15000
1787294509686,49700,15000,14900,285,15000
1787294509786,49700,15000,14900,285,15000
1787294509886,49700,15000,14900,285,15000
1787294509985,49700,15000,14900,285,15000
1787294510085,49700,15000,14900,285,15000
1787294510186,49700,15000,14900,285,15000
1787294510286,49700,15000,14900,285,15000
1787294510386,49700,15000,14900,285,15000
1787294510486,49700,15000,14900,285,15000
1787294510586,49700,15000,14900,285,15000
1787294510686,49700,15000,14900,285,15000
1787294510786,49700,15000,14900,285,15000
1787294510885,49700,15000,14900,285,15000
1787294510986,49700,15000,14900,285,15000
1787294511086,49700,15000,14900,285,15000
1787294511186,49700,15000,14900,285,15000
1787294511286,49700,15000,14900,285,15000
1787294511386,49700,15000,14900,285,15000
1787294511486,49700,15000,14900,285,15000
1787294511585,49700,15000,14900,285,15000
1787294511686,49700,15000,14900,285,15000
1787294511786,49700,15000,14900,285,15000
1787294511885,49700,15000,14900,285,15000
1787294511985,49700,15000,14900,285,15000
1787294512085,49700,15000,14900,285,15000
1787294512186,49700,15000,14900,285,15000
1787294512286,49700,15000,14800,285,15000
1787294512385,49700,15000,14800,285,15000
1787294512486,49700,15000,14800,285,15000
1787294512586,49700,15000,14800,285,15000
1787294512686,49700,15000,14800,285,15000
1787294512785,49700,15000,14800,285,15000
1787294512885,49700,15000,14900,285,15000
1787294512986,49700,15000,14900,285,15000
1787294513086,49700,15000,14900,285,15000
1787294513186,49700,15000,14900,285,15000
1787294513286,49700,15000,14900,285,15000
1787294513385,49700,15000,14900,285,15000
1787294513486,49700,15000,14900,285,15000
1787294513586,49700,15000,14900,285,15000
1787294513686,49700,15000,14900,285,15000
1787294513786,49700,15000,14900,285,15000
1787294513886,49700,15000,14900,285,15000
1787294513986,49700,15000,14900,285,15000
1787294514086,49700,15000,14900,285,15000
1787294514186,49700,15000,14900,285,15000
1787294514285,49700,15000,14900,285,15000
1787294514386,49700,15000,14900,285,15000
1787294514486,49700,15000,14900,285,15000
1787294514586,49700,15000,14900,285,15000
1787294514685,49700,15000,14900,285,15000
1787294514785,49700,15000,14900,285,15000
1787294514885,49700,15000,14900,285,15000
1787294514986,49700,15000,14900,285,15000
1787294515086,49700,15000,14900,285,15000
1787294515186,49700,15000,14900,285,15000
1787294515285,49700,15000,14900,285,15000
1787294515386,49700,15000,14900,285,15000
1787294515485,49700,15000,14900,285,15000
1787294515586,49700,15000,14900,285,15000
1787294515686,49700,15000,14900,285,15000
1787294515786,49700,15000,14900,285,15000
1787294515886,49700,15000,14900,285,15000
1787294515986,49700,15000,14900,285,15000
1787294516086,49700,15000,14900,285,15000
1787294516186,49700,15000,14900,285,15000
1787294516285,49700,15000,14900,285,15000
1787294516385,49700,15000,14900,285,15000
1787294516486,49700,15000,14900,285,15000
1787294516586,49700,15000,14900,285,15000
1787294516686,49700,15000,14900,285,15000
1787294516785,49700,15000,14900,285,15000
1787294516886,49700,15000,14900,285,15000
1787294516985,49700,15000,14900,285,15000
1787294517086,49700,15000,14900,285,15000
1787294517186,49700,15000,14900,285,15000
1787294517285,49700,15000,14900,285,15000
1787294517386,49700,15000,14900,285,15000
1787294517486,49700,15000,14900,285,15000
1787294517586,49700,15000,14900,285,15000
1787294517686,49700,15000,14900,285,15000
1787294517785,49700,15000,14900,285,15000
1787294517886,49700,15000,14900,285,15000
1787294517985,49700,15000,14900,285,15000
1787294518085,49700,15000,14900,285,15000
1787294518186,49700,15000,14900,285,15000
1787294518286,49700,15000,14900,285,15000
1787294518386,49700,15000,14900,285,15000
1787294518486,49700,15000,14900,285,15000
1787294518586,49700,15000,14900,285,15000
1787294518686,49700,15000,14900,285,15000
1787294518785,49700,15000,14900,285,15000
1787294518886,49700,15000,14900,285,15000
1787294518986,49700,15000,14900,285,15000
1787294519086,49700,15000,14900,285,15000
1787294519185,49700,15000,14900,285,15000
1787294519285,49700,15000,14900,285,15000
1787294519386,49700,15000,14900,285,15000
1787294519485,49700,15000,14900,285,15000
1787294519586,49700,15000,14900,285,15000
1787294519685,49700,15000,14900,285,15000
1787294519786,49700,15000,14900,285,15000
1787294519885,49700,15000,14900,285,15000
1787294519986,49700,15000,14900,285,15000
1787294520086,49700,15000,14900,285,15000
1787294520186,49700,15000,14900,285,15000
1787294520286,49700,15000,14900,285,15000
1787294520386,49700,15000,14900,285,15000
1787294520486,49700,15000,14900,285,15000
1787294520585,49700,15000,14900,285,15000
1787294520686,49700,15000,14900,285,15000
1787294520786,49700,15000,14900,285,15000
1787294520886,49700,15000,14900,285,15000
1787294520986,49700,15000,14900,285,15000
1787294521085,49700,15000,14900,285,15000
1787294521186,49700,15000,14900,285,15000
1787294521286,49700,15000,14900,285,15000
1787294521386,49700,15000,14900,285,15000
1787294521486,49700,15000,14900,285,15000
1787294521586,49700,15000,14900,285,15000
1787294521686,49700,15000,14900,285,15000
1787294521786,49700,15000,14900,285,15000
1787294521886,49700,15000,14900,285,15000
1787294521985,49700,15000,14900,285,15000
1787294522086,49700,15000,14900,285,15000
1787294522185,49700,15000,14900,285,15000
1787294522285,49700,15000,14900,285,15000
1787294522386,49700,15000,14900,285,15000
1787294522485,49700,15000,14900,285,15000
1787294522585,49700,15000,14900,285,15000
1787294522686,49700,15000,14900,285,15000
1787294522786,49700,15000,14900,285,15000
1787294522886,49700,15000,14900,285,15000
1787294522986,49700,15000,14900,285,15000
1787294523086,49700,15000,14900,285,15000
1787294523185,49700,15000,14900,285,15000
1787294523286,49700,15000,14900,285,15000
1787294523385,49700,15000,14900,285,15000
1787294523486,49700,15000,14900,285,15000
1787294523586,49700,15000,14900,285,15000
1787294523685,49700,15000,14900,285,15000
1787294523786,49700,15000,14900,285,15000
1787294523885,49700,15000,14900,285,15000
1787294523986,49700,15000,14900,285,15000
1787294524085,49700,15000,14900,285,15000
1787294524186,49700,15000,14900,285,15000
1787294524285,49700,15000,14900,285,15000
1787294524386,49700,15000,14900,285,15000
1787294524485,49700,15000,14900,285,15000
1787294524586,49700,15000,14900,285,15000
1787294524685,49700,15000,14900,285,15000
1787294524786,49700,15000,14900,285,15000
1787294524886,49700,15000,14900,285,15000
1787294524985,49700,15000,14900,285,15000
1787294525085,49700,15000,14900,285,15000
1787294525186,49700,15000,14900,285,15000
1787294525286,49700,15000,14900,285,15000
1787294525386,49700,15000,14900,285,15000
1787294525486,49700,15000,14900,285,15000
1787294525585,49700,15000,14900,285,15000
1787294525686,49700,15000,14900,285,15000
1787294525786,49700,15000,14900,285,15000
1787294525885,49700,15000,14900,285,15000
1787294525985,49700,15000,14900,285,15000
1787294526086,49700,15000,14900,285,15000
1787294526186,49700,15000,14900,285,15000
1787294526285,49700,15000,14900,285,15000
1787294526386,49700,15000,14900,285,15000
1787294526486,49700,15000,14900,285,15000
1787294526585,49700,15000,14900,285,15000
1787294526686,49700,15000,14900,285,15000
1787294526785,49700,15000,14900,285,15000
1787294526886,49700,15000,14900,285,15000
1787294526986,49700,15000,14900,285,15000
1787294527086,49700,15000,14900,285,15000
1787294527185,49700,15000,14900,285,15000
1787294527285,49700,15000,14900,285,15000
1787294527385,49700,15000,14900,285,15000
1787294527486,49700,15000,14900,285,15000
1787294527586,49700,15000,14900,285,15000
1787294527686,49700,15000,14900,285,15000
1787294527786,49700,15000,14900,285,15000
1787294527886,49700,15000,14900,285,15000
1787294527986,49700,15000,14900,285,15000
1787294528086,49700,15000,14900,285,15000
1787294528186,49700,15000,14900,285,15000
1787294528285,49700,15000,14900,285,15000
1787294528386,49700,15000,14900,285,15000
1787294528486,49700,15000,14900,285,15000
1787294528586,49700,15000,14900,285,15000
1787294528686,49700,15000,14900,285,15000
1787294528785,49700,15000,14900,285,15000
1787294528885,49700,15000,14900,285,15000
1787294528986,49700,15000,14900,285,15000
1787294529086,49700,15000,14900,285,15000
1787294529186,49700,15000,14900,285,15000
1787294529286,49700,15000,14900,285,15000
1787294529386,49700,15000,14900,285,15000
1787294529485,49700,15000,14900,285,15000
1787294529585,49700,15000,14900,285,15000
1787294529686,49700,15000,14900,285,15000
1787294529785,49700,15000,14900,285,15000
1787294529886,49700,15000,14900,285,15000
1787294529986,49700,15000,14900,285,15000
1787294530085,49700,15000,14900,285,15000
1787294530186,49700,15000,14900,285,15000
1787294530286,49700,15000,14900,285,15000
1787294530385,49700,15000,14900,285,15000
1787294530485,49700,15000,14900,285,15000
1787294530586,49700,15000,14900,285,15000
1787294530686,49700,15000,14900,285,15000
1787294530785,49700,15000,14900,285,15000
1787294530886,49700,15000,14900,285,15000
1787294530985,49700,15000,14900,285,15000
1787294531085,49700,15000,15000,285,15000
1787294531185,49700,15000,15000,285,15000
1787294531285,49700,15000,15000,285,15000
1787294531385,49700,15000,15000,285,15000
1787294531486,49700,15000,15000,285,15000
1787294531586,49700,15000,15000,285,15000
1787294531685,49700,15000,15000,285,15000
1787294531786,49700,15000,15000,285,15000
1787294531886,49700,15000,15000,285,15000
1787294531986,49700,15000,15000,285,15000
1787294532086,49700,15000,14900,285,15000
1787294532185,49700,15000,14900,285,15000
1787294532285,49700,15000,14900,285,15000
1787294532386,49700,15000,14900,285,15000
1787294532486,49700,15000,14900,285,15000
1787294532586,49700,15000,14900,285,15000
1787294532686,49700,15000,14900,285,15000
1787294532785,49700,15000,14900,285,15000
1787294532885,49700,15000,14900,285,15000
1787294532985,49700,15000,14900,285,15000
1787294533085,49700,15000,14900,285,15000
1787294533186,49700,15000,14900,285,15000
1787294533285,49700,15000,14900,285,15000
1787294533386,49700,15000,14900,285,15000
1787294533485,49700,15000,14900,285,15000
1787294533585,49700,15000,14900,285,15000
1787294533686,49700,15000,14900,285,15000
1787294533785,49700,15000,14900,285,15000
1787294533886,49700,15000,14900,285,15000
1787294533986,49700,15000,14900,285,15000
1787294534086,49700,15000,14900,285,15000
1787294534185,49700,15000,14900,285,15000
1787294534285,49700,15000,14900,285,15000
1787294534386,49700,15000,14900,285,15000
1787294534486,49700,15000,14900,285,15000
1787294534586,49700,15000,14900,285,15000
1787294534685,49700,15000,14900,285,15000
1787294534786,49700,15000,14900,285,15000
1787294534886,49700,15000,14900,285,15000
1787294534985,49700,15000,14900,285,15000
1787294535086,49700,15000,14900,285,15000
1787294535186,49700,15000,14900,285,15000
1787294535286,49700,15000,15000,285,15000
1787294535386,49700,15000,15000,285,15000
1787294535486,49700,15000,15000,285,15000
1787294535585,49700,15000,15000,285,15000
1787294535686,49700,15000,15000,285,15000
1787294535786,49700,15000,15000,285,15000
1787294535886,49700,15000,14900,285,15000
1787294535985,49700,15000,14900,285,15000
1787294536086,49700,15000,14900,285,15000
1787294536185,49700,15000,14900,285,15000
1787294536286,49700,15000,14900,285,15000
1787294536386,49700,15000,14800,285,15000
1787294536486,49700,15000,14800,285,15000
1787294536586,49700,15000,14800,285,15000
1787294536686,49700,15000,14800,285,15000
1787294536786,49700,15000,14800,285,15000
1787294536885,49700,15000,14800,285,15000
1787294536985,49700,15000,14900,285,15000
1787294537086,49700,15000,14900,285,15000
1787294537186,49700,15000,14900,285,15000
1787294537286,49700,15000,14900,285,15000
1787294537385,49700,15000,14900,285,15000
1787294537486,49700,15000,14900,285,15000
1787294537585,49700,15000,14900,285,15000
1787294537685,49700,15000,14900,285,15000
1787294537786,49700,15000,14900,285,15000
1787294537885,49700,15000,14900,285,15000
1787294537986,49700,15000,14900,285,15000
1787294538086,49700,15000,14900,285,15000
1787294538186,49700,15000,14900,285,15000
1787294538285,49700,15000,14900,285,15000
1787294538386,49700,15000,14900,285,15000
1787294538485,49700,15000,14900,285,15000
1787294538586,49700,15000,14900,285,15000
1787294538686,49700,15000,14900,285,15000
1787294538786,49700,15000,14900,285,15000
1787294538886,49700,15000,14900,285,15000
1787294538985,49700,15000,14900,285,15000
1787294539086,49700,15000,14900,285,15000
1787294539185,49700,15000,14900,285,15000
1787294539285,49700,15000,14900,285,15000
1787294539386,49700,15000,14900,285,15000
1787294539486,49700,15000,14900,285,15000
1787294539586,49700,15000,14900,285,15000
1787294539686,49700,15000,14900,285,15000
1787294539785,49700,15000,14900,285,15000
1787294539886,49700,15000,14900,285,15000
1787294539986,49700,15000,14900,285,15000
1787294540086,49700,15000,14900,285,15000
1787294540186,49700,15000,14900,285,15000
1787294540285,49700,15000,14900,285,15000
1787294540386,49700,15000,14900,285,15000
1787294540486,49700,15000,14900,285,15000
1787294540586,49700,15000,14900,285,15000
1787294540686,49700,15000,14900,285,15000
1787294540786,49700,15000,14900,285,15000
1787294540886,49700,15000,14900,285,15000
1787294540985,49700,15000,14900,285,15000
1787294541086,49700,15000,14900,285,15000
1787294541186,49700,15000,14900,285,15000
1787294541285,49700,15000,14900,285,15000
1787294541385,49700,15000,14900,285,15000
1787294541486,49700,15000,14900,285,15000
1787294541586,49700,15000,14900,285,15000
1787294541686,49700,15000,14900,285,15000
1787294541786,49700,15000,14900,285,15000
1787294541886,49700,15000,14900,285,15000
1787294541986,49700,15000,14900,285,15000
1787294542086,49700,15000,14900,285,15000
1787294542186,49700,15000,14900,285,15000
1787294542285,49700,15000,14900,285,15000
1787294542386,49700,15000,14900,285,15000
1787294542486,49700,15000,14900,285,15000
1787294542586,49700,15000,14900,285,15000
1787294542686,49700,15000,14900,285,15000
1787294542786,49700,15000,14900,285,15000
1787294542886,49700,15000,14900,285,15000
1787294542986,49700,15000,14900,285,15000
1787294543086,49700,15000,14900,285,15000
1787294543186,49700,15000,14900,285,15000
1787294543285,49700,15000,14900,285,15000
1787294543385,49700,15000,14900,285,15000
1787294543486,49700,15000,14900,285,15000
1787294543586,49700,15000,14900,285,15000
1787294543686,49700,15000,14900,285,15000
1787294543786,49700,15000,14900,285,15000
1787294543886,49700,15000,14900,285,15000
1787294543986,49700,15000,14900,285,15000
1787294544085,49700,15000,14900,285,15000
1787294544186,49700,15000,14900,285,15000
1787294544285,49700,15000,15000,285,15000
1787294544386,49700,15000,15000,285,15000
1787294544486,49700,15000,15000,285,15000
1787294544585,49700,15000,15000,285,15000
1787294544686,49700,15000,15000,285,15000
1787294544786,49700,15000,15000,285,15000
1787294544885,49700,15000,14900,285,15000
1787294544985,49700,15000,14900,285,15000
1787294545085,49700,15000,14900,285,15000
1787294545186,49700,15000,14900,285,15000
1787294545285,49700,15000,14900,285,15000
1787294545386,49700,15000,14900,285,15000
1787294545486,49700,15000,14900,285,15000
1787294545585,49700,15000,14900,285,15000
1787294545685,49700,15000,14900,285,15000
1787294545786,49700,15000,14900,285,15000
1787294545886,49700,15000,14900,285,15000
1787294545986,49700,15000,14900,285,15000
1787294546086,49700,15000,14900,285,15000
1787294546185,49700,15000,14900,285,15000
1787294546286,49700,15000,14900,285,15000
1787294546386,49700,15000,14900,285,15000
1787294546485,49700,15000,14900,285,15000
1787294546585,49700,15000,14900,285,15000
1787294546685,49700,15000,14900,285,15000
1787294546786,49700,15000,14900,285,15000
1787294546886,49700,15000,14900,285,15000
1787294546985,49700,15000,14900,285,15000
1787294547086,49700,15000,14900,285,15000
1787294547186,49700,15000,14900,285,15000
1787294547285,49700,15000,14900,285,15000
1787294547386,49700,15000,14900,285,15000
1787294547485,49700,15000,14900,285,15000
1787294547586,49700,15000,14900,285,15000
1787294547686,49700,15000,14900,285,15000
1787294547786,49700,15000,14900,285,15000
1787294547886,49700,15000,14900,285,15000
1787294547986,49700,15000,15000,285,15000
1787294548086,49700,15000,15000,285,15000
1787294548186,49700,15000,15000,285,15000
1787294548285,49700,15000,15000,285,15000
1787294548385,49700,15000,15000,285,15000
1787294548485,49700,15000,15000,285,15000
1787294548586,49700,15000,15000,285,15000
1787294548686,49700,15000,15000,285,15000
1787294548786,49700,15000,15000,285,15000
1787294548885,49700,15000,15000,285,15000
1787294548985,49700,15000,15000,285,15000
1787294549086,49700,15000,15000,285,15000
1787294549185,49700,15000,15000,285,15000
1787294549285,49700,15000,15000,285,15000
1787294549386,49700,15000,15000,285,15000
1787294549485,49700,15000,15000,285,15000
1787294549586,49700,15000,15000,285,15000
1787294549686,49700,15000,14900,285,15000
1787294549785,49700,15000,14900,285,15000
1787294549886,49700,15000,14900,285,15000
1787294549986,49700,15000,14900,285,15000
1787294550086,49700,15000,14900,285,15000
1787294550186,49700,15000,14900,285,15000
1787294550285,49700,15000,14900,285,15000
1787294550385,49700,15000,15000,285,15000
1787294550486,49700,15000,15000,285,15000
1787294550586,49700,15000,15000,285,15000
1787294550686,49700,15000,15000,285,15000
1787294550785,49700,15000,15000,285,15000
1787294550885,49700,15000,15000,285,15000
1787294550986,49700,15000,14900,285,15000
1787294551085,49700,15000,14900,285,15000
1787294551186,49700,15000,14900,285,15000
1787294551285,49700,15000,14900,285,15000
1787294551386,49700,15000,14900,285,15000
1787294551486,49700,15000,14900,285,15000
1787294551586,49700,15000,14900,285,15000
1787294551686,49700,15000,14900,285,15000
1787294551786,49700,15000,14900,285,15000
1787294551886,49700,15000,14900,285,15000
1787294551986,49700,15000,14900,285,15000
1787294552086,49700,15000,14900,285,15000
1787294552186,49700,15000,14900,285,15000
1787294552286,49700,15000,14900,285,15000
1787294552386,49700,15000,14900,285,15000
1787294552486,49700,15000,14900,285,15000
1787294552586,49700,15000,14900,285,15000
1787294552686,49700,15000,14900,285,15000
1787294552785,49700,15000,15000,285,15000
1787294552885,49700,15000,15000,285,15000
1787294552986,49700,15000,15000,285,15000
1787294553086,49700,15000,15000,285,15000
1787294553186,49700,15000,15000,285,15000
1787294553285,49700,15000,15000,285,15000
1787294553385,49700,15000,15000,285,15000
1787294553485,49700,15000,14900,285,15000
1787294553585,49700,15000,14900,285,15000
1787294553685,49700,15000,14900,285,15000
1787294553786,49700,15000,14900,285,15000
1787294553885,49700,15000,15000,285,15000
1787294553985,49700,15000,15000,285,15000
1787294554086,49700,15000,15000,285,15000
1787294554186,49700,15000,15000,285,15000
1787294554285,49700,15000,15000,285,15000
1787294554386,49700,15000,15000,285,15000
1787294554486,49700,15000,15000,285,15000
1787294554586,49700,15000,15000,285,15000
1787294554685,49700,15000,15000,285,15000
1787294554786,49700,15000,15000,285,15000
1787294554886,49700,15000,15000,285,15000
1787294554986,49700,15000,15000,285,15000
1787294555085,49700,15000,15000,285,15000
1787294555185,49700,15000,14900,285,15000
1787294555285,49700,15000,14900,285,15000
1787294555385,49700,15000,14900,285,15000
1787294555486,49700,15000,14900,285,15000
1787294555586,49700,15000,14900,285,15000
1787294555685,49700,15000,14900,285,15000
1787294555786,49700,15000,14900,285,15000
1787294555886,49700,15000,14900,285,15000
1787294555985,49700,15000,14900,285,15000
1787294556086,49700,15000,14900,285,15000
1787294556185,49700,15000,14900,285,15000
1787294556285,49700,15000,14900,285,15000
1787294556386,49700,15000,14900,285,15000
1787294556486,49700,15000,14900,285,15000
1787294556586,49700,15000,14900,285,15000
1787294556686,49700,15000,14900,285,15000
1787294556786,49700,15000,14900,285,15000
1787294556886,49700,15000,14900,285,15000
1787294556986,49700,15000,14900,285,15000
1787294557086,49700,15000,14900,285,15000
1787294557185,49700,15000,14900,285,15000
1787294557285,49700,15000,14900,285,15000
1787294557386,49700,15000,14900,285,15000
1787294557486,49700,15000,14900,285,15000
1787294557585,49700,15000,14900,285,15000
1787294557686,49700,15000,14900,285,15000
1787294557786,49700,15000,14900,285,15000
1787294557886,49700,15000,14900,285,15000
1787294557986,49700,15000,14900,285,15000
1787294558086,49700,15000,15000,285,15000
1787294558186,49700,15000,15000,285,15000
1787294558285,49700,15000,15000,285,15000
1787294558386,49700,15000,15000,285,15000
1787294558486,49700,15000,15000,285,15000
1787294558585,49700,15000,15000,285,15000
1787294558686,49700,15000,15000,285,15000
1787294558786,49700,15000,14900,285,15000
1787294558885,49700,15000,14900,285,15000
1787294558986,49700,15000,14900,285,15000
1787294559086,49700,15000,14900,285,15000
1787294559186,49700,15000,14900,285,15000
1787294559286,49700,15000,14900,285,15000
1787294559386,49700,15000,14900,285,15000
1787294559486,49700,15000,14900,285,15000
1787294559586,49700,15000,14900,285,15000
1787294559686,49700,15000,14900,285,15000
1787294559786,49700,15000,14900,285,15000
1787294559886,49700,15000,14900,285,15000
1787294559986,49700,15000,15000,285,15000
1787294560086,49700,15000,15000,285,15000
1787294560185,49700,15000,15000,285,15000
1787294560285,49700,15000,15000,285,15000
1787294560386,49700,15000,15000,285,15000
1787294560485,49700,15000,15000,285,15000
1787294560586,49700,15000,15000,285,15000
1787294560686,49700,15000,14900,285,15000
1787294560786,49700,15000,14900,285,15000
1787294560886,49700,15000,14900,285,15000
1787294560985,49700,15000,14900,285,15000
1787294561085,49700,15000,14900,285,15000
1787294561186,49700,15000,14900,285,15000
1787294561285,49700,15000,14900,285,15000
1787294561386,49700,15000,14900,285,15000
1787294561486,49700,15000,14900,285,15000
1787294561586,49700,15000,14900,285,15000
1787294561685,49700,15000,14900,285,15000
1787294561786,49700,15000,14900,285,15000
1787294561886,49700,15000,14900,285,15000
1787294561986,49700,15000,14900,285,15000
1787294562086,49700,15000,14900,285,15000
1787294562186,49700,15000,14900,285,15000
1787294562286,49700,15000,15000,285,15000
1787294562385,49700,15000,15000,285,15000
1787294562485,49700,15000,15000,285,15000
1787294562586,49700,15000,15000,285,15000
1787294562686,49700,15000,15000,285,15000
1787294562786,49700,15000,15000,285,15000
1787294562886,49700,15000,15000,285,15000
1787294562985,49700,15000,14900,285,15000
1787294563086,49700,15000,14900,285,15000
1787294563186,49700,15000,14900,285,15000
1787294563285,49700,15000,14900,285,15000
1787294563385,49700,15000,14900,285,15000
1787294563486,49700,15000,14900,285,15000
1787294563585,49700,15000,15000,285,15000
1787294563685,49700,15000,15000,285,15000
1787294563786,49700,15000,15000,285,15000
1787294563885,49700,15000,15000,285,15000
1787294563985,49700,15000,15000,285,15000
1787294564086,49700,15000,15000,285,15000
1787294564185,49700,15000,14900,285,15000
1787294564285,49700,15000,14900,285,15000
1787294564385,49700,15000,14900,285,15000
1787294564485,49700,15000,14900,285,15000
1787294564586,49700,15000,14900,285,15000
1787294564686,49700,15000,14900,285,15000
1787294564786,49700,15000,14900,285,15000
1787294564886,49700,15000,14900,285,15000
1787294564986,49700,15000,14900,285,15000
1787294565086,49700,15000,14900,285,15000
1787294565186,49700,15000,14900,285,15000
1787294565286,49700,15000,14900,285,15000
1787294565385,49700,15000,14900,285,15000
1787294565486,49700,15000,14900,285,15000
1787294565586,49700,15000,14900,285,15000
1787294565686,49700,15000,14900,285,15000
1787294565786,49700,15000,14900,285,15000
1787294565886,49700,15000,14900,285,15000
1787294565986,49700,15000,14900,285,15000
1787294566086,49700,15000,14900,285,15000
1787294566186,49700,15000,14900,285,15000
1787294566286,49700,15000,14900,285,15000
1787294566386,49700,15000,14900,285,15000
1787294566486,49700,15000,14900,285,15000
1787294566585,49700,15000,14900,285,15000
1787294566685,49700,15000,14900,285,15000
1787294566785,49700,15000,14900,285,15000
1787294566886,49700,15000,14900,285,15000
1787294566985,49700,15000,14900,285,15000
1787294567086,49700,15000,14900,285,15000
1787294567185,49700,15000,14900,285,15000
1787294567286,49700,15000,15000,285,15000
1787294567385,49700,15000,15000,285,15000
1787294567485,49700,15000,15000,285,15000
1787294567586,49700,15000,15000,285,15000
1787294567686,49700,15000,15000,285,15000
1787294567785,49700,15000,15000,285,15000
1787294567886,49700,15000,15000,285,15000
1787294567986,49700,15000,15000,285,15000
1787294568085,49700,15000,15000,285,15000
1787294568185,49700,15000,15000,285,15000
1787294568286,49700,15000,15000,285,15000
1787294568386,49700,15000,15000,285,15000
1787294568486,49700,15000,14900,285,15000
1787294568586,49700,15000,14900,285,15000
1787294568686,49700,15000,14900,285,15000
1787294568785,49700,15000,14900,285,15000
1787294568886,49700,15000,14900,285,15000
1787294568986,49700,15000,14900,285,15000
1787294569085,49700,15000,14900,285,15000
1787294569185,49700,15000,14900,285,15000
1787294569286,49700,15000,14900,285,15000
1787294569386,49700,15000,14900,285,15000
1787294569485,49700,15000,14900,285,15000
1787294569586,49700,15000,14900,285,15000
1787294569686,49700,15000,14900,285,15000
1787294569786,49700,15000,14900,285,15000
1787294569885,49700,15000,14900,285,15000
1787294569985,49700,15000,14900,285,15000
1787294570086,49700,15000,14900,285,15000
1787294570186,49700,15000,14900,285,15000
1787294570286,49700,15000,14900,285,15000
1787294570386,49700,15000,14900,285,15000
1787294570486,49700,15000,14900,285,15000
1787294570586,49700,15000,14900,285,15000
1787294570686,49700,15000,14900,285,15000
1787294570785,49700,15000,14900,285,15000
1787294570886,49700,15000,14900,285,15000
1787294570986,49700,15000,14900,285,15000
1787294571086,49700,15000,14900,285,15000
1787294571186,49700,15000,14900,285,15000
1787294571286,49700,15000,14900,285,15000
1787294571386,49700,15000,14900,285,15000
1787294571486,49700,15000,14900,285,15000
1787294571586,49700,15000,14900,285,15000
1787294571686,49700,15000,14900,285,15000
1787294571786,49700,15000,14900,285,15000
1787294571886,49700,15000,14900,285,15000
1787294571986,49700,15000,14900,285,15000
1787294572086,49700,15000,14900,285,15000
1787294572186,49700,15000,14900,285,15000
1787294572286,49700,15000,14900,285,15000
1787294572386,49700,15000,14900,285,15000
1787294572485,49700,15000,14900,285,15000
1787294572586,49700,15000,14900,285,15000
1787294572686,49700,15000,14900,285,15000
1787294572786,49700,15000,14900,285,15000
1787294572886,49700,15000,14900,285,15000
1787294572986,49700,15000,14900,285,15000
1787294573086,49700,15000,14900,285,15000
1787294573185,49700,15000,14900,285,15000
1787294573285,49700,15000,14900,285,15000
1787294573386,49700,15000,14900,285,15000
1787294573485,49700,15000,14900,285,15000
1787294573586,49700,15000,14900,285,15000
1787294573686,49700,15000,14900,285,15000
1787294573786,49700,15000,14900,285,15000
1787294573886,49700,15000,14900,285,15000
1787294573985,49700,15000,14900,285,15000
1787294574086,49700,15000,14900,285,15000
1787294574186,49700,15000,14900,285,15000
1787294574286,49700,15000,14900,285,15000
1787294574386,49700,15000,14900,285,15000
1787294574486,49700,15000,14900,285,15000
1787294574585,49700,15000,14900,285,15000
1787294574686,49700,15000,14900,285,15000
1787294574786,49700,15000,14900,285,15000
1787294574886,49700,15000,14900,285,15000
1787294574986,49700,15000,14900,285,15000
1787294575086,49700,15000,14900,285,15000
1787294575185,49700,15000,14900,285,15000
1787294575286,49700,15000,14900,285,15000
1787294575385,49700,15000,14900,285,15000
1787294575486,49700,15000,14900,285,15000
1787294575585,49700,15000,14900,285,15000
1787294575686,49700,15000,14900,285,15000
1787294575785,49700,15000,14900,285,15000
1787294575885,49700,15000,14900,285,15000
1787294575986,49700,15000,14900,285,15000
1787294576086,49700,15000,14900,285,15000
1787294576185,49700,15000,14900,285,15000
1787294576286,49700,15000,14900,285,15000
1787294576385,49700,15000,14900,285,15000
1787294576486,49700,15000,14900,285,15000
1787294576586,49700,15000,14900,285,15000
1787294576685,49700,15000,14900,285,15000
1787294576786,49700,15000,14900,285,15000
1787294576885,49700,15000,14900,285,15000
1787294576986,49700,15000,14900,285,15000
1787294577086,49700,15000,14900,285,15000
1787294577186,49700,15000,14900,285,15000
1787294577286,49700,15000,14900,285,15000
1787294577386,49700,15000,14900,285,15000
1787294577486,49700,15000,14900,285,15000
1787294577586,49700,15000,14900,285,15000
1787294577686,49700,15000,14900,285,15000
1787294577786,49700,15000,14900,285,15000
1787294577886,49700,15000,14900,285,15000
1787294577985,49700,15000,14900,285,15000
1787294578086,49700,15000,14900,285,15000
1787294578185,49700,15000,14900,285,15000
1787294578286,49700,15000,14900,285,15000
1787294578385,49700,15000,14900,285,15000
1787294578485,49700,15000,14900,285,15000
1787294578586,49700,15000,14900,285,15000
1787294578685,49700,15000,14900,285,15000
1787294578786,49700,15000,14900,285,15000
1787294578886,49700,15000,14900,285,15000
1787294578986,49700,15000,14900,285,15000
1787294579085,49700,15000,14900,285,15000
1787294579186,49700,15000,14900,285,15000
1787294579286,49700,15000,14900,285,15000
1787294579386,49700,15000,14900,285,15000
1787294579486,49700,15000,14900,285,15000
1787294579585,49700,15000,14900,285,15000
1787294579686,49700,15000,14900,285,15000
1787294579786,49700,15000,14900,285,15000
1787294579886,49700,15000,14900,285,15000
1787294579985,49700,15000,14900,285,15000
1787294580086,49700,15000,14900,285,15000
1787294580185,49700,15000,14900,285,15000
1787294580286,49700,15000,14900,285,15000
1787294580386,49700,15000,14900,285,15000
1787294580486,49700,15000,14900,285,15000
1787294580585,49700,15000,14900,285,15000
1787294580685,49700,15000,14900,285,15000
1787294580785,49700,15000,14900,285,15000
1787294580886,49700,15000,14900,285,15000
1787294580985,49700,15000,14900,285,15000
1787294581086,49700,15000,14900,285,15000
1787294581185,49700,15000,14900,285,15000
1787294581286,49700,15000,14900,285,15000
1787294581386,49700,15000,14900,285,15000
1787294581486,49700,15000,14900,285,15000
1787294581586,49700,15000,14900,285,15000
1787294581686,49700,15000,14900,285,15000
1787294581786,49700,15000,14900,285,15000
1787294581885,49700,15000,14900,285,15000
1787294581985,49700,15000,14900,285,15000
1787294582086,49700,15000,14900,285,15000
1787294582185,49700,15000,14900,285,15000
1787294582286,49700,15000,14900,285,15000
1787294582385,49700,15000,14900,285,15000
1787294582486,49700,15000,14900,285,15000
1787294582586,49700,15000,14900,285,15000
1787294582685,49700,15000,14900,285,15000
1787294582786,49700,15000,14900,285,15000
1787294582886,49700,15000,14900,285,15000
1787294582986,49700,15000,14800,285,15000
1787294583086,49700,15000,14800,285,15000
1787294583186,49700,15000,14800,285,15000
1787294583286,49700,15000,14800,285,15000
1787294583386,49700,15000,14800,285,15000
1787294583485,49700,15000,14800,285,15000
1787294583586,49700,15000,14900,285,15000
1787294583686,49700,15000,14900,285,15000
1787294583786,49700,15000,14900,285,15000
1787294583885,49700,15000,14900,285,15000
1787294583986,49700,15000,14900,285,15000
1787294584086,49700,15000,14900,285,15000
1787294584186,49700,15000,14900,285,15000
1787294584286,49700,15000,14900,285,15000
1787294584385,49700,15000,14900,285,15000
1787294584486,49700,15000,14900,285,15000
1787294584586,49700,15000,14900,285,15000
1787294584685,49700,15000,14900,285,15000
1787294584786,49700,15000,14900,285,15000
1787294584886,49700,15000,14900,285,15000
1787294584986,49700,15000,14900,285,15000
1787294585086,49700,15000,14900,285,15000
1787294585186,49700,15000,14900,285,15000
1787294585286,49700,15000,14900,285,15000
1787294585386,49700,15000,14900,285,15000
1787294585486,49700,15000,14900,285,15000
1787294585586,49700,15000,14900,285,15000
1787294585685,49700,15000,14900,285,15000
1787294585786,49700,15000,14900,285,15000
1787294585886,49700,15000,14900,285,15000
1787294585985,49700,15000,14900,285,15000
1787294586085,49700,15000,14900,285,15000
1787294586186,49700,15000,14900,285,15000
1787294586286,49700,15000,14900,285,15000
1787294586386,49700,15000,14900,285,15000
1787294586486,49700,15000,14900,285,15000
1787294586586,49700,15000,14900,285,15000
1787294586686,49700,15000,14900,285,15000
1787294586786,49700,15000,14900,285,15000
1787294586886,49700,15000,14900,285,15000
1787294586986,49700,15000,14900,285,15000
1787294587085,49700,15000,14900,285,15000
1787294587186,49700,15000,14900,285,15000
1787294587286,49700,15000,14900,285,15000
1787294587385,49700,15000,14900,285,15000
1787294587486,49700,15000,14900,285,15000
1787294587585,49700,15000,14900,285,15000
1787294587685,49700,15000,14900,285,15000
1787294587786,49700,15000,14900,285,15000
1787294587886,49700,15000,14900,285,15000
1787294587986,49700,15000,14900,285,15000
1787294588086,49700,15000,14900,285,15000
1787294588186,49700,15000,14900,285,15000
1787294588286,49700,15000,14900,285,15000
1787294588386,49700,15000,14900,285,15000
1787294588486,49700,15000,14900,285,15000
1787294588586,49700,15000,14900,285,15000
1787294588685,49700,15000,14900,285,15000
1787294588786,49700,15000,14900,285,15000
1787294588885,49700,15000,14900,285,15000
1787294588985,49700,15000,14900,285,15000
1787294589085,49700,15000,14900,285,15000
1787294589186,49700,15000,14900,285,15000
1787294589286,49700,15000,14900,285,15000
1787294589386,49700,15000,14900,285,15000
1787294589486,49700,15000,14900,285,15000
1787294589586,49700,15000,14900,285,15000
1787294589686,49700,15000,14900,285,15000
1787294589785,49700,15000,14900,285,15000
1787294589885,49700,15000,14900,285,15000
1787294589985,49700,15000,14900,285,15000
1787294590085,49700,15000,14900,285,15000
1787294590186,49700,15000,14900,285,15000
1787294590286,49700,15000,14900,285,15000
1787294590386,49700,15000,14900,285,15000
1787294590486,49700,15000,14900,285,15000
1787294590586,49700,15000,14900,285,15000
1787294590686,49700,15000,14900,285,15000
1787294590786,49700,15000,14900,285,15000
1787294590886,49700,15000,14900,285,15000
1787294590986,49700,15000,14900,285,15000
1787294591086,49700,15000,14900,285,15000
1787294591185,49700,15000,14900,285,15000
1787294591286,49700,15000,14900,285,15000
1787294591385,49700,15000,14900,285,15000
1787294591485,49700,15000,14900,285,15000
1787294591585,49700,15000,14900,285,15000
1787294591686,49700,15000,14900,285,15000
1787294591786,49700,15000,14900,285,15000
1787294591886,49700,15000,14900,285,15000
1787294591986,49700,15000,14900,285,15000
1787294592086,49700,15000,14900,285,15000
1787294592186,49700,15000,14900,285,15000
1787294592286,49700,15000,14900,285,15000
1787294592386,49700,15000,14900,285,15000
1787294592486,49700,15000,14900,285,15000
1787294592586,49700,15000,14900,285,15000
1787294592686,49700,15000,14900,285,15000
1787294592786,49700,15000,14900,285,15000
1787294592886,49700,15000,14900,285,15000
1787294592986,49700,15000,14900,285,15000
1787294593086,49700,15000,14900,285,15000
1787294593186,49700,15000,14900,285,15000
1787294593286,49700,15000,14900,285,15000
1787294593386,49700,15000,14900,285,15000
1787294593486,49700,15000,14900,285,15000
1787294593586,49700,15000,14900,285,15000
1787294593686,49700,15000,14900,285,15000
1787294593786,49700,15000,14900,285,15000
1787294593886,49700,15000,14900,285,15000
1787294593985,49700,15000,14900,285,15000
1787294594086,49700,15000,14900,285,15000
1787294594185,49700,15000,14900,285,15000
1787294594286,49700,15000,14900,285,15000
1787294594386,49700,15000,14900,285,15000
1787294594486,49700,15000,14900,285,15000
1787294594586,49700,15000,14900,285,15000
1787294594686,49700,15000,14900,285,15000
1787294594786,49700,15000,14900,285,15000
1787294594886,49700,15000,14900,285,15000
1787294594986,49700,15000,14900,285,15000
1787294595086,49700,15000,14900,285,15000
1787294595186,49700,15000,14900,285,15000
1787294595285,49700,15000,14900,285,15000
1787294595386,49700,15000,14900,285,15000
1787294595486,49700,15000,14900,285,15000
1787294595586,49700,15000,14900,285,15000
1787294595685,49700,15000,14900,285,15000
1787294595786,49700,15000,15000,285,15000
1787294595885,49700,15000,15000,285,15000
1787294595985,49700,15000,15000,285,15000
1787294596086,49700,15000,15000,285,15000
1787294596186,49700,15000,15000,285,15000
1787294596285,49700,15000,15000,285,15000
1787294596385,49700,15000,14900,285,15000
1787294596486,49700,15000,14900,285,15000
1787294596585,49700,15000,14900,285,15000
1787294596685,49700,15000,14900,285,15000
1787294596786,49700,15000,14900,285,15000
1787294596886,49700,15000,14900,285,15000
1787294596985,49700,15000,14900,285,15000
1787294597085,49700,15000,14900,285,15000
1787294597185,49700,15000,14900,285,15000
1787294597286,49700,15000,14900,285,15000
1787294597386,49700,15000,14900,285,15000
1787294597485,49700,15000,14900,285,15000
1787294597586,49700,15000,14900,285,15000
1787294597686,49700,15000,14900,285,15000
1787294597785,49700,15000,14900,285,15000
1787294597886,49700,15000,14900,285,15000
1787294597986,49700,15000,14900,285,15000
1787294598085,49700,15000,14900,285,15000
1787294598185,49700,15000,14900,285,15000
1787294598286,49700,15000,14900,285,15000
1787294598385,49700,15000,14900,285,15000
1787294598486,49700,15000,14900,285,15000
1787294598586,49700,15000,14900,285,15000
1787294598686,49700,15000,14900,285,15000
1787294598786,49700,15000,14900,285,15000
1787294598886,49700,15000,14900,285,15000
1787294598986,49700,15000,14900,285,15000
1787294599086,49700,15000,14900,285,15000
1787294599186,49700,15000,14900,285,15000
1787294599286,49700,15000,14900,285,15000
1787294599386,49700,15000,14900,285,15000
1787294599485,49700,15000,14900,285,15000
1787294599585,49700,15000,14900,285,15000
1787294599686,49700,15000,14900,285,15000
1787294599785,49700,15000,14900,285,15000
1787294599886,49700,15000,14900,285,15000
1787294599986,49700,15000,14900,285,15000
1787294600086,49700,15000,14900,285,15000
1787294600186,49700,15000,14900,285,15000
1787294600286,49700,15000,14900,285,15000
1787294600386,49700,15000,14900,285,15000
1787294600486,49700,15000,14900,285,15000
1787294600586,49700,15000,14900,285,15000
1787294600685,49700,15000,14900,285,15000
1787294600786,49700,15000,14900,285,15000
1787294600886,49700,15000,14900,285,15000
1787294600986,49700,15000,14900,285,15000
1787294601086,49700,15000,14900,285,15000
1787294601185,49700,15000,14900,285,15000
1787294601286,49700,15000,14900,285,15000
1787294601386,49700,15000,14900,285,15000
1787294601486,49700,15000,14900,285,15000
1787294601585,49700,15000,14900,285,15000
1787294601685,49700,15000,14900,285,15000
1787294601786,49700,15000,14900,285,15000
1787294601886,49700,15000,14900,285,15000
1787294601986,49700,15000,14900,285,15000
1787294602086,49700,15000,14900,285,15000
1787294602185,49700,15000,14900,285,15000
1787294602286,49700,15000,14900,285,15000
1787294602386,49700,15000,14900,285,15000
1787294602485,49700,15000,14900,285,15000
1787294602586,49700,15000,14900,285,15000
1787294602686,49700,15000,14900,285,15000
1787294602786,49700,15000,14900,285,15000
1787294602886,49700,15000,14900,285,15000
1787294602986,49700,15000,14900,285,15000
1787294603086,49700,15000,14900,285,15000
1787294603185,49700,15000,14900,285,15000
1787294603286,49700,15000,14900,285,15000
1787294603386,49700,15000,14900,285,15000
1787294603486,49700,15000,14900,285,15000
1787294603586,49700,15000,14900,285,15000
1787294603686,49700,15000,14900,285,15000
1787294603786,49700,15000,14900,285,15000
1787294603886,49700,15000,14900,285,15000
1787294603986,49700,15000,14900,285,15000
1787294604086,49700,15000,14900,285,15000
1787294604185,49700,15000,14900,285,15000
1787294604286,49700,15000,14900,285,15000
1787294604386,49700,15000,14900,285,15000
1787294604486,49700,15000,14900,285,15000
1787294604586,49700,15000,14900,285,15000
1787294604686,49700,15000,14900,285,15000
1787294604786,49700,15000,14900,285,15000
1787294604885,49700,15000,14900,285,15000
1787294604985,49700,15000,14900,285,15000
1787294605086,49700,15000,14900,285,15000
1787294605186,49700,15000,14900,285,15000
1787294605286,49700,15000,14900,285,15000
1787294605386,49700,15000,14900,285,15000
1787294605486,49700,15000,14900,285,15000
1787294605586,49700,15000,14900,285,15000
1787294605686,49700,15000,14900,285,15000
1787294605786,49700,15000,14900,285,15000
1787294605885,49700,15000,14900,285,15000
1787294605985,49700,15000,14900,285,15000
1787294606086,49700,15000,14900,285,15000
1787294606186,49700,15000,14900,285,15000
1787294606285,49700,15000,14900,285,15000
1787294606386,49700,15000,14900,285,15000
1787294606486,49700,15000,14900,285,15000
1787294606585,49700,15000,14900,285,15000
1787294606685,49700,15000,14900,285,15000
1787294606785,49700,15000,14900,285,15000
1787294606886,49700,15000,14900,285,15000
1787294606985,49700,15000,14900,285,15000
1787294607086,49700,15000,14900,285,15000
1787294607185,49700,15000,14900,285,15000
1787294607285,49700,15000,14900,285,15000
1787294607386,49700,15000,14900,285,15000
1787294607485,49700,15000,14900,285,15000
1787294607586,49700,15000,14900,285,15000
1787294607686,49700,15000,14800,285,15000
1787294607786,49700,15000,14800,285,15000
1787294607886,49700,15000,14800,285,15000
1787294607986,49700,15000,14800,285,15000
1787294608086,49700,15000,14800,285,15000
1787294608186,49700,15000,14800,285,15000
1787294608285,49700,15000,14900,285,15000
1787294608386,49700,15000,14900,285,15000
1787294608485,49700,15000,14900,285,15000
1787294608586,49700,15000,14900,285,15000
1787294608686,49700,15000,14900,285,15000
1787294608785,49700,15000,14900,285,15000
1787294608886,49700,15000,14900,285,15000
1787294608986,49700,15000,14800,285,15000
1787294609086,49700,15000,14800,285,15000
1787294609185,49700,15000,14800,285,15000
1787294609285,49700,15000,14800,285,15000
1787294609386,49700,15000,14800,285,15000
1787294609485,49700,15000,14800,285,15000
1787294609586,49700,15000,14900,285,15000
1787294609686,49700,15000,14900,285,15000
1787294609785,49700,15000,14900,285,15000
1787294609886,49700,15000,14900,285,15000
1787294609985,49700,15000,14900,285,15000
1787294610085,49700,15000,14900,285,15000
1787294610186,49700,15000,14900,285,15000
1787294610286,49700,15000,14900,285,15000
1787294610385,49700,15000,14900,285,15000
1787294610485,49700,15000,14900,285,15000
1787294610586,49700,15000,14900,285,15000
1787294610686,49700,15000,14900,285,15000
1787294610785,49700,15000,14900,285,15000
1787294610886,49700,15000,14900,285,15000
1787294610986,49700,15000,14900,285,15000
1787294611085,49700,15000,14900,285,15000
1787294611185,49700,15000,14900,285,15000
1787294611286,49700,15000,14900,285,15000
1787294611386,49700,15000,14900,285,15000
1787294611486,49700,15000,14900,285,15000
1787294611585,49700,15000,14900,285,15000
1787294611685,49700,15000,14900,285,15000
1787294611785,49700,15000,14900,285,15000
1787294611886,49700,15000,14900,285,15000
1787294611985,49700,15000,14900,285,15000
1787294612086,49700,15000,14900,285,15000
1787294612185,49700,15000,14900,285,15000
1787294612285,49700,15000,14900,285,15000
1787294612385,49700,15000,14900,285,15000
1787294612486,49700,15000,14900,285,15000
1787294612586,49700,15000,14900,285,15000
1787294612685,49700,15000,14900,285,15000
1787294612786,49700,15000,14900,285,15000
1787294612886,49700,15000,14900,285,15000
1787294612985,49700,15000,14900,285,15000
1787294613085,49700,15000,14900,285,15000
1787294613185,49700,15000,14900,285,15000
1787294613285,49700,15000,14900,285,15000
1787294613386,49700,15000,14900,285,15000
1787294613486,49700,15000,14900,285,15000
1787294613586,49700,15000,14900,285,15000
1787294613686,49700,15000,14800,285,15000
1787294613786,49700,15000,14800,285,15000
1787294613886,49700,15000,14800,285,15000
1787294613985,49700,15000,14800,285,15000
1787294614086,49700,15000,14800,285,15000
1787294614186,49700,15000,14800,285,15000
1787294614285,49700,15000,14800,285,15000
1787294614386,49700,15000,14900,285,15000
1787294614486,49700,15000,14900,285,15000
1787294614586,49700,15000,14900,285,15000
1787294614686,49700,15000,14900,285,15000
1787294614786,49700,15000,14900,285,15000
1787294614886,49700,15000,14900,285,15000
1787294614986,49700,15000,14900,285,15000
1787294615086,49700,15000,14900,285,15000
1787294615186,49700,15000,14900,285,15000
1787294615285,49700,15000,14900,285,15000
1787294615385,49700,15000,14900,285,15000
1787294615486,49700,15000,14900,285,15000
1787294615586,49700,15000,14900,285,15000
1787294615685,49700,15000,14900,285,15000
1787294615786,49700,15000,14900,285,15000
1787294615886,49700,15000,14900,285,15000
1787294615985,49700,15000,14900,285,15000
1787294616086,49700,15000,14900,285,15000
1787294616185,49700,15000,15000,285,15000
1787294616285,49700,15000,15000,285,15000
1787294616385,49700,15000,15000,285,15000
1787294616486,49700,15000,15000,285,15000
1787294616586,49700,15000,15000,285,15000
1787294616685,49700,15000,15000,285,15000
1787294616786,49700,15000,15000,285,15000
1787294616885,49700,15000,14900,285,15000
1787294616986,49700,15000,14900,285,15000
1787294617086,49700,15000,14900,285,15000
1787294617186,49700,15000,14900,285,15000
1787294617285,49700,15000,14900,285,15000
1787294617386,49700,15000,14900,285,15000
1787294617486,49700,15000,14900,285,15000
1787294617586,49700,15000,14900,285,15000
1787294617685,49700,15000,14900,285,15000
1787294617786,49700,15000,14900,285,15000
1787294617886,49700,15000,14900,285,15000
1787294617985,49700,15000,14900,285,15000
1787294618086,49700,15000,14900,285,15000
1787294618185,49700,15000,14900,285,15000
1787294618285,49700,15000,14900,285,15000
1787294618386,49700,15000,14900,285,15000
1787294618485,49700,15000,14900,285,15000
1787294618586,49700,15000,14900,285,15000
1787294618686,49700,15000,14900,285,15000
1787294618785,49700,15000,14900,285,15000
1787294618885,49700,15000,14900,285,15000
1787294618985,49700,15000,14900,285,15000
1787294619085,49700,15000,14900,281,15000
1787294619186,49700,15000,14900,281,15000
1787294619285,49700,15000,14900,281,15000
1787294619386,49700,15000,14900,281,15000
1787294619485,49700,15000,14900,281,15000
1787294619586,49700,15000,14900,281,15000
1787294619686,49700,15000,14900,281,15000
1787294619786,49700,15000,14900,281,15000
1787294619886,49700,15000,14900,281,15000
1787294619986,49700,15000,14900,281,15000
1787294620085,49700,15000,14900,281,15000
1787294620186,49700,15000,14900,281,15000
1787294620285,49700,15000,14900,281,15000
1787294620385,49700,15000,14900,281,15000
1787294620485,49700,15000,14900,281,15000
1787294620586,49700,15000,14900,281,15000
1787294620686,49700,15000,14900,281,15000
1787294620786,49700,15000,14900,281,15000
1787294620886,49700,15000,14900,281,15000
1787294620986,49700,15000,14900,281,15000
1787294621086,49700,15000,14900,281,15000
1787294621186,49700,15000,14900,281,15000
1787294621286,49700,15000,14900,281,15000
1787294621385,49700,15000,14900,281,15000
1787294621486,49700,15000,14900,281,15000
1787294621585,49700,15000,14900,281,15000
1787294621686,49700,15000,14900,281,15000
1787294621786,49700,15000,14900,281,15000
1787294621886,49700,15000,14900,281,15000
1787294621985,49700,15000,14900,281,15000
1787294622085,49700,15000,14900,281,15000
1787294622185,49700,15000,14900,281,15000
1787294622285,49700,15000,14900,281,15000
1787294622386,49700,15000,14900,281,15000
1787294622486,49700,15000,14900,281,15000
1787294622585,49700,15000,14900,281,15000
1787294622686,49700,15000,14900,281,15000
1787294622786,49700,15000,14900,281,15000
1787294622885,49700,15000,14900,281,15000
1787294622986,49700,15000,14900,281,15000
1787294623086,49700,15000,14900,281,15000
1787294623186,49700,15000,14900,281,15000
1787294623285,49700,15000,14900,281,15000
1787294623385,49700,15000,14900,281,15000
1787294623485,49700,15000,14900,281,15000
1787294623586,49700,15000,14900,281,15000
1787294623686,49700,15000,14900,281,15000
1787294623786,49700,15000,14900,281,15000
1787294623886,49700,15000,14900,281,15000
1787294623986,49700,15000,14900,281,15000
1787294624086,49700,15000,14900,281,15000
1787294624185,49700,15000,14900,281,15000
1787294624285,49700,15000,14900,281,15000
1787294624386,49700,15000,14900,281,15000
1787294624486,49700,15000,14900,281,15000
1787294624586,49700,15000,15000,281,15000
1787294624686,49700,15000,15000,281,15000
1787294624786,49700,15000,15000,281,15000
1787294624886,49700,15000,15000,281,15000
1787294624985,49700,15000,15000,281,15000
1787294625085,49700,15000,15000,281,15000
1787294625186,49700,15000,14900,281,15000
1787294625286,49700,15000,14900,281,15000
1787294625386,49700,15000,14900,281,15000
1787294625486,49700,15000,14900,281,15000
1787294625586,49700,15000,14900,281,15000
1787294625686,49700,15000,14900,281,15000
1787294625785,49700,15000,14900,281,15000
1787294625885,49700,15000,14900,281,15000
1787294625985,49700,15000,14900,281,15000
1787294626086,49700,15000,14900,281,15000
1787294626186,49700,15000,14900,281,15000
1787294626286,49700,15000,14900,281,15000
1787294626385,49700,15000,14900,281,15000
1787294626486,49700,15000,14900,281,15000
1787294626585,49700,15000,14900,281,15000
1787294626685,49700,15000,14900,281,15000
1787294626786,49700,15000,14900,281,15000
1787294626886,49700,15000,14900,281,15000
1787294626985,49700,15000,14900,281,15000
1787294627086,49700,15000,14900,281,15000
1787294627186,49700,15000,14900,281,15000
1787294627285,49700,15000,14900,281,15000
1787294627386,49700,15000,14900,281,15000
1787294627486,49700,15000,14900,281,15000
1787294627586,49700,15000,14900,281,15000
1787294627686,49700,15000,14900,281,15000
1787294627785,49700,15000,14900,281,15000
1787294627886,49700,15000,14900,281,15000
1787294627986,49700,15000,14900,281,15000
1787294628086,49700,15000,14900,281,15000
1787294628186,49700,15000,14900,281,15000
1787294628285,49700,15000,14900,281,15000
1787294628385,49700,15000,14900,281,15000
1787294628485,49700,15000,14900,281,15000
1787294628586,49700,15000,14900,281,15000
1787294628686,49700,15000,14900,281,15000
1787294628785,49700,15000,14900,281,15000
1787294628886,49700,15000,14900,281,15000
1787294628986,49700,15000,14900,281,15000
1787294629086,49700,15000,14900,281,15000
1787294629186,49700,15000,14900,281,15000
1787294629286,49700,15000,14900,281,15000
1787294629385,49700,15000,14900,281,15000
1787294629486,49700,15000,14900,281,15000
1787294629586,49700,15000,14900,281,15000
1787294629685,49700,15000,14900,281,15000
1787294629786,49700,15000,14900,281,15000
1787294629886,49700,15000,14900,281,15000
1787294629986,49700,15000,14900,281,15000
1787294630086,49700,15000,14900,281,15000
1787294630185,49700,15000,14900,281,15000
1787294630286,49700,15000,14900,281,15000
1787294630385,49700,15000,14900,281,15000
1787294630486,49700,15000,14900,281,15000
1787294630586,49700,15000,14900,281,15000
1787294630686,49700,15000,14900,281,15000
1787294630786,49700,15000,14900,281,15000
1787294630885,49700,15000,14900,281,15000
1787294630986,49700,15000,14900,281,15000
1787294631086,49700,15000,14900,281,15000
1787294631185,49700,15000,14900,281,15000
1787294631286,49700,15000,14900,281,15000
1787294631386,49700,15000,14900,281,15000
1787294631485,49700,15000,14900,281,15000
1787294631586,49700,15000,14900,281,15000
1787294631686,49700,15000,14900,281,15000
1787294631786,49700,15000,14900,281,15000
1787294631886,49700,15000,14900,281,15000
1787294631985,49700,15000,14900,281,15000
1787294632086,49700,15000,14900,281,15000
1787294632185,49700,15000,14900,281,15000
1787294632285,49700,15000,14900,281,15000
1787294632385,49700,15000,14900,281,15000
1787294632486,49700,15000,14900,281,15000
1787294632586,49700,15000,15000,281,15000
1787294632686,49700,15000,15000,281,15000
1787294632786,49700,15000,15000,281,15000
1787294632886,49700,15000,15000,281,15000
1787294632986,49700,15000,15000,281,15000
1787294633085,49700,15000,15000,281,15000
1787294633185,49700,15000,14900,281,15000
1787294633285,49700,15000,14900,281,15000
1787294633386,49700,15000,14900,281,15000
1787294633486,49700,15000,14900,281,15000
1787294633585,49700,15000,14900,281,15000
1787294633686,49700,15000,14900,281,15000
1787294633785,49700,15000,14900,281,15000
1787294633885,49700,15000,14900,281,15000
1787294633986,49700,15000,14900,281,15000
1787294634086,49700,15000,14900,281,15000
1787294634185,49700,15000,14900,281,15000
1787294634286,49700,15000,14900,281,15000
1787294634386,49700,15000,14900,281,15000
1787294634486,49700,15000,14900,281,15000
1787294634586,49700,15000,14900,281,15000
1787294634685,49700,15000,14900,281,15000
1787294634786,49700,15000,14900,281,15000
1787294634886,49700,15000,14900,281,15000
1787294634986,49700,15000,14900,281,15000
1787294635086,49700,15000,14900,281,15000
1787294635185,49700,15000,14900,281,15000
1787294635286,49700,15000,14900,281,15000
1787294635386,49700,15000,14900,281,15000
1787294635486,49700,15000,14900,281,15000
1787294635586,49700,15000,14900,281,15000
1787294635685,49700,15000,14900,281,15000
1787294635786,49700,15000,14900,281,15000
1787294635885,49700,15000,14900,281,15000
1787294635986,49700,15000,14900,281,15000
1787294636086,49700,15000,14900,281,15000
1787294636186,49700,15000,14900,281,15000
1787294636286,49700,15000,14900,281,15000
1787294636386,49700,15000,14900,281,15000
1787294636485,49700,15000,14900,281,15000
1787294636585,49700,15000,14900,281,15000
1787294636686,49700,15000,15000,281,15000
1787294636786,49700,15000,15000,281,15000
1787294636885,49700,15000,15000,281,15000
1787294636986,49700,15000,15000,281,15000
1787294637085,49700,15000,15000,281,15000
1787294637186,49700,15000,15000,281,15000
1787294637285,49700,15000,15000,281,15000
1787294637386,49700,15000,14900,281,15000
1787294637486,49700,15000,14900,281,15000
1787294637585,49700,15000,14900,281,15000
1787294637686,49700,15000,14900,281,15000
1787294637786,49700,15000,14900,281,15000
1787294637886,49700,15000,14900,281,15000
1787294637986,49700,15000,14900,281,15000
1787294638086,49700,15000,14900,281,15000
1787294638186,49700,15000,14900,281,15000
1787294638286,49700,15000,14900,281,15000
1787294638386,49700,15000,14900,281,15000
1787294638485,49700,15000,14900,281,15000
1787294638585,49700,15000,14900,281,15000
1787294638685,49700,15000,14900,281,15000
1787294638786,49700,15000,14900,281,15000
1787294638886,49700,15000,14900,281,15000
1787294638986,49700,15000,14900,281,15000
1787294639086,49700,15000,14900,281,15000
1787294639186,49700,15000,14900,281,15000
1787294639286,49700,15000,14900,281,15000
1787294639386,49700,15000,14900,281,15000
1787294639486,49700,15000,14900,281,15000
1787294639586,49700,15000,14900,281,15000
1787294639685,49700,15000,14900,281,15000
1787294639785,49700,15000,14900,281,15000
1787294639886,49700,15000,14900,281,15000
1787294639986,49700,15000,14900,281,15000
1787294640085,49700,15000,14900,281,15000
1787294640186,49700,15000,14900,281,15000
1787294640286,49700,15000,14900,281,15000
1787294640386,49700,15000,14900,281,15000
1787294640485,49700,15000,14900,281,15000
1787294640586,49700,15000,14900,281,15000
1787294640686,49700,15000,14900,281,15000
1787294640785,49700,15000,14900,281,15000
1787294640885,49700,15000,14900,281,15000
1787294640985,49700,15000,14900,281,15000
1787294641085,49700,15000,14900,281,15000
1787294641186,49700,15000,14900,281,15000
1787294641286,49700,15000,14900,281,15000
1787294641386,49700,15000,14900,281,15000
1787294641485,49700,15000,14900,281,15000
1787294641586,49700,15000,14900,281,15000
1787294641686,49700,15000,14900,281,15000
1787294641786,49700,15000,14900,281,15000
1787294641886,49700,15000,14900,281,15000
1787294641986,49700,15000,14900,281,15000
1787294642085,49700,15000,14900,281,15000
1787294642186,49700,15000,14900,281,15000
1787294642286,49700,15000,14900,281,15000
1787294642386,49700,15000,14900,281,15000
1787294642486,49700,15000,14900,281,15000
1787294642586,49700,15000,14900,281,15000
1787294642686,49700,15000,14900,281,15000
1787294642786,49700,15000,14900,281,15000
1787294642886,49700,15000,14900,281,15000
1787294642986,49700,15000,14900,281,15000
1787294643086,49700,15000,14900,281,15000
1787294643186,49700,15000,14900,281,15000
1787294643286,49700,15000,14900,281,15000
1787294643386,49700,15000,14900,281,15000
1787294643486,49700,15000,14900,281,15000
1787294643586,49700,15000,14900,281,15000
1787294643686,49700,15000,14900,281,15000
1787294643786,49700,15000,14900,281,15000
1787294643885,49700,15000,14900,281,15000
1787294643986,49700,15000,15000,281,15000
1787294644085,49700,15000,15000,281,15000
1787294644186,49700,15000,15000,281,15000
1787294644286,49700,15000,15000,281,15000
1787294644386,49700,15000,15000,281,15000
1787294644486,49700,15000,15000,281,15000
1787294644586,49700,15000,15000,281,15000
1787294644686,49700,15000,14900,281,15000
1787294644786,49700,15000,14900,281,15000
1787294644886,49700,15000,14900,281,15000
1787294644986,49700,15000,14900,281,15000
1787294645086,49700,15000,14900,281,15000
1787294645186,49700,15000,14900,281,15000
1787294645286,49700,15000,14900,281,15000
1787294645386,49700,15000,14900,281,15000
1787294645486,49700,15000,14900,281,15000
1787294645586,49700,15000,14900,281,15000
1787294645686,49700,15000,14900,281,15000
1787294645785,49700,15000,14900,281,15000
1787294645886,49700,15000,15000,281,15000
1787294645985,49700,15000,15000,281,15000
1787294646086,49700,15000,15000,281,15000
1787294646186,49700,15000,15000,281,15000
1787294646286,49700,15000,15000,281,15000
1787294646386,49700,15000,15000,281,15000
1787294646486,49700,15000,14900,281,15000
1787294646586,49700,15000,14900,281,15000
1787294646686,49700,15000,14900,281,15000
1787294646786,49700,15000,14900,281,15000
1787294646886,49700,15000,14900,281,15000
1787294646986,49700,15000,14900,281,15000
1787294647085,49700,15000,14900,281,15000
1787294647186,49700,15000,14900,281,15000
1787294647286,49700,15000,14900,281,15000
1787294647385,49700,15000,14900,281,15000
1787294647486,49700,15000,14900,281,15000
1787294647585,49700,15000,14900,281,15000
1787294647686,49700,15000,14900,281,15000
1787294647785,49700,15000,14900,281,15000
1787294647886,49700,15000,14900,281,15000
1787294647986,49700,15000,14900,281,15000
1787294648086,49700,15000,14900,281,15000
1787294648185,49700,15000,14900,281,15000
1787294648286,49700,15000,14900,281,15000
1787294648385,49700,15000,15000,281,15000
1787294648486,49700,15000,15000,281,15000
1787294648586,49700,15000,15000,281,15000
1787294648686,49700,15000,15000,281,15000
1787294648786,49700,15000,15000,281,15000
1787294648886,49700,15000,15000,281,15000
1787294648986,49700,15000,14900,281,15000
1787294649086,49700,15000,14900,281,15000
1787294649185,49700,15000,14900,281,15000
1787294649286,49700,15000,14900,281,15000
1787294649385,49700,15000,14900,281,15000
1787294649486,49700,15000,14900,281,15000
1787294649586,49700,15000,14800,281,15000
1787294649685,49700,15000,14800,281,15000
1787294649785,49700,15000,14800,281,15000
1787294649886,49700,15000,14800,281,15000
1787294649985,49700,15000,14900,281,15000
1787294650085,49700,15000,14900,281,15000
1787294650186,49700,15000,14900,281,15000
1787294650286,49700,15000,14900,281,15000
1787294650385,49700,15000,14900,281,15000
1787294650485,49700,15000,14900,281,15000
1787294650586,49700,15000,14900,281,15000
1787294650685,49700,15000,14900,281,15000
1787294650785,49700,15000,14900,281,15000
1787294650886,49700,15000,14900,281,15000
1787294650985,49700,15000,14900,281,15000
1787294651086,49700,15000,14900,281,15000
1787294651185,49700,15000,14900,281,15000
1787294651286,49700,15000,14900,281,15000
1787294651386,49700,15000,14900,281,15000
1787294651486,49700,15000,14900,281,15000
1787294651586,49700,15000,14900,281,15000
1787294651685,49700,15000,14900,281,15000
1787294651786,49700,15000,14900,281,15000
1787294651885,49700,15000,14900,281,15000
1787294651985,49700,15000,14900,281,15000
1787294652085,49700,15000,14900,281,15000
1787294652186,49700,15000,14900,281,15000
1787294652286,49700,15000,14900,281,15000
1787294652386,49700,15000,14900,281,15000
1787294652485,49700,15000,14900,281,15000
1787294652586,49700,15000,14900,281,15000
1787294652686,49700,15000,14900,281,15000
1787294652786,49700,15000,14900,281,15000
1787294652885,49700,15000,14900,281,15000
1787294652985,49700,15000,14900,281,15000
1787294653086,49700,15000,14900,281,15000
1787294653186,49700,15000,14900,281,15000
1787294653286,49700,15000,14900,281,15000
1787294653385,49700,15000,14900,281,15000
1787294653485,49700,15000,14900,281,15000
1787294653586,49700,15000,14900,281,15000
1787294653686,49700,15000,14900,281,15000
1787294653786,49700,15000,14900,281,15000
1787294653885,49700,15000,14900,281,15000
1787294653986,49700,15000,14900,281,15000
1787294654086,49700,15000,14900,281,15000
1787294654185,49700,15000,14900,281,15000
1787294654286,49700,15000,14900,281,15000
1787294654385,49700,15000,14900,281,15000
1787294654486,49700,15000,14900,281,15000
1787294654585,49700,15000,14900,281,15000
1787294654686,49700,15000,14900,281,15000
1787294654786,49700,15000,14900,281,15000
1787294654885,49700,15000,14900,281,15000
1787294654986,49700,15000,14900,281,15000
1787294655086,49700,15000,14900,281,15000
1787294655186,49700,15000,14900,281,15000
1787294655286,49700,15000,14900,281,15000
1787294655386,49700,15000,14900,281,15000
1787294655486,49700,15000,14900,281,15000
1787294655586,49700,15000,14900,281,15000
1787294655686,49700,15000,14900,281,15000
1787294655786,49700,15000,14900,281,15000
1787294655885,49700,15000,14900,281,15000
1787294655986,49700,15000,14900,281,15000
1787294656085,49700,15000,14900,281,15000
1787294656185,49700,15000,14900,281,15000
1787294656286,49700,15000,14900,281,15000
1787294656386,49700,15000,14900,281,15000
1787294656486,49700,15000,14900,281,15000
1787294656585,49700,15000,14900,281,15000
1787294656685,49700,15000,14900,281,15000
1787294656785,49700,15000,14900,281,15000
1787294656886,49700,15000,14900,281,15000
1787294656985,49700,15000,14900,281,15000
1787294657086,49700,15000,14900,281,15000
1787294657186,49700,15000,14900,281,15000
1787294657286,49700,15000,14900,281,15000
1787294657386,49700,15000,14900,281,15000
1787294657485,49700,15000,14900,281,15000
1787294657586,49700,15000,14900,281,15000
1787294657685,49700,15000,14900,281,15000
1787294657786,49700,15000,14900,281,15000
1787294657886,49700,15000,14900,281,15000
1787294657985,49700,15000,14900,281,15000
1787294658085,49700,15000,14900,281,15000
1787294658185,49700,15000,14900,281,15000
1787294658286,49700,15000,14900,281,15000
1787294658385,49700,15000,14900,281,15000
1787294658485,49700,15000,14900,281,15000
1787294658586,49700,15000,14900,281,15000
1787294658685,49700,15000,14900,281,15000
1787294658786,49700,15000,14900,281,15000
1787294658885,49700,15000,14900,281,15000
1787294658985,49700,15000,14900,281,15000
1787294659086,49700,15000,14900,281,15000
1787294659186,49700,15000,14900,281,15000
1787294659286,49700,15000,14900,281,15000
1787294659385,49700,15000,14900,281,15000
1787294659486,49700,15000,14900,281,15000
1787294659586,49700,15000,14900,281,15000
1787294659686,49700,15000,14900,281,15000
1787294659786,49700,15000,14900,281,15000
1787294659885,49700,15000,14900,281,15000
1787294659986,49700,15000,14900,281,15000
1787294660085,49700,15000,14900,281,15000
1787294660186,49700,15000,14900,281,15000
1787294660286,49700,15000,14900,281,15000
1787294660386,49700,15000,14900,281,15000
1787294660486,49700,15000,14900,281,15000
1787294660585,49700,15000,14900,281,15000
1787294660686,49700,15000,14900,281,15000
1787294660786,49700,15000,14900,281,15000
1787294660886,49700,15000,14900,281,15000
1787294660986,49700,15000,14900,281,15000
1787294661086,49700,15000,14900,281,15000
1787294661186,49700,15000,14900,281,15000
1787294661286,49700,15000,14900,281,15000
1787294661386,49700,15000,14900,281,15000
1787294661486,49700,15000,14900,281,15000
1787294661586,49700,15000,15000,281,15000
1787294661685,49700,15000,15000,281,15000
1787294661786,49700,15000,15000,281,15000
1787294661886,49700,15000,15000,281,15000
1787294661986,49700,15000,15000,281,15000
1787294662085,49700,15000,15000,281,15000
1787294662186,49700,15000,15000,281,15000
1787294662285,49700,15000,14900,281,15000
1787294662386,49700,15000,14900,281,15000
1787294662486,49700,15000,14900,281,15000
1787294662586,49700,15000,14900,281,15000
1787294662686,49700,15000,14900,281,15000
1787294662786,49700,15000,14900,281,15000
1787294662885,49700,15000,14900,281,15000
1787294662986,49700,15000,14900,281,15000
1787294663086,49700,15000,14900,281,15000
1787294663185,49700,15000,14900,281,15000
1787294663286,49700,15000,14900,281,15000
1787294663385,49700,15000,14900,281,15000
1787294663486,49700,15000,14900,281,15000
1787294663585,49700,15000,14900,281,15000
1787294663686,49700,15000,14900,281,15000
1787294663786,49700,15000,14900,281,15000
1787294663886,49700,15000,14900,281,15000
1787294663985,49700,15000,14900,281,15000
1787294664086,49700,15000,14900,281,15000
1787294664186,49700,15000,14900,281,15000
1787294664286,49700,15000,14900,281,15000
1787294664386,49700,15000,14900,281,15000
1787294664485,49700,15000,14900,281,15000
1787294664585,49700,15000,14900,281,15000
1787294664686,49700,15000,14900,281,15000
1787294664786,49700,15000,14900,281,15000
1787294664885,49700,15000,14900,281,15000
1787294664985,49700,15000,14900,281,15000
1787294665085,49700,15000,14900,281,15000
1787294665186,49700,15000,15000,281,15000
1787294665286,49700,15000,15000,281,15000
1787294665386,49700,15000,15000,281,15000
1787294665486,49700,15000,15000,281,15000
1787294665586,49700,15000,15000,281,15000
1787294665686,49700,15000,15000,281,15000
1787294665786,49700,15000,14900,281,15000
1787294665886,49700,15000,14900,281,15000
1787294665986,49700,15000,14900,281,15000
1787294666086,49700,15000,14900,281,15000
1787294666186,49700,15000,14900,281,15000
1787294666286,49700,15000,14900,281,15000
1787294666385,49700,15000,14900,281,15000
1787294666485,49700,15000,14900,281,15000
1787294666586,49700,15000,14900,281,15000
1787294666686,49700,15000,14900,281,15000
1787294666786,49700,15000,14900,281,15000
1787294666886,49700,15000,14900,281,15000
1787294666986,49700,15000,14900,281,15000
1787294667086,49700,15000,15000,281,15000
1787294667185,49700,15000,15000,281,15000
1787294667286,49700,15000,15000,281,15000
1787294667385,49700,15000,15000,281,15000
1787294667486,49700,15000,15000,281,15000
1787294667586,49700,15000,15000,281,15000
1787294667685,49700,15000,14900,281,15000
1787294667785,49700,15000,14900,281,15000
1787294667886,49700,15000,14900,281,15000
1787294667986,49700,15000,14900,281,15000
1787294668086,49700,15000,14900,281,15000
1787294668185,49700,15000,14900,281,15000
1787294668286,49700,15000,14900,281,15000
1787294668386,49700,15000,14900,281,15000
1787294668486,49700,15000,14900,281,15000
1787294668585,49700,15000,14900,281,15000
1787294668685,49700,15000,14900,281,15000
1787294668786,49700,15000,14900,281,15000
1787294668885,49700,15000,14900,281,15000
1787294668986,49700,15000,14900,281,15000
1787294669086,49700,15000,14900,281,15000
1787294669186,49700,15000,14900,281,15000
1787294669285,49700,15000,14900,281,15000
1787294669386,49700,15000,14900,281,15000
1787294669486,49700,15000,14900,281,15000
1787294669586,49700,15000,14900,281,15000
1787294669686,49700,15000,14900,281,15000
1787294669786,49700,15000,14900,281,15000
1787294669886,49700,15000,14900,281,15000
1787294669985,49700,15000,14800,281,15000
1787294670086,49700,15000,14800,281,15000
1787294670186,49700,15000,14800,281,15000
1787294670286,49700,15000,14800,281,15000
1787294670386,49700,15000,14800,281,15000
1787294670485,49700,15000,14800,281,15000
1787294670586,49700,15000,14900,281,15000
1787294670685,49700,15000,14900,281,15000
1787294670785,49700,15000,14900,281,15000
1787294670885,49700,15000,14900,281,15000
1787294670985,49700,15000,14900,281,15000
1787294671085,49700,15000,14900,281,15000
1787294671186,49700,15000,14900,281,15000
1787294671286,49700,15000,14900,281,15000
1787294671386,49700,15000,14900,281,15000
1787294671485,49700,15000,14900,281,15000
1787294671586,49700,15000,14900,281,15000
1787294671686,49700,15000,14900,281,15000
1787294671785,49700,15000,14900,281,15000
1787294671886,49700,15000,14900,281,15000
1787294671986,49700,15000,14900,281,15000
1787294672086,49700,15000,14900,281,15000
1787294672185,49700,15000,14900,281,15000
1787294672286,49700,15000,14900,281,15000
1787294672385,49700,15000,14900,281,15000
1787294672485,49700,15000,14900,281,15000
1787294672585,49700,15000,14900,281,15000
1787294672685,49700,15000,14900,281,15000
1787294672786,49700,15000,14900,281,15000
1787294672886,49700,15000,14900,281,15000
1787294672986,49700,15000,14900,281,15000
1787294673086,49700,15000,14900,281,15000
1787294673185,49700,15000,14900,281,15000
1787294673286,49700,15000,14900,281,15000
1787294673386,49700,15000,14900,281,15000
1787294673486,49700,15000,14900,281,15000
1787294673586,49700,15000,14900,281,15000
1787294673686,49700,15000,14900,281,15000
1787294673786,49700,15000,14900,281,15000
1787294673886,49700,15000,14900,281,15000
1787294673986,49700,15000,14900,281,15000
1787294674086,49700,15000,14900,281,15000
1787294674186,49700,15000,14900,281,15000
1787294674286,49700,15000,14900,281,15000
1787294674386,49700,15000,14900,281,15000
1787294674486,49700,15000,14900,281,15000
1787294674586,49700,15000,14900,281,15000
1787294674686,49700,15000,14900,281,15000
1787294674785,49700,15000,14900,281,15000
1787294674885,49700,15000,14900,281,15000
1787294674986,49700,15000,14900,281,15000
1787294675086,49700,15000,14900,281,15000
1787294675186,49700,15000,14900,281,15000
1787294675285,49700,15000,14900,281,15000
1787294675386,49700,15000,14900,281,15000
1787294675486,49700,15000,14900,281,15000
1787294675586,49700,15000,14900,281,15000
1787294675685,49700,15000,14900,281,15000
1787294675786,49700,15000,14900,281,15000
1787294675885,49700,15000,14900,281,15000
1787294675986,49700,15000,14900,281,15000
1787294676086,49700,15000,14900,281,15000
1787294676186,49700,15000,14900,281,15000
1787294676285,49700,15000,14900,281,15000
1787294676386,49700,15000,14900,281,15000
1787294676486,49700,15000,14900,281,15000
1787294676586,49700,15000,14900,281,15000
1787294676686,49700,15000,14900,281,15000
1787294676786,49700,15000,14900,281,15000
1787294676886,49700,15000,14900,281,15000
1787294676986,49700,15000,14900,281,15000
1787294677086,49700,15000,14900,281,15000
1787294677185,49700,15000,14900,281,15000
1787294677285,49700,15000,14900,281,15000
1787294677386,49700,15000,14900,281,15000
1787294677485,49700,15000,14900,281,15000
1787294677586,49700,15000,14900,281,15000
1787294677685,49700,15000,14900,281,15000
1787294677786,49700,15000,14900,281,15000
1787294677886,49700,15000,14900,281,15000
1787294677986,49700,15000,14900,281,15000
1787294678086,49700,15000,14900,281,15000
1787294678185,49700,15000,14900,281,15000
1787294678286,49700,15000,14900,281,15000
1787294678385,49700,15000,14900,281,15000
1787294678485,49700,15000,14900,281,15000
1787294678586,49700,15000,14900,281,15000
1787294678686,49700,15000,14900,281,15000
1787294678786,49700,15000,14900,281,15000
1787294678885,49700,15000,14900,281,15000
1787294678986,49700,15000,14900,281,15000
1787294679086,49700,15000,14900,281,15000
1787294679185,49700,15000,14900,281,15000
1787294679285,49700,15000,14900,281,15000
1787294679386,49700,15000,14900,281,15000
1787294679486,49700,15000,14900,281,15000
1787294679586,49700,15000,14900,281,15000
1787294679685,49700,15000,14900,281,15000
1787294679786,49700,15000,15000,281,15000
1787294679886,49700,15000,15000,281,15000
1787294679986,49700,15000,15000,281,15000
1787294680085,49700,15000,15000,281,15000
1787294680185,49700,15000,15000,281,15000
1787294680285,49700,15000,15000,281,15000
1787294680386,49700,15000,14900,281,15000
1787294680486,49700,15000,14900,281,15000
1787294680586,49700,15000,14900,281,15000
1787294680686,49700,15000,14900,281,15000
1787294680786,49700,15000,14900,281,15000
1787294680886,49700,15000,14900,281,15000
1787294680986,49700,15000,14900,281,15000
1787294681085,49700,15000,14900,281,15000
1787294681186,49700,15000,14900,281,15000
1787294681286,49700,15000,14900,281,15000
1787294681386,49700,15000,14900,281,15000
1787294681486,49700,15000,14900,281,15000
1787294681586,49700,15000,14900,281,15000
1787294681685,49700,15000,14900,281,15000
1787294681785,49700,15000,14900,281,15000
1787294681885,49700,15000,14900,281,15000
1787294681986,49700,15000,14900,281,15000
1787294682086,49700,15000,14800,281,15000
1787294682186,49700,15000,14800,281,15000
1787294682286,49700,15000,14800,281,15000
1787294682386,49700,15000,14800,281,15000
1787294682486,49700,15000,14800,281,15000
1787294682586,49700,15000,14800,281,15000
1787294682685,49700,15000,14900,281,15000
1787294682786,49700,15000,14900,281,15000
1787294682885,49700,15000,14900,281,15000
1787294682986,49700,15000,14900,281,15000
1787294683086,49700,15000,14900,281,15000
1787294683185,49700,15000,14900,281,15000
1787294683285,49700,15000,15000,281,15000
1787294683385,49700,15000,15000,281,15000
1787294683485,49700,15000,15000,281,15000
1787294683586,49700,15000,15000,281,15000
1787294683686,49700,15000,15000,281,15000
1787294683786,49700,15000,15000,281,15000
1787294683886,49700,15000,15000,281,15000
1787294683986,49700,15000,15000,281,15000
1787294684086,49700,15000,15000,281,15000
1787294684186,49700,15000,15000,281,15000
1787294684285,49700,15000,15000,281,15000
1787294684386,49700,15000,15000,281,15000
1787294684485,49700,15000,15000,281,15000
1787294684585,49700,15000,15000,281,15000
1787294684685,49700,15000,15000,281,15000
1787294684786,49700,15000,15000,281,15000
1787294684886,49700,15000,15000,281,15000
1787294684986,49700,15000,15000,281,15000
1787294685085,49700,15000,15000,281,15000
1787294685185,49700,15000,14900,281,15000
1787294685285,49700,15000,14900,281,15000
1787294685386,49700,15000,14900,281,15000
1787294685485,49700,15000,14900,281,15000
1787294685586,49700,15000,14900,281,15000
1787294685686,49700,15000,14900,281,15000
1787294685786,49700,15000,14900,281,15000
1787294685886,49700,15000,14900,281,15000
1787294685986,49700,15000,14900,281,15000
1787294686085,49700,15000,14900,281,15000
1787294686186,49700,15000,14900,281,15000
1787294686285,49700,15000,14900,281,15000
1787294686386,49700,15000,14900,281,15000
1787294686485,49700,15000,14900,281,15000
1787294686586,49700,15000,14900,281,15000
1787294686685,49700,15000,14900,281,15000
1787294686785,49700,15000,14900,281,15000
1787294686886,49700,15000,14900,281,15000
1787294686986,49700,15000,14900,281,15000
1787294687085,49700,15000,14900,281,15000
1787294687186,49700,15000,14900,281,15000
1787294687285,49700,15000,14900,281,15000
1787294687386,49700,15000,14900,281,15000
1787294687485,49700,15000,14900,281,15000
1787294687586,49700,15000,14900,281,15000
1787294687685,49700,15000,14900,281,15000
1787294687785,49700,15000,14900,281,15000
1787294687885,49700,15000,14900,281,15000
1787294687986,49700,15000,14900,281,15000
1787294688086,49700,15000,14900,281,15000
1787294688186,49700,15000,14900,281,15000
1787294688285,49700,15000,14900,281,15000
1787294688386,49700,15000,14900,281,15000
1787294688486,49700,15000,14900,281,15000
1787294688585,49700,15000,14900,281,15000
1787294688686,49700,15000,14900,281,15000
1787294688785,49700,15000,14900,281,15000
1787294688885,49700,15000,14900,281,15000
1787294688985,49700,15000,14900,281,15000
1787294689086,49700,15000,14900,281,15000
1787294689185,49700,15000,14900,281,15000
1787294689286,49700,15000,14900,281,15000
1787294689385,49700,15000,15000,281,15000
1787294689485,49700,15000,15000,281,15000
1787294689586,49700,15000,15000,281,15000
1787294689685,49700,15000,15000,281,15000
1787294689785,49700,15000,15000,281,15000
1787294689886,49700,15000,15000,281,15000
1787294689986,49700,15000,14900,281,15000
1787294690085,49700,15000,14900,281,15000
1787294690186,49700,15000,14900,281,15000
1787294690285,49700,15000,14900,281,15000
1787294690386,49700,15000,14900,281,15000
1787294690486,49700,15000,14900,281,15000
1787294690586,49700,15000,14900,281,15000
1787294690686,49700,15000,14900,281,15000
1787294690786,49700,15000,14900,281,15000
1787294690886,49700,15000,14900,281,15000
1787294690986,49700,15000,14900,281,15000
1787294691086,49700,15000,14900,281,15000
1787294691185,49700,15000,14900,281,15000
1787294691286,49700,15000,14900,281,15000
1787294691386,49700,15000,14900,281,15000
1787294691486,49700,15000,14900,281,15000
1787294691586,49700,15000,14900,281,15000
1787294691686,49700,15000,14900,281,15000
1787294691785,49700,15000,14900,281,15000
1787294691886,49700,15000,14900,281,15000
1787294691985,49700,15000,14900,281,15000
1787294692086,49700,15000,14900,281,15000
1787294692186,49700,15000,14900,281,15000
1787294692286,49700,15000,14900,281,15000
1787294692385,49700,15000,14900,281,15000
1787294692486,49700,15000,14900,281,15000
1787294692586,49700,15000,14900,281,15000
1787294692686,49700,15000,14900,281,15000
1787294692785,49700,15000,14900,281,15000
1787294692886,49700,15000,14900,281,15000
1787294692986,49700,15000,14900,281,15000
1787294693086,49700,15000,14900,281,15000
1787294693186,49700,15000,14900,281,15000
1787294693285,49700,15000,14900,281,15000
1787294693386,49700,15000,14900,281,15000
1787294693486,49700,15000,14900,281,15000
1787294693586,49700,15000,14900,281,15000
1787294693685,49700,15000,14900,281,15000
1787294693786,49700,15000,14900,281,15000
1787294693885,49700,15000,14900,281,15000
1787294693986,49700,15000,14900,281,15000
1787294694086,49700,15000,14900,281,15000
1787294694186,49700,15000,14800,281,15000
1787294694285,49700,15000,14800,281,15000
1787294694386,49700,15000,14800,281,15000
1787294694485,49700,15000,14800,281,15000
1787294694586,49700,15000,14800,281,15000
1787294694685,49700,15000,14800,281,15000
1787294694786,49700,15000,14900,281,15000
1787294694885,49700,15000,14900,281,15000
1787294694985,49700,15000,14900,281,15000
1787294695086,49700,15000,14900,281,15000
1787294695185,49700,15000,14900,281,15000
1787294695285,49700,15000,14900,281,15000
1787294695386,49700,15000,14900,281,15000
1787294695486,49700,15000,14900,281,15000
1787294695586,49700,15000,14900,281,15000
1787294695685,49700,15000,14900,281,15000
1787294695785,49700,15000,14900,281,15000
1787294695885,49700,15000,14900,281,15000
1787294695986,49700,15000,14900,281,15000
1787294696085,49700,15000,14900,281,15000
1787294696186,49700,15000,14900,281,15000
1787294696285,49700,15000,14900,281,15000
1787294696386,49700,15000,14900,281,15000
1787294696486,49700,15000,14900,281,15000
1787294696586,49700,15000,14900,281,15000
1787294696686,49700,15000,14900,281,15000
1787294696785,49700,15000,14900,281,15000
1787294696886,49700,15000,14900,281,15000
1787294696986,49700,15000,14900,281,15000
1787294697086,49700,15000,14900,281,15000
1787294697186,49700,15000,14900,281,15000
1787294697286,49700,15000,14900,281,15000
1787294697386,49700,15000,14900,281,15000
1787294697486,49700,15000,14900,281,15000
1787294697586,49700,15000,14900,281,15000
1787294697685,49700,15000,14900,281,15000
1787294697786,49700,15000,14900,281,15000
1787294697886,49700,15000,14900,281,15000
1787294697986,49700,15000,14900,281,15000
1787294698085,49700,15000,14900,281,15000
1787294698186,49700,15000,14900,281,15000
1787294698285,49700,15000,14900,281,15000
1787294698385,49700,15000,14900,281,15000
1787294698485,49700,15000,14900,281,15000
1787294698586,49700,15000,15000,281,15000
1787294698686,49700,15000,15000,281,15000
1787294698786,49700,15000,15000,281,15000
1787294698886,49700,15000,15000,281,15000
1787294698985,49700,15000,15000,281,15000
1787294699085,49700,15000,15000,281,15000
1787294699186,49700,15000,14900,281,15000
1787294699285,49700,15000,14900,281,15000
1787294699386,49700,15000,14900,281,15000
1787294699486,49700,15000,14900,281,15000
1787294699585,49700,15000,14900,281,15000
1787294699685,49700,15000,14900,281,15000
1787294699786,49700,15000,14900,281,15000
1787294699886,49700,15000,14900,281,15000
1787294699986,49700,15000,14900,281,15000
1787294700086,49700,15000,14900,281,15000
1787294700186,49700,15000,14900,281,15000
1787294700286,49700,15000,14900,281,15000
1787294700386,49700,15000,14900,281,15000
1787294700485,49700,15000,14900,281,15000
1787294700585,49700,15000,14900,281,15000
1787294700686,49700,15000,14900,281,15000
1787294700786,49700,15000,14900,281,15000
1787294700886,49700,15000,14900,281,15000
1787294700985,49700,15000,14900,281,15000
1787294701086,49700,15000,14900,281,15000
1787294701186,49700,15000,14900,281,15000
1787294701286,49700,15000,14900,281,15000
1787294701386,49700,15000,14900,281,15000
1787294701486,49700,15000,14900,281,15000
1787294701586,49700,15000,14900,281,15000
1787294701686,49700,15000,14900,281,15000
1787294701785,49700,15000,14900,281,15000
1787294701886,49700,15000,14900,281,15000
1787294701986,49700,15000,14900,281,15000
1787294702085,49700,15000,14900,281,15000
1787294702186,49700,15000,14900,281,15000
1787294702286,49700,15000,14900,281,15000
1787294702386,49700,15000,14900,281,15000
1787294702485,49700,15000,14900,281,15000
1787294702586,49700,15000,14900,281,15000
1787294702686,49700,15000,14900,281,15000
1787294702785,49700,15000,14900,281,15000
1787294702885,49700,15000,14900,281,15000
1787294702986,49700,15000,14900,281,15000
1787294703086,49700,15000,14900,281,15000
1787294703186,49700,15000,14900,281,15000
1787294703286,49700,15000,14900,281,15000
1787294703386,49700,15000,14900,281,15000
1787294703486,49700,15000,14900,281,15000
1787294703585,49700,15000,14900,281,15000
1787294703686,49700,15000,14900,281,15000
1787294703786,49700,15000,14900,281,15000
1787294703886,49700,15000,14900,281,15000
1787294703985,49700,15000,15000,281,15000
1787294704086,49700,15000,15000,281,15000
1787294704185,49700,15000,15000,281,15000
1787294704286,49700,15000,15000,281,15000
1787294704386,49700,15000,15000,281,15000
1787294704486,49700,15000,15000,281,15000
1787294704586,49700,15000,14900,281,15000
1787294704686,49700,15000,14900,281,15000
1787294704786,49700,15000,14900,281,15000
1787294704886,49700,15000,14900,281,15000
1787294704985,49700,15000,14900,281,15000
1787294705085,49700,15000,14900,281,15000
1787294705185,49700,15000,14900,281,15000
1787294705286,49700,15000,14900,281,15000
1787294705386,49700,15000,14900,281,15000
1787294705486,49700,15000,14900,281,15000
1787294705586,49700,15000,15000,281,15000
1787294705686,49700,15000,15000,281,15000
1787294705786,49700,15000,15000,281,15000
1787294705886,49700,15000,15000,281,15000
1787294705986,49700,15000,15000,281,15000
1787294706085,49700,15000,15000,281,15000
1787294706185,49700,15000,15000,281,15000
1787294706286,50000,0,14900,281,15000
1787294706385,50000,0,14900,281,15000
1787294706486,50000,0,14900,281,15000
1787294706585,50000,0,14900,281,15000
1787294706686,50000,0,14900,281,15000
1787294706786,50000,0,14900,281,15000
1787294706886,50000,0,1300,281,15000
1787294706986,50000,0,1300,281,15000
1787294707085,50000,0,1300,281,15000
1787294707186,50000,0,1300,281,15000
1787294707286,50000,0,1300,281,15000
1787294707386,50000,0,1300,281,15000
1787294707485,50000,0,1300,281,15000
1787294707586,50000,0,-100,281,15000
1787294707686,50000,0,-100,281,15000
1787294707786,50000,0,-100,281,15000
1787294707885,50000,0,-100,281,15000
1787294707986,50000,0,-100,281,15000
1787294708086,50000,0,-100,281,15000
1787294708186,50000,0,0,281,15000
1787294708286,50000,0,0,281,15000
1787294708386,50000,0,0,281,15000
1787294708485,50000,0,0,281,15000
1787294708586,50000,0,0,281,15000
1787294708686,50000,0,0,281,15000
1787294708785,50000,0,0,281,15000
1787294708885,50000,0,0,281,15000
1787294708985,50000,0,0,281,15000
1787294709086,50000,0,0,281,15000
1787294709185,50000,0,0,281,15000
1787294709286,50000,0,0,281,15000
1787294709386,50000,0,0,281,15000
1787294709485,50000,0,0,281,15000
1787294709585,50000,0,0,281,15000
1787294709685,50000,0,0,281,15000
1787294709786,50000,0,0,281,15000
1787294709886,50000,0,0,281,15000
1787294709986,50000,0,0,281,15000
1787294710086,50000,0,0,281,15000
1787294710186,50000,0,0,281,15000
1787294710286,50000,0,0,281,15000
1787294710386,50000,0,0,281,15000
1787294710486,50000,0,0,281,15000
1787294710585,50000,0,0,281,15000
1787294710686,50000,0,0,281,15000
1787294710786,50000,0,0,281,15000
1787294710886,50000,0,0,281,15000
1787294710986,50000,0,0,281,15000
1787294711086,50000,0,0,281,15000
1787294711186,50000,0,0,281,15000
1787294711286,50000,0,0,281,15000
1787294711385,50000,0,0,281,15000
1787294711486,50000,0,0,281,15000
1787294711586,50000,0,0,281,15000
1787294711685,50000,0,0,281,15000
1787294711786,50000,0,0,281,15000
1787294711886,50000,0,0,281,15000
1787294711985,50000,0,0,281,15000
1787294712086,50000,0,0,281,15000
1787294712185,50000,0,0,281,15000
1787294712286,50000,0,0,281,15000
1787294712386,50000,0,0,281,15000
1787294712486,50000,0,0,281,15000
1787294712585,50000,0,0,281,15000
1787294712685,50000,0,0,281,15000
1787294712786,50000,0,0,281,15000
1787294712885,50000,0,0,281,15000
1787294712985,50000,0,0,281,15000
1787294713086,50000,0,0,281,15000
1787294713186,50000,0,0,281,15000
1787294713286,50000,0,0,281,15000
1787294713386,50000,0,0,281,15000
1787294713486,50000,0,0,281,15000
1787294713586,50000,0,0,281,15000
1787294713686,50000,0,0,281,15000
1787294713786,50000,0,0,281,15000
1787294713886,50000,0,0,281,15000
1787294713986,50000,0,0,281,15000
1787294714086,50000,0,0,281,15000
1787294714185,50000,0,0,281,15000
1787294714286,50000,0,0,281,15000
1787294714386,50000,0,0,281,15000
1787294714486,50000,0,0,281,15000
1787294714586,50000,0,0,281,15000
1787294714686,50000,0,0,281,15000
1787294714786,50000,0,0,281,15000
1787294714886,50000,0,0,281,15000
1787294714986,50000,0,0,281,15000
1787294715085,50000,0,0,281,15000
1787294715185,50000,0,0,281,15000
1787294715285,50000,0,0,281,15000
1787294715386,50000,0,0,281,15000
1787294715486,50000,0,0,281,15000
1787294715586,50000,0,0,281,15000
1787294715686,50000,0,0,281,15000
1787294715785,50000,0,0,281,15000
1787294715886,50000,0,0,281,15000
1787294715985,50000,0,0,281,15000
1787294716085,50000,0,0,281,15000
1787294716186,50000,0,0,281,15000
1787294716286,50000,0,0,281,15000
1787294716385,50000,0,0,281,15000
1787294716486,50000,0,0,281,15000
1787294716585,50000,0,0,281,15000
1787294716685,50000,0,0,281,15000
1787294716786,50000,0,0,281,15000
1787294716886,50000,0,0,281,15000
1787294716985,50000,0,0,281,15000
1787294717085,50000,0,0,281,15000
1787294717186,50000,0,0,281,15000
1787294717286,50000,0,0,281,15000
1787294717386,50000,0,0,281,15000
1787294717486,50000,0,0,281,15000
1787294717586,50000,0,0,281,15000
1787294717685,50000,0,0,281,15000
1787294717785,50000,0,0,281,15000
1787294717886,50000,0,0,281,15000
1787294717986,50000,0,0,281,15000
1787294718086,50000,0,0,281,15000
1787294718185,50000,0,0,281,15000
1787294718286,50000,0,0,281,15000
1787294718385,50000,0,0,281,15000
1787294718486,50000,0,0,281,15000
1787294718586,50000,0,0,281,15000
1787294718685,50000,0,0,281,15000
1787294718786,50000,0,0,281,15000
1787294718885,50000,0,0,281,15000
1787294718985,50000,0,0,281,15000
1787294719085,50000,0,0,281,15000
1787294719185,50000,0,0,281,15000
1787294719286,50000,0,0,281,15000
1787294719385,50000,0,0,281,15000
1787294719486,50000,0,0,281,15000
1787294719585,50000,0,0,281,15000
1787294719685,50000,0,0,281,15000
1787294719786,50000,0,0,281,15000
1787294719886,50000,0,0,281,15000
1787294719985,50000,0,0,281,15000
1787294720085,50000,0,0,281,15000
1787294720186,50000,0,0,281,15000
1787294720285,50000,0,0,281,15000
1787294720386,50000,0,0,281,15000
1787294720486,50000,0,0,281,15000
1787294720586,50000,0,0,281,15000
1787294720685,50000,0,0,281,15000
1787294720786,50000,0,0,281,15000
1787294720886,50000,0,0,281,15000
1787294720985,50000,0,0,281,15000
1787294721086,50000,0,0,281,15000
1787294721185,50000,0,0,281,15000
1787294721286,50000,0,0,281,15000
1787294721386,50000,0,0,281,15000
1787294721486,50000,0,0,281,15000
1787294721586,50000,0,0,281,15000
1787294721686,50000,0,0,281,15000
1787294721786,50000,0,0,281,15000
1787294721885,50000,0,0,281,15000
1787294721986,50000,0,0,281,15000
1787294722086,50000,0,0,281,15000
1787294722186,50000,0,0,281,15000
1787294722286,50000,0,0,281,15000
1787294722386,50000,0,0,281,15000
1787294722486,50000,0,0,281,15000
1787294722586,50000,0,0,281,15000
1787294722686,50000,0,0,281,15000
1787294722786,50000,0,0,281,15000
1787294722886,50000,0,0,281,15000
1787294722986,50000,0,0,281,15000
1787294723086,50000,0,0,281,15000
1787294723186,50000,0,0,281,15000
1787294723286,50000,0,0,281,15000
1787294723386,50000,0,0,281,15000
1787294723486,50000,0,0,281,15000
1787294723586,50000,0,0,281,15000
1787294723686,50000,0,0,281,15000
1787294723785,50000,0,0,281,15000
1787294723886,50000,0,0,281,15000
1787294723986,50000,0,0,281,15000
1787294724086,50000,0,0,281,15000
1787294724185,50000,0,0,281,15000
1787294724286,50000,0,0,281,15000
1787294724386,50000,0,0,281,15000
1787294724486,50000,0,0,281,15000
1787294724586,50000,0,0,281,15000
1787294724686,50000,0,0,281,15000
1787294724786,50000,0,0,281,15000
1787294724886,50000,0,0,281,15000
1787294724986,50000,0,0,281,15000
1787294725086,50000,0,0,281,15000
1787294725185,50000,0,0,281,15000
1787294725286,50000,0,0,281,15000
1787294725385,50000,0,0,281,15000
1787294725485,50000,0,0,281,15000
1787294725586,50000,0,0,281,15000
1787294725686,50000,0,0,281,15000
1787294725786,50000,0,0,281,15000
1787294725885,50000,0,0,281,15000
1787294725986,50000,0,0,281,15000
1787294726086,50000,0,0,281,15000
1787294726185,50000,0,0,281,15000
1787294726286,50000,0,0,281,15000
1787294726386,50000,0,0,281,15000
1787294726485,50000,0,0,281,15000
1787294726586,50000,0,0,281,15000
1787294726686,50000,0,0,281,15000
1787294726785,50000,0,0,281,15000
1787294726885,50000,0,0,281,15000
1787294726986,50000,0,0,281,15000
1787294727086,50000,0,0,281,15000
1787294727186,50000,0,0,281,15000
1787294727286,50000,0,0,281,15000
1787294727386,50000,0,0,281,15000
1787294727486,50000,0,0,281,15000
1787294727586,50000,0,0,281,15000
1787294727685,50000,0,0,281,15000
1787294727786,50000,0,0,280,15000
1787294727885,50000,0,0,280,15000
1787294727986,50000,0,0,280,15000
1787294728086,50000,0,0,280,15000
1787294728186,50000,0,0,280,15000
1787294728286,50000,0,0,280,15000
1787294728386,50000,0,0,280,15000
1787294728486,50000,0,0,280,15000
1787294728586,50000,0,0,280,15000
1787294728685,50000,0,0,280,15000
1787294728786,50000,0,0,280,15000
1787294728886,50000,0,0,280,15000
1787294728986,50000,0,0,280,15000
1787294729086,50000,0,0,280,15000
1787294729186,50000,0,0,280,15000
1787294729286,50000,0,0,280,15000
1787294729386,50000,0,0,280,15000
1787294729486,50000,0,0,280,15000
1787294729586,50000,0,0,280,15000
1787294729685,50000,0,0,280,15000
1787294729785,50000,0,0,280,15000
1787294729886,50000,0,0,280,15000
1787294729986,50000,0,0,280,15000
1787294730086,50000,0,0,280,15000
1787294730186,50000,0,0,280,15000
1787294730285,50000,0,0,280,15000
1787294730386,50000,0,0,280,15000
1787294730485,50000,0,0,280,15000
1787294730586,50000,0,0,280,15000
1787294730686,50000,0,0,280,15000
1787294730786,50000,0,0,280,15000
1787294730886,50000,0,0,280,15000
1787294730986,50000,0,0,280,15000
1787294731085,50000,0,0,280,15000
1787294731186,50000,0,0,280,15000
1787294731286,50000,0,0,280,15000
1787294731386,50000,0,0,280,15000
1787294731486,50000,0,0,280,15000
1787294731585,50000,0,0,280,15000
1787294731686,50000,0,0,280,15000
1787294731786,50000,0,0,280,15000
1787294731885,50000,0,0,280,15000
1787294731985,50000,0,0,280,15000
1787294732086,50000,0,0,280,15000
1787294732186,50000,0,0,280,15000
1787294732286,50000,0,0,280,15000
1787294732386,50000,0,0,280,15000
1787294732485,50000,0,0,280,15000
1787294732585,50000,0,0,280,15000
1787294732686,50000,0,0,280,15000
1787294732785,50000,0,0,280,15000
1787294732885,50000,0,0,280,15000
1787294732986,50000,0,0,280,15000
1787294733085,50000,0,0,280,15000
1787294733186,50000,0,0,280,15000
1787294733286,50000,0,0,280,15000
1787294733386,50000,0,0,280,15000
1787294733486,50000,0,0,280,15000
1787294733586,50000,0,0,280,15000
1787294733685,50000,0,0,280,15000
1787294733785,50000,0,0,280,15000
1787294733886,50000,0,0,280,15000
1787294733986,50000,0,0,280,15000
1787294734086,50000,0,0,280,15000
1787294734185,50000,0,0,280,15000
1787294734286,50000,0,0,280,15000
1787294734386,50000,0,0,280,15000
1787294734486,50000,0,0,280,15000
1787294734586,50000,0,0,280,15000
1787294734686,50000,0,0,280,15000
1787294734786,50000,0,0,280,15000
1787294734885,50000,0,0,280,15000
1787294734986,50000,0,0,280,15000
1787294735086,50000,0,0,280,15000
1787294735186,50000,0,0,280,15000
1787294735286,50000,0,0,280,15000
1787294735386,50000,0,0,280,15000
1787294735485,50000,0,0,280,15000
1787294735585,50000,0,0,280,15000
1787294735686,50000,0,0,280,15000
1787294735786,50000,0,0,280,15000
1787294735886,50000,0,0,280,15000
1787294735986,50000,0,0,280,15000
1787294736086,50000,0,0,280,15000
1787294736186,50000,0,0,280,15000
1787294736286,50000,0,0,280,15000
1787294736386,50000,0,0,280,15000
1787294736486,50000,0,0,280,15000
1787294736585,50000,0,0,280,15000
1787294736686,50000,0,0,280,15000
1787294736786,50000,0,0,280,15000
1787294736885,50000,0,0,280,15000
1787294736986,50000,0,0,280,15000
1787294737085,50000,0,0,280,15000
1787294737185,50000,0,0,280,15000
1787294737286,50000,0,0,280,15000
1787294737386,50000,0,0,280,15000
1787294737486,50000,0,0,280,15000
1787294737586,50000,0,0,280,15000
1787294737685,50000,0,0,280,15000
1787294737785,50000,0,0,280,15000
1787294737885,50000,0,0,280,15000
1787294737985,50000,0,0,280,15000
1787294738085,50000,0,0,280,15000
1787294738185,50000,0,0,280,15000
1787294738286,50000,0,0,280,15000
1787294738386,50000,0,0,280,15000
1787294738486,50000,0,0,280,15000
1787294738586,50000,0,0,280,15000
1787294738686,50000,0,0,280,15000
1787294738786,50000,0,0,280,15000
1787294738886,50000,0,0,280,15000
1787294738985,50000,0,0,280,15000
1787294739086,50000,0,0,280,15000
1787294739186,50000,0,0,280,15000
1787294739285,50000,0,0,280,15000
1787294739386,50000,0,0,280,15000
1787294739486,50000,0,0,280,15000
1787294739586,50000,0,0,280,15000
1787294739686,50000,0,0,280,15000
1787294739786,50000,0,0,280,15000
1787294739886,50000,0,0,280,15000
1787294739986,50000,0,0,280,15000
1787294740085,50000,0,0,280,15000
1787294740186,50000,0,0,280,15000
1787294740286,50000,0,0,280,15000
1787294740386,50000,0,0,280,15000
1787294740486,50000,0,0,280,15000
1787294740586,50000,0,0,280,15000
1787294740686,50000,0,0,280,15000
1787294740786,50000,0,0,280,15000
1787294740885,50000,0,0,280,15000
1787294740986,50000,0,0,280,15000
1787294741085,50000,0,0,280,15000
1787294741186,50000,0,0,280,15000
1787294741286,50000,0,0,280,15000
1787294741385,50000,0,0,280,15000
1787294741486,50000,0,0,280,15000
1787294741586,50000,0,0,280,15000
1787294741686,50000,0,0,280,15000
1787294741785,50000,0,0,280,15000
1787294741886,50000,0,0,280,15000
1787294741986,50000,0,0,280,15000
1787294742086,50000,0,0,280,15000
1787294742186,50000,0,0,280,15000
1787294742285,50000,0,0,280,15000
1787294742385,50000,0,0,280,15000
1787294742486,50000,0,0,280,15000
1787294742585,50000,0,0,280,15000
1787294742685,50000,0,0,280,15000
1787294742786,50000,0,0,280,15000
1787294742886,50000,0,0,280,15000
1787294742986,50000,0,0,280,15000
1787294743086,50000,0,0,280,15000
1787294743186,50000,0,0,280,15000
1787294743285,50000,0,0,280,15000
1787294743385,50000,0,0,280,15000
1787294743485,50000,0,0,280,15000
1787294743586,50000,0,0,280,15000
1787294743686,50000,0,0,280,15000
1787294743785,50000,0,0,280,15000
1787294743886,50000,0,0,280,15000
1787294743985,50000,0,0,280,15000
1787294744085,50000,0,0,280,15000
1787294744185,50000,0,0,280,15000
1787294744285,50000,0,0,280,15000
1787294744386,50000,0,0,280,15000
1787294744486,50000,0,0,280,15000
1787294744585,50000,0,0,280,15000
1787294744685,50000,0,0,280,15000
1787294744786,50000,0,0,280,15000
1787294744886,50000,0,0,280,15000
1787294744986,50000,0,0,280,15000
1787294745085,50000,0,0,280,15000
1787294745186,50000,0,0,280,15000
1787294745286,50000,0,0,280,15000
1787294745386,50000,0,0,280,15000
1787294745485,50000,0,0,280,15000
1787294745586,50000,0,0,280,15000
1787294745685,50000,0,0,280,15000
1787294745785,50000,0,0,280,15000
1787294745885,50000,0,0,280,15000
1787294745985,50000,0,0,280,15000
1787294746086,50000,0,0,280,15000
1787294746186,50000,0,0,280,15000
1787294746286,50000,0,0,280,15000
1787294746386,50000,0,0,280,15000
1787294746486,50000,0,0,280,15000
1787294746586,50000,0,0,280,15000
1787294746686,50000,0,0,280,15000
1787294746785,50000,0,0,280,15000
1787294746886,50000,0,0,280,15000
1787294746985,50000,0,0,280,15000
1787294747086,50000,0,0,280,15000
1787294747186,50000,0,0,280,15000
1787294747285,50000,0,0,280,15000
1787294747386,50000,0,0,280,15000
1787294747485,50000,0,0,280,15000
1787294747586,50000,0,0,280,15000
1787294747686,50000,0,0,280,15000
1787294747786,50000,0,0,280,15000
1787294747886,50000,0,0,280,15000
1787294747986,50000,0,0,280,15000
1787294748086,50000,0,0,280,15000
1787294748186,50000,0,0,280,15000
1787294748285,50000,0,0,280,15000
1787294748386,50000,0,0,280,15000
1787294748486,50000,0,0,280,15000
1787294748586,50000,0,0,280,15000
1787294748686,50000,0,0,280,15000
1787294748785,50000,0,0,280,15000
1787294748885,50000,0,0,280,15000
1787294748986,50000,0,0,280,15000
1787294749086,50000,0,0,280,15000
1787294749186,50000,0,0,280,15000
1787294749286,50000,0,0,280,15000
1787294749386,50000,0,0,280,15000
1787294749486,50000,0,0,280,15000
1787294749586,50000,0,0,280,15000
1787294749685,50000,0,0,280,15000
1787294749786,50000,0,0,280,15000
1787294749886,50000,0,0,280,15000
1787294749986,50000,0,0,280,15000
1787294750085,50000,0,0,280,15000
1787294750185,50000,0,0,280,15000
1787294750286,50000,0,0,280,15000
1787294750386,50000,0,0,280,15000
1787294750486,50000,0,0,280,15000
1787294750586,50000,0,0,280,15000
1787294750686,50000,0,0,280,15000
1787294750786,50000,0,0,280,15000
1787294750886,50000,0,0,280,15000
1787294750986,50000,0,0,280,15000
1787294751085,50000,0,0,280,15000
1787294751186,50000,0,0,280,15000
1787294751285,50000,0,0,280,15000
1787294751386,50000,0,0,280,15000
1787294751485,50000,0,0,280,15000
1787294751585,50000,0,0,280,15000
1787294751685,50000,0,0,280,15000
1787294751786,50000,0,0,280,15000
1787294751886,50000,0,0,280,15000
1787294751985,50000,0,0,280,15000
1787294752085,50000,0,0,280,15000
1787294752186,50000,0,0,280,15000
1787294752285,50000,0,0,280,15000
1787294752386,50000,0,0,280,15000
1787294752485,50000,0,0,280,15000
1787294752586,50000,0,0,280,15000
1787294752686,50000,0,0,280,15000
1787294752785,50000,0,0,280,15000
1787294752885,50000,0,0,280,15000
1787294752986,50000,0,0,280,15000
1787294753086,50000,0,0,280,15000
1787294753186,50000,0,0,280,15000
1787294753285,50000,0,0,280,15000
1787294753385,50000,0,0,280,15000
1787294753486,50000,0,0,280,15000
1787294753586,50000,0,0,280,15000
1787294753686,50000,0,0,280,15000
1787294753786,50000,0,0,280,15000
1787294753886,50000,0,0,280,15000
1787294753986,50000,0,0,280,15000
1787294754086,50000,0,0,280,15000
1787294754186,50000,0,0,280,15000
1787294754286,50000,0,0,280,15000
1787294754385,50000,0,0,280,15000
1787294754486,50000,0,0,280,15000
1787294754586,50000,0,0,280,15000
1787294754685,50000,0,0,280,15000
1787294754786,50000,0,0,280,15000
1787294754885,50000,0,0,280,15000
1787294754986,50000,0,0,280,15000
1787294755086,50000,0,0,280,15000
1787294755186,50000,0,0,280,15000
1787294755286,50000,0,0,280,15000
1787294755385,50000,0,0,280,15000
1787294755485,50000,0,0,280,15000
1787294755586,50000,0,0,280,15000
1787294755686,50000,0,0,280,15000
1787294755786,50000,0,0,280,15000
1787294755886,50000,0,0,280,15000
1787294755985,50000,0,0,280,15000
1787294756086,50000,0,0,280,15000
1787294756186,50000,0,0,280,15000
1787294756286,50000,0,0,280,15000
1787294756386,50000,0,0,280,15000
1787294756486,50000,0,0,280,15000
1787294756586,50000,0,0,280,15000
1787294756686,50000,0,0,280,15000
1787294756786,50000,0,0,280,15000
1787294756886,50000,0,0,280,15000
1787294756985,50000,0,0,280,15000
1787294757086,50000,0,0,280,15000
1787294757186,50000,0,0,280,15000
1787294757285,50000,0,0,280,15000
1787294757385,50000,0,0,280,15000
1787294757485,50000,0,0,280,15000
1787294757586,50000,0,0,280,15000
1787294757686,50000,0,0,280,15000
1787294757786,50000,0,0,280,15000
1787294757886,50000,0,0,280,15000
1787294757986,50000,0,0,280,15000
1787294758086,50000,0,0,280,15000
1787294758186,50000,0,0,280,15000
1787294758286,50000,0,0,280,15000
1787294758386,50000,0,0,280,15000
1787294758486,50000,0,0,280,15000
1787294758586,50000,0,0,280,15000
1787294758685,50000,0,0,280,15000
1787294758785,50000,0,0,280,15000
1787294758886,50000,0,0,280,15000
1787294758985,50000,0,0,280,15000
1787294759086,50000,0,0,280,15000
1787294759186,50000,0,0,280,15000
1787294759285,50000,0,0,280,15000
1787294759386,50000,0,0,280,15000
1787294759485,50000,0,0,280,15000
1787294759585,50000,0,0,280,15000
1787294759686,50000,0,0,280,15000
1787294759786,50000,0,0,280,15000
1787294759886,50000,0,0,280,15000
1787294759986,50000,0,0,280,15000
1787294760086,50000,0,0,280,15000
1787294760186,50000,0,0,280,15000
1787294760285,50000,0,0,280,15000
1787294760385,50000,0,0,280,15000
1787294760485,50000,0,0,280,15000
1787294760585,50000,0,0,280,15000
1787294760686,50000,0,0,280,15000
1787294760786,50000,0,0,280,15000
1787294760885,50000,0,0,280,15000
1787294760985,50000,0,0,280,15000
1787294761085,50000,0,0,280,15000
1787294761186,50000,0,0,280,15000
1787294761285,50000,0,0,280,15000
1787294761385,50000,0,0,280,15000
1787294761486,50000,0,0,280,15000
1787294761586,50000,0,0,280,15000
1787294761686,50000,0,0,280,15000
1787294761786,50000,0,0,280,15000
1787294761886,50000,0,0,280,15000
1787294761986,50000,0,0,280,15000
1787294762085,50000,0,0,280,15000
1787294762185,50000,0,0,280,15000
1787294762286,50000,0,0,280,15000
1787294762386,50000,0,0,280,15000
1787294762486,50000,0,0,280,15000
1787294762585,50000,0,0,280,15000
1787294762686,50000,0,0,280,15000
1787294762786,50000,0,0,280,15000
1787294762886,50000,0,0,280,15000
1787294762986,50000,0,0,280,15000
1787294763086,50000,0,0,280,15000
1787294763186,50000,0,0,280,15000
1787294763285,50000,0,0,280,15000
1787294763385,50000,0,0,280,15000
1787294763485,50000,0,0,280,15000
1787294763586,50000,0,0,280,15000
1787294763686,50000,0,0,280,15000
1787294763785,50000,0,0,280,15000
1787294763886,50000,0,0,280,15000
1787294763986,50000,0,0,280,15000
1787294764086,50000,0,0,280,15000
1787294764186,50000,0,0,280,15000
1787294764285,50000,0,0,280,15000
1787294764386,50000,0,0,280,15000
1787294764486,50000,0,0,280,15000
1787294764585,50000,0,0,280,15000
1787294764685,50000,0,0,280,15000
1787294764785,50000,0,0,280,15000
1787294764886,50000,0,0,280,15000
1787294764985,50000,0,0,280,15000
1787294765086,50000,0,0,280,15000
1787294765185,50000,0,0,280,15000
1787294765285,50000,0,0,280,15000
1787294765385,50000,0,0,280,15000
1787294765486,50000,0,0,280,15000
1787294765585,50000,0,0,280,15000
1787294765686,50000,0,0,280,15000
1787294765786,50000,0,0,280,15000
1787294765886,50000,0,0,280,15000
1787294765986,50000,0,0,280,15000
1787294766085,50000,0,0,280,15000
1787294766185,50000,0,0,280,15000
1787294766286,50000,0,0,280,15000
1787294766386,50000,0,0,280,15000
1787294766485,50000,0,0,280,15000
1787294766585,50000,0,0,280,15000
1787294766685,50000,0,0,280,15000
1787294766786,50000,0,0,280,15000
1787294766886,50000,0,0,280,15000
1787294766986,50000,0,0,280,15000
1787294767086,50000,0,0,280,15000
1787294767185,50000,0,0,280,15000
1787294767285,50000,0,0,280,15000
1787294767385,50000,0,0,280,15000
1787294767485,50000,0,0,280,15000
1787294767586,50000,0,0,280,15000
1787294767685,50000,0,0,280,15000
1787294767785,50000,0,0,280,15000
1787294767886,50000,0,0,280,15000
1787294767986,50000,0,0,280,15000
1787294768086,50000,0,0,280,15000
1787294768185,50000,0,0,280,15000
1787294768285,50000,0,0,280,15000
1787294768386,50000,0,0,280,15000
1787294768486,50000,0,0,280,15000
1787294768586,50000,0,0,280,15000
1787294768686,50000,0,0,280,15000
1787294768786,50000,0,0,280,15000
1787294768885,50000,0,0,280,15000
1787294768986,50000,0,0,280,15000
1787294769086,50000,0,0,280,15000
1787294769185,50000,0,0,280,15000
1787294769285,50000,0,0,280,15000
1787294769386,50000,0,0,280,15000
1787294769486,50000,0,0,280,15000
1787294769585,50000,0,0,280,15000
1787294769686,50000,0,0,280,15000
1787294769785,50000,0,0,280,15000
1787294769885,50000,0,0,280,15000
1787294769986,50000,0,0,280,15000
1787294770086,50000,0,0,280,15000
1787294770186,50000,0,0,280,15000
1787294770286,50000,0,0,280,15000
1787294770385,50000,0,0,280,15000
1787294770485,50000,0,0,280,15000
1787294770586,50000,0,0,280,15000
1787294770685,50000,0,0,280,15000
1787294770785,50000,0,0,280,15000
1787294770886,50000,0,0,280,15000
1787294770986,50000,0,0,280,15000
1787294771086,50000,0,0,280,15000
1787294771186,50000,0,0,280,15000
1787294771285,50000,0,0,280,15000
1787294771385,50000,0,0,280,15000
1787294771486,50000,0,0,280,15000
1787294771586,50000,0,0,280,15000
1787294771686,50000,0,0,280,15000
1787294771785,50000,0,0,280,15000
1787294771886,50000,0,0,280,15000
1787294771985,50000,0,0,280,15000
1787294772086,50000,0,0,280,15000
1787294772185,50000,0,0,280,15000
1787294772285,50000,0,0,280,15000
1787294772386,50000,0,0,280,15000
1787294772486,50000,0,0,280,15000
1787294772585,50000,0,0,280,15000
1787294772685,50000,0,0,280,15000
1787294772786,50000,0,0,280,15000
1787294772886,50000,0,0,280,15000
1787294772986,50000,0,0,280,15000
1787294773086,50000,0,0,280,15000
1787294773186,50000,0,0,280,15000
1787294773285,50000,0,0,280,15000
1787294773386,50000,0,0,280,15000
1787294773486,50000,0,0,280,15000
1787294773586,50000,0,0,280,15000
1787294773686,50000,0,0,280,15000
1787294773786,50000,0,0,280,15000
1787294773885,50000,0,0,280,15000
1787294773986,50000,0,0,280,15000
1787294774086,50000,0,0,280,15000
1787294774186,50000,0,0,280,15000
1787294774285,50000,0,0,280,15000
1787294774386,50000,0,0,280,15000
1787294774486,50000,0,0,280,15000
1787294774585,50000,0,0,280,15000
1787294774685,50000,0,0,280,15000
1787294774786,50000,0,0,280,15000
1787294774885,50000,0,0,280,15000
1787294774986,50000,0,0,280,15000
1787294775085,50000,0,0,280,15000
1787294775186,50000,0,0,280,15000
1787294775286,50000,0,0,280,15000
1787294775386,50000,0,0,280,15000
1787294775485,50000,0,0,280,15000
1787294775586,50000,0,0,280,15000
1787294775686,50000,0,0,280,15000
1787294775786,50000,0,0,280,15000
1787294775886,50000,0,0,280,15000
1787294775985,50000,0,0,280,15000
1787294776086,50000,0,0,280,15000
1787294776186,50000,0,0,280,15000
1787294776285,50000,0,0,280,15000
1787294776386,50000,0,0,280,15000
1787294776485,50000,0,0,280,15000
1787294776586,50000,0,0,280,15000
1787294776686,50000,0,0,280,15000
1787294776786,50000,0,0,280,15000
1787294776885,50000,0,0,280,15000
1787294776985,50000,0,0,280,15000
1787294777086,50000,0,0,280,15000
1787294777185,50000,0,0,280,15000
1787294777286,50000,0,0,280,15000
1787294777386,50000,0,0,280,15000
1787294777486,50000,0,0,280,15000
1787294777585,50000,0,0,280,15000
1787294777686,50000,0,0,280,15000
1787294777786,50000,0,0,280,15000
1787294777885,50000,0,0,280,15000
1787294777985,50000,0,0,280,15000
1787294778085,50000,0,0,280,15000
1787294778186,50000,0,0,280,15000
1787294778285,50000,0,0,280,15000
1787294778385,50000,0,0,280,15000
1787294778486,50000,0,0,280,15000
1787294778585,50000,0,0,280,15000
1787294778686,50000,0,0,280,15000
1787294778786,50000,0,0,280,15000
1787294778886,50000,0,0,280,15000
1787294778985,50000,0,0,280,15000
1787294779086,50000,0,0,280,15000
1787294779186,50000,0,0,280,15000
1787294779285,50000,0,0,280,15000
1787294779385,50000,0,0,280,15000
1787294779486,50000,0,0,280,15000
1787294779586,50000,0,0,280,15000
1787294779686,50000,0,0,280,15000
1787294779785,50000,0,0,280,15000
1787294779886,50000,0,0,280,15000
1787294779986,50000,0,0,280,15000
1787294780085,50000,0,0,280,15000
1787294780186,50000,0,0,280,15000
1787294780285,50000,0,0,280,15000
1787294780385,50000,0,0,280,15000
1787294780486,50000,0,0,280,15000
1787294780586,50000,0,0,280,15000
1787294780686,50000,0,0,280,15000
1787294780785,50000,0,0,280,15000
1787294780885,50000,0,0,280,15000
1787294780986,50000,0,0,280,15000
1787294781086,50000,0,0,280,15000
1787294781186,50000,0,0,280,15000
1787294781286,50000,0,0,280,15000
1787294781386,50000,0,0,280,15000
1787294781485,50000,0,0,280,15000
1787294781586,50000,0,0,280,15000
1787294781685,50000,0,0,280,15000
1787294781786,50000,0,0,280,15000
1787294781885,50000,0,0,280,15000
1787294781986,50000,0,0,280,15000
1787294782086,50000,0,0,280,15000
1787294782185,50000,0,0,280,15000
1787294782285,50000,0,0,280,15000
1787294782386,50000,0,0,280,15000
1787294782485,50000,0,0,280,15000
1787294782586,50000,0,0,280,15000
1787294782685,50000,0,0,280,15000
1787294782786,50000,0,0,280,15000
1787294782885,50000,0,0,280,15000
1787294782985,50000,0,0,280,15000
1787294783086,50000,0,0,280,15000
1787294783185,50000,0,0,280,15000
1787294783286,50000,0,0,280,15000
1787294783385,50000,0,0,280,15000
1787294783485,50000,0,0,280,15000
1787294783586,50000,0,0,280,15000
1787294783685,50000,0,0,280,15000
1787294783786,50000,0,0,280,15000
1787294783886,50000,0,0,280,15000
1787294783985,50000,0,0,280,15000
1787294784085,50000,0,0,280,15000
1787294784186,50000,0,0,280,15000
1787294784285,50000,0,0,280,15000
1787294784386,50000,0,0,280,15000
1787294784485,50000,0,0,280,15000
1787294784586,50000,0,0,280,15000
1787294784685,50000,0,0,280,15000
1787294784785,50000,0,0,280,15000
1787294784885,50000,0,0,280,15000
1787294784986,50000,0,0,280,15000
1787294785085,50000,0,0,280,15000
1787294785186,50000,0,0,280,15000
1787294785286,50000,0,0,280,15000
1787294785385,50000,0,0,280,15000
1787294785485,50000,0,0,280,15000
1787294785586,50000,0,0,280,15000
1787294785686,50000,0,0,280,15000
1787294785786,50000,0,0,280,15000
1787294785885,50000,0,0,280,15000
1787294785985,50000,0,0,280,15000
1787294786086,50000,0,0,280,15000
1787294786186,50000,0,0,280,15000
1787294786285,50000,0,0,280,15000
1787294786386,50000,0,0,280,15000
1787294786486,50000,0,0,280,15000
1787294786586,50000,0,0,280,15000
1787294786686,50000,0,0,280,15000
1787294786786,50000,0,0,280,15000
1787294786885,50000,0,0,280,15000
1787294786985,50000,0,0,280,15000
1787294787085,50000,0,0,280,15000
1787294787186,50000,0,0,280,15000
1787294787285,50000,0,0,280,15000
1787294787386,50000,0,0,280,15000
1787294787486,50000,0,0,280,15000
1787294787585,50000,0,0,280,15000
1787294787685,50000,0,0,280,15000
1787294787786,50000,0,0,280,15000
1787294787886,50000,0,0,280,15000
1787294787986,50000,0,0,280,15000
1787294788086,50000,0,0,280,15000
1787294788186,50000,0,0,280,15000
1787294788285,50000,0,0,280,15000
1787294788386,50000,0,0,280,15000
1787294788486,50000,0,0,280,15000
1787294788586,50000,0,0,280,15000
1787294788686,50000,0,0,280,15000
1787294788786,50000,0,0,280,15000
1787294788886,50000,0,0,280,15000
1787294788986,50000,0,0,280,15000
1787294789085,50000,0,0,280,15000
1787294789185,50000,0,0,280,15000
1787294789286,50000,0,0,280,15000
1787294789386,50000,0,0,280,15000
1787294789485,50000,0,0,280,15000
1787294789586,50000,0,0,280,15000
1787294789685,50000,0,0,280,15000
1787294789786,50000,0,0,280,15000
1787294789886,50000,0,0,280,15000
1787294789985,50000,0,0,280,15000
1787294790086,50000,0,0,280,15000
1787294790186,50000,0,0,280,15000
1787294790286,50000,0,0,280,15000
1787294790386,50000,0,0,280,15000
1787294790485,50000,0,0,280,15000
1787294790586,50000,0,0,280,15000
1787294790686,50000,0,0,280,15000
1787294790786,50000,0,0,280,15000
1787294790885,50000,0,0,280,15000
1787294790985,50000,0,0,280,15000
1787294791086,50000,0,0,280,15000
1787294791185,50000,0,0,280,15000
1787294791285,50000,0,0,280,15000
1787294791386,50000,0,0,280,15000
1787294791486,50000,0,0,280,15000
1787294791585,50000,0,0,280,15000
1787294791686,50000,0,0,280,15000
1787294791785,50000,0,0,280,15000
1787294791886,50000,0,0,280,15000
1787294791986,50000,0,0,280,15000
1787294792086,50000,0,0,280,15000
1787294792185,50000,0,0,280,15000
1787294792286,50000,0,0,280,15000
1787294792386,50000,0,0,280,15000
1787294792485,50000,0,0,280,15000
1787294792586,50000,0,0,280,15000
1787294792685,50000,0,0,280,15000
1787294792785,50000,0,0,280,15000
1787294792886,50000,0,0,280,15000
1787294792986,50000,0,0,280,15000
1787294793085,50000,0,0,280,15000
1787294793185,50000,0,0,280,15000
1787294793285,50000,0,0,280,15000
1787294793385,50000,0,0,280,15000
1787294793486,50000,0,0,280,15000
1787294793585,50000,0,0,280,15000
1787294793686,50000,0,0,280,15000
1787294793786,50000,0,0,280,15000
1787294793886,50000,0,0,280,15000
1787294793986,50000,0,0,280,15000
1787294794086,50000,0,0,280,15000
1787294794185,50000,0,0,280,15000
1787294794286,50000,0,0,280,15000
1787294794386,50000,0,0,280,15000
1787294794486,50000,0,0,280,15000
1787294794586,50000,0,0,280,15000
1787294794685,50000,0,0,280,15000
1787294794786,50000,0,0,280,15000
1787294794886,50000,0,0,280,15000
1787294794986,50000,0,0,280,15000
1787294795086,50000,0,0,280,15000
1787294795186,50000,0,0,280,15000
1787294795285,50000,0,0,280,15000
1787294795385,50000,0,0,280,15000
1787294795485,50000,0,0,280,15000
1787294795585,50000,0,0,280,15000
1787294795685,50000,0,0,280,15000
1787294795786,50000,0,0,280,15000
1787294795886,50000,0,0,280,15000
1787294795986,50000,0,0,280,15000
1787294796086,50000,0,0,280,15000
1787294796186,50000,0,0,280,15000
1787294796285,50000,0,0,280,15000
1787294796386,50000,0,0,280,15000
1787294796486,50000,0,0,280,15000
1787294796586,50000,0,0,280,15000
1787294796686,50000,0,0,280,15000
1787294796786,50000,0,0,280,15000
1787294796886,50000,0,0,280,15000
1787294796986,50000,0,0,280,15000
1787294797085,50000,0,0,280,15000
1787294797186,50000,0,0,280,15000
1787294797286,50000,0,0,280,15000
1787294797386,50000,0,0,280,15000
1787294797486,50000,0,0,280,15000
1787294797586,50000,0,0,280,15000
1787294797685,50000,0,0,280,15000
1787294797786,50000,0,0,280,15000
1787294797886,50000,0,0,280,15000
1787294797986,50000,0,0,280,15000
1787294798086,50000,0,0,280,15000
1787294798185,50000,0,0,280,15000
1787294798286,50000,0,0,280,15000
1787294798386,50000,0,0,280,15000
1787294798486,50000,0,0,280,15000
1787294798586,50000,0,0,280,15000
1787294798686,50000,0,0,280,15000
1787294798786,50000,0,0,280,15000
1787294798886,50000,0,0,280,15000
1787294798986,50000,0,0,280,15000
1787294799086,50000,0,0,280,15000
1787294799186,50000,0,0,280,15000
1787294799286,50000,0,0,280,15000
1787294799386,50000,0,0,280,15000
1787294799485,50000,0,0,280,15000
1787294799586,50000,0,0,280,15000
1787294799686,50000,0,0,280,15000
1787294799786,50000,0,0,280,15000
1787294799885,50000,0,0,280,15000
1787294799985,50000,0,0,280,15000
1787294800086,50000,0,0,280,15000
1787294800185,50000,0,0,280,15000
1787294800285,50000,0,0,280,15000
1787294800386,50000,0,0,280,15000
1787294800485,50000,0,0,280,15000
1787294800585,50000,0,0,280,15000
1787294800685,50000,0,0,280,15000
1787294800786,50000,0,0,280,15000
1787294800886,50000,0,0,280,15000
1787294800986,50000,0,0,280,15000
1787294801085,50000,0,0,280,15000
1787294801185,50000,0,0,280,15000
1787294801286,50000,0,0,280,15000
1787294801386,50000,0,0,280,15000
1787294801485,50000,0,0,280,15000
1787294801585,50000,0,0,280,15000
1787294801686,50000,0,0,280,15000
1787294801785,50000,0,0,280,15000
1787294801886,50000,0,0,280,15000
1787294801986,50000,0,0,280,15000
1787294802085,50000,0,0,280,15000
1787294802186,50000,0,0,280,15000
1787294802286,50000,0,0,280,15000
1787294802386,50000,0,0,280,15000
1787294802486,50000,0,0,280,15000
1787294802586,50000,0,0,280,15000
1787294802686,50000,0,0,280,15000
1787294802785,50000,0,0,280,15000
1787294802885,50000,0,0,280,15000
1787294802986,50000,0,0,280,15000
1787294803085,50000,0,0,280,15000
1787294803186,50000,0,0,280,15000
1787294803285,50000,0,0,280,15000
1787294803386,50000,0,0,280,15000
1787294803485,50000,0,0,280,15000
1787294803586,50000,0,0,280,15000
1787294803686,50000,0,0,280,15000
1787294803786,50000,0,0,280,15000
1787294803885,50000,0,0,280,15000
1787294803986,50000,0,0,280,15000
1787294804086,50000,0,0,280,15000
1787294804186,50000,0,0,280,15000
1787294804286,50000,0,0,280,15000
1787294804386,50000,0,0,280,15000
1787294804485,50000,0,0,280,15000
1787294804586,50000,0,0,280,15000
1787294804685,50000,0,0,280,15000
1787294804785,50000,0,0,280,15000
1787294804886,50000,0,0,280,15000
1787294804985,50000,0,0,280,15000
1787294805086,50000,0,0,280,15000
1787294805186,50000,0,0,280,15000
1787294805285,50000,0,0,280,15000
1787294805386,50000,0,0,280,15000
1787294805485,50000,0,0,280,15000
1787294805586,50000,0,0,280,15000
1787294805686,50000,0,0,280,15000
1787294805786,50000,0,0,280,15000
1787294805886,50000,0,0,280,15000
1787294805985,50000,0,0,280,15000
1787294806086,50000,0,0,280,15000
1787294806186,50000,0,0,280,15000
1787294806286,50000,0,0,280,15000
1787294806385,50000,0,0,280,15000
1787294806486,50000,0,0,280,15000
1787294806586,50000,0,0,280,15000
1787294806686,50000,0,0,280,15000
1787294806786,50000,0,0,280,15000
1787294806886,50000,0,0,280,15000
1787294806985,50000,0,0,280,15000
1787294807086,50000,0,0,280,15000
1787294807185,50000,0,0,280,15000
1787294807285,50000,0,0,280,15000
1787294807386,50000,0,0,280,15000
1787294807486,50000,0,0,280,15000
1787294807586,50000,0,0,280,15000
1787294807686,50000,0,0,280,15000
1787294807786,50000,0,0,280,15000
1787294807886,50000,0,0,280,15000
1787294807986,50000,0,0,280,15000
1787294808086,50000,0,0,280,15000
1787294808186,50000,0,0,280,15000
1787294808285,50000,0,0,280,15000
1787294808386,50000,0,0,280,15000
1787294808486,50000,0,0,280,15000
1787294808585,50000,0,0,280,15000
1787294808686,50000,0,0,280,15000
1787294808786,50000,0,0,280,15000
1787294808886,50000,0,0,280,15000
1787294808985,50000,0,0,280,15000
1787294809086,50000,0,0,280,15000
1787294809186,50000,0,0,280,15000
1787294809286,50000,0,0,280,15000
1787294809386,50000,0,0,280,15000
1787294809485,50000,0,0,280,15000
1787294809585,50000,0,0,280,15000
1787294809686,50000,0,0,280,15000
1787294809786,50000,0,0,280,15000
1787294809886,50000,0,0,280,15000
1787294809986,50000,0,0,280,15000
1787294810086,50000,0,0,280,15000
1787294810186,50000,0,0,280,15000
1787294810286,50000,0,0,280,15000
1787294810386,50000,0,0,280,15000
1787294810485,50000,0,0,280,15000
1787294810586,50000,0,0,280,15000
1787294810686,50000,0,0,280,15000
1787294810785,50000,0,0,280,15000
1787294810885,50000,0,0,280,15000
1787294810985,50000,0,0,280,15000
1787294811085,50000,0,0,280,15000
1787294811186,50000,0,0,280,15000
1787294811285,50000,0,0,280,15000
1787294811385,50000,0,0,280,15000
1787294811485,50000,0,0,280,15000
1787294811585,50000,0,0,280,15000
1787294811686,50000,0,0,280,15000
1787294811786,50000,0,0,280,15000
1787294811886,50000,0,0,280,15000
1787294811986,50000,0,0,280,15000
1787294812086,50000,0,0,280,15000
1787294812186,50000,0,0,280,15000
1787294812285,50000,0,0,280,15000
1787294812386,50000,0,0,280,15000
1787294812486,50000,0,0,280,15000
1787294812586,50000,0,0,280,15000
1787294812685,50000,0,0,280,15000
1787294812786,50000,0,0,280,15000
1787294812886,50000,0,0,280,15000
1787294812986,50000,0,0,280,15000
1787294813085,50000,0,0,280,15000
1787294813186,50000,0,0,280,15000
1787294813285,50000,0,0,280,15000
1787294813385,50000,0,0,280,15000
1787294813486,50000,0,0,280,15000
1787294813585,50000,0,0,280,15000
1787294813686,50000,0,0,280,15000
1787294813785,50000,0,0,280,15000
1787294813886,50000,0,0,280,15000
1787294813986,50000,0,0,280,15000
1787294814085,50000,0,0,280,15000
1787294814186,50000,0,0,280,15000
1787294814285,50000,0,0,280,15000
1787294814385,50000,0,0,280,15000
1787294814485,50000,0,0,280,15000
1787294814586,50000,0,0,280,15000
1787294814685,50000,0,0,280,15000
1787294814785,50000,0,0,280,15000
1787294814885,50000,0,0,280,15000
1787294814986,50000,0,0,280,15000
1787294815086,50000,0,0,280,15000
1787294815186,50000,0,0,280,15000
1787294815285,50000,0,0,280,15000
1787294815386,50000,0,0,280,15000
1787294815486,50000,0,0,280,15000
1787294815586,50000,0,0,280,15000
1787294815685,50000,0,0,280,15000
1787294815786,50000,0,0,280,15000
1787294815885,50000,0,0,280,15000
1787294815985,50000,0,0,280,15000
1787294816086,50000,0,0,280,15000
1787294816186,50000,0,0,280,15000
1787294816285,50000,0,0,280,15000
1787294816386,50000,0,0,280,15000
1787294816485,50000,0,0,280,15000
1787294816586,50000,0,0,280,15000
1787294816685,50000,0,0,280,15000
1787294816786,50000,0,0,280,15000
1787294816885,50000,0,0,280,15000
1787294816986,50000,0,0,280,15000
1787294817086,50000,0,0,280,15000
1787294817186,50000,0,0,280,15000
1787294817285,50000,0,0,280,15000
1787294817386,50000,0,0,280,15000
1787294817486,50000,0,0,280,15000
1787294817586,50000,0,0,280,15000
1787294817686,50000,0,0,280,15000
1787294817786,50000,0,0,280,15000
1787294817886,50000,0,0,280,15000
1787294817986,50000,0,0,280,15000
1787294818086,50000,0,0,280,15000
1787294818186,50000,0,0,280,15000
1787294818285,50000,0,0,280,15000
1787294818386,50000,0,0,280,15000
1787294818486,50000,0,0,280,15000
1787294818586,50000,0,0,280,15000
1787294818686,50000,0,0,280,15000
1787294818785,50000,0,0,280,15000
1787294818885,50000,0,0,280,15000
1787294818986,50000,0,0,280,15000
1787294819086,50000,0,0,280,15000
1787294819186,50000,0,0,280,15000
1787294819285,50000,0,0,280,15000
1787294819386,50000,0,0,280,15000
1787294819486,50000,0,0,280,15000
1787294819586,50000,0,0,280,15000
1787294819685,50000,0,0,280,15000
1787294819786,50000,0,0,280,15000
1787294819886,50000,0,0,280,15000
1787294819986,50000,0,0,280,15000
1787294820086,50000,0,0,280,15000
1787294820185,50000,0,0,280,15000
1787294820285,50000,0,0,280,15000
1787294820386,50000,0,0,280,15000
1787294820485,50000,0,0,280,15000
1787294820585,50000,0,0,280,15000
1787294820686,50000,0,0,280,15000
1787294820786,50000,0,0,280,15000
1787294820885,50000,0,0,280,15000
1787294820986,50000,0,0,280,15000
1787294821085,50000,0,0,280,15000
1787294821185,50000,0,0,280,15000
1787294821286,50000,0,0,280,15000
1787294821386,50000,0,0,280,15000
1787294821486,50000,0,0,280,15000
1787294821586,50000,0,0,280,15000
1787294821685,50000,0,0,280,15000
1787294821785,50000,0,0,280,15000
1787294821886,50000,0,0,280,15000
1787294821986,50000,0,0,280,15000
1787294822085,50000,0,0,280,15000
1787294822186,50000,0,0,280,15000
1787294822286,50000,0,0,280,15000
1787294822386,50000,0,0,280,15000
1787294822486,50000,0,0,280,15000
1787294822586,50000,0,0,280,15000
1787294822686,50000,0,0,280,15000
1787294822786,50000,0,0,280,15000
1787294822885,50000,0,0,280,15000
1787294822985,50000,0,0,280,15000
1787294823086,50000,0,0,280,15000
1787294823185,50000,0,0,280,15000
1787294823285,50000,0,0,280,15000
1787294823385,50000,0,0,280,15000
1787294823486,50000,0,0,280,15000
1787294823586,50000,0,0,280,15000
1787294823686,50000,0,0,280,15000
1787294823785,50000,0,0,280,15000
1787294823885,50000,0,0,280,15000
1787294823985,50000,0,0,280,15000
1787294824086,50000,0,0,280,15000
1787294824186,50000,0,0,280,15000
1787294824285,50000,0,0,280,15000
1787294824385,50000,0,0,280,15000
1787294824486,50000,0,0,280,15000
1787294824586,50000,0,0,280,15000
1787294824685,50000,0,0,280,15000
1787294824786,50000,0,0,280,15000
1787294824886,50000,0,0,280,15000
1787294824986,50000,0,0,280,15000
1787294825086,50000,0,0,280,15000
1787294825186,50000,0,0,280,15000
1787294825286,50000,0,0,280,15000
1787294825386,50000,0,0,280,15000
1787294825486,50000,0,0,280,15000
1787294825585,50000,0,0,280,15000
1787294825686,50000,0,0,280,15000
1787294825786,50000,0,0,280,15000
1787294825886,50000,0,0,280,15000
1787294825985,50000,0,0,280,15000
1787294826086,50000,0,0,280,15000
1787294826186,50000,0,0,280,15000
1787294826286,50000,0,0,280,15000
1787294826386,50000,0,0,280,15000
1787294826486,50000,0,0,280,15000
1787294826586,50000,0,0,280,15000
1787294826685,50000,0,0,280,15000
1787294826786,50000,0,0,280,15000
1787294826886,50000,0,0,280,15000
1787294826985,50000,0,0,280,15000
1787294827086,50000,0,0,280,15000
1787294827185,50000,0,0,280,15000
1787294827285,50000,0,0,280,15000
1787294827386,50000,0,0,280,15000
1787294827486,50000,0,0,280,15000
1787294827586,50000,0,0,280,15000
1787294827685,50000,0,0,280,15000
1787294827786,50000,0,0,280,15000
1787294827886,50000,0,0,280,15000
1787294827986,50000,0,0,280,15000
1787294828085,50000,0,0,280,15000
1787294828185,50000,0,0,280,15000
1787294828285,50000,0,0,280,15000
1787294828386,50000,0,0,280,15000
1787294828486,50000,0,0,280,15000
1787294828586,50000,0,0,280,15000
1787294828686,50000,0,0,280,15000
1787294828785,50000,0,0,280,15000
1787294828886,50000,0,0,280,15000
1787294828985,50000,0,0,280,15000
1787294829086,50000,0,0,280,15000
1787294829185,50000,0,0,280,15000
1787294829285,50000,0,0,280,15000
1787294829386,50000,0,0,280,15000
1787294829485,50000,0,0,280,15000
1787294829586,50000,0,0,280,15000
1787294829686,50000,0,0,280,15000
1787294829785,50000,0,0,280,15000
1787294829886,50000,0,0,280,15000
1787294829986,50000,0,0,280,15000
1787294830086,50000,0,0,280,15000
1787294830186,50000,0,0,280,15000
1787294830285,50000,0,0,280,15000
1787294830386,50000,0,0,280,15000
1787294830486,50000,0,0,280,15000
1787294830586,50000,0,0,280,15000
1787294830686,50000,0,0,280,15000
1787294830785,50000,0,0,280,15000
1787294830886,50000,0,0,280,15000
1787294830986,50000,0,0,280,15000
1787294831086,50000,0,0,280,15000
1787294831185,50000,0,0,280,15000
1787294831285,50000,0,0,280,15000
1787294831386,50000,0,0,280,15000
1787294831486,50000,0,0,280,15000
1787294831586,50000,0,0,280,15000
1787294831686,50000,0,0,280,15000
1787294831785,50000,0,0,280,15000
1787294831886,50000,0,0,280,15000
1787294831986,50000,0,0,280,15000
1787294832085,50000,0,0,280,15000
1787294832185,50000,0,0,280,15000
1787294832285,50000,0,0,280,15000
1787294832385,50000,0,0,280,15000
1787294832486,50000,0,0,280,15000
1787294832585,50000,0,0,280,15000
1787294832686,50000,0,0,280,15000
1787294832786,50000,0,0,280,15000
1787294832885,50000,0,0,280,15000
1787294832986,50000,0,0,280,15000
1787294833085,50000,0,0,280,15000
1787294833186,50000,0,0,280,15000
1787294833286,50000,0,0,280,15000
1787294833386,50000,0,0,280,15000
1787294833486,50000,0,0,280,15000
1787294833585,50000,0,0,280,15000
1787294833686,50000,0,0,280,15000
1787294833785,50000,0,0,280,15000
1787294833886,50000,0,0,280,15000
1787294833986,50000,0,0,280,15000
1787294834086,50000,0,0,280,15000
1787294834185,50000,0,0,280,15000
1787294834286,50000,0,0,280,15000
1787294834386,50000,0,0,280,15000
1787294834485,50000,0,0,280,15000
1787294834585,50000,0,0,280,15000
1787294834685,50000,0,0,280,15000
1787294834786,50000,0,0,280,15000
1787294834886,50000,0,0,280,15000
1787294834986,50000,0,0,280,15000
1787294835086,50000,0,0,280,15000
1787294835186,50000,0,0,280,15000
1787294835285,50000,0,0,280,15000
1787294835385,50000,0,0,280,15000
1787294835486,50000,0,0,280,15000
1787294835586,50000,0,0,280,15000
1787294835685,50000,0,0,280,15000
1787294835786,50000,0,0,280,15000
1787294835886,50000,0,0,280,15000
1787294835986,50000,0,0,280,15000
1787294836085,50000,0,0,280,15000
1787294836186,50000,0,0,280,15000
1787294836285,50000,0,0,280,15000
1787294836386,50000,0,0,280,15000
1787294836486,50000,0,0,280,15000
1787294836585,50000,0,0,280,15000
1787294836685,50000,0,0,280,15000
1787294836786,50000,0,0,280,15000
1787294836886,50000,0,0,280,15000
1787294836985,50000,0,0,280,15000
1787294837085,50000,0,0,280,15000
1787294837186,50000,0,0,280,15000
1787294837285,50000,0,0,280,15000
1787294837386,50000,0,0,280,15000
1787294837486,50000,0,0,280,15000
1787294837586,50000,0,0,280,15000
1787294837685,50000,0,0,280,15000
1787294837785,50000,0,0,280,15000
1787294837886,50000,0,0,280,15000
1787294837986,50000,0,0,280,15000
1787294838086,50000,0,0,280,15000
1787294838185,50000,0,0,280,15000
1787294838285,50000,0,0,280,15000
1787294838386,50000,0,0,280,15000
1787294838486,50000,0,0,280,15000
1787294838585,50000,0,0,280,15000
1787294838685,50000,0,0,280,15000
1787294838785,50000,0,0,280,15000
1787294838885,50000,0,0,280,15000
1787294838986,50000,0,0,280,15000
1787294839086,50000,0,0,280,15000
1787294839186,50000,0,0,280,15000
1787294839285,50000,0,0,280,15000
1787294839385,50000,0,0,280,15000
1787294839486,50000,0,0,280,15000
1787294839586,50000,0,0,280,15000
1787294839685,50000,0,0,280,15000
1787294839785,50000,0,0,280,15000
1787294839886,50000,0,0,280,15000
1787294839986,50000,0,0,280,15000
1787294840086,50000,0,0,280,15000
1787294840186,50000,0,0,280,15000
1787294840285,50000,0,0,280,15000
1787294840385,50000,0,0,280,15000
1787294840485,50000,0,0,280,15000
1787294840586,50000,0,0,280,15000
1787294840686,50000,0,0,280,15000
1787294840786,50000,0,0,280,15000
1787294840886,50000,0,0,280,15000
1787294840985,50000,0,0,280,15000
1787294841086,50000,0,0,280,15000
1787294841185,50000,0,0,280,15000
1787294841285,50000,0,0,280,15000
1787294841385,50000,0,0,280,15000
1787294841485,50000,0,0,280,15000
1787294841585,50000,0,0,280,15000
1787294841685,50000,0,0,280,15000
1787294841785,50000,0,0,280,15000
1787294841885,50000,0,0,280,15000
1787294841986,50000,0,0,280,15000
1787294842086,50000,0,0,280,15000
1787294842186,50000,0,0,280,15000
1787294842285,50000,0,0,280,15000
1787294842385,50000,0,0,280,15000
1787294842485,50000,0,0,280,15000
1787294842586,50000,0,0,280,15000
1787294842686,50000,0,0,280,15000
1787294842786,50000,0,0,280,15000
1787294842886,50000,0,0,280,15000
1787294842986,50000,0,0,280,15000
1787294843085,50000,0,0,280,15000
1787294843186,50000,0,0,280,15000
1787294843285,50000,0,0,280,15000
1787294843385,50000,0,0,280,15000
1787294843485,50000,0,0,280,15000
1787294843586,50000,0,0,280,15000
1787294843685,50000,0,0,280,15000
1787294843785,50000,0,0,280,15000
1787294843886,50000,0,0,280,15000
1787294843985,50000,0,0,280,15000
1787294844086,50000,0,0,280,15000
1787294844186,50000,0,0,280,15000
1787294844286,50000,0,0,280,15000
1787294844386,50000,0,0,280,15000
1787294844486,50000,0,0,280,15000
1787294844585,50000,0,0,280,15000
1787294844685,50000,0,0,280,15000
1787294844785,50000,0,0,280,15000
1787294844886,50000,0,0,280,15000
1787294844986,50000,0,0,280,15000
1787294845085,50000,0,0,280,15000
1787294845186,50000,0,0,280,15000
1787294845285,50000,0,0,280,15000
1787294845385,50000,0,0,280,15000
1787294845486,50000,0,0,280,15000
1787294845586,50000,0,0,280,15000
1787294845686,50000,0,0,280,15000
1787294845786,50000,0,0,280,15000
1787294845885,50000,0,0,280,15000
1787294845986,50000,0,0,280,15000
1787294846086,50000,0,0,280,15000
1787294846185,50000,0,0,280,15000
1787294846286,50000,0,0,280,15000
1787294846385,50000,0,0,280,15000
1787294846485,50000,0,0,280,15000
1787294846586,50000,0,0,280,15000
1787294846686,50000,0,0,280,15000
1787294846786,50000,0,0,280,15000
1787294846886,50000,0,0,280,15000
1787294846985,50000,0,0,280,15000
1787294847085,50000,0,0,280,15000
1787294847186,50000,0,0,280,15000
1787294847285,50000,0,0,280,15000
1787294847385,50000,0,0,280,15000
1787294847486,50000,0,0,280,15000
1787294847586,50000,0,0,280,15000
1787294847686,50000,0,0,280,15000
1787294847786,50000,0,0,280,15000
1787294847886,50000,0,0,280,15000
1787294847986,50000,0,0,280,15000
1787294848086,50000,0,0,280,15000
1787294848185,50000,0,0,280,15000
1787294848285,50000,0,0,280,15000
1787294848385,50000,0,0,280,15000
1787294848486,50000,0,0,280,15000
1787294848586,50000,0,0,280,15000
1787294848686,50000,0,0,280,15000
1787294848785,50000,0,0,280,15000
1787294848886,50000,0,0,280,15000
1787294848986,50000,0,0,280,15000
1787294849086,50000,0,0,280,15000
1787294849185,50000,0,0,280,15000
1787294849285,50000,0,0,280,15000
1787294849386,50000,0,0,280,15000
1787294849486,50000,0,0,280,15000
1787294849586,50000,0,0,280,15000
1787294849686,50000,0,0,280,15000
1787294849786,50000,0,0,280,15000
1787294849886,50000,0,0,280,15000
1787294849986,50000,0,0,280,15000
1787294850086,50000,0,0,280,15000
1787294850186,50000,0,0,280,15000
1787294850286,50000,0,0,280,15000
1787294850386,50000,0,0,280,15000
1787294850486,50000,0,0,280,15000
1787294850586,50000,0,0,280,15000
1787294850686,50000,0,0,280,15000
1787294850786,50000,0,0,280,15000
1787294850886,50000,0,0,280,15000
1787294850985,50000,0,0,280,15000
1787294851086,50000,0,0,280,15000
1787294851186,50000,0,0,280,15000
1787294851285,50000,0,0,280,15000
1787294851386,50000,0,0,280,15000
1787294851485,50000,0,0,280,15000
1787294851586,50000,0,0,280,15000
1787294851686,50000,0,0,280,15000
1787294851786,50000,0,0,280,15000
1787294851886,50000,0,0,280,15000
1787294851986,50000,0,0,280,15000
1787294852086,50000,0,0,280,15000
1787294852185,50000,0,0,280,15000
1787294852286,50000,0,0,280,15000
1787294852386,50000,0,0,280,15000
1787294852486,50000,0,0,280,15000
1787294852585,50000,0,0,280,15000
1787294852686,50000,0,0,280,15000
1787294852785,50000,0,0,280,15000
1787294852886,50000,0,0,280,15000
1787294852986,50000,0,0,280,15000
1787294853086,50000,0,0,280,15000
1787294853185,50000,0,0,280,15000
1787294853285,50000,0,0,280,15000
1787294853385,50000,0,0,280,15000
1787294853486,50000,0,0,280,15000
1787294853586,50000,0,0,280,15000
1787294853686,50000,0,0,280,15000
1787294853786,50000,0,0,280,15000
1787294853886,50000,0,0,280,15000
1787294853985,50000,0,0,280,15000
1787294854085,50000,0,0,280,15000
1787294854186,50000,0,0,280,15000
1787294854286,50000,0,0,280,15000
1787294854385,50000,0,0,280,15000
1787294854486,50000,0,0,280,15000
1787294854585,50000,0,0,280,15000
1787294854685,50000,0,0,280,15000
1787294854786,50000,0,0,280,15000
1787294854886,50000,0,0,280,15000
1787294854986,50000,0,0,280,15000
1787294855085,50000,0,0,280,15000
1787294855185,50000,0,0,280,15000
1787294855286,50000,0,0,280,15000
1787294855386,50000,0,0,280,15000
1787294855486,50000,0,0,280,15000
1787294855586,50000,0,0,280,15000
1787294855685,50000,0,0,280,15000
1787294855786,50000,0,0,280,15000
1787294855886,50000,0,0,280,15000
1787294855986,50000,0,0,280,15000
