ts_ms,freq_mhz,requested_w,actual_w,soc_pml,p_avail_w
1787294256084,50000,0,0,363,15000
1787294256184,50000,0,0,363,15000
1787294256283,50000,0,0,363,15000
1787294256384,50000,0,0,363,15000
1787294256484,50000,0,0,363,15000
1787294256583,50000,0,0,363,15000
1787294256684,50000,0,0,363,15000
1787294256784,50000,0,0,363,15000
1787294256884,50000,0,0,363,15000
1787294256984,50000,0,0,363,15000
1787294257084,50000,0,0,363,15000
1787294257184,50000,0,0,363,15000
1787294257284,50000,0,0,363,15000
1787294257384,50000,0,0,363,15000
1787294257484,50000,0,0,363,15000
1787294257584,50000,0,0,363,15000
1787294257684,50000,0,0,363,15000
1787294257784,50000,0,0,363,15000
1787294257883,50000,0,0,363,15000
1787294257984,50000,0,0,363,15000
1787294258084,50000,0,0,363,15000
1787294258184,50000,0,0,363,15000
1787294258284,50000,0,0,363,15000
1787294258384,50000,0,0,363,15000
1787294258484,50000,0,0,363,15000
1787294258584,50000,0,0,363,15000
1787294258684,50000,0,0,363,15000
1787294258783,50000,0,0,363,15000
1787294258884,50000,0,0,363,15000
1787294258984,50000,0,0,363,15000
1787294259084,50000,0,0,363,15000
1787294259184,50000,0,0,363,15000
1787294259284,50000,0,0,363,15000
1787294259384,50000,0,0,363,15000
1787294259484,50000,0,0,363,15000
1787294259583,50000,0,0,363,15000
1787294259684,50000,0,0,363,15000
1787294259784,50000,0,0,363,15000
1787294259884,50000,0,0,363,15000
1787294259984,50000,0,0,363,15000
1787294260084,50000,0,0,363,15000
1787294260184,50000,0,0,363,15000
1787294260284,50000,0,0,363,15000
1787294260383,50000,0,0,363,15000
1787294260483,50000,0,0,363,15000
1787294260584,50000,0,0,363,15000
1787294260684,50000,0,0,363,15000
1787294260783,50000,0,0,363,15000
1787294260884,50000,0,0,363,15000
1787294260984,50000,0,0,363,15000
1787294261084,50000,0,0,363,15000
1787294261184,50000,0,0,363,15000
1787294261284,50000,0,0,363,15000
1787294261384,50000,0,0,363,15000
1787294261484,50000,0,0,363,15000
1787294261583,50000,0,0,363,15000
1787294261684,50000,0,0,363,15000
1787294261783,50000,0,0,363,15000
1787294261884,50000,0,0,363,15000
1787294261984,50000,0,0,363,15000
1787294262084,50000,0,0,363,15000
1787294262184,50000,0,0,363,15000
1787294262284,50000,0,0,363,15000
1787294262384,50000,0,0,363,15000
1787294262484,50000,0,0,363,15000
1787294262584,50000,0,0,363,15000
1787294262684,50000,0,0,363,15000
1787294262783,50000,0,0,363,15000
1787294262884,50000,0,0,363,15000
1787294262984,50000,0,0,363,15000
1787294263083,50000,0,0,363,15000
1787294263184,50000,0,0,363,15000
1787294263284,50000,0,0,363,15000
1787294263384,50000,0,0,363,15000
1787294263484,50000,0,0,363,15000
1787294263584,50000,0,0,363,15000
1787294263684,50000,0,0,363,15000
1787294263783,50000,0,0,363,15000
1787294263884,50000,0,0,363,15000
1787294263984,50000,0,0,363,15000
1787294264084,50000,0,0,363,15000
1787294264183,50000,0,0,363,15000
1787294264284,50000,0,0,363,15000
1787294264384,50000,0,0,363,15000
1787294264484,50000,0,0,363,15000
1787294264584,50000,0,0,363,15000
1787294264683,50000,0,0,363,15000
1787294264784,50000,0,0,363,15000
1787294264884,50000,0,0,363,15000
1787294264983,50000,0,0,363,15000
1787294265084,50000,0,0,363,15000
1787294265184,50000,0,0,363,15000
1787294265284,50000,0,0,363,15000
1787294265384,50000,0,0,363,15000
1787294265484,50000,0,0,363,15000
1787294265584,50000,0,0,363,15000
1787294265684,50000,0,0,363,15000
1787294265784,50000,0,0,363,15000
1787294265884,50000,0,0,363,15000
1787294265984,50000,0,0,363,15000
1787294266084,50000,0,0,363,15000
1787294266184,50000,0,0,363,15000
1787294266283,50000,0,0,363,15000
1787294266384,50000,0,0,363,15000
1787294266484,50000,0,0,363,15000
1787294266584,50000,0,0,363,15000
1787294266683,50000,0,0,363,15000
1787294266784,50000,0,0,363,15000
1787294266884,50000,0,0,363,15000
1787294266984,50000,0,0,363,15000
1787294267084,50000,0,0,363,15000
1787294267184,50000,0,0,363,15000
1787294267284,50000,0,0,363,15000
1787294267384,50000,0,0,363,15000
1787294267484,50000,0,0,363,15000
1787294267584,50000,0,0,363,15000
1787294267684,50000,0,0,363,15000
1787294267784,50000,0,0,363,15000
1787294267884,50000,0,0,363,15000
1787294267984,50000,0,0,363,15000
1787294268084,50000,0,0,363,15000
1787294268184,50000,0,0,363,15000
1787294268284,50000,0,0,363,15000
1787294268384,50000,0,0,363,15000
1787294268484,50000,0,0,363,15000
1787294268584,50000,0,0,363,15000
1787294268684,50000,0,0,363,15000
1787294268784,50000,0,0,363,15000
1787294268884,50000,0,0,363,15000
1787294268984,50000,0,0,363,15000
1787294269084,50000,0,0,363,15000
1787294269184,50000,0,0,363,15000
1787294269284,50000,0,0,363,15000
1787294269384,50000,0,0,363,15000
1787294269484,50000,0,0,363,15000
1787294269584,50000,0,0,363,15000
1787294269684,50000,0,0,363,15000
1787294269784,50000,0,0,363,15000
1787294269884,50000,0,0,363,15000
1787294269983,50000,0,0,363,15000
1787294270084,50000,0,0,363,15000
1787294270184,50000,0,0,363,15000
1787294270284,50000,0,0,363,15000
1787294270384,50000,0,0,363,15000
1787294270484,50000,0,0,363,15000
1787294270584,50000,0,0,363,15000
1787294270684,50000,0,0,363,15000
1787294270783,50000,0,0,363,15000
1787294270884,50000,0,0,363,15000
1787294270984,50000,0,0,363,15000
1787294271084,50000,0,0,363,15000
1787294271184,50000,0,0,363,15000
1787294271284,50000,0,0,363,15000
1787294271384,50000,0,0,363,15000
1787294271484,50000,0,0,363,15000
1787294271584,50000,0,0,363,15000
1787294271684,50000,0,0,363,15000
1787294271784,50000,0,0,363,15000
1787294271884,50000,0,0,363,15000
1787294271984,50000,0,0,363,15000
1787294272084,50000,0,0,363,15000
1787294272183,50000,0,0,363,15000
1787294272284,50000,0,0,363,15000
1787294272383,50000,0,0,363,15000
1787294272484,50000,0,0,363,15000
1787294272583,50000,0,0,363,15000
1787294272684,50000,0,0,363,15000
1787294272784,50000,0,0,363,15000
1787294272884,50000,0,0,363,15000
1787294272984,50000,0,0,363,15000
1787294273084,50000,0,0,363,15000
1787294273184,50000,0,0,363,15000
1787294273284,50000,0,0,363,15000
1787294273384,50000,0,0,363,15000
1787294273484,50000,0,0,363,15000
1787294273584,50000,0,0,363,15000
1787294273684,50000,0,0,363,15000
1787294273784,50000,0,0,363,15000
1787294273884,50000,0,0,363,15000
1787294273984,50000,0,0,363,15000
1787294274084,50000,0,0,363,15000
1787294274184,50000,0,0,363,15000
1787294274284,50000,0,0,363,15000
1787294274384,50000,0,0,363,15000
1787294274483,50000,0,0,363,15000
1787294274584,50000,0,0,363,15000
1787294274684,50000,0,0,363,15000
1787294274784,50000,0,0,363,15000
1787294274884,50000,0,0,363,15000
1787294274984,50000,0,0,363,15000
1787294275084,50000,0,0,363,15000
1787294275184,50000,0,0,363,15000
1787294275284,50000,0,0,363,15000
1787294275384,50000,0,0,363,15000
1787294275484,50000,0,0,363,15000
1787294275584,50000,0,0,363,15000
1787294275684,50000,0,0,363,15000
1787294275784,50000,0,0,363,15000
1787294275884,50000,0,0,363,15000
1787294275984,50000,0,0,363,15000
1787294276084,50000,0,0,363,15000
1787294276184,50000,0,0,363,15000
1787294276284,50000,0,0,363,15000
1787294276384,50000,0,0,363,15000
1787294276483,50000,0,0,363,15000
1787294276584,50000,0,0,363,15000
1787294276684,50000,0,0,363,15000
1787294276784,50000,0,0,363,15000
1787294276884,50000,0,0,363,15000
1787294276984,50000,0,0,363,15000
1787294277084,50000,0,0,363,15000
1787294277184,50000,0,0,363,15000
1787294277284,50000,0,0,363,15000
1787294277384,50000,0,0,363,15000
1787294277484,50000,0,0,363,15000
1787294277584,50000,0,0,363,15000
1787294277684,50000,0,0,363,15000
1787294277784,50000,0,0,363,15000
1787294277884,50000,0,0,363,15000
1787294277984,50000,0,0,363,15000
1787294278084,50000,0,0,363,15000
1787294278184,50000,0,0,363,15000
1787294278284,50000,0,0,363,15000
1787294278384,50000,0,0,363,15000
1787294278484,50000,0,0,363,15000
1787294278584,50000,0,0,363,15000
1787294278683,50000,0,0,363,15000
1787294278784,50000,0,0,363,15000
1787294278884,50000,0,0,363,15000
1787294278984,50000,0,0,363,15000
1787294279084,50000,0,0,363,15000
1787294279184,50000,0,0,363,15000
1787294279284,50000,0,0,363,15000
1787294279384,50000,0,0,363,15000
1787294279484,50000,0,0,363,15000
1787294279584,50000,0,0,363,15000
1787294279684,50000,0,0,363,15000
1787294279784,50000,0,0,363,15000
1787294279884,50000,0,0,363,15000
1787294279984,50000,0,0,363,15000
1787294280084,50000,0,0,363,15000
1787294280184,50000,0,0,363,15000
1787294280284,50000,0,0,363,15000
1787294280384,50000,0,0,363,15000
1787294280484,50000,0,0,363,15000
1787294280584,50000,0,0,363,15000
1787294280683,50000,0,0,363,15000
1787294280784,50000,0,0,363,15000
1787294280884,50000,0,0,363,15000
1787294280984,50000,0,0,363,15000
1787294281084,50000,0,0,363,15000
1787294281184,50000,0,0,363,15000
1787294281284,50000,0,0,363,15000
1787294281383,50000,0,0,363,15000
1787294281484,50000,0,0,363,15000
1787294281584,50000,0,0,363,15000
1787294281684,50000,0,0,363,15000
1787294281784,50000,0,0,363,15000
1787294281883,50000,0,0,363,15000
1787294281984,50000,0,0,363,15000
1787294282084,50000,0,0,363,15000
1787294282184,50000,0,0,363,15000
1787294282283,50000,0,0,363,15000
1787294282384,50000,0,0,363,15000
1787294282484,50000,0,0,363,15000
1787294282584,50000,0,0,363,15000
1787294282684,50000,0,0,363,15000
1787294282784,50000,0,0,363,15000
1787294282883,50000,0,0,363,15000
1787294282984,50000,0,0,363,15000
1787294283083,50000,0,0,363,15000
1787294283184,50000,0,0,363,15000
1787294283284,50000,0,0,363,15000
1787294283384,50000,0,0,363,15000
1787294283483,50000,0,0,363,15000
1787294283584,50000,0,0,363,15000
1787294283684,50000,0,0,363,15000
1787294283784,50000,0,0,363,15000
1787294283884,50000,0,0,363,15000
1787294283984,50000,0,0,363,15000
1787294284084,50000,0,0,363,15000
1787294284184,50000,0,0,363,15000
1787294284284,50000,0,0,363,15000
1787294284384,50000,0,0,363,15000
1787294284483,50000,0,0,363,15000
1787294284584,50000,0,0,363,15000
1787294284684,50000,0,0,363,15000
1787294284784,50000,0,0,363,15000
1787294284884,50000,0,0,363,15000
1787294284984,50000,0,0,363,15000
1787294285084,50000,0,0,363,15000
1787294285184,50000,0,0,363,15000
1787294285284,50000,0,0,363,15000
1787294285384,50000,0,0,363,15000
1787294285484,50000,0,0,363,15000
1787294285584,50000,0,0,363,15000
1787294285684,50000,0,0,363,15000
1787294285784,50000,0,0,363,15000
1787294285884,50000,0,0,363,15000
1787294285984,50000,0,0,363,15000
1787294286084,50000,0,0,363,15000
1787294286184,50000,0,0,363,15000
1787294286284,50000,0,0,363,15000
1787294286383,50000,0,0,363,15000
1787294286484,50000,0,0,363,15000
1787294286584,50000,0,0,363,15000
1787294286684,50000,0,0,363,15000
1787294286784,50000,0,0,363,15000
1787294286884,50000,0,0,363,15000
1787294286984,50000,0,0,363,15000
1787294287084,50000,0,0,363,15000
1787294287184,50000,0,0,363,15000
1787294287284,50000,0,0,363,15000
1787294287384,50000,0,0,363,15000
1787294287484,50000,0,0,363,15000
1787294287583,50000,0,0,363,15000
1787294287684,50000,0,0,363,15000
1787294287784,50000,0,0,363,15000
1787294287884,50000,0,0,363,15000
1787294287984,50000,0,0,363,15000
1787294288084,50000,0,0,363,15000
1787294288184,50000,0,0,363,15000
1787294288284,50000,0,0,363,15000
1787294288384,50000,0,0,363,15000
1787294288484,50000,0,0,363,15000
1787294288583,50000,0,0,363,15000
1787294288683,50000,0,0,363,15000
1787294288784,50000,0,0,363,15000
1787294288884,50000,0,0,363,15000
1787294288984,50000,0,0,363,15000
1787294289084,50000,0,0,363,15000
1787294289184,50000,0,0,363,15000
1787294289284,50000,0,0,363,15000
1787294289384,50000,0,0,363,15000
1787294289484,50000,0,0,363,15000
1787294289583,50000,0,0,363,15000
1787294289684,50000,0,0,363,15000
1787294289784,50000,0,0,363,15000
1787294289884,50000,0,0,363,15000
1787294289984,50000,0,0,363,15000
1787294290084,50000,0,0,363,15000
1787294290184,50000,0,0,363,15000
1787294290284,50000,0,0,363,15000
1787294290384,50000,0,0,363,15000
1787294290484,50000,0,0,363,15000
1787294290584,50000,0,0,363,15000
1787294290684,50000,0,0,363,15000
1787294290784,50000,0,0,363,15000
1787294290884,50000,0,0,363,15000
1787294290984,50000,0,0,363,15000
1787294291084,50000,0,0,363,15000
1787294291184,50000,0,0,363,15000
1787294291284,50000,0,0,363,15000
1787294291384,50000,0,0,363,15000
1787294291484,50000,0,0,363,15000
1787294291584,50000,0,0,363,15000
1787294291684,50000,0,0,363,15000
1787294291784,50000,0,0,363,15000
1787294291884,50000,0,0,363,15000
1787294291984,50000,0,0,363,15000
1787294292084,50000,0,0,363,15000
1787294292184,50000,0,0,363,15000
1787294292284,50000,0,0,363,15000
1787294292384,50000,0,0,363,15000
1787294292484,50000,0,0,363,15000
1787294292584,50000,0,0,363,15000
1787294292684,50000,0,0,363,15000
1787294292784,50000,0,0,363,15000
1787294292884,50000,0,0,363,15000
1787294292983,50000,0,0,363,15000
1787294293084,50000,0,0,363,15000
1787294293183,50000,0,0,363,15000
1787294293284,50000,0,0,363,15000
1787294293384,50000,0,0,363,15000
1787294293484,50000,0,0,363,15000
1787294293584,50000,0,0,363,15000
1787294293684,50000,0,0,363,15000
1787294293784,50000,0,0,363,15000
1787294293884,50000,0,0,363,15000
1787294293984,50000,0,0,363,15000
1787294294084,50000,0,0,363,15000
1787294294184,50000,0,0,363,15000
1787294294284,50000,0,0,363,15000
1787294294384,50000,0,0,363,15000
1787294294484,50000,0,0,363,15000
1787294294584,50000,0,0,363,15000
1787294294684,50000,0,0,363,15000
1787294294784,50000,0,0,363,15000
1787294294884,50000,0,0,363,15000
1787294294984,50000,0,0,363,15000
1787294295084,50000,0,0,363,15000
1787294295183,50000,0,0,363,15000
1787294295284,50000,0,0,363,15000
1787294295384,50000,0,0,363,15000
1787294295484,50000,0,0,363,15000
1787294295584,50000,0,0,363,15000
1787294295684,50000,0,0,363,15000
1787294295784,50000,0,0,363,15000
1787294295884,50000,0,0,363,15000
1787294295984,50000,0,0,363,15000
1787294296084,50000,0,0,363,15000
1787294296184,50000,0,0,363,15000
1787294296284,50000,0,0,363,15000
1787294296384,50000,0,0,363,15000
1787294296484,50000,0,0,363,15000
1787294296584,50000,0,0,363,15000
1787294296684,50000,0,0,363,15000
1787294296784,50000,0,0,363,15000
1787294296884,50000,0,0,363,15000
1787294296984,50000,0,0,363,15000
1787294297084,50000,0,0,363,15000
1787294297184,50000,0,0,363,15000
1787294297284,50000,0,0,363,15000
1787294297384,50000,0,0,363,15000
1787294297484,50000,0,0,363,15000
1787294297584,50000,0,0,363,15000
1787294297684,50000,0,0,363,15000
1787294297784,50000,0,0,363,15000
1787294297884,50000,0,0,363,15000
1787294297984,50000,0,0,363,15000
1787294298084,50000,0,0,363,15000
1787294298184,50000,0,0,363,15000
1787294298284,50000,0,0,363,15000
1787294298384,50000,0,0,363,15000
1787294298484,50000,0,0,363,15000
1787294298584,50000,0,0,363,15000
1787294298684,50000,0,0,363,15000
1787294298784,50000,0,0,363,15000
1787294298884,50000,0,0,363,15000
1787294298984,50000,0,0,363,15000
1787294299084,50000,0,0,363,15000
1787294299184,50000,0,0,363,15000
1787294299284,50000,0,0,363,15000
1787294299384,50000,0,0,363,15000
1787294299484,50000,0,0,363,15000
1787294299584,50000,0,0,363,15000
1787294299684,50000,0,0,363,15000
1787294299784,50000,0,0,363,15000
1787294299884,50000,0,0,363,15000
1787294299984,50000,0,0,363,15000
1787294300084,50000,0,0,363,15000
1787294300184,50000,0,0,363,15000
1787294300284,50000,0,0,363,15000
1787294300384,50000,0,0,363,15000
1787294300484,50000,0,0,363,15000
1787294300584,50000,0,0,363,15000
1787294300684,50000,0,0,363,15000
1787294300784,50000,0,0,363,15000
1787294300884,50000,0,0,363,15000
1787294300984,50000,0,0,363,15000
1787294301083,50000,0,0,363,15000
1787294301184,50000,0,0,363,15000
1787294301284,50000,0,0,363,15000
1787294301384,50000,0,0,363,15000
1787294301484,50000,0,0,363,15000
1787294301584,50000,0,0,363,15000
1787294301684,50000,0,0,363,15000
1787294301784,50000,0,0,363,15000
1787294301884,50000,0,0,363,15000
1787294301984,50000,0,0,363,15000
1787294302084,50000,0,0,363,15000
1787294302184,50000,0,0,363,15000
1787294302284,50000,0,0,363,15000
1787294302384,50000,0,0,363,15000
1787294302483,50000,0,0,363,15000
1787294302583,50000,0,0,363,15000
1787294302684,50000,0,0,363,15000
1787294302784,50000,0,0,363,15000
1787294302884,50000,0,0,363,15000
1787294302984,50000,0,0,363,15000
1787294303084,50000,0,0,363,15000
1787294303184,50000,0,0,363,15000
1787294303284,50000,0,0,363,15000
1787294303383,50000,0,0,363,15000
1787294303484,50000,0,0,363,15000
1787294303584,50000,0,0,363,15000
1787294303684,50000,0,0,363,15000
1787294303784,50000,0,0,363,15000
1787294303884,50000,0,0,363,15000
1787294303984,50000,0,0,363,15000
1787294304084,50000,0,0,363,15000
1787294304184,50000,0,0,363,15000
1787294304284,50000,0,0,363,15000
1787294304384,50000,0,0,363,15000
1787294304484,50000,0,0,363,15000
1787294304584,50000,0,0,363,15000
1787294304684,50000,0,0,363,15000
1787294304784,50000,0,0,363,15000
1787294304884,50000,0,0,363,15000
1787294304984,50000,0,0,363,15000
1787294305084,50000,0,0,363,15000
1787294305184,50000,0,0,363,15000
1787294305284,50000,0,0,363,15000
1787294305384,50000,0,0,363,15000
1787294305484,50000,0,0,363,15000
1787294305584,50000,0,0,363,15000
1787294305684,50000,0,0,363,15000
1787294305784,50000,0,0,363,15000
1787294305884,50000,0,0,363,15000
1787294305983,50000,0,0,363,15000
1787294306084,50000,0,0,363,15000
1787294306184,50000,0,0,363,15000
1787294306284,50000,0,0,363,15000
1787294306384,50000,0,0,363,15000
1787294306484,50000,0,0,363,15000
1787294306584,50000,0,0,363,15000
1787294306684,50000,0,0,363,15000
1787294306784,50000,0,0,363,15000
1787294306884,50000,0,0,363,15000
1787294306984,50000,0,0,363,15000
1787294307083,50000,0,0,363,15000
1787294307184,50000,0,0,363,15000
1787294307284,50000,0,0,363,15000
1787294307384,50000,0,0,363,15000
1787294307484,50000,0,0,363,15000
1787294307584,50000,0,0,363,15000
1787294307683,50000,0,0,363,15000
1787294307784,50000,0,0,363,15000
1787294307884,50000,0,0,363,15000
1787294307984,50000,0,0,363,15000
1787294308084,50000,0,0,363,15000
1787294308184,50000,0,0,363,15000
1787294308284,50000,0,0,363,15000
1787294308384,50000,0,0,363,15000
1787294308484,50000,0,0,363,15000
1787294308584,50000,0,0,363,15000
1787294308684,50000,0,0,363,15000
1787294308784,50000,0,0,363,15000
1787294308884,50000,0,0,363,15000
1787294308984,50000,0,0,363,15000
1787294309084,50000,0,0,363,15000
1787294309184,50000,0,0,363,15000
1787294309284,50000,0,0,363,15000
1787294309384,50000,0,0,363,15000
1787294309484,50000,0,0,363,15000
1787294309584,50000,0,0,363,15000
1787294309684,50000,0,0,363,15000
1787294309784,50000,0,0,363,15000
1787294309884,50000,0,0,363,15000
1787294309983,50000,0,0,363,15000
1787294310084,50000,0,0,363,15000
1787294310183,50000,0,0,363,15000
1787294310284,50000,0,0,363,15000
1787294310384,50000,0,0,363,15000
1787294310484,50000,0,0,363,15000
1787294310584,50000,0,0,363,15000
1787294310684,50000,0,0,363,15000
1787294310784,50000,0,0,363,15000
1787294310884,50000,0,0,363,15000
1787294310984,50000,0,0,363,15000
1787294311084,50000,0,0,363,15000
1787294311184,50000,0,0,363,15000
1787294311284,50000,0,0,363,15000
1787294311383,50000,0,0,363,15000
1787294311484,50000,0,0,363,15000
1787294311584,50000,0,0,363,15000
1787294311684,50000,0,0,363,15000
1787294311784,50000,0,0,363,15000
1787294311884,50000,0,0,363,15000
1787294311984,50000,0,0,363,15000
1787294312084,50000,0,0,363,15000
1787294312183,50000,0,0,363,15000
1787294312284,50000,0,0,363,15000
1787294312384,50000,0,0,363,15000
1787294312484,50000,0,0,363,15000
1787294312584,50000,0,0,363,15000
1787294312684,50000,0,0,363,15000
1787294312784,50000,0,0,363,15000
1787294312884,50000,0,0,363,15000
1787294312984,50000,0,0,363,15000
1787294313084,50000,0,0,363,15000
1787294313184,50000,0,0,363,15000
1787294313283,50000,0,0,363,15000
1787294313384,50000,0,0,363,15000
1787294313484,50000,0,0,363,15000
1787294313584,50000,0,0,363,15000
1787294313683,50000,0,0,363,15000
1787294313784,50000,0,0,363,15000
1787294313884,50000,0,0,363,15000
1787294313984,50000,0,0,363,15000
1787294314084,50000,0,0,363,15000
1787294314183,50000,0,0,363,15000
1787294314284,50000,0,0,363,15000
1787294314384,50000,0,0,363,15000
1787294314484,50000,0,0,363,15000
1787294314584,50000,0,0,363,15000
1787294314684,50000,0,0,363,15000
1787294314784,50000,0,0,363,15000
1787294314884,50000,0,0,363,15000
1787294314984,50000,0,0,363,15000
1787294315084,50000,0,0,363,15000
1787294315183,50000,0,0,363,15000
1787294315284,50000,0,0,363,15000
1787294315383,50000,0,0,363,15000
1787294315484,50000,0,0,363,15000
1787294315584,50000,0,0,363,15000
1787294315683,50000,0,0,363,15000
1787294315784,50000,0,0,363,15000
1787294315884,50000,0,0,363,15000
1787294315984,50000,0,0,363,15000
1787294316084,50000,0,0,363,15000
1787294316184,50000,0,0,363,15000
1787294316284,50000,0,0,363,15000
1787294316383,50000,0,0,363,15000
1787294316483,50000,0,0,363,15000
1787294316584,50000,0,0,363,15000
1787294316684,50000,0,0,363,15000
1787294316784,50000,0,0,363,15000
1787294316884,50000,0,0,363,15000
1787294316984,50000,0,0,363,15000
1787294317084,50000,0,0,363,15000
1787294317184,50000,0,0,363,15000
1787294317284,50000,0,0,363,15000
1787294317384,50000,0,0,363,15000
1787294317484,50000,0,0,363,15000
1787294317584,50000,0,0,363,15000
1787294317684,50000,0,0,363,15000
1787294317784,50000,0,0,363,15000
1787294317884,50000,0,0,363,15000
1787294317984,50000,0,0,363,15000
1787294318084,50000,0,0,363,15000
1787294318184,50000,0,0,363,15000
1787294318284,50000,0,0,363,15000
1787294318384,50000,0,0,363,15000
1787294318484,50000,0,0,363,15000
1787294318584,50000,0,0,363,15000
1787294318683,50000,0,0,363,15000
1787294318784,50000,0,0,363,15000
1787294318884,50000,0,0,363,15000
1787294318984,50000,0,0,363,15000
1787294319084,50000,0,0,363,15000
1787294319184,50000,0,0,363,15000
1787294319284,50000,0,0,363,15000
1787294319384,50000,0,0,363,15000
1787294319484,50000,0,0,363,15000
1787294319584,50000,0,0,363,15000
1787294319684,50000,0,0,363,15000
1787294319784,50000,0,0,363,15000
1787294319884,50000,0,0,363,15000
1787294319983,50000,0,0,363,15000
1787294320084,50000,0,0,363,15000
1787294320184,50000,0,0,363,15000
1787294320284,50000,0,0,363,15000
1787294320384,50000,0,0,363,15000
1787294320484,50000,0,0,363,15000
1787294320583,50000,0,0,363,15000
1787294320684,50000,0,0,363,15000
1787294320784,50000,0,0,363,15000
1787294320884,50000,0,0,363,15000
1787294320984,50000,0,0,363,15000
1787294321084,50000,0,0,363,15000
1787294321184,50000,0,0,363,15000
1787294321284,50000,0,0,363,15000
1787294321384,50000,0,0,363,15000
1787294321484,50000,0,0,363,15000
1787294321583,50000,0,0,363,15000
1787294321684,50000,0,0,363,15000
1787294321784,50000,0,0,363,15000
1787294321884,50000,0,0,363,15000
1787294321984,50000,0,0,363,15000
1787294322084,50000,0,0,363,15000
1787294322184,50000,0,0,363,15000
1787294322284,50000,0,0,363,15000
1787294322384,50000,0,0,363,15000
1787294322484,50000,0,0,363,15000
1787294322584,50000,0,0,363,15000
1787294322684,50000,0,0,363,15000
1787294322784,50000,0,0,363,15000
1787294322884,50000,0,0,363,15000
1787294322984,50000,0,0,363,15000
1787294323084,50000,0,0,363,15000
1787294323184,50000,0,0,363,15000
1787294323284,50000,0,0,363,15000
1787294323384,50000,0,0,363,15000
1787294323484,50000,0,0,363,15000
1787294323584,50000,0,0,363,15000
1787294323684,50000,0,0,363,15000
1787294323784,50000,0,0,363,15000
1787294323884,50000,0,0,363,15000
1787294323984,50000,0,0,363,15000
1787294324084,50000,0,0,363,15000
1787294324183,50000,0,0,363,15000
1787294324284,50000,0,0,363,15000
1787294324384,50000,0,0,363,15000
1787294324484,50000,0,0,363,15000
1787294324584,50000,0,0,363,15000
1787294324684,50000,0,0,363,15000
1787294324784,50000,0,0,363,15000
1787294324884,50000,0,0,363,15000
1787294324984,50000,0,0,363,15000
1787294325084,50000,0,0,363,15000
1787294325184,50000,0,0,363,15000
1787294325284,50000,0,0,363,15000
1787294325384,50000,0,0,363,15000
1787294325484,50000,0,0,363,15000
1787294325584,50000,0,0,363,15000
1787294325684,50000,0,0,363,15000
1787294325783,50000,0,0,363,15000
1787294325884,50000,0,0,363,15000
1787294325983,50000,0,0,363,15000
1787294326084,50000,0,0,363,15000
1787294326184,50000,0,0,363,15000
1787294326284,50000,0,0,363,15000
1787294326384,50000,0,0,363,15000
1787294326484,50000,0,0,363,15000
1787294326584,50000,0,0,363,15000
1787294326684,50000,0,0,363,15000
1787294326784,50000,0,0,363,15000
1787294326884,50000,0,0,363,15000
1787294326984,50000,0,0,363,15000
1787294327084,50000,0,0,363,15000
1787294327184,50000,0,0,363,15000
1787294327284,50000,0,0,363,15000
1787294327383,50000,0,0,363,15000
1787294327483,50000,0,0,363,15000
1787294327584,50000,0,0,363,15000
1787294327684,50000,0,0,363,15000
1787294327784,50000,0,0,363,15000
1787294327884,50000,0,0,363,15000
1787294327984,50000,0,0,363,15000
1787294328084,50000,0,0,363,15000
1787294328184,50000,0,0,363,15000
1787294328284,50000,0,0,363,15000
1787294328384,50000,0,0,363,15000
1787294328484,50000,0,0,363,15000
1787294328584,50000,0,0,363,15000
1787294328684,50000,0,0,363,15000
1787294328784,50000,0,0,363,15000
1787294328883,50000,0,0,363,15000
1787294328984,50000,0,0,363,15000
1787294329084,50000,0,0,363,15000
1787294329184,50000,0,0,363,15000
1787294329284,50000,0,0,363,15000
1787294329384,50000,0,0,363,15000
1787294329484,50000,0,0,363,15000
1787294329584,50000,0,0,363,15000
1787294329684,50000,0,0,363,15000
1787294329784,50000,0,0,363,15000
1787294329884,50000,0,0,363,15000
1787294329984,50000,0,0,363,15000
1787294330084,50000,0,0,363,15000
1787294330184,50000,0,0,363,15000
1787294330284,50000,0,0,363,15000
1787294330383,50000,0,0,363,15000
1787294330484,50000,0,0,363,15000
1787294330584,50000,0,0,363,15000
1787294330684,50000,0,0,363,15000
1787294330784,50000,0,0,363,15000
1787294330884,50000,0,0,363,15000
1787294330984,50000,0,0,363,15000
1787294331084,50000,0,0,363,15000
1787294331184,50000,0,0,363,15000
1787294331284,50000,0,0,363,15000
1787294331384,50000,0,0,363,15000
1787294331484,50000,0,0,363,15000
1787294331584,50000,0,0,363,15000
1787294331684,50000,0,0,363,15000
1787294331784,50000,0,0,363,15000
1787294331884,50000,0,0,363,15000
1787294331984,50000,0,0,363,15000
1787294332083,50000,0,0,363,15000
1787294332184,50000,0,0,363,15000
1787294332284,50000,0,0,363,15000
1787294332384,50000,0,0,363,15000
1787294332484,50000,0,0,363,15000
1787294332584,50000,0,0,363,15000
1787294332684,50000,0,0,363,15000
1787294332784,50000,0,0,363,15000
1787294332884,50000,0,0,363,15000
1787294332984,50000,0,0,363,15000
1787294333084,50000,0,0,363,15000
1787294333184,50000,0,0,363,15000
1787294333284,50000,0,0,363,15000
1787294333384,50000,0,0,363,15000
1787294333484,50000,0,0,363,15000
1787294333584,50000,0,0,363,15000
1787294333684,50000,0,0,363,15000
1787294333784,50000,0,0,363,15000
1787294333884,50000,0,0,363,15000
1787294333984,50000,0,0,363,15000
1787294334084,50000,0,0,363,15000
1787294334184,50000,0,0,363,15000
1787294334284,50000,0,0,363,15000
1787294334384,50000,0,0,363,15000
1787294334484,50000,0,0,363,15000
1787294334584,50000,0,0,363,15000
1787294334684,50000,0,0,363,15000
1787294334784,50000,0,0,363,15000
1787294334884,50000,0,0,363,15000
1787294334984,50000,0,0,363,15000
1787294335084,50000,0,0,363,15000
1787294335183,50000,0,0,363,15000
1787294335284,50000,0,0,363,15000
1787294335383,50000,0,0,363,15000
1787294335484,50000,0,0,363,15000
1787294335584,50000,0,0,363,15000
1787294335684,50000,0,0,363,15000
1787294335783,50000,0,0,363,15000
1787294335884,50000,0,0,363,15000
1787294335983,50000,0,0,363,15000
1787294336084,50000,0,0,363,15000
1787294336184,50000,0,0,363,15000
1787294336284,50000,0,0,363,15000
1787294336384,50000,0,0,363,15000
1787294336484,50000,0,0,363,15000
1787294336584,50000,0,0,363,15000
1787294336684,50000,0,0,363,15000
1787294336784,50000,0,0,363,15000
1787294336884,50000,0,0,363,15000
1787294336984,50000,0,0,363,15000
1787294337083,50000,0,0,363,15000
1787294337184,50000,0,0,363,15000
1787294337284,50000,0,0,363,15000
1787294337384,50000,0,0,363,15000
1787294337483,50000,0,0,363,15000
1787294337584,50000,0,0,363,15000
1787294337684,50000,0,0,363,15000
1787294337783,50000,0,0,363,15000
1787294337884,50000,0,0,363,15000
1787294337984,50000,0,0,363,15000
1787294338084,50000,0,0,363,15000
1787294338184,50000,0,0,363,15000
1787294338284,50000,0,0,363,15000
1787294338384,50000,0,0,363,15000
1787294338484,50000,0,0,363,15000
1787294338584,50000,0,0,363,15000
1787294338684,50000,0,0,363,15000
1787294338784,50000,0,0,363,15000
1787294338884,50000,0,0,363,15000
1787294338984,50000,0,0,363,15000
1787294339084,50000,0,0,363,15000
1787294339184,50000,0,0,363,15000
1787294339284,50000,0,0,363,15000
1787294339384,50000,0,0,363,15000
1787294339484,50000,0,0,363,15000
1787294339584,50000,0,0,363,15000
1787294339684,50000,0,0,363,15000
1787294339783,50000,0,0,363,15000
1787294339884,50000,0,0,363,15000
1787294339984,50000,0,0,363,15000
1787294340083,50000,0,0,363,15000
1787294340184,50000,0,0,363,15000
1787294340284,50000,0,0,363,15000
1787294340384,50000,0,0,363,15000
1787294340484,50000,0,0,363,15000
1787294340584,50000,0,0,363,15000
1787294340684,50000,0,0,363,15000
1787294340784,50000,0,0,363,15000
1787294340884,50000,0,0,363,15000
1787294340984,50000,0,0,363,15000
1787294341083,50000,0,0,363,15000
1787294341184,50000,0,0,363,15000
1787294341284,50000,0,0,363,15000
1787294341384,50000,0,0,363,15000
1787294341484,50000,0,0,363,15000
1787294341584,50000,0,0,363,15000
1787294341683,50000,0,0,363,15000
1787294341784,50000,0,0,363,15000
1787294341884,50000,0,0,363,15000
1787294341984,50000,0,0,363,15000
1787294342084,50000,0,0,363,15000
1787294342184,50000,0,0,363,15000
1787294342284,50000,0,0,363,15000
1787294342384,50000,0,0,363,15000
1787294342484,50000,0,0,363,15000
1787294342584,50000,0,0,363,15000
1787294342684,50000,0,0,363,15000
1787294342784,50000,0,0,363,15000
1787294342884,50000,0,0,363,15000
1787294342984,50000,0,0,363,15000
1787294343084,50000,0,0,363,15000
1787294343184,50000,0,0,363,15000
1787294343284,50000,0,0,363,15000
1787294343384,50000,0,0,363,15000
1787294343483,50000,0,0,363,15000
1787294343584,50000,0,0,363,15000
1787294343684,50000,0,0,363,15000
1787294343784,50000,0,0,363,15000
1787294343884,50000,0,0,363,15000
1787294343984,50000,0,0,363,15000
1787294344084,50000,0,0,363,15000
1787294344184,50000,0,0,363,15000
1787294344284,50000,0,0,363,15000
1787294344384,50000,0,0,363,15000
1787294344484,50000,0,0,363,15000
1787294344584,50000,0,0,363,15000
1787294344684,50000,0,0,363,15000
1787294344784,50000,0,0,363,15000
1787294344884,50000,0,0,363,15000
1787294344983,50000,0,0,363,15000
1787294345084,50000,0,0,363,15000
1787294345184,50000,0,0,363,15000
1787294345284,50000,0,0,363,15000
1787294345384,50000,0,0,363,15000
1787294345484,50000,0,0,363,15000
1787294345584,50000,0,0,363,15000
1787294345684,50000,0,0,363,15000
1787294345783,50000,0,0,363,15000
1787294345884,50000,0,0,363,15000
1787294345984,50000,0,0,363,15000
1787294346083,50000,0,0,363,15000
1787294346183,50000,0,0,363,15000
1787294346284,50000,0,0,363,15000
1787294346384,50000,0,0,363,15000
1787294346484,50000,0,0,363,15000
1787294346584,50000,0,0,363,15000
1787294346684,50000,0,0,363,15000
1787294346784,50000,0,0,363,15000
1787294346884,50000,0,0,363,15000
1787294346984,50000,0,0,363,15000
1787294347084,50000,0,0,363,15000
1787294347184,50000,0,0,363,15000
1787294347284,50000,0,0,363,15000
1787294347384,50000,0,0,363,15000
1787294347483,50000,0,0,363,15000
1787294347583,50000,0,0,363,15000
1787294347684,50000,0,0,363,15000
1787294347784,50000,0,0,363,15000
1787294347884,50000,0,0,363,15000
1787294347984,50000,0,0,363,15000
1787294348083,50000,0,0,363,15000
1787294348184,50000,0,0,363,15000
1787294348284,50000,0,0,363,15000
1787294348384,50000,0,0,363,15000
1787294348484,50000,0,0,363,15000
1787294348584,50000,0,0,363,15000
1787294348684,50000,0,0,363,15000
1787294348784,50000,0,0,363,15000
1787294348884,50000,0,0,363,15000
1787294348984,50000,0,0,363,15000
1787294349084,50000,0,0,363,15000
1787294349184,50000,0,0,363,15000
1787294349284,50000,0,0,363,15000
1787294349384,50000,0,0,363,15000
1787294349484,50000,0,0,363,15000
1787294349584,50000,0,0,363,15000
1787294349684,50000,0,0,363,15000
1787294349784,50000,0,0,363,15000
1787294349884,50000,0,0,363,15000
1787294349984,50000,0,0,363,15000
1787294350084,50000,0,0,363,15000
1787294350184,50000,0,0,363,15000
1787294350284,50000,0,0,363,15000
1787294350384,50000,0,0,363,15000
1787294350484,50000,0,0,363,15000
1787294350584,50000,0,0,363,15000
1787294350684,50000,0,0,363,15000
1787294350784,50000,0,0,363,15000
1787294350883,50000,0,0,363,15000
1787294350984,50000,0,0,363,15000
1787294351084,50000,0,0,363,15000
1787294351184,50000,0,0,363,15000
1787294351284,50000,0,0,363,15000
1787294351383,50000,0,0,363,15000
1787294351484,50000,0,0,363,15000
1787294351584,50000,0,0,363,15000
1787294351684,50000,0,0,363,15000
1787294351784,50000,0,0,363,15000
1787294351884,50000,0,0,363,15000
1787294351984,50000,0,0,363,15000
1787294352084,50000,0,0,363,15000
1787294352184,50000,0,0,363,15000
1787294352284,50000,0,0,363,15000
1787294352384,50000,0,0,363,15000
1787294352484,50000,0,0,363,15000
1787294352584,50000,0,0,363,15000
1787294352684,50000,0,0,363,15000
1787294352784,50000,0,0,363,15000
1787294352884,50000,0,0,363,15000
1787294352983,50000,0,0,363,15000
1787294353084,50000,0,0,363,15000
1787294353184,50000,0,0,363,15000
1787294353284,50000,0,0,363,15000
1787294353384,50000,0,0,363,15000
1787294353483,50000,0,0,363,15000
1787294353584,50000,0,0,363,15000
1787294353684,50000,0,0,363,15000
1787294353784,50000,0,0,363,15000
1787294353884,50000,0,0,363,15000
1787294353984,50000,0,0,363,15000
1787294354084,50000,0,0,363,15000
1787294354184,50000,0,0,363,15000
1787294354284,50000,0,0,363,15000
1787294354384,50000,0,0,363,15000
1787294354484,50000,0,0,363,15000
1787294354583,50000,0,0,363,15000
1787294354684,50000,0,0,363,15000
1787294354784,50000,0,0,363,15000
1787294354884,50000,0,0,363,15000
1787294354984,50000,0,0,363,15000
1787294355084,50000,0,0,363,15000
1787294355184,50000,0,0,363,15000
1787294355284,50000,0,0,363,15000
1787294355384,50000,0,0,363,15000
1787294355484,50000,0,0,363,15000
1787294355584,50000,0,0,363,15000
1787294355684,50000,0,0,363,15000
1787294355783,50000,0,0,363,15000
1787294355884,50000,0,0,363,15000
1787294355984,50000,0,0,363,15000
1787294356084,50000,0,0,363,15000
1787294356184,50000,0,0,363,15000
1787294356284,50000,0,0,363,15000
1787294356384,50000,0,0,363,15000
1787294356484,50000,0,0,363,15000
1787294356583,50000,0,0,363,15000
1787294356684,50000,0,0,363,15000
1787294356784,50000,0,0,363,15000
1787294356884,50000,0,0,363,15000
1787294356984,50000,0,0,363,15000
1787294357084,50000,0,0,363,15000
1787294357184,50000,0,0,363,15000
1787294357283,50000,0,0,363,15000
1787294357384,50000,0,0,363,15000
1787294357484,50000,0,0,363,15000
1787294357584,50000,0,0,363,15000
1787294357683,50000,0,0,363,15000
1787294357784,50000,0,0,363,15000
1787294357884,50000,0,0,363,15000
1787294357983,50000,0,0,363,15000
1787294358084,50000,0,0,363,15000
1787294358184,50000,0,0,363,15000
1787294358284,50000,0,0,363,15000
1787294358384,50000,0,0,363,15000
1787294358484,50000,0,0,363,15000
1787294358584,50000,0,0,363,15000
1787294358683,50000,0,0,363,15000
1787294358784,50000,0,0,363,15000
1787294358884,50000,0,0,363,15000
1787294358984,50000,0,0,363,15000
1787294359084,50000,0,0,363,15000
1787294359184,50000,0,0,363,15000
1787294359284,50000,0,0,363,15000
1787294359384,50000,0,0,363,15000
1787294359484,50000,0,0,363,15000
1787294359584,50000,0,0,363,15000
1787294359684,50000,0,0,363,15000
1787294359784,50000,0,0,363,15000
1787294359884,50000,0,0,363,15000
1787294359984,50000,0,0,363,15000
1787294360084,50000,0,0,363,15000
1787294360184,50000,0,0,363,15000
1787294360283,50000,0,0,363,15000
1787294360384,50000,0,0,363,15000
1787294360484,50000,0,0,363,15000
1787294360583,50000,0,0,363,15000
1787294360684,50000,0,0,363,15000
1787294360784,50000,0,0,363,15000
1787294360884,50000,0,0,363,15000
1787294360984,50000,0,0,363,15000
1787294361084,50000,0,0,363,15000
1787294361184,50000,0,0,363,15000
1787294361285,50000,0,0,363,15000
1787294361385,50000,0,0,363,15000
1787294361483,50000,0,0,363,15000
1787294361584,50000,0,0,363,15000
1787294361684,50000,0,0,363,15000
1787294361784,50000,0,0,363,15000
1787294361884,50000,0,0,363,15000
1787294361984,50000,0,0,363,15000
1787294362084,50000,0,0,363,15000
1787294362184,50000,0,0,363,15000
1787294362284,50000,0,0,363,15000
1787294362384,50000,0,0,363,15000
1787294362484,50000,0,0,363,15000
1787294362584,50000,0,0,363,15000
1787294362684,50000,0,0,363,15000
1787294362784,50000,0,0,363,15000
1787294362884,50000,0,0,363,15000
1787294362984,50000,0,0,363,15000
1787294363084,50000,0,0,363,15000
1787294363184,50000,0,0,363,15000
1787294363284,50000,0,0,363,15000
1787294363384,50000,0,0,363,15000
1787294363483,50000,0,0,363,15000
1787294363583,50000,0,0,363,15000
1787294363684,50000,0,0,363,15000
1787294363784,50000,0,0,363,15000
1787294363884,50000,0,0,363,15000
1787294363983,50000,0,0,363,15000
1787294364083,50000,0,0,363,15000
1787294364184,50000,0,0,363,15000
1787294364284,50000,0,0,363,15000
1787294364384,50000,0,0,363,15000
1787294364483,50000,0,0,363,15000
1787294364584,50000,0,0,363,15000
1787294364684,50000,0,0,363,15000
1787294364784,50000,0,0,363,15000
1787294364884,50000,0,0,363,15000
1787294364984,50000,0,0,363,15000
1787294365083,50000,0,0,363,15000
1787294365184,50000,0,0,363,15000
1787294365284,50000,0,0,363,15000
1787294365383,50000,0,0,363,15000
1787294365484,50000,0,0,363,15000
1787294365584,50000,0,0,363,15000
1787294365684,50000,0,0,363,15000
1787294365783,50000,0,0,363,15000
1787294365884,50000,0,0,363,15000
1787294365984,50000,0,0,363,15000
1787294366084,50000,0,0,363,15000
1787294366184,50000,0,0,363,15000
1787294366284,50000,0,0,363,15000
1787294366384,50000,0,0,363,15000
1787294366484,50000,0,0,363,15000
1787294366584,50000,0,0,363,15000
1787294366684,50000,0,0,363,15000
1787294366784,50000,0,0,363,15000
1787294366884,50000,0,0,363,15000
1787294366984,50000,0,0,363,15000
1787294367084,50000,0,0,363,15000
1787294367184,50000,0,0,363,15000
1787294367283,50000,0,0,363,15000
1787294367384,50000,0,0,363,15000
1787294367484,50000,0,0,363,15000
1787294367584,50000,0,0,363,15000
1787294367684,50000,0,0,363,15000
1787294367784,50000,0,0,363,15000
1787294367884,50000,0,0,363,15000
1787294367984,50000,0,0,363,15000
1787294368084,50000,0,0,363,15000
1787294368184,50000,0,0,363,15000
1787294368284,50000,0,0,363,15000
1787294368383,50000,0,0,363,15000
1787294368484,50000,0,0,363,15000
1787294368584,50000,0,0,363,15000
1787294368683,50000,0,0,363,15000
1787294368784,50000,0,0,363,15000
1787294368884,50000,0,0,363,15000
1787294368984,50000,0,0,363,15000
1787294369084,50000,0,0,363,15000
1787294369184,50000,0,0,363,15000
1787294369284,50000,0,0,363,15000
1787294369384,50000,0,0,363,15000
1787294369484,50000,0,0,363,15000
1787294369584,50000,0,0,363,15000
1787294369684,50000,0,0,363,15000
1787294369784,50000,0,0,363,15000
1787294369883,50000,0,0,363,15000
1787294369984,50000,0,0,363,15000
1787294370084,50000,0,0,363,15000
1787294370184,50000,0,0,363,15000
1787294370284,50000,0,0,363,15000
1787294370384,50000,0,0,363,15000
1787294370484,50000,0,0,363,15000
1787294370584,50000,0,0,363,15000
1787294370683,50000,0,0,363,15000
1787294370784,50000,0,0,363,15000
1787294370884,50000,0,0,363,15000
1787294370984,50000,0,0,363,15000
1787294371084,50000,0,0,363,15000
1787294371184,50000,0,0,363,15000
1787294371284,50000,0,0,363,15000
1787294371384,50000,0,0,363,15000
1787294371484,50000,0,0,363,15000
1787294371584,50000,0,0,363,15000
1787294371684,50000,0,0,363,15000
1787294371784,50000,0,0,363,15000
1787294371883,50000,0,0,363,15000
1787294371984,50000,0,0,363,15000
1787294372084,50000,0,0,363,15000
1787294372184,50000,0,0,363,15000
1787294372284,50000,0,0,363,15000
1787294372384,50000,0,0,363,15000
1787294372484,50000,0,0,363,15000
1787294372584,50000,0,0,363,15000
1787294372684,50000,0,0,363,15000
1787294372784,50000,0,0,363,15000
1787294372883,50000,0,0,363,15000
1787294372984,50000,0,0,363,15000
1787294373084,50000,0,0,363,15000
1787294373184,50000,0,0,363,15000
1787294373284,50000,0,0,363,15000
1787294373384,50000,0,0,363,15000
1787294373484,50000,0,0,363,15000
1787294373584,50000,0,0,363,15000
1787294373684,50000,0,0,363,15000
1787294373784,50000,0,0,363,15000
1787294373884,50000,0,0,363,15000
1787294373984,50000,0,0,363,15000
1787294374084,50000,0,0,363,15000
1787294374184,50000,0,0,363,15000
1787294374284,50000,0,0,363,15000
1787294374384,50000,0,0,363,15000
1787294374483,50000,0,0,363,15000
1787294374584,50000,0,0,363,15000
1787294374684,50000,0,0,363,15000
1787294374783,50000,0,0,363,15000
1787294374883,50000,0,0,363,15000
1787294374983,50000,0,0,363,15000
1787294375084,50000,0,0,363,15000
1787294375184,50000,0,0,363,15000
1787294375284,50000,0,0,363,15000
1787294375384,50000,0,0,363,15000
1787294375484,50000,0,0,363,15000
1787294375584,50000,0,0,363,15000
1787294375684,50000,0,0,363,15000
1787294375783,50000,0,0,363,15000
1787294375884,50000,0,0,363,15000
1787294375984,50000,0,0,363,15000
1787294376084,50000,0,0,363,15000
1787294376184,50000,0,0,363,15000
1787294376284,49700,15000,0,363,15000
1787294376384,49700,15000,0,363,15000
1787294376484,49700,15000,0,363,15000
1787294376584,49700,15000,0,363,15000
1787294376684,49700,15000,10000,363,15000
1787294376784,49700,15000,10000,363,15000
1787294376883,49700,15000,10000,363,15000
1787294376984,49700,15000,10000,363,15000
1787294377084,49700,15000,10000,363,15000
1787294377184,49700,15000,10000,363,15000
1787294377284,49700,15000,14800,363,15000
1787294377384,49700,15000,14800,363,15000
1787294377484,49700,15000,14800,363,15000
1787294377584,49700,15000,14800,363,15000
1787294377684,49700,15000,14800,363,15000
1787294377784,49700,15000,14800,363,15000
1787294377883,49700,15000,14900,363,15000
1787294377984,49700,15000,14900,363,15000
1787294378084,49700,15000,14900,363,15000
1787294378184,49700,15000,14900,363,15000
1787294378284,49700,15000,14900,363,15000
1787294378384,49700,15000,14900,363,15000
1787294378484,49700,15000,14900,363,15000
1787294378584,49700,15000,14900,363,15000
1787294378684,49700,15000,14900,363,15000
1787294378784,49700,15000,14900,363,15000
1787294378884,49700,15000,14900,363,15000
1787294378984,49700,15000,14900,363,15000
1787294379084,49700,15000,14900,363,15000
1787294379184,49700,15000,14900,363,15000
1787294379284,49700,15000,14900,363,15000
1787294379384,49700,15000,14900,363,15000
1787294379484,49700,15000,14900,363,15000
1787294379584,49700,15000,14900,363,15000
1787294379684,49700,15000,14900,363,15000
1787294379784,49700,15000,14900,363,15000
1787294379884,49700,15000,14900,363,15000
1787294379984,49700,15000,14900,363,15000
1787294380084,49700,15000,14900,363,15000
1787294380184,49700,15000,14900,363,15000
1787294380283,49700,15000,14900,363,15000
1787294380384,49700,15000,14900,363,15000
1787294380484,49700,15000,14900,363,15000
1787294380584,49700,15000,14900,363,15000
1787294380684,49700,15000,14900,363,15000
1787294380784,49700,15000,14900,363,15000
1787294380884,49700,15000,14900,363,15000
1787294380984,49700,15000,14900,363,15000
1787294381084,49700,15000,14900,363,15000
1787294381184,49700,15000,14900,363,15000
1787294381284,49700,15000,14900,363,15000
1787294381384,49700,15000,14900,363,15000
1787294381484,49700,15000,14900,363,15000
1787294381584,49700,15000,14900,363,15000
1787294381684,49700,15000,14900,363,15000
1787294381784,49700,15000,14900,363,15000
1787294381884,49700,15000,14900,363,15000
1787294381984,49700,15000,14900,363,15000
1787294382084,49700,15000,14900,363,15000
1787294382184,49700,15000,14900,363,15000
1787294382284,49700,15000,14900,363,15000
1787294382384,49700,15000,14900,363,15000
1787294382484,49700,15000,14900,363,15000
1787294382583,49700,15000,14900,363,15000
1787294382684,49700,15000,14900,363,15000
1787294382784,49700,15000,14900,363,15000
1787294382884,49700,15000,14900,363,15000
1787294382984,49700,15000,14900,363,15000
1787294383084,49700,15000,14900,363,15000
1787294383184,49700,15000,14900,363,15000
1787294383284,49700,15000,14900,363,15000
1787294383384,49700,15000,14900,363,15000
1787294383484,49700,15000,14900,363,15000
1787294383584,49700,15000,14900,363,15000
1787294383684,49700,15000,14900,363,15000
1787294383784,49700,15000,14900,363,15000
1787294383884,49700,15000,14900,363,15000
1787294383984,49700,15000,14900,363,15000
1787294384084,49700,15000,14900,363,15000
1787294384184,49700,15000,14900,363,15000
1787294384284,49700,15000,14900,363,15000
1787294384384,49700,15000,14900,363,15000
1787294384484,49700,15000,14900,363,15000
1787294384583,49700,15000,14900,363,15000
1787294384684,49700,15000,14900,363,15000
1787294384783,49700,15000,14900,363,15000
1787294384884,49700,15000,14900,363,15000
1787294384984,49700,15000,14900,363,15000
1787294385084,49700,15000,14900,363,15000
1787294385184,49700,15000,15000,363,15000
1787294385284,49700,15000,15000,363,15000
1787294385384,49700,15000,15000,363,15000
1787294385484,49700,15000,15000,363,15000
1787294385584,49700,15000,15000,363,15000
1787294385684,49700,15000,15000,363,15000
1787294385783,49700,15000,14900,363,15000
1787294385884,49700,15000,14900,363,15000
1787294385984,49700,15000,14900,363,15000
1787294386084,49700,15000,14900,363,15000
1787294386184,49700,15000,14900,363,15000
1787294386284,49700,15000,14900,363,15000
1787294386384,49700,15000,15000,363,15000
1787294386484,49700,15000,15000,363,15000
1787294386583,49700,15000,15000,363,15000
1787294386684,49700,15000,15000,363,15000
1787294386784,49700,15000,15000,363,15000
1787294386884,49700,15000,15000,363,15000
1787294386984,49700,15000,15000,363,15000
1787294387084,49700,15000,14900,363,15000
1787294387184,49700,15000,14900,363,15000
1787294387284,49700,15000,14900,363,15000
1787294387384,49700,15000,14900,363,15000
1787294387484,49700,15000,14900,363,15000
1787294387584,49700,15000,14900,363,15000
1787294387684,49700,15000,14900,363,15000
1787294387784,49700,15000,14900,363,15000
1787294387884,49700,15000,14900,363,15000
1787294387984,49700,15000,14900,363,15000
1787294388084,49700,15000,14900,363,15000
1787294388184,49700,15000,14900,363,15000
1787294388284,49700,15000,14900,363,15000
1787294388384,49700,15000,14900,363,15000
1787294388484,49700,15000,14900,363,15000
1787294388584,49700,15000,14900,363,15000
1787294388684,49700,15000,14900,363,15000
1787294388784,49700,15000,14900,363,15000
1787294388883,49700,15000,15000,363,15000
1787294388984,49700,15000,15000,363,15000
1787294389084,49700,15000,15000,363,15000
1787294389184,49700,15000,15000,363,15000
1787294389284,49700,15000,15000,363,15000
1787294389384,49700,15000,15000,363,15000
1787294389484,49700,15000,15000,363,15000
1787294389584,49700,15000,15000,363,15000
1787294389684,49700,15000,15000,363,15000
1787294389784,49700,15000,15000,363,15000
1787294389884,49700,15000,15000,363,15000
1787294389984,49700,15000,14900,363,15000
1787294390084,49700,15000,14900,363,15000
1787294390184,49700,15000,14900,363,15000
1787294390284,49700,15000,14900,363,15000
1787294390384,49700,15000,14900,363,15000
1787294390484,49700,15000,14900,363,15000
1787294390584,49700,15000,14900,363,15000
1787294390684,49700,15000,14900,363,15000
1787294390784,49700,15000,14900,363,15000
1787294390884,49700,15000,14900,363,15000
1787294390983,49700,15000,14900,363,15000
1787294391084,49700,15000,14900,363,15000
1787294391184,49700,15000,14900,363,15000
1787294391284,49700,15000,14900,363,15000
1787294391383,49700,15000,14900,363,15000
1787294391484,49700,15000,14900,363,15000
1787294391584,49700,15000,14900,363,15000
1787294391684,49700,15000,14900,363,15000
1787294391784,49700,15000,14900,363,15000
1787294391884,49700,15000,15000,363,15000
1787294391984,49700,15000,15000,363,15000
1787294392084,49700,15000,15000,363,15000
1787294392184,49700,15000,15000,363,15000
1787294392284,49700,15000,15000,363,15000
1787294392384,49700,15000,15000,363,15000
1787294392484,49700,15000,14900,363,15000
1787294392584,49700,15000,14900,363,15000
1787294392684,49700,15000,14900,363,15000
1787294392784,49700,15000,14900,363,15000
1787294392884,49700,15000,14900,363,15000
1787294392983,49700,15000,14900,363,15000
1787294393084,49700,15000,15000,363,15000
1787294393184,49700,15000,15000,363,15000
1787294393284,49700,15000,15000,363,15000
1787294393384,49700,15000,15000,363,15000
1787294393484,49700,15000,15000,363,15000
1787294393584,49700,15000,15000,363,15000
1787294393684,49700,15000,15000,363,15000
1787294393784,49700,15000,15000,363,15000
1787294393883,49700,15000,15000,363,15000
1787294393983,49700,15000,15000,363,15000
1787294394084,49700,15000,15000,363,15000
1787294394184,49700,15000,14900,363,15000
1787294394283,49700,15000,14900,363,15000
1787294394384,49700,15000,14900,363,15000
1787294394484,49700,15000,14900,363,15000
1787294394584,49700,15000,14900,363,15000
1787294394684,49700,15000,14900,363,15000
1787294394784,49700,15000,14900,363,15000
1787294394884,49700,15000,14900,363,15000
1787294394984,49700,15000,14900,363,15000
1787294395084,49700,15000,14900,363,15000
1787294395184,49700,15000,14900,363,15000
1787294395284,49700,15000,14900,363,15000
1787294395384,49700,15000,14900,363,15000
1787294395484,49700,15000,14900,363,15000
1787294395584,49700,15000,14900,363,15000
1787294395683,49700,15000,14900,363,15000
1787294395784,49700,15000,14900,363,15000
1787294395884,49700,15000,14900,363,15000
1787294395984,49700,15000,14900,363,15000
1787294396083,49700,15000,15000,363,15000
1787294396184,49700,15000,15000,363,15000
1787294396284,49700,15000,15000,363,15000
1787294396384,49700,15000,15000,363,15000
1787294396484,49700,15000,15000,363,15000
1787294396584,49700,15000,15000,363,15000
1787294396684,49700,15000,14800,363,15000
1787294396784,49700,15000,14800,363,15000
1787294396884,49700,15000,14800,363,15000
1787294396984,49700,15000,14800,363,15000
1787294397084,49700,15000,14800,363,15000
1787294397184,49700,15000,14800,363,15000
1787294397284,49700,15000,14900,363,15000
1787294397384,49700,15000,14900,363,15000
1787294397484,49700,15000,14900,363,15000
1787294397584,49700,15000,14900,363,15000
1787294397684,49700,15000,14900,363,15000
1787294397784,49700,15000,14900,363,15000
1787294397884,49700,15000,14900,363,15000
1787294397983,49700,15000,14900,363,15000
1787294398084,49700,15000,14900,363,15000
1787294398183,49700,15000,14900,363,15000
1787294398284,49700,15000,14900,363,15000
1787294398383,49700,15000,14900,363,15000
1787294398484,49700,15000,14900,363,15000
1787294398584,49700,15000,14900,363,15000
1787294398684,49700,15000,14900,363,15000
1787294398784,49700,15000,14900,363,15000
1787294398884,49700,15000,14900,363,15000
1787294398983,49700,15000,14900,363,15000
1787294399084,49700,15000,14900,363,15000
1787294399184,49700,15000,14900,363,15000
1787294399284,49700,15000,14900,363,15000
1787294399384,49700,15000,14900,363,15000
1787294399484,49700,15000,14900,363,15000
1787294399584,49700,15000,14900,363,15000
1787294399684,49700,15000,14900,363,15000
1787294399784,49700,15000,14900,363,15000
1787294399883,49700,15000,14900,363,15000
1787294399984,49700,15000,14900,363,15000
1787294400084,49700,15000,14900,363,15000
1787294400184,49700,15000,14900,363,15000
1787294400284,49700,15000,14900,363,15000
1787294400384,49700,15000,14900,363,15000
1787294400484,49700,15000,14900,363,15000
1787294400584,49700,15000,14900,363,15000
1787294400684,49700,15000,14900,363,15000
1787294400784,49700,15000,14900,363,15000
1787294400884,49700,15000,14900,363,15000
1787294400984,49700,15000,14900,363,15000
1787294401084,49700,15000,14900,363,15000
1787294401184,49700,15000,14900,363,15000
1787294401284,49700,15000,14900,363,15000
1787294401384,49700,15000,14900,363,15000
1787294401484,49700,15000,15000,363,15000
1787294401584,49700,15000,15000,363,15000
1787294401684,49700,15000,15000,363,15000
1787294401784,49700,15000,15000,363,15000
1787294401884,49700,15000,15000,363,15000
1787294401984,49700,15000,15000,363,15000
1787294402084,49700,15000,14900,363,15000
1787294402184,49700,15000,14900,363,15000
1787294402284,49700,15000,14900,363,15000
1787294402384,49700,15000,14900,363,15000
1787294402484,49700,15000,14900,363,15000
1787294402584,49700,15000,14900,363,15000
1787294402684,49700,15000,14900,363,15000
1787294402784,49700,15000,14900,363,15000
1787294402884,49700,15000,14900,363,15000
1787294402984,49700,15000,14900,363,15000
1787294403084,49700,15000,14900,363,15000
1787294403184,49700,15000,14900,363,15000
1787294403284,49700,15000,14900,363,15000
1787294403383,49700,15000,14900,363,15000
1787294403484,49700,15000,14900,363,15000
1787294403584,49700,15000,14900,363,15000
1787294403684,49700,15000,14900,363,15000
1787294403784,49700,15000,14900,363,15000
1787294403884,49700,15000,14900,363,15000
1787294403984,49700,15000,15000,363,15000
1787294404084,49700,15000,15000,363,15000
1787294404184,49700,15000,15000,363,15000
1787294404284,49700,15000,15000,363,15000
1787294404384,49700,15000,15000,363,15000
1787294404484,49700,15000,15000,363,15000
1787294404584,49700,15000,15000,363,15000
1787294404684,49700,15000,14900,363,15000
1787294404783,49700,15000,14900,363,15000
1787294404884,49700,15000,14900,363,15000
1787294404984,49700,15000,14900,363,15000
1787294405084,49700,15000,14900,363,15000
1787294405184,49700,15000,14900,363,15000
1787294405284,49700,15000,14900,363,15000
1787294405383,49700,15000,14900,363,15000
1787294405484,49700,15000,14900,363,15000
1787294405584,49700,15000,14900,363,15000
1787294405684,49700,15000,14800,363,15000
1787294405784,49700,15000,14800,363,15000
1787294405884,49700,15000,14800,363,15000
1787294405984,49700,15000,14800,363,15000
1787294406084,49700,15000,14800,363,15000
1787294406184,49700,15000,14800,363,15000
1787294406284,49700,15000,15000,363,15000
1787294406384,49700,15000,15000,363,15000
1787294406484,49700,15000,15000,363,15000
1787294406584,49700,15000,15000,363,15000
1787294406684,49700,15000,15000,363,15000
1787294406784,49700,15000,15000,363,15000
1787294406884,49700,15000,14900,363,15000
1787294406984,49700,15000,14900,363,15000
1787294407084,49700,15000,14900,363,15000
1787294407184,49700,15000,14900,363,15000
1787294407284,49700,15000,14900,363,15000
1787294407384,49700,15000,14900,363,15000
1787294407484,49700,15000,14900,363,15000
1787294407584,49700,15000,14900,363,15000
1787294407684,49700,15000,14900,363,15000
1787294407784,49700,15000,14900,363,15000
1787294407884,49700,15000,14900,363,15000
1787294407983,49700,15000,14900,363,15000
1787294408084,49700,15000,14900,363,15000
1787294408184,49700,15000,15000,363,15000
1787294408284,49700,15000,15000,363,15000
1787294408384,49700,15000,15000,363,15000
1787294408484,49700,15000,15000,363,15000
1787294408584,49700,15000,15000,363,15000
1787294408684,49700,15000,15000,363,15000
1787294408784,49700,15000,14900,363,15000
1787294408884,49700,15000,14900,363,15000
1787294408984,49700,15000,14900,363,15000
1787294409084,49700,15000,14900,363,15000
1787294409184,49700,15000,14900,363,15000
1787294409284,49700,15000,14900,363,15000
1787294409384,49700,15000,15000,363,15000
1787294409484,49700,15000,15000,363,15000
1787294409584,49700,15000,15000,363,15000
1787294409684,49700,15000,15000,363,15000
1787294409784,49700,15000,15000,363,15000
1787294409884,49700,15000,15000,363,15000
1787294409984,49700,15000,15000,363,15000
1787294410083,49700,15000,14900,363,15000
1787294410184,49700,15000,14900,363,15000
1787294410284,49700,15000,14900,363,15000
1787294410384,49700,15000,14900,363,15000
1787294410484,49700,15000,14900,363,15000
1787294410584,49700,15000,14900,363,15000
1787294410684,49700,15000,14900,363,15000
1787294410784,49700,15000,14900,363,15000
1787294410884,49700,15000,14900,363,15000
1787294410984,49700,15000,14900,363,15000
1787294411084,49700,15000,15000,363,15000
1787294411184,49700,15000,15000,363,15000
1787294411284,49700,15000,15000,363,15000
1787294411384,49700,15000,15000,363,15000
1787294411484,49700,15000,15000,363,15000
1787294411584,49700,15000,15000,363,15000
1787294411684,49700,15000,15000,363,15000
1787294411784,49700,15000,15000,363,15000
1787294411884,49700,15000,15000,363,15000
1787294411984,49700,15000,15000,363,15000
1787294412084,49700,15000,15000,363,15000
1787294412184,49700,15000,15000,363,15000
1787294412284,49700,15000,15000,363,15000
1787294412384,49700,15000,15000,363,15000
1787294412484,49700,15000,15000,363,15000
1787294412584,49700,15000,15000,363,15000
1787294412684,49700,15000,15000,363,15000
1787294412784,49700,15000,15000,363,15000
1787294412884,49700,15000,15000,363,15000
1787294412983,49700,15000,14900,363,15000
1787294413084,49700,15000,14900,363,15000
1787294413184,49700,15000,14900,363,15000
1787294413284,49700,15000,14900,363,15000
1787294413384,49700,15000,14900,363,15000
1787294413484,49700,15000,14900,363,15000
1787294413584,49700,15000,14900,363,15000
1787294413684,49700,15000,14900,363,15000
1787294413784,49700,15000,14900,363,15000
1787294413884,49700,15000,14900,363,15000
1787294413983,49700,15000,14900,363,15000
1787294414084,49700,15000,14900,363,15000
1787294414184,49700,15000,14900,363,15000
1787294414284,49700,15000,14800,363,15000
1787294414384,49700,15000,14800,363,15000
1787294414484,49700,15000,14800,363,15000
1787294414584,49700,15000,14800,363,15000
1787294414684,49700,15000,14800,363,15000
1787294414784,49700,15000,14800,363,15000
1787294414883,49700,15000,14900,363,15000
1787294414984,49700,15000,14900,363,15000
1787294415084,49700,15000,14900,363,15000
1787294415184,49700,15000,14900,363,15000
1787294415284,49700,15000,14900,363,15000
1787294415384,49700,15000,14900,363,15000
1787294415484,49700,15000,15000,363,15000
1787294415584,49700,15000,15000,363,15000
1787294415684,49700,15000,15000,363,15000
1787294415784,49700,15000,15000,363,15000
1787294415884,49700,15000,15000,363,15000
1787294415984,49700,15000,15000,363,15000
1787294416084,49700,15000,15000,363,15000
1787294416184,49700,15000,14900,363,15000
1787294416284,49700,15000,14900,363,15000
1787294416384,49700,15000,14900,363,15000
1787294416484,49700,15000,14900,363,15000
1787294416583,49700,15000,15000,363,15000
1787294416684,49700,15000,15000,363,15000
1787294416784,49700,15000,15000,363,15000
1787294416884,49700,15000,15000,363,15000
1787294416984,49700,15000,15000,363,15000
1787294417084,49700,15000,15000,363,15000
1787294417184,49700,15000,14900,363,15000
1787294417284,49700,15000,14900,363,15000
1787294417384,49700,15000,14900,363,15000
1787294417484,49700,15000,14900,363,15000
1787294417584,49700,15000,14900,363,15000
1787294417684,49700,15000,14900,363,15000
1787294417784,49700,15000,14900,363,15000
1787294417884,49700,15000,14900,363,15000
1787294417984,49700,15000,14900,363,15000
1787294418084,49700,15000,14900,363,15000
1787294418184,49700,15000,14900,363,15000
1787294418284,49700,15000,14900,363,15000
1787294418384,49700,15000,14900,363,15000
1787294418484,49700,15000,14900,363,15000
1787294418583,49700,15000,14900,363,15000
1787294418684,49700,15000,14900,363,15000
1787294418784,49700,15000,14900,363,15000
1787294418883,49700,15000,14900,363,15000
1787294418984,49700,15000,14900,363,15000
1787294419084,49700,15000,15000,363,15000
1787294419184,49700,15000,15000,363,15000
1787294419284,49700,15000,15000,363,15000
1787294419384,49700,15000,15000,363,15000
1787294419484,49700,15000,15000,363,15000
1787294419584,49700,15000,15000,363,15000
1787294419684,49700,15000,14900,363,15000
1787294419784,49700,15000,14900,363,15000
1787294419884,49700,15000,14900,363,15000
1787294419984,49700,15000,14900,363,15000
1787294420084,49700,15000,14900,363,15000
1787294420184,49700,15000,14900,363,15000
1787294420284,49700,15000,14900,363,15000
1787294420384,49700,15000,15000,363,15000
1787294420484,49700,15000,15000,363,15000
1787294420584,49700,15000,15000,363,15000
1787294420684,49700,15000,15000,363,15000
1787294420784,49700,15000,15000,363,15000
1787294420884,49700,15000,15000,363,15000
1787294420984,49700,15000,14900,363,15000
1787294421084,49700,15000,14900,363,15000
1787294421184,49700,15000,14900,363,15000
1787294421284,49700,15000,14900,363,15000
1787294421384,49700,15000,14900,363,15000
1787294421484,49700,15000,14900,363,15000
1787294421584,49700,15000,14900,363,15000
1787294421684,49700,15000,14900,363,15000
1787294421784,49700,15000,14900,363,15000
1787294421884,49700,15000,14900,363,15000
1787294421984,49700,15000,14900,363,15000
1787294422084,49700,15000,15000,363,15000
1787294422184,49700,15000,15000,363,15000
1787294422284,49700,15000,15000,363,15000
1787294422384,49700,15000,15000,363,15000
1787294422484,49700,15000,15000,363,15000
1787294422584,49700,15000,15000,363,15000
1787294422684,49700,15000,14900,363,15000
1787294422784,49700,15000,14900,363,15000
1787294422884,49700,15000,14900,363,15000
1787294422984,49700,15000,14900,363,15000
1787294423084,49700,15000,14900,363,15000
1787294423184,49700,15000,14900,363,15000
1787294423284,49700,15000,14900,363,15000
1787294423384,49700,15000,14900,363,15000
1787294423484,49700,15000,14900,363,15000
1787294423584,49700,15000,14900,363,15000
1787294423684,49700,15000,14900,363,15000
1787294423784,49700,15000,14900,363,15000
1787294423884,49700,15000,14900,363,15000
1787294423984,49700,15000,14900,363,15000
1787294424084,49700,15000,14900,363,15000
1787294424184,49700,15000,14900,363,15000
1787294424284,49700,15000,14900,363,15000
1787294424384,49700,15000,14900,363,15000
1787294424483,49700,15000,14900,363,15000
1787294424584,49700,15000,14900,363,15000
1787294424684,49700,15000,14900,363,15000
1787294424784,49700,15000,14900,363,15000
1787294424884,49700,15000,14900,363,15000
1787294424984,49700,15000,14900,363,15000
1787294425084,49700,15000,14900,363,15000
1787294425184,49700,15000,14900,363,15000
1787294425284,49700,15000,14900,363,15000
1787294425384,49700,15000,14900,363,15000
1787294425484,49700,15000,14900,363,15000
1787294425583,49700,15000,14900,363,15000
1787294425684,49700,15000,14900,363,15000
1787294425783,49700,15000,14900,363,15000
1787294425883,49700,15000,14900,363,15000
1787294425984,49700,15000,14900,363,15000
1787294426084,49700,15000,14900,363,15000
1787294426184,49700,15000,14900,363,15000
1787294426284,49700,15000,14900,363,15000
1787294426384,49700,15000,14900,363,15000
1787294426483,49700,15000,14900,363,15000
1787294426584,49700,15000,14900,363,15000
1787294426684,49700,15000,14900,363,15000
1787294426784,49700,15000,14900,363,15000
1787294426884,49700,15000,14900,363,15000
1787294426984,49700,15000,14900,363,15000
1787294427084,49700,15000,14900,363,15000
1787294427184,49700,15000,14900,363,15000
1787294427284,49700,15000,14900,363,15000
1787294427384,49700,15000,14900,363,15000
1787294427484,49700,15000,15000,363,15000
1787294427584,49700,15000,15000,363,15000
1787294427684,49700,15000,15000,363,15000
1787294427784,49700,15000,15000,363,15000
1787294427884,49700,15000,15000,363,15000
1787294427984,49700,15000,15000,363,15000
1787294428084,49700,15000,14900,363,15000
1787294428184,49700,15000,14900,363,15000
1787294428284,49700,15000,14900,363,15000
1787294428384,49700,15000,14900,363,15000
1787294428484,49700,15000,14900,363,15000
1787294428584,49700,15000,14900,363,15000
1787294428684,49700,15000,14900,363,15000
1787294428784,49700,15000,14900,363,15000
1787294428884,49700,15000,14900,363,15000
1787294428984,49700,15000,14900,363,15000
1787294429084,49700,15000,14900,363,15000
1787294429184,49700,15000,14900,363,15000
1787294429284,49700,15000,14900,363,15000
1787294429384,49700,15000,14900,363,15000
1787294429484,49700,15000,14900,363,15000
1787294429584,49700,15000,14900,363,15000
1787294429683,49700,15000,14900,363,15000
1787294429784,49700,15000,14900,363,15000
1787294429884,49700,15000,14900,363,15000
1787294429984,49700,15000,14900,363,15000
1787294430084,49700,15000,14900,363,15000
1787294430184,49700,15000,14900,363,15000
1787294430284,49700,15000,14900,363,15000
1787294430384,49700,15000,14900,363,15000
1787294430484,49700,15000,14900,363,15000
1787294430584,49700,15000,14800,363,15000
1787294430684,49700,15000,14800,363,15000
1787294430784,49700,15000,14800,363,15000
1787294430884,49700,15000,14800,363,15000
1787294430984,49700,15000,14800,363,15000
1787294431083,49700,15000,14800,363,15000
1787294431184,49700,15000,14900,363,15000
1787294431284,49700,15000,14900,363,15000
1787294431384,49700,15000,14900,363,15000
1787294431483,49700,15000,14900,363,15000
1787294431584,49700,15000,14900,363,15000
1787294431684,49700,15000,14900,363,15000
1787294431784,49700,15000,14900,363,15000
1787294431884,49700,15000,14900,363,15000
1787294431984,49700,15000,14900,363,15000
1787294432084,49700,15000,14900,363,15000
1787294432184,49700,15000,14900,363,15000
1787294432284,49700,15000,14900,363,15000
1787294432384,49700,15000,14900,363,15000
1787294432484,49700,15000,14800,363,15000
1787294432584,49700,15000,14800,363,15000
1787294432684,49700,15000,14800,363,15000
1787294432783,49700,15000,14800,363,15000
1787294432884,49700,15000,14900,363,15000
1787294432984,49700,15000,14900,363,15000
1787294433084,49700,15000,14900,363,15000
1787294433184,49700,15000,14900,363,15000
1787294433284,49700,15000,14900,363,15000
1787294433384,49700,15000,14900,363,15000
1787294433484,49700,15000,14900,363,15000
1787294433584,49700,15000,14900,363,15000
1787294433684,49700,15000,14900,363,15000
1787294433784,49700,15000,14900,363,15000
1787294433884,49700,15000,14900,363,15000
1787294433983,49700,15000,14900,363,15000
1787294434084,49700,15000,14900,363,15000
1787294434184,49700,15000,14900,363,15000
1787294434284,49700,15000,14900,363,15000
1787294434384,49700,15000,14900,363,15000
1787294434484,49700,15000,14900,363,15000
1787294434584,49700,15000,14900,363,15000
1787294434684,49700,15000,14900,363,15000
1787294434783,49700,15000,14900,363,15000
1787294434884,49700,15000,14900,363,15000
1787294434984,49700,15000,14900,363,15000
1787294435084,49700,15000,14900,363,15000
1787294435184,49700,15000,14900,363,15000
1787294435284,49700,15000,14900,363,15000
1787294435384,49700,15000,14900,363,15000
1787294435484,49700,15000,14900,363,15000
1787294435584,49700,15000,14900,363,15000
1787294435684,49700,15000,14900,363,15000
1787294435783,49700,15000,14900,363,15000
1787294435884,49700,15000,14900,363,15000
1787294435984,49700,15000,14900,363,15000
1787294436084,49700,15000,14900,363,15000
1787294436184,49700,15000,14900,363,15000
1787294436284,49700,15000,14900,363,15000
1787294436384,49700,15000,14900,363,15000
1787294436484,49700,15000,14900,363,15000
1787294436584,49700,15000,14900,363,15000
1787294436684,49700,15000,14900,363,15000
1787294436784,49700,15000,14900,363,15000
1787294436884,49700,15000,14900,363,15000
1787294436983,49700,15000,14900,363,15000
1787294437084,49700,15000,14900,363,15000
1787294437183,49700,15000,14900,363,15000
1787294437284,49700,15000,14900,363,15000
1787294437384,49700,15000,14900,363,15000
1787294437484,49700,15000,14900,363,15000
1787294437584,49700,15000,14900,363,15000
1787294437684,49700,15000,14900,363,15000
1787294437784,49700,15000,14900,363,15000
1787294437884,49700,15000,14900,363,15000
1787294437984,49700,15000,14900,363,15000
1787294438084,49700,15000,14900,363,15000
1787294438184,49700,15000,14900,363,15000
1787294438284,49700,15000,14900,363,15000
1787294438384,49700,15000,14900,363,15000
1787294438483,49700,15000,14900,363,15000
1787294438584,49700,15000,14900,363,15000
1787294438683,49700,15000,14900,363,15000
1787294438784,49700,15000,14900,363,15000
1787294438883,49700,15000,14900,363,15000
1787294438984,49700,15000,14900,363,15000
1787294439084,49700,15000,14900,363,15000
1787294439184,49700,15000,14900,363,15000
1787294439284,49700,15000,14900,363,15000
1787294439384,49700,15000,14900,363,15000
1787294439484,49700,15000,14900,363,15000
1787294439584,49700,15000,14900,363,15000
1787294439684,49700,15000,14900,363,15000
1787294439784,49700,15000,14900,363,15000
1787294439884,49700,15000,14900,363,15000
1787294439984,49700,15000,14900,363,15000
1787294440084,49700,15000,14900,363,15000
1787294440184,49700,15000,14900,363,15000
1787294440284,49700,15000,14900,363,15000
1787294440384,49700,15000,14900,363,15000
1787294440484,49700,15000,14900,363,15000
1787294440584,49700,15000,14900,363,15000
1787294440684,49700,15000,14900,363,15000
1787294440784,49700,15000,14900,363,15000
1787294440884,49700,15000,14900,363,15000
1787294440984,49700,15000,14900,363,15000
1787294441084,49700,15000,14900,363,15000
1787294441184,49700,15000,14900,363,15000
1787294441284,49700,15000,14900,363,15000
1787294441384,49700,15000,14900,363,15000
1787294441483,49700,15000,14900,363,15000
1787294441584,49700,15000,14900,363,15000
1787294441684,49700,15000,14900,363,15000
1787294441784,49700,15000,14900,363,15000
1787294441884,49700,15000,14900,363,15000
1787294441983,49700,15000,14900,363,15000
1787294442084,49700,15000,14900,363,15000
1787294442183,49700,15000,14900,363,15000
1787294442284,49700,15000,14900,363,15000
1787294442384,49700,15000,14900,363,15000
1787294442484,49700,15000,14900,363,15000
1787294442584,49700,15000,14900,363,15000
1787294442684,49700,15000,14900,363,15000
1787294442784,49700,15000,14900,363,15000
1787294442884,49700,15000,14900,363,15000
1787294442984,49700,15000,14900,363,15000
1787294443084,49700,15000,14900,363,15000
1787294443184,49700,15000,14900,363,15000
1787294443284,49700,15000,14900,363,15000
1787294443384,49700,15000,14900,363,15000
1787294443484,49700,15000,14900,363,15000
1787294443584,49700,15000,14900,363,15000
1787294443683,49700,15000,14900,363,15000
1787294443784,49700,15000,14900,363,15000
1787294443884,49700,15000,14900,363,15000
1787294443984,49700,15000,14900,363,15000
1787294444084,49700,15000,14900,363,15000
1787294444184,49700,15000,14900,363,15000
1787294444284,49700,15000,14900,363,15000
1787294444384,49700,15000,14900,363,15000
1787294444484,49700,15000,15000,363,15000
1787294444584,49700,15000,15000,363,15000
1787294444684,49700,15000,15000,363,15000
1787294444784,49700,15000,15000,363,15000
1787294444884,49700,15000,15000,363,15000
1787294444984,49700,15000,15000,363,15000
1787294445084,49700,15000,14900,363,15000
1787294445184,49700,15000,14900,363,15000
1787294445284,49700,15000,14900,363,15000
1787294445384,49700,15000,14900,363,15000
1787294445484,49700,15000,14900,363,15000
1787294445584,49700,15000,14900,363,15000
1787294445683,49700,15000,14900,363,15000
1787294445783,49700,15000,14900,363,15000
1787294445883,49700,15000,14900,363,15000
1787294445984,49700,15000,14900,363,15000
1787294446084,49700,15000,14900,363,15000
1787294446184,49700,15000,14900,363,15000
1787294446283,49700,15000,14900,363,15000
1787294446384,49700,15000,14900,363,15000
1787294446484,49700,15000,14900,363,15000
1787294446584,49700,15000,14900,363,15000
1787294446683,49700,15000,14900,363,15000
1787294446784,49700,15000,14900,363,15000
1787294446884,49700,15000,14900,363,15000
1787294446984,49700,15000,14900,363,15000
1787294447084,49700,15000,14900,363,15000
1787294447184,49700,15000,14900,363,15000
1787294447284,49700,15000,14900,363,15000
1787294447383,49700,15000,14900,363,15000
1787294447483,49700,15000,14900,363,15000
1787294447584,49700,15000,14900,363,15000
1787294447684,49700,15000,14900,363,15000
1787294447784,49700,15000,14900,363,15000
1787294447883,49700,15000,14900,363,15000
1787294447984,49700,15000,14900,363,15000
1787294448084,49700,15000,14900,363,15000
1787294448184,49700,15000,14900,363,15000
1787294448284,49700,15000,14900,363,15000
1787294448383,49700,15000,14900,363,15000
1787294448484,49700,15000,14900,363,15000
1787294448584,49700,15000,14900,363,15000
1787294448684,49700,15000,14900,363,15000
1787294448784,49700,15000,14900,363,15000
1787294448884,49700,15000,14900,363,15000
1787294448984,49700,15000,14900,363,15000
1787294449084,49700,15000,14900,363,15000
1787294449184,49700,15000,14900,363,15000
1787294449284,49700,15000,14900,363,15000
1787294449384,49700,15000,14900,363,15000
1787294449484,49700,15000,14900,363,15000
1787294449584,49700,15000,14900,363,15000
1787294449684,49700,15000,14900,363,15000
1787294449784,49700,15000,14900,363,15000
1787294449884,49700,15000,14900,363,15000
1787294449984,49700,15000,14900,363,15000
1787294450084,49700,15000,14900,363,15000
1787294450183,49700,15000,14900,363,15000
1787294450284,49700,15000,14900,363,15000
1787294450384,49700,15000,14900,363,15000
1787294450484,49700,15000,14900,363,15000
1787294450584,49700,15000,14900,363,15000
1787294450684,49700,15000,14900,363,15000
1787294450784,49700,15000,14900,363,15000
1787294450884,49700,15000,14900,363,15000
1787294450984,49700,15000,14900,363,15000
1787294451084,49700,15000,14900,363,15000
1787294451184,49700,15000,14900,363,15000
1787294451284,49700,15000,14900,363,15000
1787294451384,49700,15000,14900,363,15000
1787294451484,49700,15000,14900,363,15000
1787294451584,49700,15000,14900,363,15000
1787294451684,49700,15000,14900,363,15000
1787294451784,49700,15000,14900,363,15000
1787294451884,49700,15000,14900,363,15000
1787294451984,49700,15000,14900,363,15000
1787294452084,49700,15000,14900,363,15000
1787294452184,49700,15000,14900,363,15000
1787294452284,49700,15000,14900,363,15000
1787294452384,49700,15000,14900,363,15000
1787294452484,49700,15000,14900,363,15000
1787294452584,49700,15000,14900,363,15000
1787294452684,49700,15000,14900,363,15000
1787294452784,49700,15000,14900,363,15000
1787294452884,49700,15000,14900,363,15000
1787294452984,49700,15000,14900,363,15000
1787294453084,49700,15000,14900,363,15000
1787294453184,49700,15000,14900,363,15000
1787294453284,49700,15000,14900,363,15000
1787294453384,49700,15000,14900,363,15000
1787294453484,49700,15000,14900,363,15000
1787294453584,49700,15000,14900,363,15000
1787294453684,49700,15000,14900,363,15000
1787294453784,49700,15000,14900,363,15000
1787294453884,49700,15000,14900,363,15000
1787294453984,49700,15000,14900,363,15000
1787294454084,49700,15000,14900,363,15000
1787294454183,49700,15000,14900,363,15000
1787294454284,49700,15000,14900,363,15000
1787294454384,49700,15000,14900,363,15000
1787294454484,49700,15000,14900,363,15000
1787294454584,49700,15000,14900,363,15000
1787294454684,49700,15000,14900,363,15000
1787294454784,49700,15000,14900,363,15000
1787294454884,49700,15000,14900,363,15000
1787294454984,49700,15000,14900,363,15000
1787294455083,49700,15000,14900,363,15000
1787294455184,49700,15000,14900,363,15000
1787294455284,49700,15000,14900,363,15000
1787294455384,49700,15000,14900,363,15000
1787294455484,49700,15000,14900,363,15000
1787294455584,49700,15000,14900,363,15000
1787294455684,49700,15000,14900,363,15000
1787294455783,49700,15000,14900,363,15000
1787294455884,49700,15000,14900,363,15000
1787294455984,49700,15000,15000,363,15000
1787294456084,49700,15000,15000,363,15000
1787294456184,49700,15000,15000,363,15000
1787294456284,49700,15000,15000,363,15000
1787294456384,49700,15000,15000,363,15000
1787294456484,49700,15000,15000,363,15000
1787294456584,49700,15000,14800,363,15000
1787294456684,49700,15000,14800,363,15000
1787294456784,49700,15000,14800,363,15000
1787294456884,49700,15000,14800,363,15000
1787294456984,49700,15000,14800,363,15000
1787294457084,49700,15000,14800,363,15000
1787294457184,49700,15000,14800,363,15000
1787294457284,49700,15000,14900,363,15000
1787294457384,49700,15000,14900,363,15000
1787294457484,49700,15000,14900,363,15000
1787294457584,49700,15000,14900,363,15000
1787294457684,49700,15000,14900,363,15000
1787294457784,49700,15000,14900,363,15000
1787294457883,49700,15000,14900,363,15000
1787294457984,49700,15000,14900,363,15000
1787294458084,49700,15000,14900,363,15000
1787294458184,49700,15000,14900,363,15000
1787294458284,49700,15000,14800,363,15000
1787294458384,49700,15000,14800,363,15000
1787294458484,49700,15000,14800,363,15000
1787294458584,49700,15000,14800,363,15000
1787294458684,49700,15000,14800,363,15000
1787294458784,49700,15000,14800,363,15000
1787294458884,49700,15000,14900,363,15000
1787294458984,49700,15000,14900,363,15000
1787294459084,49700,15000,14900,363,15000
1787294459183,49700,15000,14900,363,15000
1787294459284,49700,15000,14900,363,15000
1787294459384,49700,15000,14900,363,15000
1787294459484,49700,15000,14900,363,15000
1787294459584,49700,15000,14900,363,15000
1787294459684,49700,15000,14900,363,15000
1787294459784,49700,15000,14900,363,15000
1787294459883,49700,15000,14900,363,15000
1787294459984,49700,15000,14900,363,15000
1787294460084,49700,15000,14900,363,15000
1787294460184,49700,15000,14900,363,15000
1787294460284,49700,15000,14900,363,15000
1787294460384,49700,15000,14900,363,15000
1787294460484,49700,15000,14900,363,15000
1787294460584,49700,15000,14900,363,15000
1787294460684,49700,15000,14900,363,15000
1787294460783,49700,15000,14900,363,15000
1787294460883,49700,15000,14900,363,15000
1787294460984,49700,15000,14900,363,15000
1787294461084,49700,15000,14900,363,15000
1787294461184,49700,15000,14900,363,15000
1787294461283,49700,15000,14900,363,15000
1787294461384,49700,15000,14900,363,15000
1787294461484,49700,15000,14900,363,15000
1787294461584,49700,15000,14900,363,15000
1787294461684,49700,15000,14900,363,15000
1787294461784,49700,15000,14900,363,15000
1787294461884,49700,15000,14900,363,15000
1787294461984,49700,15000,14900,363,15000
1787294462084,49700,15000,14900,363,15000
1787294462184,49700,15000,14900,363,15000
1787294462284,49700,15000,14900,363,15000
1787294462384,49700,15000,14900,363,15000
1787294462484,49700,15000,14900,363,15000
1787294462584,49700,15000,14900,363,15000
1787294462683,49700,15000,14900,363,15000
1787294462784,49700,15000,14900,363,15000
1787294462884,49700,15000,14900,363,15000
1787294462983,49700,15000,14900,363,15000
1787294463084,49700,15000,14900,363,15000
1787294463184,49700,15000,14900,363,15000
1787294463284,49700,15000,14800,363,15000
1787294463384,49700,15000,14800,363,15000
1787294463483,49700,15000,14800,363,15000
1787294463584,49700,15000,14800,363,15000
1787294463684,49700,15000,14900,363,15000
1787294463784,49700,15000,14900,363,15000
1787294463884,49700,15000,14900,363,15000
1787294463984,49700,15000,14900,363,15000
1787294464084,49700,15000,14900,363,15000
1787294464184,49700,15000,14900,363,15000
1787294464284,49700,15000,14900,363,15000
1787294464384,49700,15000,14900,363,15000
1787294464484,49700,15000,14900,363,15000
1787294464584,49700,15000,14900,363,15000
1787294464684,49700,15000,14900,363,15000
1787294464784,49700,15000,14900,363,15000
1787294464884,49700,15000,14900,363,15000
1787294464984,49700,15000,14900,363,15000
1787294465083,49700,15000,14900,363,15000
1787294465184,49700,15000,14900,363,15000
1787294465284,49700,15000,14900,363,15000
1787294465384,49700,15000,14900,363,15000
1787294465484,49700,15000,14900,363,15000
1787294465584,49700,15000,14900,363,15000
1787294465684,49700,15000,14900,363,15000
1787294465784,49700,15000,14900,363,15000
1787294465884,49700,15000,14900,363,15000
1787294465984,49700,15000,14900,363,15000
1787294466084,49700,15000,14900,363,15000
1787294466184,49700,15000,14900,363,15000
1787294466284,49700,15000,14900,363,15000
1787294466384,49700,15000,14900,363,15000
1787294466484,49700,15000,14900,363,15000
1787294466584,49700,15000,14900,363,15000
1787294466684,49700,15000,14900,363,15000
1787294466784,49700,15000,14900,363,15000
1787294466884,49700,15000,14900,363,15000
1787294466984,49700,15000,14900,363,15000
1787294467084,49700,15000,14900,363,15000
1787294467184,49700,15000,14900,363,15000
1787294467284,49700,15000,14900,363,15000
1787294467384,49700,15000,14900,363,15000
1787294467484,49700,15000,14900,363,15000
1787294467584,49700,15000,14900,363,15000
1787294467684,49700,15000,14900,363,15000
1787294467784,49700,15000,14900,363,15000
1787294467884,49700,15000,14900,363,15000
1787294467984,49700,15000,14900,363,15000
1787294468084,49700,15000,14900,363,15000
1787294468184,49700,15000,14900,363,15000
1787294468284,49700,15000,14900,363,15000
1787294468384,49700,15000,14900,363,15000
1787294468484,49700,15000,14900,363,15000
1787294468584,49700,15000,14900,363,15000
1787294468684,49700,15000,14900,363,15000
1787294468784,49700,15000,14900,363,15000
1787294468884,49700,15000,14900,363,15000
1787294468983,49700,15000,14900,363,15000
1787294469084,49700,15000,14900,363,15000
1787294469184,49700,15000,15000,363,15000
1787294469284,49700,15000,15000,363,15000
1787294469384,49700,15000,15000,363,15000
1787294469484,49700,15000,15000,363,15000
1787294469584,49700,15000,15000,363,15000
1787294469683,49700,15000,15000,363,15000
1787294469784,49700,15000,14800,363,15000
1787294469884,49700,15000,14800,363,15000
1787294469983,49700,15000,14800,363,15000
1787294470084,49700,15000,14800,363,15000
1787294470184,49700,15000,14800,363,15000
1787294470284,49700,15000,14800,363,15000
1787294470384,49700,15000,14800,363,15000
1787294470484,49700,15000,14900,363,15000
1787294470584,49700,15000,14900,363,15000
1787294470684,49700,15000,14900,363,15000
1787294470784,49700,15000,14900,363,15000
1787294470884,49700,15000,14900,363,15000
1787294470984,49700,15000,14900,363,15000
1787294471083,49700,15000,14900,363,15000
1787294471184,49700,15000,14900,363,15000
1787294471284,49700,15000,14900,363,15000
1787294471384,49700,15000,14900,363,15000
1787294471484,49700,15000,14900,363,15000
1787294471584,49700,15000,14900,363,15000
1787294471684,49700,15000,14900,363,15000
1787294471784,49700,15000,14900,363,15000
1787294471884,49700,15000,14900,363,15000
1787294471983,49700,15000,14900,363,15000
1787294472084,49700,15000,14900,363,15000
1787294472184,49700,15000,14900,363,15000
1787294472283,49700,15000,14900,363,15000
1787294472384,49700,15000,14900,363,15000
1787294472484,49700,15000,14900,363,15000
1787294472584,49700,15000,14900,363,15000
1787294472683,49700,15000,14900,363,15000
1787294472784,49700,15000,14900,363,15000
1787294472884,49700,15000,14900,363,15000
1787294472984,49700,15000,14900,363,15000
1787294473084,49700,15000,14900,363,15000
1787294473184,49700,15000,14900,363,15000
1787294473284,49700,15000,14900,363,15000
1787294473384,49700,15000,14900,363,15000
1787294473484,49700,15000,14900,363,15000
1787294473584,49700,15000,14900,363,15000
1787294473684,49700,15000,14900,363,15000
1787294473784,49700,15000,14900,363,15000
1787294473884,49700,15000,14900,363,15000
1787294473984,49700,15000,14900,363,15000
1787294474084,49700,15000,14900,363,15000
1787294474183,49700,15000,14900,363,15000
1787294474284,49700,15000,14900,363,15000
1787294474384,49700,15000,14900,363,15000
1787294474484,49700,15000,14900,363,15000
1787294474584,49700,15000,14900,363,15000
1787294474684,49700,15000,14900,363,15000
1787294474784,49700,15000,14900,363,15000
1787294474884,49700,15000,14900,363,15000
1787294474984,49700,15000,14900,363,15000
1787294475084,49700,15000,14900,363,15000
1787294475184,49700,15000,14900,363,15000
1787294475284,49700,15000,14900,363,15000
1787294475384,49700,15000,14900,363,15000
1787294475484,49700,15000,14900,363,15000
1787294475584,49700,15000,14900,363,15000
1787294475684,49700,15000,14900,363,15000
1787294475784,49700,15000,14900,363,15000
1787294475884,49700,15000,14900,363,15000
1787294475984,49700,15000,14900,363,15000
1787294476084,49700,15000,14900,363,15000
1787294476184,49700,15000,14900,363,15000
1787294476284,49700,15000,14900,363,15000
1787294476384,49700,15000,14900,363,15000
1787294476484,49700,15000,14900,363,15000
1787294476584,49700,15000,14900,363,15000
1787294476684,49700,15000,14900,363,15000
1787294476784,49700,15000,14900,363,15000
1787294476884,49700,15000,14900,363,15000
1787294476983,49700,15000,14900,363,15000
1787294477084,49700,15000,14900,363,15000
1787294477184,49700,15000,14900,363,15000
1787294477284,49700,15000,14900,363,15000
1787294477384,49700,15000,14900,363,15000
1787294477484,49700,15000,14900,363,15000
1787294477584,49700,15000,14900,363,15000
1787294477684,49700,15000,14900,363,15000
1787294477784,49700,15000,14900,363,15000
1787294477883,49700,15000,14900,363,15000
1787294477984,49700,15000,14900,363,15000
1787294478084,49700,15000,14900,363,15000
1787294478184,49700,15000,14900,363,15000
1787294478284,49700,15000,14900,363,15000
1787294478384,49700,15000,14900,363,15000
1787294478484,49700,15000,14900,363,15000
1787294478584,49700,15000,14900,363,15000
1787294478684,49700,15000,14900,363,15000
1787294478784,49700,15000,14900,363,15000
1787294478884,49700,15000,14900,363,15000
1787294478984,49700,15000,14900,363,15000
1787294479084,49700,15000,14900,363,15000
1787294479183,49700,15000,14900,363,15000
1787294479284,49700,15000,14900,363,15000
1787294479384,49700,15000,14900,363,15000
1787294479484,49700,15000,14900,363,15000
1787294479584,49700,15000,14900,363,15000
1787294479684,49700,15000,14900,363,15000
1787294479784,49700,15000,14900,363,15000
1787294479884,49700,15000,14900,363,15000
1787294479984,49700,15000,14900,363,15000
1787294480083,49700,15000,14900,363,15000
1787294480184,49700,15000,14900,363,15000
1787294480284,49700,15000,14900,363,15000
1787294480383,49700,15000,14900,363,15000
1787294480484,49700,15000,14900,363,15000
1787294480584,49700,15000,14900,363,15000
1787294480684,49700,15000,14900,363,15000
1787294480784,49700,15000,14900,363,15000
1787294480884,49700,15000,14900,363,15000
1787294480983,49700,15000,14900,363,15000
1787294481084,49700,15000,14900,363,15000
1787294481184,49700,15000,14900,363,15000
1787294481284,49700,15000,14900,363,15000
1787294481384,49700,15000,14900,363,15000
1787294481484,49700,15000,14900,363,15000
1787294481584,49700,15000,14900,363,15000
1787294481684,49700,15000,14900,363,15000
1787294481784,49700,15000,14900,363,15000
1787294481884,49700,15000,14900,363,15000
1787294481983,49700,15000,14900,363,15000
1787294482084,49700,15000,14900,363,15000
1787294482184,49700,15000,14900,363,15000
1787294482284,49700,15000,14900,363,15000
1787294482384,49700,15000,14900,363,15000
1787294482484,49700,15000,14900,363,15000
1787294482584,49700,15000,14900,363,15000
1787294482684,49700,15000,14900,363,15000
1787294482784,49700,15000,14900,363,15000
1787294482884,49700,15000,14900,363,15000
1787294482984,49700,15000,14900,363,15000
1787294483084,49700,15000,14900,363,15000
1787294483184,49700,15000,14900,363,15000
1787294483284,49700,15000,14900,363,15000
1787294483383,49700,15000,14900,363,15000
1787294483484,49700,15000,14900,363,15000
1787294483583,49700,15000,14900,363,15000
1787294483684,49700,15000,14900,363,15000
1787294483784,49700,15000,14900,363,15000
1787294483884,49700,15000,14900,363,15000
1787294483984,49700,15000,14900,363,15000
1787294484084,49700,15000,14900,363,15000
1787294484184,49700,15000,14900,363,15000
1787294484284,49700,15000,14900,363,15000
1787294484384,49700,15000,14900,363,15000
1787294484484,49700,15000,14900,363,15000
1787294484584,49700,15000,14900,363,15000
1787294484684,49700,15000,14900,363,15000
1787294484784,49700,15000,14900,363,15000
1787294484884,49700,15000,14900,363,15000
1787294484984,49700,15000,14900,363,15000
1787294485084,49700,15000,14900,363,15000
1787294485184,49700,15000,14900,363,15000
1787294485284,49700,15000,14900,363,15000
1787294485384,49700,15000,14900,363,15000
1787294485484,49700,15000,14900,363,15000
1787294485584,49700,15000,14900,363,15000
1787294485684,49700,15000,14900,363,15000
1787294485783,49700,15000,14900,363,15000
1787294485884,49700,15000,14900,363,15000
1787294485984,49700,15000,14900,363,15000
1787294486084,49700,15000,14900,363,15000
1787294486184,49700,15000,14900,363,15000
1787294486284,49700,15000,14900,363,15000
1787294486384,49700,15000,14900,363,15000
1787294486484,49700,15000,14900,363,15000
1787294486584,49700,15000,14900,363,15000
1787294486684,49700,15000,14900,363,15000
1787294486784,49700,15000,14900,363,15000
1787294486884,49700,15000,14900,363,15000
1787294486984,49700,15000,14900,363,15000
1787294487084,49700,15000,14900,363,15000
1787294487184,49700,15000,14900,363,15000
1787294487283,49700,15000,14900,363,15000
1787294487384,49700,15000,14900,363,15000
1787294487484,49700,15000,14900,363,15000
1787294487584,49700,15000,14900,363,15000
1787294487684,49700,15000,14900,363,15000
1787294487784,49700,15000,14900,363,15000
1787294487884,49700,15000,14900,363,15000
1787294487984,49700,15000,14900,363,15000
1787294488084,49700,15000,14900,363,15000
1787294488184,49700,15000,14900,363,15000
1787294488284,49700,15000,14900,363,15000
1787294488384,49700,15000,14900,363,15000
1787294488483,49700,15000,14900,363,15000
1787294488584,49700,15000,14900,363,15000
1787294488684,49700,15000,14900,363,15000
1787294488784,49700,15000,14900,363,15000
1787294488884,49700,15000,14900,363,15000
1787294488984,49700,15000,14900,363,15000
1787294489084,49700,15000,15000,363,15000
1787294489183,49700,15000,15000,363,15000
1787294489284,49700,15000,15000,363,15000
1787294489383,49700,15000,15000,363,15000
1787294489484,49700,15000,15000,363,15000
1787294489584,49700,15000,15000,363,15000
1787294489684,49700,15000,15000,363,15000
1787294489784,49700,15000,14900,363,15000
1787294489884,49700,15000,14900,363,15000
1787294489984,49700,15000,14900,363,15000
1787294490084,49700,15000,14900,363,15000
1787294490183,49700,15000,14900,363,15000
1787294490284,49700,15000,14900,363,15000
1787294490384,49700,15000,14900,363,15000
1787294490484,49700,15000,14900,363,15000
1787294490584,49700,15000,14900,363,15000
1787294490684,49700,15000,14900,363,15000
1787294490784,49700,15000,14900,363,15000
1787294490884,49700,15000,14900,363,15000
1787294490984,49700,15000,14900,363,15000
1787294491084,49700,15000,14900,363,15000
1787294491184,49700,15000,14900,363,15000
1787294491284,49700,15000,14900,363,15000
1787294491384,49700,15000,14900,363,15000
1787294491484,49700,15000,14900,363,15000
1787294491584,49700,15000,14900,363,15000
1787294491684,49700,15000,14900,363,15000
1787294491784,49700,15000,14900,363,15000
1787294491884,49700,15000,14900,363,15000
1787294491984,49700,15000,14900,363,15000
1787294492084,49700,15000,14900,363,15000
1787294492184,49700,15000,14900,363,15000
1787294492284,49700,15000,14900,363,15000
1787294492384,49700,15000,14900,363,15000
1787294492483,49700,15000,14900,363,15000
1787294492584,49700,15000,14900,363,15000
1787294492684,49700,15000,14900,363,15000
1787294492784,49700,15000,14900,363,15000
1787294492884,49700,15000,14900,363,15000
1787294492984,49700,15000,14900,363,15000
1787294493084,49700,15000,14900,363,15000
1787294493184,49700,15000,14900,363,15000
1787294493284,49700,15000,14900,363,15000
1787294493384,49700,15000,14900,363,15000
1787294493484,49700,15000,14900,363,15000
1787294493584,49700,15000,14900,363,15000
1787294493683,49700,15000,14900,363,15000
1787294493784,49700,15000,14900,363,15000
1787294493884,49700,15000,14900,363,15000
1787294493984,49700,15000,14900,363,15000
1787294494084,49700,15000,14900,363,15000
1787294494184,49700,15000,14900,363,15000
1787294494284,49700,15000,14900,363,15000
1787294494384,49700,15000,14900,363,15000
1787294494484,49700,15000,14900,363,15000
1787294494584,49700,15000,14900,363,15000
1787294494684,49700,15000,14900,363,15000
1787294494784,49700,15000,14900,363,15000
1787294494884,49700,15000,14900,363,15000
1787294494984,49700,15000,14900,363,15000
1787294495084,49700,15000,14900,363,15000
1787294495184,49700,15000,14900,363,15000
1787294495284,49700,15000,14900,363,15000
1787294495384,49700,15000,14900,363,15000
1787294495484,49700,15000,14900,363,15000
1787294495584,49700,15000,14900,363,15000
1787294495684,49700,15000,14900,363,15000
1787294495783,49700,15000,14900,363,15000
1787294495884,49700,15000,14900,363,15000
1787294495984,49700,15000,14900,363,15000
1787294496083,49700,15000,14900,363,15000
1787294496184,49700,15000,14900,363,15000
1787294496284,49700,15000,14900,363,15000
1787294496384,49700,15000,14900,363,15000
1787294496484,49700,15000,14900,363,15000
1787294496584,49700,15000,14900,363,15000
1787294496684,49700,15000,14900,363,15000
1787294496784,49700,15000,14900,363,15000
1787294496884,49700,15000,14900,363,15000
1787294496984,49700,15000,14900,363,15000
1787294497084,49700,15000,14900,363,15000
1787294497184,49700,15000,14900,363,15000
1787294497284,49700,15000,14900,363,15000
1787294497384,49700,15000,14900,363,15000
1787294497484,49700,15000,14900,363,15000
1787294497584,49700,15000,14900,363,15000
1787294497684,49700,15000,14900,363,15000
1787294497784,49700,15000,14900,363,15000
1787294497884,49700,15000,14900,363,15000
1787294497984,49700,15000,14900,363,15000
1787294498084,49700,15000,14900,363,15000
1787294498184,49700,15000,14900,363,15000
1787294498284,49700,15000,14900,363,15000
1787294498383,49700,15000,14900,363,15000
1787294498484,49700,15000,14900,363,15000
1787294498584,49700,15000,14900,363,15000
1787294498683,49700,15000,14900,363,15000
1787294498784,49700,15000,14900,363,15000
1787294498884,49700,15000,14900,363,15000
1787294498983,49700,15000,14900,363,15000
1787294499084,49700,15000,14900,363,15000
1787294499184,49700,15000,14900,363,15000
1787294499284,49700,15000,14900,363,15000
1787294499384,49700,15000,14900,363,15000
1787294499484,49700,15000,14900,363,15000
1787294499584,49700,15000,14900,363,15000
1787294499684,49700,15000,14900,363,15000
1787294499784,49700,15000,14900,363,15000
1787294499884,49700,15000,14900,363,15000
1787294499984,49700,15000,14900,363,15000
1787294500084,49700,15000,14900,363,15000
1787294500183,49700,15000,14900,363,15000
1787294500284,49700,15000,14900,363,15000
1787294500384,49700,15000,14900,363,15000
1787294500483,49700,15000,14900,363,15000
1787294500584,49700,15000,14900,363,15000
1787294500684,49700,15000,14900,363,15000
1787294500784,49700,15000,14900,363,15000
1787294500884,49700,15000,14900,363,15000
1787294500984,49700,15000,14900,363,15000
1787294501084,49700,15000,14900,363,15000
1787294501184,49700,15000,14900,363,15000
1787294501284,49700,15000,14900,363,15000
1787294501384,49700,15000,14900,363,15000
1787294501484,49700,15000,14900,363,15000
1787294501583,49700,15000,14900,363,15000
1787294501684,49700,15000,14900,363,15000
1787294501784,49700,15000,14900,363,15000
1787294501884,49700,15000,14900,363,15000
1787294501984,49700,15000,14900,363,15000
1787294502083,49700,15000,14900,363,15000
1787294502184,49700,15000,14900,363,15000
1787294502284,49700,15000,14900,363,15000
1787294502384,49700,15000,14900,363,15000
1787294502484,49700,15000,14900,363,15000
1787294502584,49700,15000,14900,363,15000
1787294502684,49700,15000,14900,363,15000
1787294502784,49700,15000,14900,363,15000
1787294502884,49700,15000,14900,363,15000
1787294502983,49700,15000,14900,363,15000
1787294503084,49700,15000,14900,363,15000
1787294503184,49700,15000,14900,363,15000
1787294503284,49700,15000,14900,363,15000
1787294503384,49700,15000,14900,363,15000
1787294503484,49700,15000,14900,363,15000
1787294503584,49700,15000,14900,363,15000
1787294503684,49700,15000,14900,363,15000
1787294503784,49700,15000,14900,363,15000
1787294503884,49700,15000,14900,363,15000
1787294503984,49700,15000,14900,363,15000
1787294504084,49700,15000,14900,363,15000
1787294504184,49700,15000,14900,363,15000
1787294504284,49700,15000,14900,363,15000
1787294504384,49700,15000,14900,363,15000
1787294504484,49700,15000,14900,363,15000
1787294504584,49700,15000,14900,363,15000
1787294504684,49700,15000,14900,363,15000
1787294504784,49700,15000,14900,363,15000
1787294504884,49700,15000,14900,363,15000
1787294504984,49700,15000,14900,363,15000
1787294505084,49700,15000,14900,363,15000
1787294505184,49700,15000,14900,363,15000
1787294505284,49700,15000,14900,363,15000
1787294505384,49700,15000,14900,363,15000
1787294505484,49700,15000,14900,363,15000
1787294505584,49700,15000,14900,363,15000
1787294505684,49700,15000,14900,363,15000
1787294505784,49700,15000,14900,363,15000
1787294505884,49700,15000,14900,363,15000
1787294505984,49700,15000,14900,363,15000
1787294506084,49700,15000,14900,363,15000
1787294506184,49700,15000,14900,363,15000
1787294506284,49700,15000,14900,363,15000
1787294506384,49700,15000,14900,363,15000
1787294506484,49700,15000,14900,363,15000
1787294506584,49700,15000,14900,363,15000
1787294506683,49700,15000,14900,363,15000
1787294506784,49700,15000,14900,363,15000
1787294506884,49700,15000,14900,363,15000
1787294506984,49700,15000,14900,363,15000
1787294507084,49700,15000,14900,363,15000
1787294507184,49700,15000,14900,363,15000
1787294507284,49700,15000,14900,363,15000
1787294507384,49700,15000,14900,363,15000
1787294507484,49700,15000,14900,363,15000
1787294507584,49700,15000,14900,363,15000
1787294507684,49700,15000,14900,363,15000
1787294507784,49700,15000,14900,363,15000
1787294507884,49700,15000,14900,363,15000
1787294507984,49700,15000,14900,363,15000
1787294508084,49700,15000,14900,363,15000
1787294508184,49700,15000,14900,363,15000
1787294508284,49700,15000,14900,363,15000
1787294508384,49700,15000,14900,363,15000
1787294508484,49700,15000,14900,363,15000
1787294508584,49700,15000,14900,363,15000
1787294508683,49700,15000,14900,363,15000
1787294508784,49700,15000,14900,363,15000
1787294508884,49700,15000,14900,363,15000
1787294508984,49700,15000,14900,363,15000
1787294509084,49700,15000,14900,363,15000
1787294509184,49700,15000,14900,363,15000
1787294509284,49700,15000,14900,363,15000
1787294509384,49700,15000,14900,363,15000
1787294509484,49700,15000,14900,363,15000
1787294509584,49700,15000,14900,363,15000
1787294509684,49700,15000,14900,363,15000
1787294509784,49700,15000,14900,363,15000
1787294509884,49700,15000,14900,363,15000
1787294509984,49700,15000,14900,363,15000
1787294510084,49700,15000,14900,363,15000
1787294510184,49700,15000,14900,363,15000
1787294510284,49700,15000,14900,363,15000
1787294510384,49700,15000,14900,363,15000
1787294510484,49700,15000,14900,363,15000
1787294510584,49700,15000,14900,363,15000
1787294510683,49700,15000,14900,363,15000
1787294510784,49700,15000,14900,363,15000
1787294510884,49700,15000,14900,363,15000
1787294510984,49700,15000,14900,363,15000
1787294511084,49700,15000,14900,363,15000
1787294511184,49700,15000,14900,363,15000
1787294511284,49700,15000,14900,363,15000
1787294511384,49700,15000,14900,363,15000
1787294511484,49700,15000,14900,363,15000
1787294511584,49700,15000,14900,363,15000
1787294511684,49700,15000,14900,363,15000
1787294511784,49700,15000,14900,363,15000
1787294511884,49700,15000,14900,363,15000
1787294511984,49700,15000,14900,363,15000
1787294512084,49700,15000,14900,363,15000
1787294512184,49700,15000,14900,363,15000
1787294512284,49700,15000,14900,363,15000
1787294512383,49700,15000,14900,363,15000
1787294512484,49700,15000,14900,363,15000
1787294512583,49700,15000,14900,363,15000
1787294512684,49700,15000,14900,363,15000
1787294512784,49700,15000,14900,363,15000
1787294512884,49700,15000,14900,363,15000
1787294512984,49700,15000,14900,363,15000
1787294513084,49700,15000,14900,363,15000
1787294513184,49700,15000,14900,363,15000
1787294513284,49700,15000,14900,363,15000
1787294513383,49700,15000,14900,363,15000
1787294513484,49700,15000,14900,363,15000
1787294513584,49700,15000,14900,363,15000
1787294513684,49700,15000,14900,363,15000
1787294513784,49700,15000,14900,363,15000
1787294513884,49700,15000,14800,363,15000
1787294513984,49700,15000,14800,363,15000
1787294514083,49700,15000,14800,363,15000
1787294514184,49700,15000,14800,363,15000
1787294514284,49700,15000,14800,363,15000
1787294514384,49700,15000,14800,363,15000
1787294514484,49700,15000,14900,363,15000
1787294514584,49700,15000,14900,363,15000
1787294514684,49700,15000,14900,363,15000
1787294514784,49700,15000,14900,363,15000
1787294514884,49700,15000,14900,363,15000
1787294514984,49700,15000,14900,363,15000
1787294515084,49700,15000,14900,363,15000
1787294515183,49700,15000,14900,363,15000
1787294515284,49700,15000,14900,363,15000
1787294515384,49700,15000,14900,363,15000
1787294515484,49700,15000,14900,363,15000
1787294515584,49700,15000,14900,363,15000
1787294515684,49700,15000,14900,363,15000
1787294515783,49700,15000,14800,363,15000
1787294515884,49700,15000,14800,363,15000
1787294515983,49700,15000,14800,363,15000
1787294516084,49700,15000,14800,363,15000
1787294516184,49700,15000,14800,363,15000
1787294516284,49700,15000,14800,363,15000
1787294516384,49700,15000,14900,363,15000
1787294516484,49700,15000,14900,363,15000
1787294516584,49700,15000,14900,363,15000
1787294516684,49700,15000,14900,363,15000
1787294516784,49700,15000,14900,363,15000
1787294516884,49700,15000,14900,363,15000
1787294516984,49700,15000,14900,363,15000
1787294517084,49700,15000,14900,363,15000
1787294517183,49700,15000,14900,363,15000
1787294517284,49700,15000,14900,363,15000
1787294517384,49700,15000,14900,363,15000
1787294517484,49700,15000,14900,363,15000
1787294517584,49700,15000,14900,363,15000
1787294517684,49700,15000,14900,363,15000
1787294517784,49700,15000,14900,363,15000
1787294517884,49700,15000,14900,363,15000
1787294517984,49700,15000,14900,363,15000
1787294518084,49700,15000,14900,363,15000
1787294518184,49700,15000,14900,363,15000
1787294518284,49700,15000,14900,363,15000
1787294518384,49700,15000,14900,363,15000
1787294518484,49700,15000,14900,363,15000
1787294518584,49700,15000,14900,363,15000
1787294518684,49700,15000,14900,363,15000
1787294518784,49700,15000,14900,363,15000
1787294518884,49700,15000,14900,363,15000
1787294518984,49700,15000,14900,363,15000
1787294519084,49700,15000,14900,363,15000
1787294519184,49700,15000,14900,363,15000
1787294519284,49700,15000,14900,363,15000
1787294519384,49700,15000,15000,363,15000
1787294519484,49700,15000,15000,363,15000
1787294519584,49700,15000,15000,363,15000
1787294519684,49700,15000,15000,363,15000
1787294519784,49700,15000,15000,363,15000
1787294519884,49700,15000,15000,363,15000
1787294519984,49700,15000,14800,363,15000
1787294520084,49700,15000,14800,363,15000
1787294520184,49700,15000,14800,363,15000
1787294520284,49700,15000,14800,363,15000
1787294520384,49700,15000,14800,363,15000
1787294520484,49700,15000,14800,363,15000
1787294520584,49700,15000,14900,363,15000
1787294520684,49700,15000,14900,363,15000
1787294520784,49700,15000,14900,363,15000
1787294520883,49700,15000,14900,363,15000
1787294520984,49700,15000,14900,363,15000
1787294521084,49700,15000,14900,363,15000
1787294521184,49700,15000,14900,363,15000
1787294521284,49700,15000,14900,363,15000
1787294521384,49700,15000,14900,363,15000
1787294521484,49700,15000,14900,363,15000
1787294521584,49700,15000,14900,363,15000
1787294521684,49700,15000,14900,363,15000
1787294521784,49700,15000,14900,363,15000
1787294521884,49700,15000,14900,363,15000
1787294521984,49700,15000,14900,363,15000
1787294522084,49700,15000,14900,363,15000
1787294522184,49700,15000,14900,363,15000
1787294522284,49700,15000,14900,363,15000
1787294522384,49700,15000,14900,363,15000
1787294522484,49700,15000,14900,363,15000
1787294522584,49700,15000,14900,363,15000
1787294522684,49700,15000,14900,363,15000
1787294522784,49700,15000,14900,363,15000
1787294522884,49700,15000,14900,363,15000
1787294522984,49700,15000,14900,363,15000
1787294523084,49700,15000,14900,363,15000
1787294523184,49700,15000,14900,363,15000
1787294523284,49700,15000,14900,363,15000
1787294523384,49700,15000,14900,363,15000
1787294523484,49700,15000,14900,363,15000
1787294523584,49700,15000,14900,363,15000
1787294523684,49700,15000,14900,363,15000
1787294523784,49700,15000,14900,363,15000
1787294523884,49700,15000,14900,363,15000
1787294523983,49700,15000,14900,363,15000
1787294524084,49700,15000,14900,363,15000
1787294524183,49700,15000,14900,363,15000
1787294524284,49700,15000,14900,363,15000
1787294524384,49700,15000,14900,363,15000
1787294524484,49700,15000,14900,363,15000
1787294524584,49700,15000,14900,363,15000
1787294524684,49700,15000,14900,363,15000
1787294524784,49700,15000,15000,363,15000
1787294524884,49700,15000,15000,363,15000
1787294524984,49700,15000,15000,363,15000
1787294525084,49700,15000,15000,363,15000
1787294525184,49700,15000,15000,363,15000
1787294525284,49700,15000,15000,363,15000
1787294525384,49700,15000,14900,363,15000
1787294525484,49700,15000,14900,363,15000
1787294525584,49700,15000,14900,363,15000
1787294525684,49700,15000,14900,363,15000
1787294525783,49700,15000,14900,363,15000
1787294525884,49700,15000,14900,363,15000
1787294525984,49700,15000,14900,363,15000
1787294526084,49700,15000,14900,363,15000
1787294526184,49700,15000,14900,363,15000
1787294526284,49700,15000,14900,363,15000
1787294526384,49700,15000,14900,363,15000
1787294526484,49700,15000,14900,363,15000
1787294526584,49700,15000,14900,363,15000
1787294526684,49700,15000,14900,363,15000
1787294526784,49700,15000,14900,363,15000
1787294526884,49700,15000,14900,363,15000
1787294526983,49700,15000,14900,363,15000
1787294527084,49700,15000,14900,363,15000
1787294527184,49700,15000,14900,363,15000
1787294527284,49700,15000,14900,363,15000
1787294527384,49700,15000,14900,363,15000
1787294527484,49700,15000,14900,363,15000
1787294527584,49700,15000,14900,363,15000
1787294527684,49700,15000,14900,363,15000
1787294527784,49700,15000,14900,363,15000
1787294527884,49700,15000,14900,363,15000
1787294527984,49700,15000,14900,363,15000
1787294528084,49700,15000,14900,363,15000
1787294528184,49700,15000,14900,363,15000
1787294528284,49700,15000,14900,363,15000
1787294528384,49700,15000,14900,363,15000
1787294528484,49700,15000,14900,363,15000
1787294528584,49700,15000,14900,363,15000
1787294528684,49700,15000,14900,363,15000
1787294528784,49700,15000,14900,363,15000
1787294528884,49700,15000,14900,363,15000
1787294528984,49700,15000,14900,363,15000
1787294529084,49700,15000,14900,363,15000
1787294529184,49700,15000,14800,363,15000
1787294529284,49700,15000,14800,363,15000
1787294529384,49700,15000,14800,363,15000
1787294529484,49700,15000,14800,363,15000
1787294529584,49700,15000,14800,363,15000
1787294529684,49700,15000,14800,363,15000
1787294529784,49700,15000,14800,363,15000
1787294529884,49700,15000,14800,363,15000
1787294529984,49700,15000,14800,363,15000
1787294530084,49700,15000,14800,363,15000
1787294530184,49700,15000,14800,363,15000
1787294530284,49700,15000,14800,363,15000
1787294530384,49700,15000,14800,363,15000
1787294530484,49700,15000,14800,363,15000
1787294530584,49700,15000,14800,363,15000
1787294530684,49700,15000,14800,363,15000
1787294530784,49700,15000,14800,363,15000
1787294530884,49700,15000,14800,363,15000
1787294530983,49700,15000,14900,363,15000
1787294531084,49700,15000,14900,363,15000
1787294531184,49700,15000,14900,363,15000
1787294531283,49700,15000,14900,363,15000
1787294531384,49700,15000,14900,363,15000
1787294531484,49700,15000,14900,363,15000
1787294531584,49700,15000,14900,363,15000
1787294531684,49700,15000,14900,363,15000
1787294531784,49700,15000,14900,363,15000
1787294531884,49700,15000,14900,363,15000
1787294531984,49700,15000,14900,363,15000
1787294532084,49700,15000,14900,363,15000
1787294532184,49700,15000,14900,363,15000
1787294532283,49700,15000,14900,363,15000
1787294532384,49700,15000,14900,363,15000
1787294532484,49700,15000,14900,363,15000
1787294532584,49700,15000,14900,363,15000
1787294532683,49700,15000,14900,363,15000
1787294532784,49700,15000,14900,363,15000
1787294532884,49700,15000,14900,363,15000
1787294532984,49700,15000,14900,363,15000
1787294533083,49700,15000,14900,363,15000
1787294533184,49700,15000,14900,363,15000
1787294533284,49700,15000,14900,363,15000
1787294533384,49700,15000,14900,363,15000
1787294533484,49700,15000,14900,363,15000
1787294533584,49700,15000,14900,363,15000
1787294533683,49700,15000,14900,363,15000
1787294533784,49700,15000,14900,363,15000
1787294533884,49700,15000,14900,363,15000
1787294533984,49700,15000,14900,363,15000
1787294534084,49700,15000,14900,363,15000
1787294534184,49700,15000,14900,363,15000
1787294534284,49700,15000,14900,363,15000
1787294534384,49700,15000,14900,363,15000
1787294534484,49700,15000,14900,363,15000
1787294534584,49700,15000,14900,363,15000
1787294534684,49700,15000,14900,363,15000
1787294534784,49700,15000,14900,363,15000
1787294534884,49700,15000,14900,363,15000
1787294534984,49700,15000,14900,363,15000
1787294535084,49700,15000,14900,363,15000
1787294535184,49700,15000,14900,363,15000
1787294535284,49700,15000,14900,363,15000
1787294535384,49700,15000,14900,363,15000
1787294535484,49700,15000,14900,363,15000
1787294535584,49700,15000,14900,363,15000
1787294535684,49700,15000,14900,363,15000
1787294535784,49700,15000,14900,363,15000
1787294535884,49700,15000,14900,363,15000
1787294535984,49700,15000,14900,363,15000
1787294536084,49700,15000,14900,363,15000
1787294536184,49700,15000,14900,363,15000
1787294536284,49700,15000,14900,363,15000
1787294536384,49700,15000,14900,363,15000
1787294536484,49700,15000,14900,363,15000
1787294536583,49700,15000,14900,363,15000
1787294536683,49700,15000,14900,363,15000
1787294536784,49700,15000,14900,363,15000
1787294536884,49700,15000,14900,363,15000
1787294536984,49700,15000,14900,363,15000
1787294537084,49700,15000,14900,363,15000
1787294537184,49700,15000,14900,363,15000
1787294537284,49700,15000,14900,363,15000
1787294537384,49700,15000,14900,363,15000
1787294537484,49700,15000,14900,363,15000
1787294537584,49700,15000,14900,363,15000
1787294537684,49700,15000,14900,363,15000
1787294537784,49700,15000,14900,363,15000
1787294537884,49700,15000,14900,363,15000
1787294537984,49700,15000,14900,363,15000
1787294538084,49700,15000,14900,363,15000
1787294538184,49700,15000,14900,363,15000
1787294538284,49700,15000,14900,363,15000
1787294538384,49700,15000,14900,363,15000
1787294538484,49700,15000,14900,363,15000
1787294538584,49700,15000,14900,363,15000
1787294538684,49700,15000,14900,363,15000
1787294538784,49700,15000,14900,363,15000
1787294538884,49700,15000,14900,363,15000
1787294538984,49700,15000,14900,363,15000
1787294539084,49700,15000,14900,363,15000
1787294539184,49700,15000,14900,363,15000
1787294539284,49700,15000,14900,363,15000
1787294539383,49700,15000,14900,363,15000
1787294539484,49700,15000,14900,363,15000
1787294539584,49700,15000,14900,363,15000
1787294539683,49700,15000,14900,363,15000
1787294539784,49700,15000,14900,363,15000
1787294539884,49700,15000,14900,363,15000
1787294539984,49700,15000,14900,363,15000
1787294540083,49700,15000,14900,363,15000
1787294540184,49700,15000,14900,363,15000
1787294540284,49700,15000,14900,363,15000
1787294540384,49700,15000,14900,363,15000
1787294540484,49700,15000,14900,363,15000
1787294540584,49700,15000,14900,363,15000
1787294540684,49700,15000,14900,363,15000
1787294540784,49700,15000,14900,363,15000
1787294540884,49700,15000,14900,363,15000
1787294540984,49700,15000,14900,363,15000
1787294541084,49700,15000,14900,363,15000
1787294541184,49700,15000,14900,363,15000
1787294541284,49700,15000,15000,363,15000
1787294541384,49700,15000,15000,363,15000
1787294541484,49700,15000,15000,363,15000
1787294541584,49700,15000,15000,363,15000
1787294541684,49700,15000,15000,363,15000
1787294541784,49700,15000,15000,363,15000
1787294541884,49700,15000,14900,363,15000
1787294541983,49700,15000,14900,363,15000
1787294542084,49700,15000,14900,363,15000
1787294542184,49700,15000,14900,363,15000
1787294542283,49700,15000,14900,363,15000
1787294542384,49700,15000,14900,363,15000
1787294542484,49700,15000,14900,363,15000
1787294542584,49700,15000,14900,363,15000
1787294542683,49700,15000,14900,363,15000
1787294542784,49700,15000,14900,363,15000
1787294542884,49700,15000,15000,363,15000
1787294542984,49700,15000,15000,363,15000
1787294543084,49700,15000,15000,363,15000
1787294543184,49700,15000,15000,363,15000
1787294543284,49700,15000,15000,363,15000
1787294543384,49700,15000,15000,363,15000
1787294543483,49700,15000,15000,363,15000
1787294543584,49700,15000,14900,363,15000
1787294543684,49700,15000,14900,363,15000
1787294543784,49700,15000,14900,363,15000
1787294543884,49700,15000,14900,363,15000
1787294543984,49700,15000,14900,363,15000
1787294544084,49700,15000,14900,363,15000
1787294544183,49700,15000,14900,363,15000
1787294544284,49700,15000,14900,363,15000
1787294544384,49700,15000,14900,363,15000
1787294544484,49700,15000,14900,363,15000
1787294544584,49700,15000,14900,363,15000
1787294544684,49700,15000,14900,363,15000
1787294544783,49700,15000,14900,363,15000
1787294544884,49700,15000,14900,363,15000
1787294544984,49700,15000,14900,363,15000
1787294545084,49700,15000,14900,363,15000
1787294545184,49700,15000,14900,363,15000
1787294545284,49700,15000,14900,363,15000
1787294545384,49700,15000,14900,363,15000
1787294545484,49700,15000,14900,363,15000
1787294545584,49700,15000,14900,363,15000
1787294545684,49700,15000,14900,363,15000
1787294545783,49700,15000,14900,363,15000
1787294545884,49700,15000,14900,363,15000
1787294545984,49700,15000,14900,363,15000
1787294546084,49700,15000,14900,363,15000
1787294546184,49700,15000,14900,363,15000
1787294546284,49700,15000,14900,363,15000
1787294546384,49700,15000,14900,363,15000
1787294546484,49700,15000,14900,363,15000
1787294546583,49700,15000,14900,363,15000
1787294546684,49700,15000,14900,363,15000
1787294546784,49700,15000,14900,363,15000
1787294546884,49700,15000,14900,363,15000
1787294546984,49700,15000,14900,363,15000
1787294547084,49700,15000,14900,363,15000
1787294547184,49700,15000,14900,363,15000
1787294547284,49700,15000,14900,363,15000
1787294547384,49700,15000,14900,363,15000
1787294547484,49700,15000,14900,363,15000
1787294547584,49700,15000,14900,363,15000
1787294547684,49700,15000,14900,363,15000
1787294547784,49700,15000,14900,363,15000
1787294547884,49700,15000,14900,363,15000
1787294547983,49700,15000,15000,363,15000
1787294548083,49700,15000,15000,363,15000
1787294548184,49700,15000,15000,363,15000
1787294548284,49700,15000,15000,363,15000
1787294548384,49700,15000,15000,363,15000
1787294548483,49700,15000,15000,363,15000
1787294548584,49700,15000,15000,363,15000
1787294548684,49700,15000,15000,363,15000
1787294548784,49700,15000,15000,363,15000
1787294548884,49700,15000,15000,363,15000
1787294548984,49700,15000,14900,363,15000
1787294549084,49700,15000,14900,363,15000
1787294549184,49700,15000,14900,363,15000
1787294549284,49700,15000,14900,363,15000
1787294549384,49700,15000,14900,363,15000
1787294549484,49700,15000,14900,363,15000
1787294549584,49700,15000,14900,363,15000
1787294549684,49700,15000,14900,363,15000
1787294549784,49700,15000,14900,363,15000
1787294549884,49700,15000,14900,363,15000
1787294549984,49700,15000,14900,363,15000
1787294550084,49700,15000,14900,363,15000
1787294550184,49700,15000,14900,363,15000
1787294550284,49700,15000,14900,363,15000
1787294550384,49700,15000,14900,363,15000
1787294550484,49700,15000,14900,363,15000
1787294550584,49700,15000,14900,363,15000
1787294550684,49700,15000,14900,363,15000
1787294550784,49700,15000,14900,363,15000
1787294550884,49700,15000,14900,363,15000
1787294550984,49700,15000,14900,363,15000
1787294551084,49700,15000,14900,363,15000
1787294551184,49700,15000,14900,363,15000
1787294551284,49700,15000,14900,363,15000
1787294551384,49700,15000,14900,363,15000
1787294551484,49700,15000,14900,363,15000
1787294551584,49700,15000,14900,363,15000
1787294551683,49700,15000,14900,363,15000
1787294551784,49700,15000,14900,363,15000
1787294551884,49700,15000,14900,363,15000
1787294551984,49700,15000,14900,363,15000
1787294552084,49700,15000,14900,363,15000
1787294552184,49700,15000,14900,363,15000
1787294552284,49700,15000,14900,363,15000
1787294552384,49700,15000,14900,363,15000
1787294552484,49700,15000,14900,363,15000
1787294552584,49700,15000,14900,363,15000
1787294552684,49700,15000,14900,363,15000
1787294552784,49700,15000,14900,363,15000
1787294552884,49700,15000,14900,363,15000
1787294552984,49700,15000,14900,363,15000
1787294553084,49700,15000,14900,363,15000
1787294553184,49700,15000,14900,363,15000
1787294553284,49700,15000,14900,363,15000
1787294553384,49700,15000,14900,363,15000
1787294553484,49700,15000,14900,363,15000
1787294553584,49700,15000,14900,363,15000
1787294553684,49700,15000,14900,363,15000
1787294553784,49700,15000,14900,363,15000
1787294553884,49700,15000,14900,363,15000
1787294553984,49700,15000,14900,363,15000
1787294554084,49700,15000,14900,363,15000
1787294554184,49700,15000,14900,363,15000
1787294554284,49700,15000,14900,363,15000
1787294554384,49700,15000,14900,363,15000
1787294554484,49700,15000,14900,363,15000
1787294554584,49700,15000,14900,363,15000
1787294554684,49700,15000,14900,363,15000
1787294554784,49700,15000,14900,363,15000
1787294554884,49700,15000,14900,363,15000
1787294554984,49700,15000,14900,363,15000
1787294555083,49700,15000,14900,363,15000
1787294555183,49700,15000,14900,363,15000
1787294555284,49700,15000,14900,363,15000
1787294555384,49700,15000,14900,363,15000
1787294555484,49700,15000,14900,363,15000
1787294555584,49700,15000,14900,363,15000
1787294555684,49700,15000,14900,363,15000
1787294555784,49700,15000,14900,363,15000
1787294555884,49700,15000,14900,363,15000
1787294555984,49700,15000,14900,363,15000
1787294556084,49700,15000,14900,363,15000
1787294556184,49700,15000,14900,363,15000
1787294556284,49700,15000,14900,363,15000
1787294556384,49700,15000,14900,363,15000
1787294556484,49700,15000,14900,363,15000
1787294556584,49700,15000,14900,363,15000
1787294556684,49700,15000,14900,363,15000
1787294556783,49700,15000,14900,363,15000
1787294556884,49700,15000,14900,363,15000
1787294556984,49700,15000,14900,363,15000
1787294557084,49700,15000,14900,363,15000
1787294557184,49700,15000,14900,363,15000
1787294557284,49700,15000,14900,363,15000
1787294557384,49700,15000,14900,363,15000
1787294557484,49700,15000,14900,363,15000
1787294557584,49700,15000,14900,363,15000
1787294557684,49700,15000,14900,363,15000
1787294557784,49700,15000,14900,363,15000
1787294557884,49700,15000,14900,363,15000
1787294557984,49700,15000,14900,363,15000
1787294558083,49700,15000,15000,363,15000
1787294558184,49700,15000,15000,363,15000
1787294558284,49700,15000,15000,363,15000
1787294558384,49700,15000,15000,363,15000
1787294558484,49700,15000,15000,363,15000
1787294558584,49700,15000,15000,363,15000
1787294558684,49700,15000,14900,363,15000
1787294558784,49700,15000,14900,363,15000
1787294558883,49700,15000,14900,363,15000
1787294558983,49700,15000,14900,363,15000
1787294559084,49700,15000,14900,363,15000
1787294559184,49700,15000,14900,363,15000
1787294559284,49700,15000,14900,363,15000
1787294559384,49700,15000,14900,363,15000
1787294559484,49700,15000,14900,363,15000
1787294559583,49700,15000,14900,363,15000
1787294559684,49700,15000,14900,363,15000
1787294559784,49700,15000,14900,363,15000
1787294559884,49700,15000,14900,363,15000
1787294559984,49700,15000,14900,363,15000
1787294560084,49700,15000,14900,363,15000
1787294560184,49700,15000,14900,363,15000
1787294560284,49700,15000,14900,363,15000
1787294560384,49700,15000,14900,363,15000
1787294560484,49700,15000,14900,363,15000
1787294560584,49700,15000,14900,363,15000
1787294560684,49700,15000,14900,363,15000
1787294560784,49700,15000,14900,363,15000
1787294560884,49700,15000,14900,363,15000
1787294560984,49700,15000,14900,363,15000
1787294561084,49700,15000,14900,363,15000
1787294561184,49700,15000,14900,363,15000
1787294561284,49700,15000,14900,363,15000
1787294561384,49700,15000,14900,363,15000
1787294561484,49700,15000,14900,363,15000
1787294561584,49700,15000,14900,363,15000
1787294561684,49700,15000,14900,363,15000
1787294561784,49700,15000,14900,363,15000
1787294561884,49700,15000,14900,363,15000
1787294561983,49700,15000,14900,363,15000
1787294562084,49700,15000,14900,363,15000
1787294562184,49700,15000,14900,363,15000
1787294562284,49700,15000,14900,363,15000
1787294562384,49700,15000,14900,363,15000
1787294562483,49700,15000,14900,363,15000
1787294562584,49700,15000,14900,363,15000
1787294562684,49700,15000,14900,363,15000
1787294562784,49700,15000,14900,363,15000
1787294562883,49700,15000,14900,363,15000
1787294562984,49700,15000,14900,363,15000
1787294563084,49700,15000,14900,363,15000
1787294563184,49700,15000,14900,363,15000
1787294563284,49700,15000,14900,363,15000
1787294563384,49700,15000,14900,363,15000
1787294563484,49700,15000,14900,363,15000
1787294563584,49700,15000,14900,363,15000
1787294563684,49700,15000,14900,363,15000
1787294563784,49700,15000,14900,363,15000
1787294563884,49700,15000,14900,363,15000
1787294563984,49700,15000,14900,363,15000
1787294564084,49700,15000,14900,363,15000
1787294564184,49700,15000,14900,363,15000
1787294564284,49700,15000,14900,363,15000
1787294564384,49700,15000,14900,363,15000
1787294564484,49700,15000,14900,363,15000
1787294564584,49700,15000,14900,363,15000
1787294564684,49700,15000,14900,363,15000
1787294564784,49700,15000,14900,363,15000
1787294564884,49700,15000,14900,363,15000
1787294564984,49700,15000,14900,363,15000
1787294565084,49700,15000,14900,363,15000
1787294565184,49700,15000,14900,363,15000
1787294565284,49700,15000,14900,363,15000
1787294565384,49700,15000,14900,363,15000
1787294565484,49700,15000,14900,363,15000
1787294565584,49700,15000,14900,363,15000
1787294565684,49700,15000,14900,363,15000
1787294565783,49700,15000,14900,363,15000
1787294565884,49700,15000,14900,363,15000
1787294565984,49700,15000,14900,363,15000
1787294566084,49700,15000,14900,363,15000
1787294566184,49700,15000,14900,363,15000
1787294566284,49700,15000,14900,363,15000
1787294566384,49700,15000,14900,363,15000
1787294566484,49700,15000,14900,363,15000
1787294566584,49700,15000,14900,363,15000
1787294566684,49700,15000,14900,363,15000
1787294566784,49700,15000,14900,363,15000
1787294566884,49700,15000,14900,363,15000
1787294566984,49700,15000,14900,363,15000
1787294567084,49700,15000,14900,363,15000
1787294567183,49700,15000,14900,363,15000
1787294567284,49700,15000,14900,363,15000
1787294567384,49700,15000,14900,363,15000
1787294567484,49700,15000,14900,363,15000
1787294567584,49700,15000,14900,363,15000
1787294567684,49700,15000,14900,363,15000
1787294567784,49700,15000,14900,363,15000
1787294567884,49700,15000,14900,363,15000
1787294567983,49700,15000,14900,363,15000
1787294568084,49700,15000,14900,363,15000
1787294568184,49700,15000,14900,363,15000
1787294568284,49700,15000,14900,363,15000
1787294568384,49700,15000,14900,363,15000
1787294568484,49700,15000,14900,363,15000
1787294568584,49700,15000,14900,363,15000
1787294568684,49700,15000,14900,363,15000
1787294568784,49700,15000,14900,363,15000
1787294568884,49700,15000,14900,363,15000
1787294568984,49700,15000,14900,363,15000
1787294569084,49700,15000,14900,363,15000
1787294569184,49700,15000,14900,363,15000
1787294569284,49700,15000,14900,363,15000
1787294569384,49700,15000,14900,363,15000
1787294569484,49700,15000,14900,363,15000
1787294569583,49700,15000,14900,363,15000
1787294569684,49700,15000,14900,363,15000
1787294569784,49700,15000,14900,363,15000
1787294569884,49700,15000,14900,363,15000
1787294569984,49700,15000,14900,363,15000
1787294570084,49700,15000,14900,363,15000
1787294570184,49700,15000,14900,363,15000
1787294570284,49700,15000,14900,363,15000
1787294570384,49700,15000,14900,363,15000
1787294570484,49700,15000,14900,363,15000
1787294570584,49700,15000,14900,363,15000
1787294570684,49700,15000,14900,363,15000
1787294570784,49700,15000,15000,363,15000
1787294570884,49700,15000,15000,363,15000
1787294570984,49700,15000,15000,363,15000
1787294571084,49700,15000,15000,363,15000
1787294571184,49700,15000,15000,363,15000
1787294571284,49700,15000,15000,363,15000
1787294571384,49700,15000,14900,363,15000
1787294571484,49700,15000,14900,363,15000
1787294571584,49700,15000,14900,363,15000
1787294571684,49700,15000,14900,363,15000
1787294571784,49700,15000,14900,363,15000
1787294571884,49700,15000,14900,363,15000
1787294571984,49700,15000,14900,363,15000
1787294572084,49700,15000,14900,363,15000
1787294572184,49700,15000,14900,363,15000
1787294572284,49700,15000,14900,363,15000
1787294572384,49700,15000,14900,363,15000
1787294572484,49700,15000,14900,363,15000
1787294572584,49700,15000,14900,363,15000
1787294572683,49700,15000,14900,363,15000
1787294572784,49700,15000,14900,363,15000
1787294572884,49700,15000,14900,363,15000
1787294572984,49700,15000,14900,363,15000
1787294573084,49700,15000,14900,363,15000
1787294573184,49700,15000,14900,363,15000
1787294573284,49700,15000,14900,363,15000
1787294573384,49700,15000,14900,363,15000
1787294573484,49700,15000,14900,363,15000
1787294573583,49700,15000,14900,363,15000
1787294573684,49700,15000,14900,363,15000
1787294573784,49700,15000,14900,363,15000
1787294573884,49700,15000,14900,363,15000
1787294573984,49700,15000,14900,363,15000
1787294574083,49700,15000,14900,363,15000
1787294574184,49700,15000,14900,363,15000
1787294574284,49700,15000,14900,363,15000
1787294574384,49700,15000,14900,363,15000
1787294574484,49700,15000,14900,363,15000
1787294574583,49700,15000,14900,363,15000
1787294574684,49700,15000,14900,363,15000
1787294574784,49700,15000,14900,363,15000
1787294574884,49700,15000,14900,363,15000
1787294574984,49700,15000,14900,363,15000
1787294575084,49700,15000,14900,363,15000
1787294575184,49700,15000,14900,363,15000
1787294575284,49700,15000,14900,363,15000
1787294575383,49700,15000,14900,363,15000
1787294575484,49700,15000,14900,363,15000
1787294575584,49700,15000,14900,363,15000
1787294575683,49700,15000,14900,363,15000
1787294575784,49700,15000,14900,363,15000
1787294575883,49700,15000,14900,363,15000
1787294575984,49700,15000,14900,363,15000
1787294576084,49700,15000,14900,363,15000
1787294576184,49700,15000,14900,363,15000
1787294576283,49700,15000,14900,363,15000
1787294576384,49700,15000,14900,363,15000
1787294576484,49700,15000,14900,363,15000
1787294576584,49700,15000,14900,363,15000
1787294576684,49700,15000,14900,363,15000
1787294576784,49700,15000,14900,363,15000
1787294576884,49700,15000,14900,363,15000
1787294576984,49700,15000,14900,363,15000
1787294577084,49700,15000,14900,363,15000
1787294577184,49700,15000,14900,363,15000
1787294577284,49700,15000,14900,363,15000
1787294577384,49700,15000,14900,363,15000
1787294577484,49700,15000,14900,363,15000
1787294577583,49700,15000,14900,363,15000
1787294577684,49700,15000,14900,363,15000
1787294577784,49700,15000,14900,363,15000
1787294577884,49700,15000,14900,363,15000
1787294577984,49700,15000,14900,363,15000
1787294578084,49700,15000,14900,363,15000
1787294578184,49700,15000,14900,363,15000
1787294578284,49700,15000,14900,363,15000
1787294578384,49700,15000,14900,363,15000
1787294578484,49700,15000,14900,363,15000
1787294578584,49700,15000,14900,363,15000
1787294578684,49700,15000,15000,363,15000
1787294578784,49700,15000,15000,363,15000
1787294578884,49700,15000,15000,363,15000
1787294578984,49700,15000,15000,363,15000
1787294579084,49700,15000,15000,363,15000
1787294579184,49700,15000,15000,363,15000
1787294579284,49700,15000,14900,363,15000
1787294579384,49700,15000,14900,363,15000
1787294579484,49700,15000,14900,363,15000
1787294579584,49700,15000,14900,363,15000
1787294579683,49700,15000,14900,363,15000
1787294579783,49700,15000,14900,363,15000
1787294579883,49700,15000,14900,363,15000
1787294579984,49700,15000,14900,363,15000
1787294580084,49700,15000,14900,363,15000
1787294580184,49700,15000,14900,363,15000
1787294580284,49700,15000,14900,363,15000
1787294580384,49700,15000,14900,363,15000
1787294580484,49700,15000,14900,363,15000
1787294580584,49700,15000,14900,363,15000
1787294580683,49700,15000,14900,363,15000
1787294580784,49700,15000,14900,363,15000
1787294580884,49700,15000,14900,363,15000
1787294580984,49700,15000,14900,363,15000
1787294581084,49700,15000,14900,363,15000
1787294581184,49700,15000,14900,363,15000
1787294581284,49700,15000,14900,363,15000
1787294581384,49700,15000,14900,363,15000
1787294581484,49700,15000,14900,363,15000
1787294581583,49700,15000,14900,363,15000
1787294581684,49700,15000,14900,363,15000
1787294581784,49700,15000,14900,363,15000
1787294581884,49700,15000,14900,363,15000
1787294581984,49700,15000,14900,363,15000
1787294582084,49700,15000,14900,363,15000
1787294582184,49700,15000,14900,363,15000
1787294582284,49700,15000,14900,363,15000
1787294582384,49700,15000,14900,363,15000
1787294582484,49700,15000,14900,363,15000
1787294582584,49700,15000,14900,363,15000
1787294582684,49700,15000,14900,363,15000
1787294582784,49700,15000,14900,363,15000
1787294582884,49700,15000,14900,363,15000
1787294582984,49700,15000,14900,363,15000
1787294583084,49700,15000,14900,363,15000
1787294583183,49700,15000,14900,363,15000
1787294583283,49700,15000,14900,363,15000
1787294583383,49700,15000,14900,363,15000
1787294583484,49700,15000,14900,363,15000
1787294583583,49700,15000,14900,363,15000
1787294583684,49700,15000,14900,363,15000
1787294583784,49700,15000,14900,363,15000
1787294583884,49700,15000,14900,363,15000
1787294583984,49700,15000,14900,363,15000
1787294584084,49700,15000,14900,363,15000
1787294584184,49700,15000,14900,363,15000
1787294584284,49700,15000,14900,363,15000
1787294584384,49700,15000,14900,363,15000
1787294584484,49700,15000,14900,363,15000
1787294584584,49700,15000,14900,363,15000
1787294584684,49700,15000,14900,363,15000
1787294584784,49700,15000,14900,363,15000
1787294584884,49700,15000,14900,363,15000
1787294584984,49700,15000,14900,363,15000
1787294585084,49700,15000,14900,363,15000
1787294585184,49700,15000,14900,363,15000
1787294585284,49700,15000,14900,363,15000
1787294585384,49700,15000,14800,363,15000
1787294585484,49700,15000,14800,363,15000
1787294585584,49700,15000,14800,363,15000
1787294585684,49700,15000,14800,363,15000
1787294585784,49700,15000,14800,363,15000
1787294585884,49700,15000,14800,363,15000
1787294585984,49700,15000,14900,363,15000
1787294586084,49700,15000,14900,363,15000
1787294586184,49700,15000,14900,363,15000
1787294586284,49700,15000,14900,363,15000
1787294586384,49700,15000,14900,363,15000
1787294586484,49700,15000,14900,363,15000
1787294586584,49700,15000,14800,363,15000
1787294586684,49700,15000,14800,363,15000
1787294586783,49700,15000,14800,363,15000
1787294586884,49700,15000,14800,363,15000
1787294586984,49700,15000,14900,363,15000
1787294587084,49700,15000,14900,363,15000
1787294587184,49700,15000,14900,363,15000
1787294587284,49700,15000,14900,363,15000
1787294587384,49700,15000,14900,363,15000
1787294587484,49700,15000,14900,363,15000
1787294587584,49700,15000,14900,363,15000
1787294587684,49700,15000,14900,363,15000
1787294587783,49700,15000,14900,363,15000
1787294587884,49700,15000,14900,363,15000
1787294587984,49700,15000,14900,363,15000
1787294588084,49700,15000,14900,363,15000
1787294588184,49700,15000,14900,363,15000
1787294588284,49700,15000,14900,363,15000
1787294588384,49700,15000,14900,363,15000
1787294588484,49700,15000,14900,363,15000
1787294588584,49700,15000,14900,363,15000
1787294588684,49700,15000,14900,363,15000
1787294588784,49700,15000,14900,363,15000
1787294588884,49700,15000,14900,363,15000
1787294588984,49700,15000,15000,363,15000
1787294589084,49700,15000,15000,363,15000
1787294589184,49700,15000,15000,363,15000
1787294589284,49700,15000,15000,363,15000
1787294589384,49700,15000,15000,363,15000
1787294589484,49700,15000,15000,363,15000
1787294589584,49700,15000,14900,363,15000
1787294589684,49700,15000,14900,363,15000
1787294589784,49700,15000,14900,363,15000
1787294589884,49700,15000,14900,363,15000
1787294589984,49700,15000,14900,363,15000
1787294590084,49700,15000,14900,363,15000
1787294590184,49700,15000,14900,363,15000
1787294590284,49700,15000,14900,363,15000
1787294590384,49700,15000,14900,363,15000
1787294590484,49700,15000,14900,363,15000
1787294590584,49700,15000,14900,363,15000
1787294590684,49700,15000,14900,363,15000
1787294590784,49700,15000,14900,363,15000
1787294590884,49700,15000,14900,363,15000
1787294590984,49700,15000,14900,363,15000
1787294591084,49700,15000,14900,363,15000
1787294591184,49700,15000,14900,363,15000
1787294591284,49700,15000,14900,363,15000
1787294591384,49700,15000,14900,363,15000
1787294591484,49700,15000,14900,363,15000
1787294591584,49700,15000,14900,363,15000
1787294591684,49700,15000,14900,363,15000
1787294591784,49700,15000,14900,363,15000
1787294591884,49700,15000,14900,363,15000
1787294591984,49700,15000,14900,363,15000
1787294592084,49700,15000,14900,363,15000
1787294592183,49700,15000,14900,363,15000
1787294592284,49700,15000,14900,363,15000
1787294592384,49700,15000,14900,363,15000
1787294592484,49700,15000,14900,363,15000
1787294592584,49700,15000,14900,363,15000
1787294592684,49700,15000,14900,363,15000
1787294592784,49700,15000,14900,363,15000
1787294592883,49700,15000,14900,363,15000
1787294592984,49700,15000,14900,363,15000
1787294593084,49700,15000,14900,363,15000
1787294593184,49700,15000,14900,363,15000
1787294593284,49700,15000,14900,363,15000
1787294593384,49700,15000,14900,363,15000
1787294593483,49700,15000,14900,363,15000
1787294593584,49700,15000,14900,363,15000
1787294593684,49700,15000,14900,363,15000
1787294593784,49700,15000,14900,363,15000
1787294593884,49700,15000,14900,363,15000
1787294593984,49700,15000,14900,363,15000
1787294594084,49700,15000,14900,363,15000
1787294594184,49700,15000,14900,363,15000
1787294594283,49700,15000,14900,363,15000
1787294594384,49700,15000,14900,363,15000
1787294594484,49700,15000,14900,363,15000
1787294594584,49700,15000,14900,363,15000
1787294594684,49700,15000,14900,363,15000
1787294594783,49700,15000,14900,363,15000
1787294594884,49700,15000,14900,363,15000
1787294594984,49700,15000,14900,363,15000
1787294595084,49700,15000,14900,363,15000
1787294595184,49700,15000,14900,363,15000
1787294595284,49700,15000,14900,363,15000
1787294595384,49700,15000,14900,363,15000
1787294595484,49700,15000,14900,363,15000
1787294595584,49700,15000,14900,363,15000
1787294595684,49700,15000,14900,363,15000
1787294595784,49700,15000,14900,363,15000
1787294595884,49700,15000,14900,363,15000
1787294595984,49700,15000,14900,363,15000
1787294596084,49700,15000,14900,363,15000
1787294596184,49700,15000,14900,363,15000
1787294596284,49700,15000,14900,363,15000
1787294596384,49700,15000,14900,363,15000
1787294596484,49700,15000,14900,363,15000
1787294596584,49700,15000,14900,363,15000
1787294596684,49700,15000,14900,363,15000
1787294596784,49700,15000,14900,363,15000
1787294596884,49700,15000,14900,363,15000
1787294596984,49700,15000,14900,363,15000
1787294597084,49700,15000,14900,363,15000
1787294597184,49700,15000,14900,363,15000
1787294597284,49700,15000,14900,363,15000
1787294597384,49700,15000,15000,363,15000
1787294597484,49700,15000,15000,363,15000
1787294597584,49700,15000,15000,363,15000
1787294597684,49700,15000,15000,363,15000
1787294597783,49700,15000,15000,363,15000
1787294597884,49700,15000,15000,363,15000
1787294597984,49700,15000,14900,363,15000
1787294598084,49700,15000,14900,363,15000
1787294598183,49700,15000,14900,363,15000
1787294598284,49700,15000,14900,363,15000
1787294598384,49700,15000,14900,363,15000
1787294598484,49700,15000,14900,363,15000
1787294598584,49700,15000,14900,363,15000
1787294598684,49700,15000,14900,363,15000
1787294598783,49700,15000,14900,363,15000
1787294598884,49700,15000,14900,363,15000
1787294598984,49700,15000,14900,363,15000
1787294599084,49700,15000,14900,363,15000
1787294599184,49700,15000,14900,363,15000
1787294599284,49700,15000,14900,363,15000
1787294599384,49700,15000,14900,363,15000
1787294599484,49700,15000,14900,363,15000
1787294599584,49700,15000,14900,363,15000
1787294599684,49700,15000,14900,363,15000
1787294599784,49700,15000,14900,363,15000
1787294599884,49700,15000,14900,363,15000
1787294599984,49700,15000,14900,363,15000
1787294600084,49700,15000,14900,363,15000
1787294600184,49700,15000,14900,363,15000
1787294600284,49700,15000,14900,363,15000
1787294600384,49700,15000,14900,363,15000
1787294600484,49700,15000,14900,363,15000
1787294600584,49700,15000,14900,363,15000
1787294600684,49700,15000,14900,363,15000
1787294600783,49700,15000,14900,363,15000
1787294600884,49700,15000,14900,363,15000
1787294600984,49700,15000,14900,363,15000
1787294601084,49700,15000,14900,363,15000
1787294601184,49700,15000,14900,363,15000
1787294601284,49700,15000,14900,363,15000
1787294601384,49700,15000,14900,363,15000
1787294601484,49700,15000,14900,363,15000
1787294601584,49700,15000,14900,363,15000
1787294601684,49700,15000,14900,363,15000
1787294601783,49700,15000,14900,363,15000
1787294601883,49700,15000,14900,363,15000
1787294601984,49700,15000,14900,363,15000
1787294602084,49700,15000,14900,363,15000
1787294602184,49700,15000,14900,363,15000
1787294602283,49700,15000,14900,363,15000
1787294602384,49700,15000,14900,363,15000
1787294602484,49700,15000,14900,363,15000
1787294602583,49700,15000,14900,363,15000
1787294602684,49700,15000,14900,363,15000
1787294602783,49700,15000,14900,363,15000
1787294602884,49700,15000,14900,363,15000
1787294602984,49700,15000,14900,363,15000
1787294603084,49700,15000,14900,363,15000
1787294603184,49700,15000,14900,363,15000
1787294603284,49700,15000,14900,363,15000
1787294603384,49700,15000,14900,363,15000
1787294603484,49700,15000,14900,363,15000
1787294603584,49700,15000,14900,363,15000
1787294603684,49700,15000,14900,363,15000
1787294603783,49700,15000,14900,363,15000
1787294603884,49700,15000,14900,363,15000
1787294603984,49700,15000,14900,363,15000
1787294604084,49700,15000,14900,363,15000
1787294604184,49700,15000,14900,363,15000
1787294604284,49700,15000,14900,363,15000
1787294604384,49700,15000,14900,363,15000
1787294604484,49700,15000,14900,363,15000
1787294604584,49700,15000,14900,363,15000
1787294604684,49700,15000,14900,363,15000
1787294604784,49700,15000,14900,363,15000
1787294604884,49700,15000,14900,363,15000
1787294604984,49700,15000,14900,363,15000
1787294605084,49700,15000,14900,363,15000
1787294605184,49700,15000,14900,363,15000
1787294605284,49700,15000,14900,363,15000
1787294605384,49700,15000,14900,363,15000
1787294605484,49700,15000,14900,363,15000
1787294605584,49700,15000,14900,363,15000
1787294605683,49700,15000,14900,363,15000
1787294605784,49700,15000,14900,363,15000
1787294605884,49700,15000,14900,363,15000
1787294605984,49700,15000,14900,363,15000
1787294606084,49700,15000,14900,363,15000
1787294606184,49700,15000,14900,363,15000
1787294606284,49700,15000,14900,363,15000
1787294606384,49700,15000,14900,363,15000
1787294606484,49700,15000,14900,363,15000
1787294606584,49700,15000,14900,363,15000
1787294606684,49700,15000,14900,363,15000
1787294606783,49700,15000,14900,363,15000
1787294606884,49700,15000,14900,363,15000
1787294606984,49700,15000,14900,363,15000
1787294607084,49700,15000,14900,363,15000
1787294607184,49700,15000,14900,363,15000
1787294607283,49700,15000,14900,363,15000
1787294607384,49700,15000,14900,363,15000
1787294607484,49700,15000,14900,363,15000
1787294607583,49700,15000,14900,363,15000
1787294607684,49700,15000,14900,363,15000
1787294607784,49700,15000,14900,363,15000
1787294607884,49700,15000,14900,363,15000
1787294607983,49700,15000,14900,363,15000
1787294608084,49700,15000,14900,363,15000
1787294608184,49700,15000,14900,363,15000
1787294608284,49700,15000,14900,363,15000
1787294608384,49700,15000,14900,363,15000
1787294608484,49700,15000,14900,363,15000
1787294608584,49700,15000,14900,363,15000
1787294608684,49700,15000,14900,363,15000
1787294608783,49700,15000,14900,363,15000
1787294608884,49700,15000,14900,363,15000
1787294608984,49700,15000,14900,363,15000
1787294609084,49700,15000,14900,363,15000
1787294609184,49700,15000,14900,363,15000
1787294609284,49700,15000,14900,363,15000
1787294609384,49700,15000,14900,363,15000
1787294609484,49700,15000,14900,363,15000
1787294609584,49700,15000,14900,363,15000
1787294609684,49700,15000,14900,363,15000
1787294609784,49700,15000,14900,363,15000
1787294609884,49700,15000,14900,363,15000
1787294609984,49700,15000,14900,363,15000
1787294610084,49700,15000,14900,363,15000
1787294610184,49700,15000,14900,363,15000
1787294610284,49700,15000,14900,363,15000
1787294610384,49700,15000,14900,363,15000
1787294610484,49700,15000,14900,363,15000
1787294610584,49700,15000,14900,363,15000
1787294610684,49700,15000,14900,363,15000
1787294610784,49700,15000,14900,363,15000
1787294610884,49700,15000,14900,363,15000
1787294610984,49700,15000,14900,363,15000
1787294611084,49700,15000,14900,363,15000
1787294611184,49700,15000,14900,363,15000
1787294611284,49700,15000,14900,363,15000
1787294611383,49700,15000,14900,363,15000
1787294611484,49700,15000,14900,363,15000
1787294611584,49700,15000,14900,363,15000
1787294611684,49700,15000,14900,363,15000
1787294611784,49700,15000,14900,363,15000
1787294611884,49700,15000,14900,363,15000
1787294611983,49700,15000,14900,363,15000
1787294612084,49700,15000,14900,363,15000
1787294612184,49700,15000,14900,363,15000
1787294612283,49700,15000,14900,363,15000
1787294612384,49700,15000,14900,363,15000
1787294612484,49700,15000,14900,363,15000
1787294612584,49700,15000,14900,363,15000
1787294612683,49700,15000,14900,363,15000
1787294612783,49700,15000,14900,363,15000
1787294612884,49700,15000,14900,363,15000
1787294612983,49700,15000,14900,363,15000
1787294613083,49700,15000,14900,363,15000
1787294613184,49700,15000,14900,363,15000
1787294613284,49700,15000,14900,363,15000
1787294613384,49700,15000,14900,363,15000
1787294613484,49700,15000,14900,363,15000
1787294613584,49700,15000,14900,363,15000
1787294613684,49700,15000,14900,363,15000
1787294613783,49700,15000,14900,363,15000
1787294613884,49700,15000,14900,363,15000
1787294613984,49700,15000,14900,363,15000
1787294614084,49700,15000,14900,363,15000
1787294614184,49700,15000,14900,363,15000
1787294614284,49700,15000,14900,363,15000
1787294614384,49700,15000,14900,363,15000
1787294614484,49700,15000,14900,363,15000
1787294614584,49700,15000,14900,363,15000
1787294614684,49700,15000,14900,363,15000
1787294614784,49700,15000,14900,363,15000
1787294614884,49700,15000,14900,363,15000
1787294614983,49700,15000,14900,363,15000
1787294615084,49700,15000,14900,363,15000
1787294615184,49700,15000,14900,363,15000
1787294615284,49700,15000,14900,363,15000
1787294615384,49700,15000,14900,363,15000
1787294615484,49700,15000,14900,363,15000
1787294615584,49700,15000,14900,363,15000
1787294615684,49700,15000,14900,363,15000
1787294615784,49700,15000,14900,363,15000
1787294615883,49700,15000,14900,363,15000
1787294615984,49700,15000,14900,363,15000
1787294616084,49700,15000,14900,363,15000
1787294616184,49700,15000,14900,363,15000
1787294616284,49700,15000,14900,363,15000
1787294616384,49700,15000,14900,363,15000
1787294616484,49700,15000,14900,363,15000
1787294616584,49700,15000,14900,363,15000
1787294616684,49700,15000,14900,363,15000
1787294616783,49700,15000,14900,363,15000
1787294616884,49700,15000,14900,363,15000
1787294616983,49700,15000,14900,363,15000
1787294617084,49700,15000,14900,363,15000
1787294617183,49700,15000,14900,363,15000
1787294617284,49700,15000,14900,359,15000
1787294617384,49700,15000,14900,359,15000
1787294617484,49700,15000,14900,359,15000
1787294617584,49700,15000,14900,359,15000
1787294617684,49700,15000,14900,359,15000
1787294617783,49700,15000,14900,359,15000
1787294617884,49700,15000,14900,359,15000
1787294617984,49700,15000,14900,359,15000
1787294618084,49700,15000,14900,359,15000
1787294618184,49700,15000,14900,359,15000
1787294618284,49700,15000,14900,359,15000
1787294618384,49700,15000,14900,359,15000
1787294618484,49700,15000,14900,359,15000
1787294618584,49700,15000,14900,359,15000
1787294618684,49700,15000,14900,359,15000
1787294618783,49700,15000,14900,359,15000
1787294618884,49700,15000,14900,359,15000
1787294618984,49700,15000,14900,359,15000
1787294619084,49700,15000,14900,359,15000
1787294619184,49700,15000,14900,359,15000
1787294619284,49700,15000,14900,359,15000
1787294619384,49700,15000,14900,359,15000
1787294619484,49700,15000,14900,359,15000
1787294619584,49700,15000,14900,359,15000
1787294619684,49700,15000,15000,359,15000
1787294619784,49700,15000,15000,359,15000
1787294619884,49700,15000,15000,359,15000
1787294619984,49700,15000,15000,359,15000
1787294620084,49700,15000,15000,359,15000
1787294620184,49700,15000,15000,359,15000
1787294620284,49700,15000,14900,359,15000
1787294620384,49700,15000,14900,359,15000
1787294620484,49700,15000,14900,359,15000
1787294620584,49700,15000,14900,359,15000
1787294620684,49700,15000,14900,359,15000
1787294620783,49700,15000,14900,359,15000
1787294620884,49700,15000,14900,359,15000
1787294620984,49700,15000,14900,359,15000
1787294621084,49700,15000,14900,359,15000
1787294621184,49700,15000,14900,359,15000
1787294621284,49700,15000,14900,359,15000
1787294621383,49700,15000,14900,359,15000
1787294621484,49700,15000,14900,359,15000
1787294621584,49700,15000,14900,359,15000
1787294621684,49700,15000,14900,359,15000
1787294621783,49700,15000,14900,359,15000
1787294621884,49700,15000,14900,359,15000
1787294621984,49700,15000,14900,359,15000
1787294622084,49700,15000,14900,359,15000
1787294622184,49700,15000,15000,359,15000
1787294622284,49700,15000,15000,359,15000
1787294622384,49700,15000,15000,359,15000
1787294622484,49700,15000,15000,359,15000
1787294622584,49700,15000,15000,359,15000
1787294622684,49700,15000,15000,359,15000
1787294622783,49700,15000,14900,359,15000
1787294622884,49700,15000,14900,359,15000
1787294622984,49700,15000,14900,359,15000
1787294623083,49700,15000,14900,359,15000
1787294623184,49700,15000,14900,359,15000
1787294623284,49700,15000,14900,359,15000
1787294623384,49700,15000,14900,359,15000
1787294623484,49700,15000,14900,359,15000
1787294623584,49700,15000,14900,359,15000
1787294623684,49700,15000,14900,359,15000
1787294623783,49700,15000,14900,359,15000
1787294623884,49700,15000,14900,359,15000
1787294623983,49700,15000,14900,359,15000
1787294624084,49700,15000,14900,359,15000
1787294624184,49700,15000,14900,359,15000
1787294624284,49700,15000,14900,359,15000
1787294624384,49700,15000,14900,359,15000
1787294624483,49700,15000,14900,359,15000
1787294624584,49700,15000,14900,359,15000
1787294624684,49700,15000,14900,359,15000
1787294624784,49700,15000,14900,359,15000
1787294624884,49700,15000,14900,359,15000
1787294624983,49700,15000,14900,359,15000
1787294625084,49700,15000,14900,359,15000
1787294625184,49700,15000,14900,359,15000
1787294625284,49700,15000,14900,359,15000
1787294625384,49700,15000,14900,359,15000
1787294625484,49700,15000,14900,359,15000
1787294625584,49700,15000,14900,359,15000
1787294625684,49700,15000,14900,359,15000
1787294625784,49700,15000,14900,359,15000
1787294625884,49700,15000,14900,359,15000
1787294625984,49700,15000,14900,359,15000
1787294626083,49700,15000,14900,359,15000
1787294626184,49700,15000,14900,359,15000
1787294626284,49700,15000,14900,359,15000
1787294626384,49700,15000,14900,359,15000
1787294626484,49700,15000,14900,359,15000
1787294626584,49700,15000,14900,359,15000
1787294626684,49700,15000,14900,359,15000
1787294626784,49700,15000,14900,359,15000
1787294626884,49700,15000,14900,359,15000
1787294626984,49700,15000,14900,359,15000
1787294627084,49700,15000,14900,359,15000
1787294627184,49700,15000,14900,359,15000
1787294627284,49700,15000,14900,359,15000
1787294627384,49700,15000,14900,359,15000
1787294627484,49700,15000,14900,359,15000
1787294627584,49700,15000,14900,359,15000
1787294627684,49700,15000,14900,359,15000
1787294627784,49700,15000,14900,359,15000
1787294627884,49700,15000,14900,359,15000
1787294627983,49700,15000,14900,359,15000
1787294628084,49700,15000,14900,359,15000
1787294628184,49700,15000,14900,359,15000
1787294628284,49700,15000,14900,359,15000
1787294628384,49700,15000,14900,359,15000
1787294628484,49700,15000,14900,359,15000
1787294628584,49700,15000,14900,359,15000
1787294628684,49700,15000,14900,359,15000
1787294628784,49700,15000,14900,359,15000
1787294628884,49700,15000,14900,359,15000
1787294628984,49700,15000,14900,359,15000
1787294629084,49700,15000,14900,359,15000
1787294629184,49700,15000,14900,359,15000
1787294629284,49700,15000,14900,359,15000
1787294629384,49700,15000,14900,359,15000
1787294629483,49700,15000,14900,359,15000
1787294629584,49700,15000,14900,359,15000
1787294629683,49700,15000,14900,359,15000
1787294629784,49700,15000,14900,359,15000
1787294629884,49700,15000,14900,359,15000
1787294629984,49700,15000,14900,359,15000
1787294630083,49700,15000,14900,359,15000
1787294630184,49700,15000,14900,359,15000
1787294630284,49700,15000,14900,359,15000
1787294630384,49700,15000,14900,359,15000
1787294630484,49700,15000,14900,359,15000
1787294630584,49700,15000,14900,359,15000
1787294630684,49700,15000,14900,359,15000
1787294630784,49700,15000,14900,359,15000
1787294630884,49700,15000,14900,359,15000
1787294630984,49700,15000,14900,359,15000
1787294631084,49700,15000,14900,359,15000
1787294631184,49700,15000,14900,359,15000
1787294631284,49700,15000,14900,359,15000
1787294631384,49700,15000,14900,359,15000
1787294631484,49700,15000,14900,359,15000
1787294631584,49700,15000,14900,359,15000
1787294631684,49700,15000,14900,359,15000
1787294631784,49700,15000,14900,359,15000
1787294631883,49700,15000,14900,359,15000
1787294631984,49700,15000,14900,359,15000
1787294632084,49700,15000,14900,359,15000
1787294632184,49700,15000,14900,359,15000
1787294632284,49700,15000,14900,359,15000
1787294632384,49700,15000,14900,359,15000
1787294632484,49700,15000,14900,359,15000
1787294632583,49700,15000,14900,359,15000
1787294632684,49700,15000,14900,359,15000
1787294632784,49700,15000,14900,359,15000
1787294632884,49700,15000,14900,359,15000
1787294632984,49700,15000,14900,359,15000
1787294633084,49700,15000,14900,359,15000
1787294633183,49700,15000,14900,359,15000
1787294633284,49700,15000,14900,359,15000
1787294633384,49700,15000,14900,359,15000
1787294633484,49700,15000,14900,359,15000
1787294633584,49700,15000,14900,359,15000
1787294633684,49700,15000,14900,359,15000
1787294633784,49700,15000,14900,359,15000
1787294633884,49700,15000,14900,359,15000
1787294633984,49700,15000,14900,359,15000
1787294634084,49700,15000,14900,359,15000
1787294634184,49700,15000,14900,359,15000
1787294634284,49700,15000,14900,359,15000
1787294634384,49700,15000,14900,359,15000
1787294634484,49700,15000,14900,359,15000
1787294634584,49700,15000,14900,359,15000
1787294634684,49700,15000,14900,359,15000
1787294634784,49700,15000,14900,359,15000
1787294634884,49700,15000,14900,359,15000
1787294634984,49700,15000,14900,359,15000
1787294635084,49700,15000,14900,359,15000
1787294635184,49700,15000,14900,359,15000
1787294635284,49700,15000,14900,359,15000
1787294635384,49700,15000,14900,359,15000
1787294635484,49700,15000,14900,359,15000
1787294635584,49700,15000,14900,359,15000
1787294635684,49700,15000,14900,359,15000
1787294635784,49700,15000,14900,359,15000
1787294635883,49700,15000,14900,359,15000
1787294635984,49700,15000,14900,359,15000
1787294636083,49700,15000,14900,359,15000
1787294636184,49700,15000,14900,359,15000
1787294636284,49700,15000,14900,359,15000
1787294636384,49700,15000,14900,359,15000
1787294636484,49700,15000,14900,359,15000
1787294636584,49700,15000,14900,359,15000
1787294636684,49700,15000,14900,359,15000
1787294636784,49700,15000,14900,359,15000
1787294636884,49700,15000,14900,359,15000
1787294636984,49700,15000,14900,359,15000
1787294637084,49700,15000,14900,359,15000
1787294637184,49700,15000,14900,359,15000
1787294637284,49700,15000,14900,359,15000
1787294637384,49700,15000,14900,359,15000
1787294637484,49700,15000,14900,359,15000
1787294637584,49700,15000,14900,359,15000
1787294637684,49700,15000,14900,359,15000
1787294637784,49700,15000,14900,359,15000
1787294637884,49700,15000,14900,359,15000
1787294637984,49700,15000,14900,359,15000
1787294638084,49700,15000,14900,359,15000
1787294638184,49700,15000,14900,359,15000
1787294638284,49700,15000,14900,359,15000
1787294638384,49700,15000,14900,359,15000
1787294638484,49700,15000,14900,359,15000
1787294638584,49700,15000,14900,359,15000
1787294638683,49700,15000,14900,359,15000
1787294638783,49700,15000,14900,359,15000
1787294638884,49700,15000,14900,359,15000
1787294638984,49700,15000,14900,359,15000
1787294639084,49700,15000,14900,359,15000
1787294639184,49700,15000,14900,359,15000
1787294639284,49700,15000,14900,359,15000
1787294639384,49700,15000,14900,359,15000
1787294639484,49700,15000,14900,359,15000
1787294639584,49700,15000,14900,359,15000
1787294639684,49700,15000,14900,359,15000
1787294639784,49700,15000,14900,359,15000
1787294639884,49700,15000,14900,359,15000
1787294639984,49700,15000,14900,359,15000
1787294640084,49700,15000,14900,359,15000
1787294640184,49700,15000,14900,359,15000
1787294640284,49700,15000,14900,359,15000
1787294640384,49700,15000,14900,359,15000
1787294640484,49700,15000,14900,359,15000
1787294640583,49700,15000,14900,359,15000
1787294640684,49700,15000,14900,359,15000
1787294640784,49700,15000,14900,359,15000
1787294640884,49700,15000,14900,359,15000
1787294640984,49700,15000,14900,359,15000
1787294641084,49700,15000,14900,359,15000
1787294641184,49700,15000,14900,359,15000
1787294641284,49700,15000,14900,359,15000
1787294641384,49700,15000,14900,359,15000
1787294641484,49700,15000,14900,359,15000
1787294641584,49700,15000,14900,359,15000
1787294641684,49700,15000,14900,359,15000
1787294641784,49700,15000,14900,359,15000
1787294641884,49700,15000,14900,359,15000
1787294641984,49700,15000,14900,359,15000
1787294642084,49700,15000,14900,359,15000
1787294642184,49700,15000,14900,359,15000
1787294642284,49700,15000,14900,359,15000
1787294642384,49700,15000,14900,359,15000
1787294642484,49700,15000,14900,359,15000
1787294642584,49700,15000,14900,359,15000
1787294642684,49700,15000,14900,359,15000
1787294642784,49700,15000,14900,359,15000
1787294642884,49700,15000,14900,359,15000
1787294642984,49700,15000,14900,359,15000
1787294643084,49700,15000,14900,359,15000
1787294643184,49700,15000,14900,359,15000
1787294643284,49700,15000,14900,359,15000
1787294643384,49700,15000,14900,359,15000
1787294643484,49700,15000,14900,359,15000
1787294643584,49700,15000,14900,359,15000
1787294643684,49700,15000,14900,359,15000
1787294643784,49700,15000,14900,359,15000
1787294643884,49700,15000,14900,359,15000
1787294643984,49700,15000,14900,359,15000
1787294644084,49700,15000,14900,359,15000
1787294644184,49700,15000,14900,359,15000
1787294644284,49700,15000,14900,359,15000
1787294644384,49700,15000,14900,359,15000
1787294644483,49700,15000,14900,359,15000
1787294644584,49700,15000,14900,359,15000
1787294644684,49700,15000,14900,359,15000
1787294644784,49700,15000,14900,359,15000
1787294644884,49700,15000,14900,359,15000
1787294644984,49700,15000,14900,359,15000
1787294645083,49700,15000,14900,359,15000
1787294645184,49700,15000,14900,359,15000
1787294645284,49700,15000,14900,359,15000
1787294645384,49700,15000,14900,359,15000
1787294645484,49700,15000,14900,359,15000
1787294645584,49700,15000,14900,359,15000
1787294645684,49700,15000,14900,359,15000
1787294645784,49700,15000,14900,359,15000
1787294645884,49700,15000,14900,359,15000
1787294645984,49700,15000,14900,359,15000
1787294646084,49700,15000,14900,359,15000
1787294646184,49700,15000,14900,359,15000
1787294646284,49700,15000,14900,359,15000
1787294646384,49700,15000,14900,359,15000
1787294646484,49700,15000,14900,359,15000
1787294646584,49700,15000,14900,359,15000
1787294646684,49700,15000,14900,359,15000
1787294646784,49700,15000,14900,359,15000
1787294646884,49700,15000,14900,359,15000
1787294646984,49700,15000,14900,359,15000
1787294647084,49700,15000,14900,359,15000
1787294647184,49700,15000,14900,359,15000
1787294647284,49700,15000,14900,359,15000
1787294647384,49700,15000,14900,359,15000
1787294647484,49700,15000,14900,359,15000
1787294647584,49700,15000,14900,359,15000
1787294647684,49700,15000,14900,359,15000
1787294647783,49700,15000,14900,359,15000
1787294647884,49700,15000,14900,359,15000
1787294647984,49700,15000,14900,359,15000
1787294648084,49700,15000,14900,359,15000
1787294648184,49700,15000,14900,359,15000
1787294648284,49700,15000,14900,359,15000
1787294648384,49700,15000,14900,359,15000
1787294648484,49700,15000,14900,359,15000
1787294648584,49700,15000,14900,359,15000
1787294648684,49700,15000,14900,359,15000
1787294648784,49700,15000,14900,359,15000
1787294648884,49700,15000,14900,359,15000
1787294648984,49700,15000,14900,359,15000
1787294649084,49700,15000,14900,359,15000
1787294649184,49700,15000,14900,359,15000
1787294649284,49700,15000,14900,359,15000
1787294649384,49700,15000,14900,359,15000
1787294649484,49700,15000,14900,359,15000
1787294649584,49700,15000,14900,359,15000
1787294649684,49700,15000,14900,359,15000
1787294649784,49700,15000,14900,359,15000
1787294649884,49700,15000,14900,359,15000
1787294649983,49700,15000,14900,359,15000
1787294650084,49700,15000,14900,359,15000
1787294650184,49700,15000,14900,359,15000
1787294650284,49700,15000,14900,359,15000
1787294650384,49700,15000,14900,359,15000
1787294650484,49700,15000,14900,359,15000
1787294650584,49700,15000,14900,359,15000
1787294650683,49700,15000,14900,359,15000
1787294650784,49700,15000,14900,359,15000
1787294650884,49700,15000,14900,359,15000
1787294650984,49700,15000,14900,359,15000
1787294651084,49700,15000,14900,359,15000
1787294651183,49700,15000,14900,359,15000
1787294651284,49700,15000,14900,359,15000
1787294651384,49700,15000,14900,359,15000
1787294651484,49700,15000,14900,359,15000
1787294651584,49700,15000,14900,359,15000
1787294651684,49700,15000,14900,359,15000
1787294651784,49700,15000,14900,359,15000
1787294651884,49700,15000,14900,359,15000
1787294651983,49700,15000,14900,359,15000
1787294652084,49700,15000,14900,359,15000
1787294652184,49700,15000,14900,359,15000
1787294652284,49700,15000,14900,359,15000
1787294652384,49700,15000,14900,359,15000
1787294652484,49700,15000,14900,359,15000
1787294652584,49700,15000,14900,359,15000
1787294652684,49700,15000,14900,359,15000
1787294652784,49700,15000,14900,359,15000
1787294652884,49700,15000,14900,359,15000
1787294652984,49700,15000,14900,359,15000
1787294653084,49700,15000,14900,359,15000
1787294653184,49700,15000,14900,359,15000
1787294653284,49700,15000,14900,359,15000
1787294653384,49700,15000,14900,359,15000
1787294653484,49700,15000,14900,359,15000
1787294653583,49700,15000,14900,359,15000
1787294653684,49700,15000,14900,359,15000
1787294653783,49700,15000,14900,359,15000
1787294653884,49700,15000,14900,359,15000
1787294653984,49700,15000,14900,359,15000
1787294654084,49700,15000,14900,359,15000
1787294654184,49700,15000,14900,359,15000
1787294654284,49700,15000,14900,359,15000
1787294654384,49700,15000,14900,359,15000
1787294654484,49700,15000,14900,359,15000
1787294654583,49700,15000,14900,359,15000
1787294654683,49700,15000,14900,359,15000
1787294654784,49700,15000,14900,359,15000
1787294654884,49700,15000,14900,359,15000
1787294654984,49700,15000,14900,359,15000
1787294655084,49700,15000,14900,359,15000
1787294655184,49700,15000,14900,359,15000
1787294655287,49700,15000,14900,359,15000
1787294655384,49700,15000,14900,359,15000
1787294655484,49700,15000,14900,359,15000
1787294655584,49700,15000,14900,359,15000
1787294655683,49700,15000,14900,359,15000
1787294655784,49700,15000,14900,359,15000
1787294655884,49700,15000,14900,359,15000
1787294655983,49700,15000,14900,359,15000
1787294656084,49700,15000,14800,359,15000
1787294656184,49700,15000,14800,359,15000
1787294656284,49700,15000,14800,359,15000
1787294656384,49700,15000,14800,359,15000
1787294656484,49700,15000,14800,359,15000
1787294656584,49700,15000,14800,359,15000
1787294656684,49700,15000,14900,359,15000
1787294656783,49700,15000,14900,359,15000
1787294656884,49700,15000,14900,359,15000
1787294656984,49700,15000,14900,359,15000
1787294657084,49700,15000,14900,359,15000
1787294657184,49700,15000,14900,359,15000
1787294657284,49700,15000,14900,359,15000
1787294657384,49700,15000,14900,359,15000
1787294657484,49700,15000,14900,359,15000
1787294657584,49700,15000,14900,359,15000
1787294657684,49700,15000,14900,359,15000
1787294657784,49700,15000,14900,359,15000
1787294657884,49700,15000,14900,359,15000
1787294657984,49700,15000,14900,359,15000
1787294658084,49700,15000,14900,359,15000
1787294658184,49700,15000,14900,359,15000
1787294658284,49700,15000,14900,359,15000
1787294658384,49700,15000,14900,359,15000
1787294658484,49700,15000,14900,359,15000
1787294658584,49700,15000,14900,359,15000
1787294658684,49700,15000,14900,359,15000
1787294658784,49700,15000,14900,359,15000
1787294658884,49700,15000,14900,359,15000
1787294658984,49700,15000,14900,359,15000
1787294659084,49700,15000,14900,359,15000
1787294659184,49700,15000,14900,359,15000
1787294659284,49700,15000,14900,359,15000
1787294659384,49700,15000,14900,359,15000
1787294659484,49700,15000,14900,359,15000
1787294659584,49700,15000,14900,359,15000
1787294659684,49700,15000,14900,359,15000
1787294659784,49700,15000,14900,359,15000
1787294659884,49700,15000,14900,359,15000
1787294659984,49700,15000,14900,359,15000
1787294660084,49700,15000,14900,359,15000
1787294660184,49700,15000,14900,359,15000
1787294660284,49700,15000,14900,359,15000
1787294660384,49700,15000,14900,359,15000
1787294660484,49700,15000,14900,359,15000
1787294660584,49700,15000,14900,359,15000
1787294660684,49700,15000,14900,359,15000
1787294660784,49700,15000,14900,359,15000
1787294660884,49700,15000,14900,359,15000
1787294660984,49700,15000,14900,359,15000
1787294661084,49700,15000,14900,359,15000
1787294661184,49700,15000,14900,359,15000
1787294661284,49700,15000,14900,359,15000
1787294661384,49700,15000,14900,359,15000
1787294661484,49700,15000,14900,359,15000
1787294661583,49700,15000,14900,359,15000
1787294661684,49700,15000,14900,359,15000
1787294661784,49700,15000,14900,359,15000
1787294661884,49700,15000,14900,359,15000
1787294661984,49700,15000,14900,359,15000
1787294662084,49700,15000,14800,359,15000
1787294662184,49700,15000,14800,359,15000
1787294662284,49700,15000,14800,359,15000
1787294662384,49700,15000,14800,359,15000
1787294662484,49700,15000,14800,359,15000
1787294662584,49700,15000,14800,359,15000
1787294662684,49700,15000,14800,359,15000
1787294662784,49700,15000,14900,359,15000
1787294662883,49700,15000,14900,359,15000
1787294662984,49700,15000,14900,359,15000
1787294663084,49700,15000,14900,359,15000
1787294663184,49700,15000,14900,359,15000
1787294663284,49700,15000,14900,359,15000
1787294663384,49700,15000,14900,359,15000
1787294663483,49700,15000,14900,359,15000
1787294663584,49700,15000,14900,359,15000
1787294663683,49700,15000,14900,359,15000
1787294663784,49700,15000,14900,359,15000
1787294663884,49700,15000,14900,359,15000
1787294663984,49700,15000,14900,359,15000
1787294664084,49700,15000,14900,359,15000
1787294664184,49700,15000,14900,359,15000
1787294664284,49700,15000,14900,359,15000
1787294664384,49700,15000,14900,359,15000
1787294664484,49700,15000,14900,359,15000
1787294664584,49700,15000,14900,359,15000
1787294664684,49700,15000,14900,359,15000
1787294664784,49700,15000,14900,359,15000
1787294664884,49700,15000,14900,359,15000
1787294664984,49700,15000,14900,359,15000
1787294665084,49700,15000,14900,359,15000
1787294665184,49700,15000,14900,359,15000
1787294665284,49700,15000,14900,359,15000
1787294665384,49700,15000,14900,359,15000
1787294665484,49700,15000,14900,359,15000
1787294665584,49700,15000,14900,359,15000
1787294665684,49700,15000,14900,359,15000
1787294665784,49700,15000,14900,359,15000
1787294665884,49700,15000,14900,359,15000
1787294665984,49700,15000,14900,359,15000
1787294666084,49700,15000,14900,359,15000
1787294666184,49700,15000,14900,359,15000
1787294666284,49700,15000,14900,359,15000
1787294666384,49700,15000,14900,359,15000
1787294666484,49700,15000,14900,359,15000
1787294666584,49700,15000,14900,359,15000
1787294666684,49700,15000,14900,359,15000
1787294666783,49700,15000,14900,359,15000
1787294666884,49700,15000,14900,359,15000
1787294666984,49700,15000,14900,359,15000
1787294667084,49700,15000,14900,359,15000
1787294667184,49700,15000,14900,359,15000
1787294667284,49700,15000,14900,359,15000
1787294667384,49700,15000,14900,359,15000
1787294667483,49700,15000,14900,359,15000
1787294667584,49700,15000,14900,359,15000
1787294667684,49700,15000,14900,359,15000
1787294667783,49700,15000,14900,359,15000
1787294667883,49700,15000,14900,359,15000
1787294667983,49700,15000,14900,359,15000
1787294668084,49700,15000,14900,359,15000
1787294668184,49700,15000,15000,359,15000
1787294668283,49700,15000,15000,359,15000
1787294668384,49700,15000,15000,359,15000
1787294668484,49700,15000,15000,359,15000
1787294668584,49700,15000,15000,359,15000
1787294668684,49700,15000,15000,359,15000
1787294668784,49700,15000,14900,359,15000
1787294668884,49700,15000,14900,359,15000
1787294668984,49700,15000,14900,359,15000
1787294669084,49700,15000,14900,359,15000
1787294669184,49700,15000,14900,359,15000
1787294669284,49700,15000,14900,359,15000
1787294669384,49700,15000,14900,359,15000
1787294669484,49700,15000,14900,359,15000
1787294669584,49700,15000,14900,359,15000
1787294669684,49700,15000,14900,359,15000
1787294669783,49700,15000,14900,359,15000
1787294669884,49700,15000,14900,359,15000
1787294669984,49700,15000,14900,359,15000
1787294670084,49700,15000,14900,359,15000
1787294670184,49700,15000,14900,359,15000
1787294670284,49700,15000,14900,359,15000
1787294670384,49700,15000,14900,359,15000
1787294670484,49700,15000,14900,359,15000
1787294670583,49700,15000,14900,359,15000
1787294670684,49700,15000,14900,359,15000
1787294670784,49700,15000,14900,359,15000
1787294670884,49700,15000,14900,359,15000
1787294670984,49700,15000,14900,359,15000
1787294671083,49700,15000,14900,359,15000
1787294671184,49700,15000,14900,359,15000
1787294671283,49700,15000,14900,359,15000
1787294671383,49700,15000,14900,359,15000
1787294671484,49700,15000,14900,359,15000
1787294671584,49700,15000,14900,359,15000
1787294671684,49700,15000,14900,359,15000
1787294671784,49700,15000,14900,359,15000
1787294671884,49700,15000,14900,359,15000
1787294671984,49700,15000,14900,359,15000
1787294672084,49700,15000,14900,359,15000
1787294672184,49700,15000,14900,359,15000
1787294672284,49700,15000,14900,359,15000
1787294672384,49700,15000,14900,359,15000
1787294672484,49700,15000,14900,359,15000
1787294672584,49700,15000,14900,359,15000
1787294672684,49700,15000,14900,359,15000
1787294672784,49700,15000,14900,359,15000
1787294672884,49700,15000,14900,359,15000
1787294672984,49700,15000,14900,359,15000
1787294673084,49700,15000,14900,359,15000
1787294673184,49700,15000,14900,359,15000
1787294673284,49700,15000,14900,359,15000
1787294673384,49700,15000,14900,359,15000
1787294673484,49700,15000,14900,359,15000
1787294673584,49700,15000,14900,359,15000
1787294673683,49700,15000,14900,359,15000
1787294673784,49700,15000,14900,359,15000
1787294673884,49700,15000,14900,359,15000
1787294673984,49700,15000,14900,359,15000
1787294674084,49700,15000,14900,359,15000
1787294674184,49700,15000,14900,359,15000
1787294674284,49700,15000,14900,359,15000
1787294674384,49700,15000,14900,359,15000
1787294674483,49700,15000,14900,359,15000
1787294674584,49700,15000,14900,359,15000
1787294674684,49700,15000,14900,359,15000
1787294674784,49700,15000,14900,359,15000
1787294674884,49700,15000,14900,359,15000
1787294674984,49700,15000,14900,359,15000
1787294675084,49700,15000,14900,359,15000
1787294675184,49700,15000,14900,359,15000
1787294675283,49700,15000,14900,359,15000
1787294675384,49700,15000,14900,359,15000
1787294675484,49700,15000,14900,359,15000
1787294675585,49700,15000,14900,359,15000
1787294675683,49700,15000,14900,359,15000
1787294675784,49700,15000,14900,359,15000
1787294675884,49700,15000,14900,359,15000
1787294675984,49700,15000,14900,359,15000
1787294676084,49700,15000,14900,359,15000
1787294676184,49700,15000,14900,359,15000
1787294676284,49700,15000,14900,359,15000
1787294676383,49700,15000,14900,359,15000
1787294676484,49700,15000,14900,359,15000
1787294676584,49700,15000,14900,359,15000
1787294676684,49700,15000,14900,359,15000
1787294676783,49700,15000,14900,359,15000
1787294676884,49700,15000,14900,359,15000
1787294676983,49700,15000,14900,359,15000
1787294677084,49700,15000,14900,359,15000
1787294677184,49700,15000,14900,359,15000
1787294677284,49700,15000,14900,359,15000
1787294677384,49700,15000,14900,359,15000
1787294677484,49700,15000,14900,359,15000
1787294677584,49700,15000,14900,359,15000
1787294677684,49700,15000,14900,359,15000
1787294677784,49700,15000,14900,359,15000
1787294677884,49700,15000,14900,359,15000
1787294677984,49700,15000,14900,359,15000
1787294678083,49700,15000,14900,359,15000
1787294678184,49700,15000,14900,359,15000
1787294678284,49700,15000,14900,359,15000
1787294678384,49700,15000,14900,359,15000
1787294678483,49700,15000,14900,359,15000
1787294678584,49700,15000,14900,359,15000
1787294678684,49700,15000,14900,359,15000
1787294678784,49700,15000,14900,359,15000
1787294678884,49700,15000,14900,359,15000
1787294678983,49700,15000,14900,359,15000
1787294679084,49700,15000,14900,359,15000
1787294679184,49700,15000,14900,359,15000
1787294679284,49700,15000,14900,359,15000
1787294679384,49700,15000,14900,359,15000
1787294679483,49700,15000,14900,359,15000
1787294679584,49700,15000,14900,359,15000
1787294679684,49700,15000,14900,359,15000
1787294679783,49700,15000,14900,359,15000
1787294679883,49700,15000,14900,359,15000
1787294679984,49700,15000,14900,359,15000
1787294680084,49700,15000,14900,359,15000
1787294680184,49700,15000,14900,359,15000
1787294680284,49700,15000,14900,359,15000
1787294680384,49700,15000,14900,359,15000
1787294680483,49700,15000,14900,359,15000
1787294680583,49700,15000,14900,359,15000
1787294680684,49700,15000,14900,359,15000
1787294680784,49700,15000,14900,359,15000
1787294680884,49700,15000,14900,359,15000
1787294680984,49700,15000,14900,359,15000
1787294681084,49700,15000,14900,359,15000
1787294681184,49700,15000,14900,359,15000
1787294681284,49700,15000,14900,359,15000
1787294681384,49700,15000,14900,359,15000
1787294681484,49700,15000,14900,359,15000
1787294681584,49700,15000,14900,359,15000
1787294681684,49700,15000,14900,359,15000
1787294681784,49700,15000,14900,359,15000
1787294681884,49700,15000,14900,359,15000
1787294681984,49700,15000,14900,359,15000
1787294682083,49700,15000,14900,359,15000
1787294682183,49700,15000,14900,359,15000
1787294682284,49700,15000,14900,359,15000
1787294682384,49700,15000,14900,359,15000
1787294682484,49700,15000,14900,359,15000
1787294682584,49700,15000,14900,359,15000
1787294682684,49700,15000,14900,359,15000
1787294682784,49700,15000,14900,359,15000
1787294682883,49700,15000,14900,359,15000
1787294682984,49700,15000,14900,359,15000
1787294683084,49700,15000,14900,359,15000
1787294683184,49700,15000,14900,359,15000
1787294683284,49700,15000,14900,359,15000
1787294683384,49700,15000,14900,359,15000
1787294683484,49700,15000,14900,359,15000
1787294683584,49700,15000,14900,359,15000
1787294683684,49700,15000,14900,359,15000
1787294683784,49700,15000,14900,359,15000
1787294683884,49700,15000,14900,359,15000
1787294683984,49700,15000,14900,359,15000
1787294684083,49700,15000,14900,359,15000
1787294684184,49700,15000,14900,359,15000
1787294684284,49700,15000,14900,359,15000
1787294684383,49700,15000,14900,359,15000
1787294684484,49700,15000,14900,359,15000
1787294684584,49700,15000,14900,359,15000
1787294684684,49700,15000,14900,359,15000
1787294684784,49700,15000,14900,359,15000
1787294684884,49700,15000,14900,359,15000
1787294684984,49700,15000,14900,359,15000
1787294685083,49700,15000,14900,359,15000
1787294685184,49700,15000,14900,359,15000
1787294685284,49700,15000,14900,359,15000
1787294685384,49700,15000,14900,359,15000
1787294685484,49700,15000,14900,359,15000
1787294685583,49700,15000,14900,359,15000
1787294685684,49700,15000,14900,359,15000
1787294685784,49700,15000,14900,359,15000
1787294685884,49700,15000,14900,359,15000
1787294685984,49700,15000,14900,359,15000
1787294686084,49700,15000,14900,359,15000
1787294686184,49700,15000,14900,359,15000
1787294686284,49700,15000,14900,359,15000
1787294686384,49700,15000,14900,359,15000
1787294686483,49700,15000,14900,359,15000
1787294686584,49700,15000,14900,359,15000
1787294686684,49700,15000,14900,359,15000
1787294686784,49700,15000,14900,359,15000
1787294686884,49700,15000,14900,359,15000
1787294686984,49700,15000,14900,359,15000
1787294687084,49700,15000,14900,359,15000
1787294687184,49700,15000,14900,359,15000
1787294687284,49700,15000,14900,359,15000
1787294687384,49700,15000,14900,359,15000
1787294687484,49700,15000,14900,359,15000
1787294687584,49700,15000,14900,359,15000
1787294687684,49700,15000,14900,359,15000
1787294687784,49700,15000,14900,359,15000
1787294687884,49700,15000,14900,359,15000
1787294687984,49700,15000,14900,359,15000
1787294688084,49700,15000,14900,359,15000
1787294688184,49700,15000,14900,359,15000
1787294688284,49700,15000,14900,359,15000
1787294688384,49700,15000,14900,359,15000
1787294688484,49700,15000,14900,359,15000
1787294688584,49700,15000,14900,359,15000
1787294688684,49700,15000,14900,359,15000
1787294688784,49700,15000,14900,359,15000
1787294688884,49700,15000,14900,359,15000
1787294688984,49700,15000,14900,359,15000
1787294689083,49700,15000,14900,359,15000
1787294689184,49700,15000,14900,359,15000
1787294689284,49700,15000,14900,359,15000
1787294689384,49700,15000,14900,359,15000
1787294689484,49700,15000,14900,359,15000
1787294689583,49700,15000,14900,359,15000
1787294689684,49700,15000,14900,359,15000
1787294689784,49700,15000,14900,359,15000
1787294689884,49700,15000,14900,359,15000
1787294689983,49700,15000,14900,359,15000
1787294690084,49700,15000,14900,359,15000
1787294690183,49700,15000,14900,359,15000
1787294690284,49700,15000,14900,359,15000
1787294690384,49700,15000,14900,359,15000
1787294690484,49700,15000,14900,359,15000
1787294690583,49700,15000,14900,359,15000
1787294690684,49700,15000,14900,359,15000
1787294690784,49700,15000,14900,359,15000
1787294690883,49700,15000,14900,359,15000
1787294690983,49700,15000,14900,359,15000
1787294691083,49700,15000,14900,359,15000
1787294691184,49700,15000,14900,359,15000
1787294691284,49700,15000,14900,359,15000
1787294691384,49700,15000,14900,359,15000
1787294691483,49700,15000,14900,359,15000
1787294691584,49700,15000,14900,359,15000
1787294691684,49700,15000,14900,359,15000
1787294691784,49700,15000,14900,359,15000
1787294691884,49700,15000,14900,359,15000
1787294691984,49700,15000,14900,359,15000
1787294692084,49700,15000,14900,359,15000
1787294692184,49700,15000,14900,359,15000
1787294692284,49700,15000,14900,359,15000
1787294692383,49700,15000,14900,359,15000
1787294692484,49700,15000,14900,359,15000
1787294692584,49700,15000,14900,359,15000
1787294692684,49700,15000,14900,359,15000
1787294692784,49700,15000,14900,359,15000
1787294692884,49700,15000,14900,359,15000
1787294692984,49700,15000,14900,359,15000
1787294693084,49700,15000,14900,359,15000
1787294693184,49700,15000,14900,359,15000
1787294693284,49700,15000,14900,359,15000
1787294693384,49700,15000,14900,359,15000
1787294693484,49700,15000,14900,359,15000
1787294693583,49700,15000,14900,359,15000
1787294693684,49700,15000,14900,359,15000
1787294693784,49700,15000,14900,359,15000
1787294693884,49700,15000,14900,359,15000
1787294693983,49700,15000,14900,359,15000
1787294694084,49700,15000,14900,359,15000
1787294694184,49700,15000,14900,359,15000
1787294694284,49700,15000,14900,359,15000
1787294694384,49700,15000,14900,359,15000
1787294694484,49700,15000,14900,359,15000
1787294694584,49700,15000,14900,359,15000
1787294694684,49700,15000,14900,359,15000
1787294694784,49700,15000,14900,359,15000
1787294694884,49700,15000,14900,359,15000
1787294694984,49700,15000,14900,359,15000
1787294695084,49700,15000,14900,359,15000
1787294695184,49700,15000,14900,359,15000
1787294695284,49700,15000,14900,359,15000
1787294695384,49700,15000,14900,359,15000
1787294695484,49700,15000,14900,359,15000
1787294695584,49700,15000,14900,359,15000
1787294695684,49700,15000,14900,359,15000
1787294695784,49700,15000,14900,359,15000
1787294695883,49700,15000,14900,359,15000
1787294695984,49700,15000,14900,359,15000
1787294696084,49700,15000,14900,359,15000
1787294696184,49700,15000,14900,359,15000
1787294696284,49700,15000,14900,359,15000
1787294696384,49700,15000,14900,359,15000
1787294696483,49700,15000,14900,359,15000
1787294696584,49700,15000,14900,359,15000
1787294696684,49700,15000,14900,359,15000
1787294696784,49700,15000,14900,359,15000
1787294696883,49700,15000,14900,359,15000
1787294696984,49700,15000,14900,359,15000
1787294697084,49700,15000,14900,359,15000
1787294697184,49700,15000,14900,359,15000
1787294697284,49700,15000,14900,359,15000
1787294697384,49700,15000,14900,359,15000
1787294697484,49700,15000,14900,359,15000
1787294697584,49700,15000,14900,359,15000
1787294697684,49700,15000,14900,359,15000
1787294697784,49700,15000,14900,359,15000
1787294697884,49700,15000,14900,359,15000
1787294697984,49700,15000,14900,359,15000
1787294698084,49700,15000,14900,359,15000
1787294698184,49700,15000,14900,359,15000
1787294698284,49700,15000,14900,359,15000
1787294698384,49700,15000,14900,359,15000
1787294698483,49700,15000,14900,359,15000
1787294698584,49700,15000,14900,359,15000
1787294698683,49700,15000,14900,359,15000
1787294698784,49700,15000,14900,359,15000
1787294698884,49700,15000,14900,359,15000
1787294698983,49700,15000,14900,359,15000
1787294699084,49700,15000,14900,359,15000
1787294699184,49700,15000,14900,359,15000
1787294699284,49700,15000,14900,359,15000
1787294699384,49700,15000,14900,359,15000
1787294699484,49700,15000,14900,359,15000
1787294699584,49700,15000,14900,359,15000
1787294699684,49700,15000,14900,359,15000
1787294699784,49700,15000,14900,359,15000
1787294699884,49700,15000,14900,359,15000
1787294699984,49700,15000,14900,359,15000
1787294700084,49700,15000,14900,359,15000
1787294700184,49700,15000,14900,359,15000
1787294700284,49700,15000,14900,359,15000
1787294700384,49700,15000,14900,359,15000
1787294700484,49700,15000,14900,359,15000
1787294700584,49700,15000,14900,359,15000
1787294700684,49700,15000,14900,359,15000
1787294700784,49700,15000,14900,359,15000
1787294700884,49700,15000,14900,359,15000
1787294700984,49700,15000,14900,359,15000
1787294701084,49700,15000,14900,359,15000
1787294701184,49700,15000,14900,359,15000
1787294701284,49700,15000,14900,359,15000
1787294701384,49700,15000,14900,359,15000
1787294701484,49700,15000,14800,359,15000
1787294701584,49700,15000,14800,359,15000
1787294701684,49700,15000,14800,359,15000
1787294701784,49700,15000,14800,359,15000
1787294701884,49700,15000,14800,359,15000
1787294701983,49700,15000,14800,359,15000
1787294702084,49700,15000,14900,359,15000
1787294702184,49700,15000,14900,359,15000
1787294702284,49700,15000,14900,359,15000
1787294702384,49700,15000,14900,359,15000
1787294702483,49700,15000,14900,359,15000
1787294702584,49700,15000,14900,359,15000
1787294702684,49700,15000,14900,359,15000
1787294702784,49700,15000,14900,359,15000
1787294702884,49700,15000,14900,359,15000
1787294702984,49700,15000,14900,359,15000
1787294703084,49700,15000,14900,359,15000
1787294703184,49700,15000,14900,359,15000
1787294703284,49700,15000,14900,359,15000
1787294703384,49700,15000,14900,359,15000
1787294703484,49700,15000,14900,359,15000
1787294703584,49700,15000,14900,359,15000
1787294703684,49700,15000,14900,359,15000
1787294703784,49700,15000,14900,359,15000
1787294703884,49700,15000,14900,359,15000
1787294703984,49700,15000,15000,359,15000
1787294704084,49700,15000,15000,359,15000
1787294704184,49700,15000,15000,359,15000
1787294704284,49700,15000,15000,359,15000
1787294704384,49700,15000,14900,359,15000
1787294704484,49700,15000,14900,359,15000
1787294704584,49700,15000,14900,359,15000
1787294704684,49700,15000,14900,359,15000
1787294704784,49700,15000,14900,359,15000
1787294704883,49700,15000,14900,359,15000
1787294704984,49700,15000,14900,359,15000
1787294705084,49700,15000,14900,359,15000
1787294705184,49700,15000,14900,359,15000
1787294705284,49700,15000,14900,359,15000
1787294705384,49700,15000,14900,359,15000
1787294705484,49700,15000,14900,359,15000
1787294705584,49700,15000,14900,359,15000
1787294705684,49700,15000,14900,359,15000
1787294705784,49700,15000,14900,359,15000
1787294705884,49700,15000,14900,359,15000
1787294705984,49700,15000,14900,359,15000
1787294706084,49700,15000,14900,359,15000
1787294706183,49700,15000,14900,359,15000
1787294706284,50000,0,15000,359,15000
1787294706384,50000,0,15000,359,15000
1787294706485,50000,0,15000,359,15000
1787294706584,50000,0,15000,359,15000
1787294706684,50000,0,15000,359,15000
1787294706784,50000,0,15000,359,15000
1787294706884,50000,0,2000,359,15000
1787294706984,50000,0,2000,359,15000
1787294707084,50000,0,2000,359,15000
1787294707184,50000,0,2000,359,15000
1787294707284,50000,0,2000,359,15000
1787294707384,50000,0,2000,359,15000
1787294707484,50000,0,0,359,15000
1787294707584,50000,0,0,359,15000
1787294707684,50000,0,0,359,15000
1787294707784,50000,0,0,359,15000
1787294707884,50000,0,0,359,15000
1787294707984,50000,0,0,359,15000
1787294708084,50000,0,0,359,15000
1787294708184,50000,0,0,359,15000
1787294708284,50000,0,0,359,15000
1787294708384,50000,0,0,359,15000
1787294708484,50000,0,0,359,15000
1787294708584,50000,0,0,359,15000
1787294708684,50000,0,0,359,15000
1787294708784,50000,0,0,359,15000
1787294708884,50000,0,0,359,15000
1787294708984,50000,0,0,359,15000
1787294709083,50000,0,0,359,15000
1787294709184,50000,0,0,359,15000
1787294709283,50000,0,0,359,15000
1787294709384,50000,0,0,359,15000
1787294709484,50000,0,0,359,15000
1787294709584,50000,0,0,359,15000
1787294709684,50000,0,0,359,15000
1787294709784,50000,0,0,359,15000
1787294709883,50000,0,0,359,15000
1787294709984,50000,0,0,359,15000
1787294710084,50000,0,0,359,15000
1787294710184,50000,0,0,359,15000
1787294710284,50000,0,0,359,15000
1787294710384,50000,0,0,359,15000
1787294710484,50000,0,0,359,15000
1787294710584,50000,0,0,359,15000
1787294710684,50000,0,0,359,15000
1787294710784,50000,0,0,359,15000
1787294710884,50000,0,0,359,15000
1787294710984,50000,0,0,359,15000
1787294711084,50000,0,0,359,15000
1787294711184,50000,0,0,359,15000
1787294711284,50000,0,0,359,15000
1787294711384,50000,0,0,359,15000
1787294711484,50000,0,0,359,15000
1787294711584,50000,0,0,359,15000
1787294711684,50000,0,0,359,15000
1787294711784,50000,0,0,359,15000
1787294711884,50000,0,0,359,15000
1787294711984,50000,0,0,359,15000
1787294712084,50000,0,0,359,15000
1787294712183,50000,0,0,359,15000
1787294712284,50000,0,0,359,15000
1787294712384,50000,0,0,359,15000
1787294712484,50000,0,0,359,15000
1787294712584,50000,0,0,359,15000
1787294712684,50000,0,0,359,15000
1787294712784,50000,0,0,359,15000
1787294712884,50000,0,0,359,15000
1787294712984,50000,0,0,359,15000
1787294713084,50000,0,0,359,15000
1787294713184,50000,0,0,359,15000
1787294713284,50000,0,0,359,15000
1787294713384,50000,0,0,359,15000
1787294713484,50000,0,0,359,15000
1787294713584,50000,0,0,359,15000
1787294713684,50000,0,0,359,15000
1787294713784,50000,0,0,359,15000
1787294713884,50000,0,0,359,15000
1787294713984,50000,0,0,359,15000
1787294714084,50000,0,0,359,15000
1787294714184,50000,0,0,359,15000
1787294714284,50000,0,0,359,15000
1787294714384,50000,0,0,359,15000
1787294714483,50000,0,0,359,15000
1787294714584,50000,0,0,359,15000
1787294714684,50000,0,0,359,15000
1787294714784,50000,0,0,359,15000
1787294714883,50000,0,0,359,15000
1787294714984,50000,0,0,359,15000
1787294715084,50000,0,0,359,15000
1787294715184,50000,0,0,359,15000
1787294715284,50000,0,0,359,15000
1787294715384,50000,0,0,359,15000
1787294715484,50000,0,0,359,15000
1787294715584,50000,0,0,359,15000
1787294715684,50000,0,0,359,15000
1787294715784,50000,0,0,359,15000
1787294715884,50000,0,0,359,15000
1787294715984,50000,0,0,359,15000
1787294716084,50000,0,0,359,15000
1787294716184,50000,0,0,359,15000
1787294716284,50000,0,0,359,15000
1787294716384,50000,0,0,359,15000
1787294716484,50000,0,0,359,15000
1787294716584,50000,0,0,359,15000
1787294716684,50000,0,0,359,15000
1787294716784,50000,0,0,359,15000
1787294716884,50000,0,0,359,15000
1787294716984,50000,0,0,359,15000
1787294717084,50000,0,0,359,15000
1787294717184,50000,0,0,359,15000
1787294717284,50000,0,0,359,15000
1787294717384,50000,0,0,359,15000
1787294717484,50000,0,0,359,15000
1787294717584,50000,0,0,359,15000
1787294717684,50000,0,0,359,15000
1787294717784,50000,0,0,359,15000
1787294717884,50000,0,0,359,15000
1787294717983,50000,0,0,359,15000
1787294718084,50000,0,0,359,15000
1787294718184,50000,0,0,359,15000
1787294718284,50000,0,0,359,15000
1787294718384,50000,0,0,359,15000
1787294718484,50000,0,0,359,15000
1787294718584,50000,0,0,359,15000
1787294718684,50000,0,0,359,15000
1787294718784,50000,0,0,359,15000
1787294718884,50000,0,0,359,15000
1787294718984,50000,0,0,359,15000
1787294719083,50000,0,0,359,15000
1787294719184,50000,0,0,359,15000
1787294719284,50000,0,0,359,15000
1787294719383,50000,0,0,359,15000
1787294719484,50000,0,0,359,15000
1787294719584,50000,0,0,359,15000
1787294719684,50000,0,0,359,15000
1787294719784,50000,0,0,359,15000
1787294719884,50000,0,0,359,15000
1787294719984,50000,0,0,359,15000
1787294720084,50000,0,0,359,15000
1787294720184,50000,0,0,359,15000
1787294720284,50000,0,0,359,15000
1787294720384,50000,0,0,359,15000
1787294720484,50000,0,0,359,15000
1787294720584,50000,0,0,359,15000
1787294720684,50000,0,0,359,15000
1787294720784,50000,0,0,359,15000
1787294720884,50000,0,0,359,15000
1787294720984,50000,0,0,359,15000
1787294721084,50000,0,0,359,15000
1787294721184,50000,0,0,359,15000
1787294721284,50000,0,0,359,15000
1787294721384,50000,0,0,359,15000
1787294721484,50000,0,0,359,15000
1787294721583,50000,0,0,359,15000
1787294721684,50000,0,0,359,15000
1787294721784,50000,0,0,359,15000
1787294721884,50000,0,0,359,15000
1787294721984,50000,0,0,359,15000
1787294722084,50000,0,0,359,15000
1787294722184,50000,0,0,359,15000
1787294722284,50000,0,0,359,15000
1787294722384,50000,0,0,359,15000
1787294722484,50000,0,0,359,15000
1787294722584,50000,0,0,359,15000
1787294722684,50000,0,0,359,15000
1787294722784,50000,0,0,359,15000
1787294722884,50000,0,0,359,15000
1787294722984,50000,0,0,359,15000
1787294723084,50000,0,0,359,15000
1787294723184,50000,0,0,359,15000
1787294723284,50000,0,0,359,15000
1787294723383,50000,0,0,359,15000
1787294723484,50000,0,0,359,15000
1787294723584,50000,0,0,359,15000
1787294723684,50000,0,0,359,15000
1787294723784,50000,0,0,359,15000
1787294723884,50000,0,0,359,15000
1787294723984,50000,0,0,359,15000
1787294724084,50000,0,0,359,15000
1787294724184,50000,0,0,359,15000
1787294724283,50000,0,0,359,15000
1787294724384,50000,0,0,359,15000
1787294724484,50000,0,0,359,15000
1787294724584,50000,0,0,359,15000
1787294724684,50000,0,0,359,15000
1787294724784,50000,0,0,359,15000
1787294724884,50000,0,0,359,15000
1787294724984,50000,0,0,359,15000
1787294725084,50000,0,0,359,15000
1787294725184,50000,0,0,359,15000
1787294725284,50000,0,0,359,15000
1787294725384,50000,0,0,359,15000
1787294725484,50000,0,0,359,15000
1787294725584,50000,0,0,359,15000
1787294725684,50000,0,0,359,15000
1787294725784,50000,0,0,359,15000
1787294725884,50000,0,0,359,15000
1787294725984,50000,0,0,359,15000
1787294726084,50000,0,0,359,15000
1787294726184,50000,0,0,359,15000
1787294726284,50000,0,0,359,15000
1787294726384,50000,0,0,359,15000
1787294726484,50000,0,0,359,15000
1787294726583,50000,0,0,359,15000
1787294726684,50000,0,0,359,15000
1787294726784,50000,0,0,359,15000
1787294726884,50000,0,0,359,15000
1787294726983,50000,0,0,359,15000
1787294727084,50000,0,0,359,15000
1787294727184,50000,0,0,359,15000
1787294727284,50000,0,0,359,15000
1787294727384,50000,0,0,359,15000
1787294727483,50000,0,0,359,15000
1787294727584,50000,0,0,359,15000
1787294727684,50000,0,0,359,15000
1787294727784,50000,0,0,359,15000
1787294727884,50000,0,0,359,15000
1787294727984,50000,0,0,359,15000
1787294728084,50000,0,0,359,15000
1787294728184,50000,0,0,359,15000
1787294728284,50000,0,0,359,15000
1787294728384,50000,0,0,359,15000
1787294728484,50000,0,0,359,15000
1787294728584,50000,0,0,359,15000
1787294728684,50000,0,0,359,15000
1787294728784,50000,0,0,359,15000
1787294728884,50000,0,0,359,15000
1787294728984,50000,0,0,359,15000
1787294729084,50000,0,0,359,15000
1787294729184,50000,0,0,359,15000
1787294729283,50000,0,0,359,15000
1787294729384,50000,0,0,359,15000
1787294729484,50000,0,0,359,15000
1787294729584,50000,0,0,359,15000
1787294729684,50000,0,0,359,15000
1787294729784,50000,0,0,359,15000
1787294729884,50000,0,0,359,15000
1787294729984,50000,0,0,359,15000
1787294730084,50000,0,0,359,15000
1787294730184,50000,0,0,359,15000
1787294730284,50000,0,0,359,15000
1787294730384,50000,0,0,359,15000
1787294730484,50000,0,0,359,15000
1787294730583,50000,0,0,359,15000
1787294730684,50000,0,0,359,15000
1787294730784,50000,0,0,359,15000
1787294730884,50000,0,0,359,15000
1787294730984,50000,0,0,359,15000
1787294731084,50000,0,0,359,15000
1787294731184,50000,0,0,359,15000
1787294731284,50000,0,0,359,15000
1787294731384,50000,0,0,359,15000
1787294731483,50000,0,0,359,15000
1787294731584,50000,0,0,359,15000
1787294731684,50000,0,0,359,15000
1787294731784,50000,0,0,359,15000
1787294731884,50000,0,0,359,15000
1787294731984,50000,0,0,359,15000
1787294732085,50000,0,0,359,15000
1787294732184,50000,0,0,359,15000
1787294732284,50000,0,0,359,15000
1787294732384,50000,0,0,359,15000
1787294732484,50000,0,0,359,15000
1787294732584,50000,0,0,359,15000
1787294732684,50000,0,0,359,15000
1787294732784,50000,0,0,359,15000
1787294732884,50000,0,0,359,15000
1787294732984,50000,0,0,359,15000
1787294733084,50000,0,0,359,15000
1787294733184,50000,0,0,359,15000
1787294733284,50000,0,0,359,15000
1787294733384,50000,0,0,359,15000
1787294733483,50000,0,0,359,15000
1787294733584,50000,0,0,359,15000
1787294733684,50000,0,0,359,15000
1787294733784,50000,0,0,359,15000
1787294733883,50000,0,0,359,15000
1787294733984,50000,0,0,359,15000
1787294734083,50000,0,0,359,15000
1787294734184,50000,0,0,359,15000
1787294734284,50000,0,0,359,15000
1787294734383,50000,0,0,359,15000
1787294734484,50000,0,0,359,15000
1787294734584,50000,0,0,359,15000
1787294734684,50000,0,0,359,15000
1787294734784,50000,0,0,359,15000
1787294734883,50000,0,0,359,15000
1787294734983,50000,0,0,359,15000
1787294735084,50000,0,0,359,15000
1787294735184,50000,0,0,359,15000
1787294735284,50000,0,0,359,15000
1787294735384,50000,0,0,359,15000
1787294735484,50000,0,0,359,15000
1787294735584,50000,0,0,359,15000
1787294735684,50000,0,0,359,15000
1787294735784,50000,0,0,359,15000
1787294735884,50000,0,0,359,15000
1787294735984,50000,0,0,359,15000
1787294736084,50000,0,0,359,15000
1787294736183,50000,0,0,359,15000
1787294736284,50000,0,0,359,15000
1787294736384,50000,0,0,359,15000
1787294736484,50000,0,0,359,15000
1787294736583,50000,0,0,359,15000
1787294736684,50000,0,0,359,15000
1787294736784,50000,0,0,359,15000
1787294736884,50000,0,0,359,15000
1787294736984,50000,0,0,359,15000
1787294737084,50000,0,0,359,15000
1787294737184,50000,0,0,359,15000
1787294737284,50000,0,0,359,15000
1787294737384,50000,0,0,359,15000
1787294737484,50000,0,0,359,15000
1787294737584,50000,0,0,359,15000
1787294737684,50000,0,0,359,15000
1787294737784,50000,0,0,359,15000
1787294737884,50000,0,0,359,15000
1787294737984,50000,0,0,359,15000
1787294738084,50000,0,0,359,15000
1787294738184,50000,0,0,359,15000
1787294738284,50000,0,0,359,15000
1787294738384,50000,0,0,359,15000
1787294738484,50000,0,0,359,15000
1787294738584,50000,0,0,359,15000
1787294738684,50000,0,0,359,15000
1787294738784,50000,0,0,359,15000
1787294738884,50000,0,0,359,15000
1787294738984,50000,0,0,359,15000
1787294739084,50000,0,0,359,15000
1787294739184,50000,0,0,359,15000
1787294739284,50000,0,0,359,15000
1787294739384,50000,0,0,359,15000
1787294739484,50000,0,0,359,15000
1787294739584,50000,0,0,359,15000
1787294739684,50000,0,0,359,15000
1787294739784,50000,0,0,359,15000
1787294739884,50000,0,0,359,15000
1787294739984,50000,0,0,359,15000
1787294740084,50000,0,0,359,15000
1787294740183,50000,0,0,359,15000
1787294740284,50000,0,0,359,15000
1787294740384,50000,0,0,359,15000
1787294740484,50000,0,0,359,15000
1787294740583,50000,0,0,359,15000
1787294740684,50000,0,0,359,15000
1787294740784,50000,0,0,359,15000
1787294740884,50000,0,0,359,15000
1787294740984,50000,0,0,359,15000
1787294741084,50000,0,0,359,15000
1787294741184,50000,0,0,359,15000
1787294741284,50000,0,0,359,15000
1787294741384,50000,0,0,359,15000
1787294741484,50000,0,0,359,15000
1787294741584,50000,0,0,359,15000
1787294741684,50000,0,0,359,15000
1787294741784,50000,0,0,359,15000
1787294741884,50000,0,0,359,15000
1787294741984,50000,0,0,359,15000
1787294742084,50000,0,0,359,15000
1787294742184,50000,0,0,359,15000
1787294742284,50000,0,0,359,15000
1787294742384,50000,0,0,359,15000
1787294742484,50000,0,0,359,15000
1787294742584,50000,0,0,359,15000
1787294742684,50000,0,0,359,15000
1787294742784,50000,0,0,359,15000
1787294742884,50000,0,0,359,15000
1787294742984,50000,0,0,359,15000
1787294743084,50000,0,0,359,15000
1787294743184,50000,0,0,359,15000
1787294743284,50000,0,0,359,15000
1787294743384,50000,0,0,359,15000
1787294743484,50000,0,0,359,15000
1787294743584,50000,0,0,359,15000
1787294743684,50000,0,0,359,15000
1787294743784,50000,0,0,359,15000
1787294743884,50000,0,0,359,15000
1787294743984,50000,0,0,359,15000
1787294744084,50000,0,0,359,15000
1787294744184,50000,0,0,359,15000
1787294744284,50000,0,0,359,15000
1787294744384,50000,0,0,359,15000
1787294744484,50000,0,0,359,15000
1787294744584,50000,0,0,359,15000
1787294744684,50000,0,0,359,15000
1787294744784,50000,0,0,359,15000
1787294744883,50000,0,0,359,15000
1787294744984,50000,0,0,359,15000
1787294745084,50000,0,0,359,15000
1787294745184,50000,0,0,359,15000
1787294745284,50000,0,0,359,15000
1787294745384,50000,0,0,359,15000
1787294745484,50000,0,0,359,15000
1787294745584,50000,0,0,359,15000
1787294745684,50000,0,0,359,15000
1787294745784,50000,0,0,359,15000
1787294745884,50000,0,0,359,15000
1787294745984,50000,0,0,359,15000
1787294746084,50000,0,0,359,15000
1787294746184,50000,0,0,359,15000
1787294746284,50000,0,0,359,15000
1787294746384,50000,0,0,359,15000
1787294746484,50000,0,0,359,15000
1787294746584,50000,0,0,359,15000
1787294746684,50000,0,0,359,15000
1787294746783,50000,0,0,359,15000
1787294746884,50000,0,0,359,15000
1787294746984,50000,0,0,359,15000
1787294747084,50000,0,0,359,15000
1787294747184,50000,0,0,359,15000
1787294747284,50000,0,0,359,15000
1787294747384,50000,0,0,359,15000
1787294747484,50000,0,0,359,15000
1787294747584,50000,0,0,359,15000
1787294747684,50000,0,0,359,15000
1787294747784,50000,0,0,359,15000
1787294747884,50000,0,0,359,15000
1787294747984,50000,0,0,359,15000
1787294748084,50000,0,0,359,15000
1787294748184,50000,0,0,359,15000
1787294748284,50000,0,0,359,15000
1787294748384,50000,0,0,359,15000
1787294748484,50000,0,0,359,15000
1787294748583,50000,0,0,359,15000
1787294748684,50000,0,0,359,15000
1787294748784,50000,0,0,359,15000
1787294748884,50000,0,0,359,15000
1787294748984,50000,0,0,359,15000
1787294749084,50000,0,0,359,15000
1787294749183,50000,0,0,359,15000
1787294749284,50000,0,0,359,15000
1787294749384,50000,0,0,359,15000
1787294749484,50000,0,0,359,15000
1787294749584,50000,0,0,359,15000
1787294749684,50000,0,0,359,15000
1787294749784,50000,0,0,359,15000
1787294749884,50000,0,0,359,15000
1787294749984,50000,0,0,359,15000
1787294750084,50000,0,0,359,15000
1787294750184,50000,0,0,359,15000
1787294750284,50000,0,0,359,15000
1787294750384,50000,0,0,359,15000
1787294750484,50000,0,0,359,15000
1787294750584,50000,0,0,359,15000
1787294750684,50000,0,0,359,15000
1787294750784,50000,0,0,359,15000
1787294750884,50000,0,0,359,15000
1787294750984,50000,0,0,359,15000
1787294751084,50000,0,0,359,15000
1787294751184,50000,0,0,359,15000
1787294751284,50000,0,0,359,15000
1787294751384,50000,0,0,359,15000
1787294751484,50000,0,0,359,15000
1787294751584,50000,0,0,359,15000
1787294751684,50000,0,0,359,15000
1787294751784,50000,0,0,359,15000
1787294751884,50000,0,0,359,15000
1787294751984,50000,0,0,359,15000
1787294752083,50000,0,0,359,15000
1787294752184,50000,0,0,359,15000
1787294752284,50000,0,0,359,15000
1787294752384,50000,0,0,359,15000
1787294752484,50000,0,0,359,15000
1787294752584,50000,0,0,359,15000
1787294752684,50000,0,0,359,15000
1787294752784,50000,0,0,359,15000
1787294752884,50000,0,0,359,15000
1787294752984,50000,0,0,359,15000
1787294753083,50000,0,0,359,15000
1787294753184,50000,0,0,359,15000
1787294753284,50000,0,0,359,15000
1787294753384,50000,0,0,359,15000
1787294753484,50000,0,0,359,15000
1787294753584,50000,0,0,359,15000
1787294753683,50000,0,0,359,15000
1787294753784,50000,0,0,359,15000
1787294753884,50000,0,0,359,15000
1787294753984,50000,0,0,359,15000
1787294754083,50000,0,0,359,15000
1787294754184,50000,0,0,359,15000
1787294754284,50000,0,0,359,15000
1787294754384,50000,0,0,359,15000
1787294754484,50000,0,0,359,15000
1787294754584,50000,0,0,359,15000
1787294754683,50000,0,0,359,15000
1787294754784,50000,0,0,359,15000
1787294754884,50000,0,0,359,15000
1787294754984,50000,0,0,359,15000
1787294755083,50000,0,0,359,15000
1787294755184,50000,0,0,359,15000
1787294755284,50000,0,0,359,15000
1787294755383,50000,0,0,359,15000
1787294755484,50000,0,0,359,15000
1787294755584,50000,0,0,359,15000
1787294755684,50000,0,0,359,15000
1787294755784,50000,0,0,359,15000
1787294755884,50000,0,0,359,15000
1787294755984,50000,0,0,359,15000
1787294756084,50000,0,0,359,15000
1787294756184,50000,0,0,359,15000
1787294756284,50000,0,0,359,15000
1787294756384,50000,0,0,359,15000
1787294756483,50000,0,0,359,15000
1787294756584,50000,0,0,359,15000
1787294756684,50000,0,0,359,15000
1787294756784,50000,0,0,359,15000
1787294756884,50000,0,0,359,15000
1787294756984,50000,0,0,359,15000
1787294757084,50000,0,0,359,15000
1787294757184,50000,0,0,359,15000
1787294757284,50000,0,0,359,15000
1787294757384,50000,0,0,359,15000
1787294757484,50000,0,0,359,15000
1787294757584,50000,0,0,359,15000
1787294757684,50000,0,0,359,15000
1787294757784,50000,0,0,359,15000
1787294757884,50000,0,0,359,15000
1787294757984,50000,0,0,359,15000
1787294758084,50000,0,0,359,15000
1787294758184,50000,0,0,359,15000
1787294758284,50000,0,0,359,15000
1787294758384,50000,0,0,359,15000
1787294758484,50000,0,0,359,15000
1787294758584,50000,0,0,359,15000
1787294758684,50000,0,0,359,15000
1787294758784,50000,0,0,359,15000
1787294758884,50000,0,0,359,15000
1787294758984,50000,0,0,359,15000
1787294759084,50000,0,0,359,15000
1787294759184,50000,0,0,359,15000
1787294759284,50000,0,0,359,15000
1787294759384,50000,0,0,359,15000
1787294759484,50000,0,0,359,15000
1787294759584,50000,0,0,359,15000
1787294759684,50000,0,0,359,15000
1787294759784,50000,0,0,359,15000
1787294759883,50000,0,0,359,15000
1787294759984,50000,0,0,359,15000
1787294760084,50000,0,0,359,15000
1787294760184,50000,0,0,359,15000
1787294760284,50000,0,0,359,15000
1787294760384,50000,0,0,359,15000
1787294760484,50000,0,0,359,15000
1787294760584,50000,0,0,359,15000
1787294760684,50000,0,0,359,15000
1787294760784,50000,0,0,359,15000
1787294760884,50000,0,0,359,15000
1787294760983,50000,0,0,359,15000
1787294761084,50000,0,0,359,15000
1787294761184,50000,0,0,359,15000
1787294761284,50000,0,0,359,15000
1787294761384,50000,0,0,359,15000
1787294761484,50000,0,0,359,15000
1787294761584,50000,0,0,359,15000
1787294761684,50000,0,0,359,15000
1787294761784,50000,0,0,359,15000
1787294761884,50000,0,0,359,15000
1787294761984,50000,0,0,359,15000
1787294762084,50000,0,0,359,15000
1787294762184,50000,0,0,359,15000
1787294762284,50000,0,0,359,15000
1787294762384,50000,0,0,359,15000
1787294762484,50000,0,0,359,15000
1787294762584,50000,0,0,359,15000
1787294762684,50000,0,0,359,15000
1787294762784,50000,0,0,359,15000
1787294762883,50000,0,0,359,15000
1787294762984,50000,0,0,359,15000
1787294763084,50000,0,0,359,15000
1787294763184,50000,0,0,359,15000
1787294763284,50000,0,0,359,15000
1787294763384,50000,0,0,359,15000
1787294763484,50000,0,0,359,15000
1787294763584,50000,0,0,359,15000
1787294763683,50000,0,0,359,15000
1787294763784,50000,0,0,359,15000
1787294763884,50000,0,0,359,15000
1787294763984,50000,0,0,359,15000
1787294764084,50000,0,0,359,15000
1787294764184,50000,0,0,359,15000
1787294764284,50000,0,0,359,15000
1787294764384,50000,0,0,359,15000
1787294764484,50000,0,0,359,15000
1787294764584,50000,0,0,359,15000
1787294764684,50000,0,0,359,15000
1787294764784,50000,0,0,359,15000
1787294764884,50000,0,0,359,15000
1787294764983,50000,0,0,359,15000
1787294765084,50000,0,0,359,15000
1787294765184,50000,0,0,359,15000
1787294765284,50000,0,0,359,15000
1787294765384,50000,0,0,359,15000
1787294765484,50000,0,0,359,15000
1787294765584,50000,0,0,359,15000
1787294765684,50000,0,0,359,15000
1787294765784,50000,0,0,359,15000
1787294765884,50000,0,0,359,15000
1787294765983,50000,0,0,359,15000
1787294766084,50000,0,0,359,15000
1787294766183,50000,0,0,359,15000
1787294766284,50000,0,0,359,15000
1787294766384,50000,0,0,359,15000
1787294766484,50000,0,0,359,15000
1787294766584,50000,0,0,359,15000
1787294766684,50000,0,0,359,15000
1787294766783,50000,0,0,359,15000
1787294766884,50000,0,0,359,15000
1787294766984,50000,0,0,359,15000
1787294767084,50000,0,0,359,15000
1787294767184,50000,0,0,359,15000
1787294767284,50000,0,0,359,15000
1787294767384,50000,0,0,359,15000
1787294767484,50000,0,0,359,15000
1787294767584,50000,0,0,359,15000
1787294767684,50000,0,0,359,15000
1787294767784,50000,0,0,359,15000
1787294767884,50000,0,0,359,15000
1787294767984,50000,0,0,359,15000
1787294768084,50000,0,0,359,15000
1787294768184,50000,0,0,359,15000
1787294768284,50000,0,0,359,15000
1787294768384,50000,0,0,359,15000
1787294768484,50000,0,0,359,15000
1787294768584,50000,0,0,359,15000
1787294768684,50000,0,0,359,15000
1787294768784,50000,0,0,359,15000
1787294768884,50000,0,0,359,15000
1787294768984,50000,0,0,359,15000
1787294769084,50000,0,0,359,15000
1787294769184,50000,0,0,359,15000
1787294769284,50000,0,0,359,15000
1787294769384,50000,0,0,359,15000
1787294769484,50000,0,0,359,15000
1787294769584,50000,0,0,359,15000
1787294769684,50000,0,0,359,15000
1787294769784,50000,0,0,359,15000
1787294769884,50000,0,0,359,15000
1787294769984,50000,0,0,359,15000
1787294770084,50000,0,0,359,15000
1787294770184,50000,0,0,359,15000
1787294770284,50000,0,0,359,15000
1787294770384,50000,0,0,359,15000
1787294770484,50000,0,0,359,15000
1787294770584,50000,0,0,359,15000
1787294770684,50000,0,0,359,15000
1787294770784,50000,0,0,359,15000
1787294770884,50000,0,0,359,15000
1787294770984,50000,0,0,359,15000
1787294771084,50000,0,0,359,15000
1787294771183,50000,0,0,359,15000
1787294771284,50000,0,0,359,15000
1787294771384,50000,0,0,359,15000
1787294771484,50000,0,0,359,15000
1787294771584,50000,0,0,359,15000
1787294771683,50000,0,0,359,15000
1787294771784,50000,0,0,359,15000
1787294771883,50000,0,0,359,15000
1787294771984,50000,0,0,359,15000
1787294772084,50000,0,0,359,15000
1787294772184,50000,0,0,359,15000
1787294772284,50000,0,0,359,15000
1787294772384,50000,0,0,359,15000
1787294772484,50000,0,0,359,15000
1787294772584,50000,0,0,359,15000
1787294772684,50000,0,0,359,15000
1787294772784,50000,0,0,359,15000
1787294772884,50000,0,0,359,15000
1787294772984,50000,0,0,359,15000
1787294773084,50000,0,0,359,15000
1787294773184,50000,0,0,359,15000
1787294773284,50000,0,0,359,15000
1787294773384,50000,0,0,359,15000
1787294773484,50000,0,0,359,15000
1787294773584,50000,0,0,359,15000
1787294773684,50000,0,0,359,15000
1787294773784,50000,0,0,359,15000
1787294773884,50000,0,0,359,15000
1787294773984,50000,0,0,359,15000
1787294774083,50000,0,0,359,15000
1787294774184,50000,0,0,359,15000
1787294774284,50000,0,0,359,15000
1787294774384,50000,0,0,359,15000
1787294774484,50000,0,0,359,15000
1787294774584,50000,0,0,359,15000
1787294774684,50000,0,0,359,15000
1787294774784,50000,0,0,359,15000
1787294774884,50000,0,0,359,15000
1787294774984,50000,0,0,359,15000
1787294775084,50000,0,0,359,15000
1787294775184,50000,0,0,359,15000
1787294775284,50000,0,0,359,15000
1787294775384,50000,0,0,359,15000
1787294775484,50000,0,0,359,15000
1787294775584,50000,0,0,359,15000
1787294775684,50000,0,0,359,15000
1787294775784,50000,0,0,359,15000
1787294775884,50000,0,0,359,15000
1787294775984,50000,0,0,359,15000
1787294776084,50000,0,0,359,15000
1787294776184,50000,0,0,359,15000
1787294776284,50000,0,0,359,15000
1787294776384,50000,0,0,359,15000
1787294776484,50000,0,0,359,15000
1787294776584,50000,0,0,359,15000
1787294776684,50000,0,0,359,15000
1787294776784,50000,0,0,359,15000
1787294776884,50000,0,0,359,15000
1787294776984,50000,0,0,359,15000
1787294777084,50000,0,0,359,15000
1787294777184,50000,0,0,359,15000
1787294777284,50000,0,0,359,15000
1787294777384,50000,0,0,359,15000
1787294777484,50000,0,0,359,15000
1787294777584,50000,0,0,359,15000
1787294777684,50000,0,0,359,15000
1787294777784,50000,0,0,359,15000
1787294777884,50000,0,0,359,15000
1787294777984,50000,0,0,359,15000
1787294778084,50000,0,0,359,15000
1787294778184,50000,0,0,359,15000
1787294778284,50000,0,0,359,15000
1787294778384,50000,0,0,359,15000
1787294778484,50000,0,0,359,15000
1787294778584,50000,0,0,359,15000
1787294778684,50000,0,0,359,15000
1787294778784,50000,0,0,359,15000
1787294778884,50000,0,0,359,15000
1787294778983,50000,0,0,359,15000
1787294779084,50000,0,0,359,15000
1787294779184,50000,0,0,359,15000
1787294779284,50000,0,0,359,15000
1787294779384,50000,0,0,359,15000
1787294779484,50000,0,0,359,15000
1787294779584,50000,0,0,359,15000
1787294779684,50000,0,0,359,15000
1787294779784,50000,0,0,359,15000
1787294779883,50000,0,0,359,15000
1787294779984,50000,0,0,359,15000
1787294780084,50000,0,0,359,15000
1787294780184,50000,0,0,359,15000
1787294780284,50000,0,0,359,15000
1787294780384,50000,0,0,359,15000
1787294780484,50000,0,0,359,15000
1787294780584,50000,0,0,359,15000
1787294780684,50000,0,0,359,15000
1787294780784,50000,0,0,359,15000
1787294780884,50000,0,0,359,15000
1787294780984,50000,0,0,359,15000
1787294781084,50000,0,0,359,15000
1787294781184,50000,0,0,359,15000
1787294781284,50000,0,0,359,15000
1787294781384,50000,0,0,359,15000
1787294781484,50000,0,0,359,15000
1787294781584,50000,0,0,359,15000
1787294781684,50000,0,0,359,15000
1787294781784,50000,0,0,359,15000
1787294781884,50000,0,0,359,15000
1787294781983,50000,0,0,359,15000
1787294782084,50000,0,0,359,15000
1787294782184,50000,0,0,359,15000
1787294782284,50000,0,0,359,15000
1787294782384,50000,0,0,359,15000
1787294782484,50000,0,0,359,15000
1787294782583,50000,0,0,359,15000
1787294782684,50000,0,0,359,15000
1787294782784,50000,0,0,359,15000
1787294782884,50000,0,0,359,15000
1787294782984,50000,0,0,359,15000
1787294783084,50000,0,0,359,15000
1787294783183,50000,0,0,359,15000
1787294783284,50000,0,0,359,15000
1787294783384,50000,0,0,359,15000
1787294783484,50000,0,0,359,15000
1787294783584,50000,0,0,359,15000
1787294783684,50000,0,0,359,15000
1787294783784,50000,0,0,359,15000
1787294783884,50000,0,0,359,15000
1787294783984,50000,0,0,359,15000
1787294784084,50000,0,0,359,15000
1787294784184,50000,0,0,358,15000
1787294784284,50000,0,0,358,15000
1787294784384,50000,0,0,358,15000
1787294784484,50000,0,0,358,15000
1787294784584,50000,0,0,358,15000
1787294784684,50000,0,0,358,15000
1787294784784,50000,0,0,358,15000
1787294784884,50000,0,0,358,15000
1787294784984,50000,0,0,358,15000
1787294785084,50000,0,0,358,15000
1787294785184,50000,0,0,358,15000
1787294785284,50000,0,0,358,15000
1787294785384,50000,0,0,358,15000
1787294785484,50000,0,0,358,15000
1787294785584,50000,0,0,358,15000
1787294785684,50000,0,0,358,15000
1787294785784,50000,0,0,358,15000
1787294785884,50000,0,0,358,15000
1787294785984,50000,0,0,358,15000
1787294786084,50000,0,0,358,15000
1787294786183,50000,0,0,358,15000
1787294786284,50000,0,0,358,15000
1787294786384,50000,0,0,358,15000
1787294786484,50000,0,0,358,15000
1787294786584,50000,0,0,358,15000
1787294786684,50000,0,0,358,15000
1787294786784,50000,0,0,358,15000
1787294786884,50000,0,0,358,15000
1787294786984,50000,0,0,358,15000
1787294787084,50000,0,0,358,15000
1787294787184,50000,0,0,358,15000
1787294787284,50000,0,0,358,15000
1787294787383,50000,0,0,358,15000
1787294787484,50000,0,0,358,15000
1787294787584,50000,0,0,358,15000
1787294787684,50000,0,0,358,15000
1787294787784,50000,0,0,358,15000
1787294787884,50000,0,0,358,15000
1787294787984,50000,0,0,358,15000
1787294788084,50000,0,0,358,15000
1787294788184,50000,0,0,358,15000
1787294788284,50000,0,0,358,15000
1787294788384,50000,0,0,358,15000
1787294788484,50000,0,0,358,15000
1787294788584,50000,0,0,358,15000
1787294788684,50000,0,0,358,15000
1787294788784,50000,0,0,358,15000
1787294788884,50000,0,0,358,15000
1787294788984,50000,0,0,358,15000
1787294789084,50000,0,0,358,15000
1787294789183,50000,0,0,358,15000
1787294789284,50000,0,0,358,15000
1787294789384,50000,0,0,358,15000
1787294789484,50000,0,0,358,15000
1787294789584,50000,0,0,358,15000
1787294789684,50000,0,0,358,15000
1787294789784,50000,0,0,358,15000
1787294789884,50000,0,0,358,15000
1787294789984,50000,0,0,358,15000
1787294790084,50000,0,0,358,15000
1787294790184,50000,0,0,358,15000
1787294790284,50000,0,0,358,15000
1787294790384,50000,0,0,358,15000
1787294790484,50000,0,0,358,15000
1787294790584,50000,0,0,358,15000
1787294790684,50000,0,0,358,15000
1787294790784,50000,0,0,358,15000
1787294790884,50000,0,0,358,15000
1787294790984,50000,0,0,358,15000
1787294791084,50000,0,0,358,15000
1787294791184,50000,0,0,358,15000
1787294791283,50000,0,0,358,15000
1787294791384,50000,0,0,358,15000
1787294791484,50000,0,0,358,15000
1787294791583,50000,0,0,358,15000
1787294791684,50000,0,0,358,15000
1787294791784,50000,0,0,358,15000
1787294791884,50000,0,0,358,15000
1787294791984,50000,0,0,358,15000
1787294792084,50000,0,0,358,15000
1787294792184,50000,0,0,358,15000
1787294792284,50000,0,0,358,15000
1787294792383,50000,0,0,358,15000
1787294792484,50000,0,0,358,15000
1787294792584,50000,0,0,358,15000
1787294792683,50000,0,0,358,15000
1787294792784,50000,0,0,358,15000
1787294792884,50000,0,0,358,15000
1787294792984,50000,0,0,358,15000
1787294793084,50000,0,0,358,15000
1787294793184,50000,0,0,358,15000
1787294793284,50000,0,0,358,15000
1787294793384,50000,0,0,358,15000
1787294793484,50000,0,0,358,15000
1787294793584,50000,0,0,358,15000
1787294793684,50000,0,0,358,15000
1787294793783,50000,0,0,358,15000
1787294793884,50000,0,0,358,15000
1787294793984,50000,0,0,358,15000
1787294794084,50000,0,0,358,15000
1787294794184,50000,0,0,358,15000
1787294794284,50000,0,0,358,15000
1787294794384,50000,0,0,358,15000
1787294794484,50000,0,0,358,15000
1787294794584,50000,0,0,358,15000
1787294794684,50000,0,0,358,15000
1787294794784,50000,0,0,358,15000
1787294794884,50000,0,0,358,15000
1787294794984,50000,0,0,358,15000
1787294795084,50000,0,0,358,15000
1787294795183,50000,0,0,358,15000
1787294795284,50000,0,0,358,15000
1787294795384,50000,0,0,358,15000
1787294795484,50000,0,0,358,15000
1787294795584,50000,0,0,358,15000
1787294795683,50000,0,0,358,15000
1787294795784,50000,0,0,358,15000
1787294795884,50000,0,0,358,15000
1787294795984,50000,0,0,358,15000
1787294796084,50000,0,0,358,15000
1787294796184,50000,0,0,358,15000
1787294796284,50000,0,0,358,15000
1787294796383,50000,0,0,358,15000
1787294796484,50000,0,0,358,15000
1787294796583,50000,0,0,358,15000
1787294796684,50000,0,0,358,15000
1787294796784,50000,0,0,358,15000
1787294796884,50000,0,0,358,15000
1787294796984,50000,0,0,358,15000
1787294797084,50000,0,0,358,15000
1787294797184,50000,0,0,358,15000
1787294797284,50000,0,0,358,15000
1787294797384,50000,0,0,358,15000
1787294797484,50000,0,0,358,15000
1787294797584,50000,0,0,358,15000
1787294797684,50000,0,0,358,15000
1787294797784,50000,0,0,358,15000
1787294797884,50000,0,0,358,15000
1787294797983,50000,0,0,358,15000
1787294798084,50000,0,0,358,15000
1787294798184,50000,0,0,358,15000
1787294798284,50000,0,0,358,15000
1787294798384,50000,0,0,358,15000
1787294798483,50000,0,0,358,15000
1787294798584,50000,0,0,358,15000
1787294798684,50000,0,0,358,15000
1787294798784,50000,0,0,358,15000
1787294798884,50000,0,0,358,15000
1787294798984,50000,0,0,358,15000
1787294799084,50000,0,0,358,15000
1787294799184,50000,0,0,358,15000
1787294799283,50000,0,0,358,15000
1787294799384,50000,0,0,358,15000
1787294799484,50000,0,0,358,15000
1787294799584,50000,0,0,358,15000
1787294799684,50000,0,0,358,15000
1787294799784,50000,0,0,358,15000
1787294799884,50000,0,0,358,15000
1787294799983,50000,0,0,358,15000
1787294800084,50000,0,0,358,15000
1787294800184,50000,0,0,358,15000
1787294800284,50000,0,0,358,15000
1787294800384,50000,0,0,358,15000
1787294800484,50000,0,0,358,15000
1787294800584,50000,0,0,358,15000
1787294800683,50000,0,0,358,15000
1787294800784,50000,0,0,358,15000
1787294800883,50000,0,0,358,15000
1787294800984,50000,0,0,358,15000
1787294801084,50000,0,0,358,15000
1787294801184,50000,0,0,358,15000
1787294801284,50000,0,0,358,15000
1787294801384,50000,0,0,358,15000
1787294801484,50000,0,0,358,15000
1787294801584,50000,0,0,358,15000
1787294801684,50000,0,0,358,15000
1787294801784,50000,0,0,358,15000
1787294801884,50000,0,0,358,15000
1787294801984,50000,0,0,358,15000
1787294802084,50000,0,0,358,15000
1787294802183,50000,0,0,358,15000
1787294802284,50000,0,0,358,15000
1787294802384,50000,0,0,358,15000
1787294802484,50000,0,0,358,15000
1787294802584,50000,0,0,358,15000
1787294802684,50000,0,0,358,15000
1787294802784,50000,0,0,358,15000
1787294802884,50000,0,0,358,15000
1787294802984,50000,0,0,358,15000
1787294803084,50000,0,0,358,15000
1787294803184,50000,0,0,358,15000
1787294803284,50000,0,0,358,15000
1787294803384,50000,0,0,358,15000
1787294803484,50000,0,0,358,15000
1787294803583,50000,0,0,358,15000
1787294803684,50000,0,0,358,15000
1787294803784,50000,0,0,358,15000
1787294803883,50000,0,0,358,15000
1787294803984,50000,0,0,358,15000
1787294804084,50000,0,0,358,15000
1787294804184,50000,0,0,358,15000
1787294804283,50000,0,0,358,15000
1787294804384,50000,0,0,358,15000
1787294804484,50000,0,0,358,15000
1787294804584,50000,0,0,358,15000
1787294804684,50000,0,0,358,15000
1787294804784,50000,0,0,358,15000
1787294804884,50000,0,0,358,15000
1787294804984,50000,0,0,358,15000
1787294805084,50000,0,0,358,15000
1787294805184,50000,0,0,358,15000
1787294805284,50000,0,0,358,15000
1787294805384,50000,0,0,358,15000
1787294805484,50000,0,0,358,15000
1787294805584,50000,0,0,358,15000
1787294805684,50000,0,0,358,15000
1787294805784,50000,0,0,358,15000
1787294805884,50000,0,0,358,15000
1787294805984,50000,0,0,358,15000
1787294806084,50000,0,0,358,15000
1787294806184,50000,0,0,358,15000
1787294806284,50000,0,0,358,15000
1787294806384,50000,0,0,358,15000
1787294806484,50000,0,0,358,15000
1787294806583,50000,0,0,358,15000
1787294806684,50000,0,0,358,15000
1787294806784,50000,0,0,358,15000
1787294806884,50000,0,0,358,15000
1787294806984,50000,0,0,358,15000
1787294807084,50000,0,0,358,15000
1787294807184,50000,0,0,358,15000
1787294807284,50000,0,0,358,15000
1787294807384,50000,0,0,358,15000
1787294807484,50000,0,0,358,15000
1787294807584,50000,0,0,358,15000
1787294807684,50000,0,0,358,15000
1787294807784,50000,0,0,358,15000
1787294807884,50000,0,0,358,15000
1787294807984,50000,0,0,358,15000
1787294808084,50000,0,0,358,15000
1787294808184,50000,0,0,358,15000
1787294808284,50000,0,0,358,15000
1787294808384,50000,0,0,358,15000
1787294808484,50000,0,0,358,15000
1787294808584,50000,0,0,358,15000
1787294808684,50000,0,0,358,15000
1787294808784,50000,0,0,358,15000
1787294808884,50000,0,0,358,15000
1787294808983,50000,0,0,358,15000
1787294809084,50000,0,0,358,15000
1787294809183,50000,0,0,358,15000
1787294809284,50000,0,0,358,15000
1787294809384,50000,0,0,358,15000
1787294809484,50000,0,0,358,15000
1787294809584,50000,0,0,358,15000
1787294809684,50000,0,0,358,15000
1787294809783,50000,0,0,358,15000
1787294809884,50000,0,0,358,15000
1787294809984,50000,0,0,358,15000
1787294810084,50000,0,0,358,15000
1787294810184,50000,0,0,358,15000
1787294810283,50000,0,0,358,15000
1787294810384,50000,0,0,358,15000
1787294810484,50000,0,0,358,15000
1787294810584,50000,0,0,358,15000
1787294810684,50000,0,0,358,15000
1787294810784,50000,0,0,358,15000
1787294810884,50000,0,0,358,15000
1787294810984,50000,0,0,358,15000
1787294811084,50000,0,0,358,15000
1787294811184,50000,0,0,358,15000
1787294811284,50000,0,0,358,15000
1787294811384,50000,0,0,358,15000
1787294811484,50000,0,0,358,15000
1787294811584,50000,0,0,358,15000
1787294811684,50000,0,0,358,15000
1787294811784,50000,0,0,358,15000
1787294811883,50000,0,0,358,15000
1787294811984,50000,0,0,358,15000
1787294812084,50000,0,0,358,15000
1787294812183,50000,0,0,358,15000
1787294812283,50000,0,0,358,15000
1787294812383,50000,0,0,358,15000
1787294812484,50000,0,0,358,15000
1787294812584,50000,0,0,358,15000
1787294812684,50000,0,0,358,15000
1787294812784,50000,0,0,358,15000
1787294812884,50000,0,0,358,15000
1787294812984,50000,0,0,358,15000
1787294813084,50000,0,0,358,15000
1787294813183,50000,0,0,358,15000
1787294813284,50000,0,0,358,15000
1787294813384,50000,0,0,358,15000
1787294813484,50000,0,0,358,15000
1787294813584,50000,0,0,358,15000
1787294813684,50000,0,0,358,15000
1787294813784,50000,0,0,358,15000
1787294813884,50000,0,0,358,15000
1787294813984,50000,0,0,358,15000
1787294814084,50000,0,0,358,15000
1787294814184,50000,0,0,358,15000
1787294814284,50000,0,0,358,15000
1787294814384,50000,0,0,358,15000
1787294814484,50000,0,0,358,15000
1787294814584,50000,0,0,358,15000
1787294814684,50000,0,0,358,15000
1787294814784,50000,0,0,358,15000
1787294814884,50000,0,0,358,15000
1787294814984,50000,0,0,358,15000
1787294815084,50000,0,0,358,15000
1787294815184,50000,0,0,358,15000
1787294815283,50000,0,0,358,15000
1787294815384,50000,0,0,358,15000
1787294815484,50000,0,0,358,15000
1787294815584,50000,0,0,358,15000
1787294815684,50000,0,0,358,15000
1787294815784,50000,0,0,358,15000
1787294815883,50000,0,0,358,15000
1787294815984,50000,0,0,358,15000
1787294816084,50000,0,0,358,15000
1787294816184,50000,0,0,358,15000
1787294816284,50000,0,0,358,15000
1787294816384,50000,0,0,358,15000
1787294816484,50000,0,0,358,15000
1787294816584,50000,0,0,358,15000
1787294816684,50000,0,0,358,15000
1787294816784,50000,0,0,358,15000
1787294816884,50000,0,0,358,15000
1787294816984,50000,0,0,358,15000
1787294817084,50000,0,0,358,15000
1787294817184,50000,0,0,358,15000
1787294817283,50000,0,0,358,15000
1787294817384,50000,0,0,358,15000
1787294817484,50000,0,0,358,15000
1787294817584,50000,0,0,358,15000
1787294817684,50000,0,0,358,15000
1787294817784,50000,0,0,358,15000
1787294817884,50000,0,0,358,15000
1787294817984,50000,0,0,358,15000
1787294818084,50000,0,0,358,15000
1787294818184,50000,0,0,358,15000
1787294818284,50000,0,0,358,15000
1787294818384,50000,0,0,358,15000
1787294818484,50000,0,0,358,15000
1787294818584,50000,0,0,358,15000
1787294818684,50000,0,0,358,15000
1787294818784,50000,0,0,358,15000
1787294818883,50000,0,0,358,15000
1787294818983,50000,0,0,358,15000
1787294819084,50000,0,0,358,15000
1787294819184,50000,0,0,358,15000
1787294819284,50000,0,0,358,15000
1787294819384,50000,0,0,358,15000
1787294819484,50000,0,0,358,15000
1787294819584,50000,0,0,358,15000
1787294819684,50000,0,0,358,15000
1787294819784,50000,0,0,358,15000
1787294819884,50000,0,0,358,15000
1787294819984,50000,0,0,358,15000
1787294820084,50000,0,0,358,15000
1787294820184,50000,0,0,358,15000
1787294820284,50000,0,0,358,15000
1787294820384,50000,0,0,358,15000
1787294820483,50000,0,0,358,15000
1787294820584,50000,0,0,358,15000
1787294820684,50000,0,0,358,15000
1787294820784,50000,0,0,358,15000
1787294820884,50000,0,0,358,15000
1787294820984,50000,0,0,358,15000
1787294821084,50000,0,0,358,15000
1787294821184,50000,0,0,358,15000
1787294821283,50000,0,0,358,15000
1787294821383,50000,0,0,358,15000
1787294821484,50000,0,0,358,15000
1787294821584,50000,0,0,358,15000
1787294821684,50000,0,0,358,15000
1787294821784,50000,0,0,358,15000
1787294821883,50000,0,0,358,15000
1787294821984,50000,0,0,358,15000
1787294822084,50000,0,0,358,15000
1787294822184,50000,0,0,358,15000
1787294822284,50000,0,0,358,15000
1787294822384,50000,0,0,358,15000
1787294822484,50000,0,0,358,15000
1787294822583,50000,0,0,358,15000
1787294822684,50000,0,0,358,15000
1787294822784,50000,0,0,358,15000
1787294822883,50000,0,0,358,15000
1787294822983,50000,0,0,358,15000
1787294823084,50000,0,0,358,15000
1787294823184,50000,0,0,358,15000
1787294823284,50000,0,0,358,15000
1787294823384,50000,0,0,358,15000
1787294823484,50000,0,0,358,15000
1787294823584,50000,0,0,358,15000
1787294823684,50000,0,0,358,15000
1787294823784,50000,0,0,358,15000
1787294823884,50000,0,0,358,15000
1787294823984,50000,0,0,358,15000
1787294824084,50000,0,0,358,15000
1787294824184,50000,0,0,358,15000
1787294824284,50000,0,0,358,15000
1787294824384,50000,0,0,358,15000
1787294824484,50000,0,0,358,15000
1787294824584,50000,0,0,358,15000
1787294824683,50000,0,0,358,15000
1787294824784,50000,0,0,358,15000
1787294824883,50000,0,0,358,15000
1787294824984,50000,0,0,358,15000
1787294825084,50000,0,0,358,15000
1787294825184,50000,0,0,358,15000
1787294825284,50000,0,0,358,15000
1787294825384,50000,0,0,358,15000
1787294825483,50000,0,0,358,15000
1787294825584,50000,0,0,358,15000
1787294825683,50000,0,0,358,15000
1787294825784,50000,0,0,358,15000
1787294825883,50000,0,0,358,15000
1787294825984,50000,0,0,358,15000
1787294826084,50000,0,0,358,15000
1787294826184,50000,0,0,358,15000
1787294826284,50000,0,0,358,15000
1787294826384,50000,0,0,358,15000
1787294826484,50000,0,0,358,15000
1787294826583,50000,0,0,358,15000
1787294826684,50000,0,0,358,15000
1787294826784,50000,0,0,358,15000
1787294826884,50000,0,0,358,15000
1787294826984,50000,0,0,358,15000
1787294827084,50000,0,0,358,15000
1787294827184,50000,0,0,358,15000
1787294827284,50000,0,0,358,15000
1787294827384,50000,0,0,358,15000
1787294827484,50000,0,0,358,15000
1787294827585,50000,0,0,358,15000
1787294827684,50000,0,0,358,15000
1787294827783,50000,0,0,358,15000
1787294827884,50000,0,0,358,15000
1787294827984,50000,0,0,358,15000
1787294828084,50000,0,0,358,15000
1787294828184,50000,0,0,358,15000
1787294828284,50000,0,0,358,15000
1787294828384,50000,0,0,358,15000
1787294828484,50000,0,0,358,15000
1787294828584,50000,0,0,358,15000
1787294828684,50000,0,0,358,15000
1787294828784,50000,0,0,358,15000
1787294828884,50000,0,0,358,15000
1787294828984,50000,0,0,358,15000
1787294829084,50000,0,0,358,15000
1787294829184,50000,0,0,358,15000
1787294829284,50000,0,0,358,15000
1787294829384,50000,0,0,358,15000
1787294829484,50000,0,0,358,15000
1787294829584,50000,0,0,358,15000
1787294829684,50000,0,0,358,15000
1787294829784,50000,0,0,358,15000
1787294829884,50000,0,0,358,15000
1787294829983,50000,0,0,358,15000
1787294830084,50000,0,0,358,15000
1787294830184,50000,0,0,358,15000
1787294830284,50000,0,0,358,15000
1787294830384,50000,0,0,358,15000
1787294830484,50000,0,0,358,15000
1787294830584,50000,0,0,358,15000
1787294830684,50000,0,0,358,15000
1787294830784,50000,0,0,358,15000
1787294830884,50000,0,0,358,15000
1787294830984,50000,0,0,358,15000
1787294831083,50000,0,0,358,15000
1787294831184,50000,0,0,358,15000
1787294831284,50000,0,0,358,15000
1787294831384,50000,0,0,358,15000
1787294831484,50000,0,0,358,15000
1787294831583,50000,0,0,358,15000
1787294831684,50000,0,0,358,15000
1787294831784,50000,0,0,358,15000
1787294831884,50000,0,0,358,15000
1787294831984,50000,0,0,358,15000
1787294832084,50000,0,0,358,15000
1787294832184,50000,0,0,358,15000
1787294832284,50000,0,0,358,15000
1787294832384,50000,0,0,358,15000
1787294832484,50000,0,0,358,15000
1787294832584,50000,0,0,358,15000
1787294832684,50000,0,0,358,15000
1787294832784,50000,0,0,358,15000
1787294832884,50000,0,0,358,15000
1787294832984,50000,0,0,358,15000
1787294833084,50000,0,0,358,15000
1787294833184,50000,0,0,358,15000
1787294833284,50000,0,0,358,15000
1787294833384,50000,0,0,358,15000
1787294833483,50000,0,0,358,15000
1787294833584,50000,0,0,358,15000
1787294833684,50000,0,0,358,15000
1787294833784,50000,0,0,358,15000
1787294833884,50000,0,0,358,15000
1787294833984,50000,0,0,358,15000
1787294834084,50000,0,0,358,15000
1787294834184,50000,0,0,358,15000
1787294834284,50000,0,0,358,15000
1787294834383,50000,0,0,358,15000
1787294834484,50000,0,0,358,15000
1787294834583,50000,0,0,358,15000
1787294834683,50000,0,0,358,15000
1787294834784,50000,0,0,358,15000
1787294834884,50000,0,0,358,15000
1787294834984,50000,0,0,358,15000
1787294835084,50000,0,0,358,15000
1787294835183,50000,0,0,358,15000
1787294835284,50000,0,0,358,15000
1787294835384,50000,0,0,358,15000
1787294835484,50000,0,0,358,15000
1787294835584,50000,0,0,358,15000
1787294835684,50000,0,0,358,15000
1787294835784,50000,0,0,358,15000
1787294835884,50000,0,0,358,15000
1787294835984,50000,0,0,358,15000
1787294836084,50000,0,0,358,15000
1787294836184,50000,0,0,358,15000
1787294836284,50000,0,0,358,15000
1787294836384,50000,0,0,358,15000
1787294836484,50000,0,0,358,15000
1787294836584,50000,0,0,358,15000
1787294836684,50000,0,0,358,15000
1787294836784,50000,0,0,358,15000
1787294836884,50000,0,0,358,15000
1787294836983,50000,0,0,358,15000
1787294837084,50000,0,0,358,15000
1787294837183,50000,0,0,358,15000
1787294837284,50000,0,0,358,15000
1787294837384,50000,0,0,358,15000
1787294837484,50000,0,0,358,15000
1787294837584,50000,0,0,358,15000
1787294837684,50000,0,0,358,15000
1787294837784,50000,0,0,358,15000
1787294837884,50000,0,0,358,15000
1787294837984,50000,0,0,358,15000
1787294838084,50000,0,0,358,15000
1787294838184,50000,0,0,358,15000
1787294838284,50000,0,0,358,15000
1787294838384,50000,0,0,358,15000
1787294838484,50000,0,0,358,15000
1787294838584,50000,0,0,358,15000
1787294838684,50000,0,0,358,15000
1787294838784,50000,0,0,358,15000
1787294838884,50000,0,0,358,15000
1787294838984,50000,0,0,358,15000
1787294839084,50000,0,0,358,15000
1787294839184,50000,0,0,358,15000
1787294839284,50000,0,0,358,15000
1787294839384,50000,0,0,358,15000
1787294839484,50000,0,0,358,15000
1787294839584,50000,0,0,358,15000
1787294839684,50000,0,0,358,15000
1787294839784,50000,0,0,358,15000
1787294839884,50000,0,0,358,15000
1787294839984,50000,0,0,358,15000
1787294840084,50000,0,0,358,15000
1787294840184,50000,0,0,358,15000
1787294840284,50000,0,0,358,15000
1787294840384,50000,0,0,358,15000
1787294840484,50000,0,0,358,15000
1787294840584,50000,0,0,358,15000
1787294840684,50000,0,0,358,15000
1787294840784,50000,0,0,358,15000
1787294840884,50000,0,0,358,15000
1787294840984,50000,0,0,358,15000
1787294841084,50000,0,0,358,15000
1787294841184,50000,0,0,358,15000
1787294841283,50000,0,0,358,15000
1787294841384,50000,0,0,358,15000
1787294841484,50000,0,0,358,15000
1787294841584,50000,0,0,358,15000
1787294841684,50000,0,0,358,15000
1787294841784,50000,0,0,358,15000
1787294841884,50000,0,0,358,15000
1787294841984,50000,0,0,358,15000
1787294842084,50000,0,0,358,15000
1787294842184,50000,0,0,358,15000
1787294842284,50000,0,0,358,15000
1787294842384,50000,0,0,358,15000
1787294842484,50000,0,0,358,15000
1787294842584,50000,0,0,358,15000
1787294842684,50000,0,0,358,15000
1787294842784,50000,0,0,358,15000
1787294842884,50000,0,0,358,15000
1787294842984,50000,0,0,358,15000
1787294843084,50000,0,0,358,15000
1787294843184,50000,0,0,358,15000
1787294843284,50000,0,0,358,15000
1787294843384,50000,0,0,358,15000
1787294843484,50000,0,0,358,15000
1787294843584,50000,0,0,358,15000
1787294843684,50000,0,0,358,15000
1787294843784,50000,0,0,358,15000
1787294843884,50000,0,0,358,15000
1787294843984,50000,0,0,358,15000
1787294844084,50000,0,0,358,15000
1787294844184,50000,0,0,358,15000
1787294844284,50000,0,0,358,15000
1787294844384,50000,0,0,358,15000
1787294844484,50000,0,0,358,15000
1787294844584,50000,0,0,358,15000
1787294844684,50000,0,0,358,15000
1787294844784,50000,0,0,358,15000
1787294844883,50000,0,0,358,15000
1787294844984,50000,0,0,358,15000
1787294845084,50000,0,0,358,15000
1787294845184,50000,0,0,358,15000
1787294845284,50000,0,0,358,15000
1787294845384,50000,0,0,358,15000
1787294845484,50000,0,0,358,15000
1787294845583,50000,0,0,358,15000
1787294845684,50000,0,0,358,15000
1787294845784,50000,0,0,358,15000
1787294845884,50000,0,0,358,15000
1787294845984,50000,0,0,358,15000
1787294846084,50000,0,0,358,15000
1787294846184,50000,0,0,358,15000
1787294846284,50000,0,0,358,15000
1787294846383,50000,0,0,358,15000
1787294846484,50000,0,0,358,15000
1787294846584,50000,0,0,358,15000
1787294846684,50000,0,0,358,15000
1787294846784,50000,0,0,358,15000
1787294846884,50000,0,0,358,15000
1787294846984,50000,0,0,358,15000
1787294847084,50000,0,0,358,15000
1787294847184,50000,0,0,358,15000
1787294847284,50000,0,0,358,15000
1787294847384,50000,0,0,358,15000
1787294847484,50000,0,0,358,15000
1787294847584,50000,0,0,358,15000
1787294847684,50000,0,0,358,15000
1787294847784,50000,0,0,358,15000
1787294847884,50000,0,0,358,15000
1787294847984,50000,0,0,358,15000
1787294848084,50000,0,0,358,15000
1787294848184,50000,0,0,358,15000
1787294848284,50000,0,0,358,15000
1787294848384,50000,0,0,358,15000
1787294848484,50000,0,0,358,15000
1787294848583,50000,0,0,358,15000
1787294848684,50000,0,0,358,15000
1787294848784,50000,0,0,358,15000
1787294848884,50000,0,0,358,15000
1787294848983,50000,0,0,358,15000
1787294849084,50000,0,0,358,15000
1787294849184,50000,0,0,358,15000
1787294849284,50000,0,0,358,15000
1787294849383,50000,0,0,358,15000
1787294849484,50000,0,0,358,15000
1787294849584,50000,0,0,358,15000
1787294849684,50000,0,0,358,15000
1787294849784,50000,0,0,358,15000
1787294849884,50000,0,0,358,15000
1787294849984,50000,0,0,358,15000
1787294850084,50000,0,0,358,15000
1787294850184,50000,0,0,358,15000
1787294850284,50000,0,0,358,15000
1787294850384,50000,0,0,358,15000
1787294850484,50000,0,0,358,15000
1787294850584,50000,0,0,358,15000
1787294850683,50000,0,0,358,15000
1787294850784,50000,0,0,358,15000
1787294850884,50000,0,0,358,15000
1787294850983,50000,0,0,358,15000
1787294851084,50000,0,0,358,15000
1787294851184,50000,0,0,358,15000
1787294851284,50000,0,0,358,15000
1787294851383,50000,0,0,358,15000
1787294851483,50000,0,0,358,15000
1787294851584,50000,0,0,358,15000
1787294851684,50000,0,0,358,15000
1787294851784,50000,0,0,358,15000
1787294851884,50000,0,0,358,15000
1787294851984,50000,0,0,358,15000
1787294852084,50000,0,0,358,15000
1787294852183,50000,0,0,358,15000
1787294852284,50000,0,0,358,15000
1787294852384,50000,0,0,358,15000
1787294852484,50000,0,0,358,15000
1787294852584,50000,0,0,358,15000
1787294852684,50000,0,0,358,15000
1787294852784,50000,0,0,358,15000
1787294852884,50000,0,0,358,15000
1787294852984,50000,0,0,358,15000
1787294853084,50000,0,0,358,15000
1787294853184,50000,0,0,358,15000
1787294853284,50000,0,0,358,15000
1787294853384,50000,0,0,358,15000
1787294853484,50000,0,0,358,15000
1787294853584,50000,0,0,358,15000
1787294853684,50000,0,0,358,15000
1787294853784,50000,0,0,358,15000
1787294853884,50000,0,0,358,15000
1787294853984,50000,0,0,358,15000
1787294854084,50000,0,0,358,15000
1787294854184,50000,0,0,358,15000
1787294854284,50000,0,0,358,15000
1787294854383,50000,0,0,358,15000
1787294854484,50000,0,0,358,15000
1787294854584,50000,0,0,358,15000
1787294854684,50000,0,0,358,15000
1787294854784,50000,0,0,358,15000
1787294854884,50000,0,0,358,15000
1787294854984,50000,0,0,358,15000
1787294855084,50000,0,0,358,15000
1787294855184,50000,0,0,358,15000
1787294855284,50000,0,0,358,15000
1787294855384,50000,0,0,358,15000
1787294855483,50000,0,0,358,15000
1787294855584,50000,0,0,358,15000
1787294855684,50000,0,0,358,15000
1787294855784,50000,0,0,358,15000
1787294855884,50000,0,0,358,15000
1787294855984,50000,0,0,358,15000
