site_id,ts_s,freq_mhz,requested_w,actual_w,soc_pml,p_avail_w
site-001,1791339691,49800,0,0,100,50000
site-001,1791339692,49800,0,0,100,50000
site-002,1791339692,49800,0,0,500,50000
site-001,1791339693,49800,0,0,100,50000
site-002,1791339693,49800,0,0,500,50000
site-001,1791339694,49800,30000,30000,100,50000
site-002,1791339694,49800,30000,30000,500,50000
site-001,1791339695,49800,30000,30000,100,50000
site-002,1791339695,49800,30000,30000,500,50000
site-001,1791339696,49800,30000,30000,100,50000
site-002,1791339696,49800,30000,30000,500,50000
site-001,1791339697,49800,30000,30000,100,50000
site-002,1791339697,49800,30000,30000,500,50000
site-001,1791339698,49800,30000,30000,100,50000
site-002,1791339698,49800,30000,30000,500,50000
site-001,1791339699,49800,30000,30000,99,50000
site-002,1791339699,49800,30000,30000,500,50000
site-001,1791339700,49800,30000,30000,99,50000
site-002,1791339700,49800,30000,30000,499,50000
site-001,1791339701,49800,30000,30000,99,50000
site-002,1791339701,49800,30000,30000,499,50000
site-001,1791339702,49800,30000,30000,99,50000
site-002,1791339702,49800,30000,30000,499,50000
site-001,1791339703,49800,30000,30000,99,50000
site-002,1791339703,49800,30000,30000,499,50000
site-001,1791339704,49800,30000,30000,99,50000
site-002,1791339704,49800,30000,30000,499,50000
site-001,1791339705,49800,30000,30000,99,50000
site-002,1791339705,49800,30000,30000,499,50000
site-001,1791339706,49800,30000,30000,99,50000
site-002,1791339706,49800,30000,30000,499,50000
site-001,1791339707,49800,30000,30000,99,50000
site-002,1791339707,49800,30000,30000,499,50000
site-001,1791339708,49800,30000,30000,99,50000
site-002,1791339708,49800,30000,30000,499,50000
site-001,1791339709,49800,30000,30000,99,50000
site-002,1791339709,49800,30000,30000,499,50000
site-001,1791339710,49800,30000,30000,99,50000
site-002,1791339710,49800,30000,30000,499,50000
site-001,1791339711,49800,30000,30000,98,50000
site-002,1791339711,49800,30000,30000,499,50000
site-001,1791339712,49800,30000,30000,98,50000
site-002,1791339712,49800,30000,30000,498,50000
site-001,1791339713,49800,30000,30000,98,50000
site-002,1791339713,49800,30000,30000,498,50000
site-001,1791339714,49800,30000,30000,98,50000
site-002,1791339714,49800,30000,30000,498,50000
site-001,1791339715,49800,30000,30000,98,50000
site-002,1791339715,49800,30000,30000,498,50000
site-001,1791339716,49800,30000,30000,98,50000
site-002,1791339716,49800,30000,30000,498,50000
site-001,1791339717,49800,30000,30000,98,50000
site-002,1791339717,49800,30000,30000,498,50000
site-001,1791339718,49800,30000,30000,98,50000
site-002,1791339718,49800,30000,30000,498,50000
site-001,1791339719,49800,30000,30000,98,50000
site-002,1791339719,49800,30000,30000,498,50000
site-001,1791339720,49800,30000,30000,98,50000
site-002,1791339720,49800,30000,30000,498,50000
site-001,1791339721,49800,30000,30000,98,50000
site-002,1791339721,49800,30000,30000,498,50000
site-001,1791339722,49800,30000,30000,98,50000
site-002,1791339722,49800,30000,30000,498,50000
site-001,1791339723,49800,30000,30000,97,50000
site-002,1791339723,49800,30000,30000,498,50000
site-001,1791339724,49800,30000,30000,97,50000
site-002,1791339724,49800,30000,30000,497,50000
site-001,1791339725,49800,30000,30000,97,50000
site-002,1791339725,49800,30000,30000,497,50000
site-001,1791339726,49800,30000,30000,97,50000
site-002,1791339726,49800,30000,30000,497,50000
site-001,1791339727,49800,30000,30000,97,50000
site-002,1791339727,49800,30000,30000,497,50000
site-001,1791339728,49800,30000,30000,97,50000
site-002,1791339728,49800,30000,30000,497,50000
site-001,1791339729,49800,30000,30000,97,50000
site-002,1791339729,49800,30000,30000,497,50000
site-001,1791339730,49800,30000,30000,97,50000
site-002,1791339730,49800,30000,30000,497,50000
site-001,1791339731,49800,30000,30000,97,50000
site-002,1791339731,49800,30000,30000,497,50000
site-001,1791339732,49800,30000,30000,97,50000
site-002,1791339732,49800,30000,30000,497,50000
site-001,1791339733,49800,30000,30000,97,50000
site-002,1791339733,49800,30000,30000,497,50000
site-001,1791339734,49800,30000,30000,97,50000
site-002,1791339734,49800,30000,30000,497,50000
site-001,1791339735,49800,30000,30000,96,50000
site-002,1791339735,49800,30000,30000,497,50000
site-001,1791339736,49800,30000,30000,96,50000
site-002,1791339736,49800,30000,30000,496,50000
site-001,1791339737,49800,30000,30000,96,50000
site-002,1791339737,49800,30000,30000,496,50000
site-001,1791339738,49800,30000,30000,96,50000
site-002,1791339738,49800,30000,30000,496,50000
site-001,1791339739,49800,30000,30000,96,50000
site-002,1791339739,49800,30000,30000,496,50000
site-001,1791339740,49800,30000,30000,96,50000
site-002,1791339740,49800,30000,30000,496,50000
site-001,1791339741,49800,30000,30000,96,50000
site-002,1791339741,49800,30000,30000,496,50000
site-001,1791339742,49800,30000,30000,96,50000
site-002,1791339742,49800,30000,30000,496,50000
site-001,1791339743,49800,30000,30000,96,50000
site-002,1791339743,49800,30000,30000,496,50000
site-001,1791339744,49800,30000,30000,96,50000
site-002,1791339744,49800,30000,30000,496,50000
site-001,1791339745,49800,30000,30000,96,50000
site-002,1791339745,49800,30000,30000,496,50000
site-001,1791339746,49800,30000,30000,96,50000
site-002,1791339746,49800,30000,30000,496,50000
site-001,1791339747,49800,30000,30000,95,50000
site-002,1791339747,49800,30000,30000,496,50000
site-001,1791339748,49800,30000,30000,95,50000
site-002,1791339748,49800,30000,30000,495,50000
site-001,1791339749,49800,30000,30000,95,50000
site-002,1791339749,49800,30000,30000,495,50000
site-001,1791339750,49800,30000,30000,95,50000
site-002,1791339750,49800,30000,30000,495,50000
site-001,1791339751,49800,30000,30000,95,50000
site-002,1791339751,49800,30000,30000,495,50000
site-001,1791339752,49800,30000,30000,95,50000
site-002,1791339752,49800,30000,30000,495,50000
site-001,1791339753,49800,30000,30000,95,50000
site-002,1791339753,49800,30000,30000,495,50000
site-001,1791339754,49800,30000,30000,95,50000
site-002,1791339754,49800,30000,30000,495,50000
site-001,1791339755,49800,30000,30000,95,50000
site-002,1791339755,49800,30000,30000,495,50000
site-001,1791339756,49800,30000,30000,95,50000
site-002,1791339756,49800,30000,30000,495,50000
site-001,1791339757,49800,30000,30000,95,50000
site-002,1791339757,49800,30000,30000,495,50000
site-001,1791339758,49800,30000,30000,95,50000
site-002,1791339758,49800,30000,30000,495,50000
site-001,1791339759,49800,30000,30000,94,50000
site-002,1791339759,49800,30000,30000,495,50000
site-001,1791339760,49800,30000,30000,94,50000
site-002,1791339760,49800,30000,30000,494,50000
site-001,1791339761,49800,30000,30000,94,50000
site-002,1791339761,49800,30000,30000,494,50000
site-001,1791339762,49800,30000,30000,94,50000
site-002,1791339762,49800,30000,30000,494,50000
site-001,1791339763,49800,30000,30000,94,50000
site-002,1791339763,49800,30000,30000,494,50000
site-001,1791339764,49800,30000,30000,94,50000
site-002,1791339764,49800,30000,30000,494,50000
site-001,1791339765,49800,30000,30000,94,50000
site-002,1791339765,49800,30000,30000,494,50000
site-001,1791339766,49800,30000,30000,94,50000
site-002,1791339766,49800,30000,30000,494,50000
site-001,1791339767,49800,30000,30000,94,50000
site-002,1791339767,49800,30000,30000,494,50000
site-001,1791339768,49800,30000,30000,94,50000
site-002,1791339768,49800,30000,30000,494,50000
site-001,1791339769,49800,30000,30000,94,50000
site-002,1791339769,49800,30000,30000,494,50000
site-001,1791339770,49800,30000,30000,94,50000
site-002,1791339770,49800,30000,30000,494,50000
site-001,1791339771,49800,30000,30000,93,50000
site-002,1791339771,49800,30000,30000,494,50000
site-001,1791339772,49800,30000,30000,93,50000
site-002,1791339772,49800,30000,30000,493,50000
site-001,1791339773,49800,30000,30000,93,50000
site-002,1791339773,49800,30000,30000,493,50000
site-001,1791339774,49800,30000,30000,93,50000
site-002,1791339774,49800,30000,30000,493,50000
site-001,1791339775,49800,30000,30000,93,50000
site-002,1791339775,49800,30000,30000,493,50000
site-001,1791339776,49800,30000,30000,93,50000
site-002,1791339776,49800,30000,30000,493,50000
site-001,1791339777,49800,30000,30000,93,50000
site-002,1791339777,49800,30000,30000,493,50000
site-001,1791339778,49800,30000,30000,93,50000
site-002,1791339778,49800,30000,30000,493,50000
site-001,1791339779,49800,30000,30000,93,50000
site-002,1791339779,49800,30000,30000,493,50000
site-001,1791339780,49800,30000,30000,93,50000
site-002,1791339780,49800,30000,30000,493,50000
site-001,1791339781,49800,30000,30000,93,50000
site-002,1791339781,49800,30000,30000,493,50000
site-001,1791339782,49800,30000,30000,93,50000
site-002,1791339782,49800,30000,30000,493,50000
site-001,1791339783,49800,30000,30000,92,50000
site-002,1791339783,49800,30000,30000,493,50000
site-001,1791339784,49800,30000,30000,92,50000
site-002,1791339784,49800,30000,30000,492,50000
site-001,1791339785,49800,30000,30000,92,50000
site-002,1791339785,49800,30000,30000,492,50000
site-001,1791339786,49800,30000,30000,92,50000
site-002,1791339786,49800,30000,30000,492,50000
site-001,1791339787,49800,30000,30000,92,50000
site-002,1791339787,49800,30000,30000,492,50000
site-001,1791339788,49800,30000,30000,92,50000
site-002,1791339788,49800,30000,30000,492,50000
site-001,1791339789,49800,30000,30000,92,50000
site-002,1791339789,49800,30000,30000,492,50000
site-001,1791339790,49800,30000,30000,92,50000
site-002,1791339790,49800,30000,30000,492,50000
site-001,1791339791,49800,30000,30000,92,50000
site-002,1791339791,49800,30000,30000,492,50000
site-001,1791339792,49800,30000,30000,92,50000
site-002,1791339792,49800,30000,30000,492,50000
site-001,1791339793,49800,30000,30000,92,50000
site-002,1791339793,49800,30000,30000,492,50000
site-001,1791339794,49800,30000,30000,92,50000
site-002,1791339794,49800,30000,30000,492,50000
site-001,1791339795,49800,30000,30000,91,50000
site-002,1791339795,49800,30000,30000,492,50000
site-001,1791339796,49800,30000,30000,91,50000
site-002,1791339796,49800,30000,30000,491,50000
site-001,1791339797,49800,30000,30000,91,50000
site-002,1791339797,49800,30000,30000,491,50000
site-001,1791339798,49800,30000,30000,91,50000
site-002,1791339798,49800,30000,30000,491,50000
site-001,1791339799,49800,30000,30000,91,50000
site-002,1791339799,49800,30000,30000,491,50000
site-001,1791339800,49800,30000,30000,91,50000
site-002,1791339800,49800,30000,30000,491,50000
site-001,1791339801,49800,30000,30000,91,50000
site-002,1791339801,49800,30000,30000,491,50000
site-001,1791339802,49800,30000,30000,91,50000
site-002,1791339802,49800,30000,30000,491,50000
site-001,1791339803,49800,30000,30000,91,50000
site-002,1791339803,49800,30000,30000,491,50000
site-001,1791339804,49800,30000,30000,91,50000
site-002,1791339804,49800,30000,30000,491,50000
site-001,1791339805,49800,30000,30000,91,50000
site-002,1791339805,49800,30000,30000,491,50000
site-001,1791339806,49800,30000,30000,91,50000
site-002,1791339806,49800,30000,30000,491,50000
site-001,1791339807,49800,30000,30000,90,50000
site-002,1791339807,49800,30000,30000,491,50000
site-001,1791339808,49800,30000,30000,90,50000
site-002,1791339808,49800,30000,30000,490,50000
site-001,1791339809,49800,30000,30000,90,50000
site-002,1791339809,49800,30000,30000,490,50000
site-001,1791339810,49800,30000,30000,90,50000
site-002,1791339810,49800,30000,30000,490,50000
site-001,1791339811,49800,30000,30000,90,50000
site-002,1791339811,49800,30000,30000,490,50000
site-001,1791339812,49800,30000,30000,90,50000
site-002,1791339812,49800,30000,30000,490,50000
site-001,1791339813,49800,30000,30000,90,50000
site-002,1791339813,49800,30000,30000,490,50000
site-001,1791339814,49800,30000,30000,90,50000
site-002,1791339814,49800,30000,30000,490,50000
site-001,1791339815,49800,30000,30000,90,50000
site-002,1791339815,49800,30000,30000,490,50000
site-001,1791339816,49800,30000,30000,90,50000
site-002,1791339816,49800,30000,30000,490,50000
site-001,1791339817,49800,30000,30000,90,50000
site-002,1791339817,49800,30000,30000,490,50000
site-001,1791339818,49800,30000,30000,90,50000
site-002,1791339818,49800,30000,30000,490,50000
site-001,1791339819,49800,30000,30000,89,50000
site-002,1791339819,49800,30000,30000,490,50000
site-001,1791339820,49800,30000,30000,89,50000
site-002,1791339820,49800,30000,30000,489,50000
site-001,1791339821,49800,30000,30000,89,50000
site-002,1791339821,49800,30000,30000,489,50000
site-001,1791339822,49800,30000,30000,89,50000
site-002,1791339822,49800,30000,30000,489,50000
site-001,1791339823,49800,30000,30000,89,50000
site-002,1791339823,49800,30000,30000,489,50000
site-001,1791339824,49800,30000,30000,89,50000
site-002,1791339824,49800,30000,30000,489,50000
site-001,1791339825,49800,30000,30000,89,50000
site-002,1791339825,49800,30000,30000,489,50000
site-001,1791339826,49800,30000,30000,89,50000
site-002,1791339826,49800,30000,30000,489,50000
site-001,1791339827,49800,30000,30000,89,50000
site-002,1791339827,49800,30000,30000,489,50000
site-001,1791339828,49800,30000,30000,89,50000
site-002,1791339828,49800,30000,30000,489,50000
site-001,1791339829,49800,30000,30000,89,50000
site-002,1791339829,49800,30000,30000,489,50000
site-001,1791339830,49800,30000,30000,89,50000
site-002,1791339830,49800,30000,30000,489,50000
site-001,1791339831,49800,30000,30000,88,50000
site-002,1791339831,49800,30000,30000,489,50000
site-001,1791339832,49800,30000,30000,88,50000
site-002,1791339832,49800,30000,30000,488,50000
site-001,1791339833,49800,30000,30000,88,50000
site-002,1791339833,49800,30000,30000,488,50000
site-001,1791339834,49800,30000,30000,88,50000
site-002,1791339834,49800,30000,30000,488,50000
site-001,1791339835,49800,30000,30000,88,50000
site-002,1791339835,49800,30000,30000,488,50000
site-001,1791339836,49800,30000,30000,88,50000
site-002,1791339836,49800,30000,30000,488,50000
site-001,1791339837,49800,30000,30000,88,50000
site-002,1791339837,49800,30000,30000,488,50000
site-001,1791339838,49800,30000,30000,88,50000
site-002,1791339838,49800,30000,30000,488,50000
site-001,1791339839,49800,30000,30000,88,50000
site-002,1791339839,49800,30000,30000,488,50000
site-001,1791339840,49800,30000,30000,88,50000
site-002,1791339840,49800,30000,30000,488,50000
site-001,1791339841,49800,30000,30000,88,50000
site-002,1791339841,49800,30000,30000,488,50000
site-001,1791339842,49800,30000,30000,88,50000
site-002,1791339842,49800,30000,30000,488,50000
site-001,1791339843,49800,30000,30000,87,50000
site-002,1791339843,49800,30000,30000,488,50000
site-001,1791339844,49800,30000,30000,87,50000
site-002,1791339844,49800,30000,30000,487,50000
site-001,1791339845,49800,30000,30000,87,50000
site-002,1791339845,49800,30000,30000,487,50000
site-001,1791339846,49800,30000,30000,87,50000
site-002,1791339846,49800,30000,30000,487,50000
site-001,1791339847,49800,30000,30000,87,50000
site-002,1791339847,49800,30000,30000,487,50000
site-001,1791339848,49800,30000,30000,87,50000
site-002,1791339848,49800,30000,30000,487,50000
site-001,1791339849,49800,30000,30000,87,50000
site-002,1791339849,49800,30000,30000,487,50000
site-001,1791339850,49800,30000,30000,87,50000
site-002,1791339850,49800,30000,30000,487,50000
site-001,1791339851,49800,30000,30000,87,50000
site-002,1791339851,49800,30000,30000,487,50000
site-001,1791339852,49800,30000,30000,87,50000
site-002,1791339852,49800,30000,30000,487,50000
site-001,1791339853,49800,30000,30000,87,50000
site-002,1791339853,49800,30000,30000,487,50000
site-001,1791339854,49800,30000,30000,87,50000
site-002,1791339854,49800,30000,30000,487,50000
site-001,1791339855,49800,30000,30000,86,50000
site-002,1791339855,49800,30000,30000,487,50000
site-001,1791339856,49800,30000,30000,86,50000
site-002,1791339856,49800,30000,30000,486,50000
site-001,1791339857,49800,30000,30000,86,50000
site-002,1791339857,49800,30000,30000,486,50000
site-001,1791339858,49800,30000,30000,86,50000
site-002,1791339858,49800,30000,30000,486,50000
site-001,1791339859,49800,30000,30000,86,50000
site-002,1791339859,49800,30000,30000,486,50000
site-001,1791339860,49800,30000,30000,86,50000
site-002,1791339860,49800,30000,30000,486,50000
site-001,1791339861,49800,30000,30000,86,50000
site-002,1791339861,49800,30000,30000,486,50000
site-001,1791339862,49800,30000,30000,86,50000
site-002,1791339862,49800,30000,30000,486,50000
site-001,1791339863,49800,30000,30000,86,50000
site-002,1791339863,49800,30000,30000,486,50000
site-001,1791339864,49800,30000,30000,86,50000
site-002,1791339864,49800,30000,30000,486,50000
site-001,1791339865,49800,30000,30000,86,50000
site-002,1791339865,49800,30000,30000,486,50000
site-001,1791339866,49800,30000,30000,86,50000
site-002,1791339866,49800,30000,30000,486,50000
site-001,1791339867,49800,30000,30000,85,50000
site-002,1791339867,49800,30000,30000,486,50000
site-001,1791339868,49800,30000,30000,85,50000
site-002,1791339868,49800,30000,30000,485,50000
site-001,1791339869,49800,30000,30000,85,50000
site-002,1791339869,49800,30000,30000,485,50000
site-001,1791339870,49800,30000,30000,85,50000
site-002,1791339870,49800,30000,30000,485,50000
site-001,1791339871,49800,30000,30000,85,50000
site-002,1791339871,49800,30000,30000,485,50000
site-001,1791339872,49800,30000,30000,85,50000
site-002,1791339872,49800,30000,30000,485,50000
site-001,1791339873,49800,30000,30000,85,50000
site-002,1791339873,49800,30000,30000,485,50000
site-001,1791339874,49800,30000,30000,85,50000
site-002,1791339874,49800,30000,30000,485,50000
site-001,1791339875,49800,30000,30000,85,50000
site-002,1791339875,49800,30000,30000,485,50000
site-001,1791339876,49800,30000,30000,85,50000
site-002,1791339876,49800,30000,30000,485,50000
site-001,1791339877,49800,30000,30000,85,50000
site-002,1791339877,49800,30000,30000,485,50000
site-001,1791339878,49800,30000,30000,85,50000
site-002,1791339878,49800,30000,30000,485,50000
site-001,1791339879,49800,30000,30000,84,50000
site-002,1791339879,49800,30000,30000,485,50000
site-001,1791339880,49800,30000,30000,84,50000
site-002,1791339880,49800,30000,30000,484,50000
site-001,1791339881,49800,30000,30000,84,50000
site-002,1791339881,49800,30000,30000,484,50000
site-001,1791339882,49800,30000,30000,84,50000
site-002,1791339882,49800,30000,30000,484,50000
site-001,1791339883,49800,30000,30000,84,50000
site-002,1791339883,49800,30000,30000,484,50000
site-001,1791339884,49800,30000,30000,84,50000
site-002,1791339884,49800,30000,30000,484,50000
site-001,1791339885,49800,30000,30000,84,50000
site-002,1791339885,49800,30000,30000,484,50000
site-001,1791339886,49800,30000,30000,84,50000
site-002,1791339886,49800,30000,30000,484,50000
site-001,1791339887,49800,30000,30000,84,50000
site-002,1791339887,49800,30000,30000,484,50000
site-001,1791339888,49800,30000,30000,84,50000
site-002,1791339888,49800,30000,30000,484,50000
site-001,1791339889,49800,30000,30000,84,50000
site-002,1791339889,49800,30000,30000,484,50000
site-001,1791339890,49800,30000,30000,84,50000
site-002,1791339890,49800,30000,30000,484,50000
site-001,1791339891,49800,30000,30000,83,50000
site-002,1791339891,49800,30000,30000,484,50000
site-001,1791339892,49800,30000,30000,83,50000
site-002,1791339892,49800,30000,30000,483,50000
site-001,1791339893,49800,30000,30000,83,50000
site-002,1791339893,49800,30000,30000,483,50000
site-001,1791339894,49800,30000,30000,83,50000
site-002,1791339894,49800,30000,30000,483,50000
site-001,1791339895,49800,30000,30000,83,50000
site-002,1791339895,49800,30000,30000,483,50000
site-001,1791339896,49800,30000,30000,83,50000
site-002,1791339896,49800,30000,30000,483,50000
site-001,1791339897,49800,30000,30000,83,50000
site-002,1791339897,49800,30000,30000,483,50000
site-001,1791339898,49800,30000,30000,83,50000
site-002,1791339898,49800,30000,30000,483,50000
site-001,1791339899,49800,30000,30000,83,50000
site-002,1791339899,49800,30000,30000,483,50000
site-001,1791339900,49800,30000,30000,83,50000
site-002,1791339900,49800,30000,30000,483,50000
site-001,1791339901,49800,30000,30000,83,50000
site-002,1791339901,49800,30000,30000,483,50000
site-001,1791339902,49800,30000,30000,83,50000
site-002,1791339902,49800,30000,30000,483,50000
site-001,1791339903,49800,30000,30000,82,50000
site-002,1791339903,49800,30000,30000,483,50000
site-001,1791339904,49800,30000,30000,82,50000
site-002,1791339904,49800,30000,30000,482,50000
site-001,1791339905,49800,30000,30000,82,50000
site-002,1791339905,49800,30000,30000,482,50000
site-001,1791339906,49800,30000,30000,82,50000
site-002,1791339906,49800,30000,30000,482,50000
site-001,1791339907,49800,30000,30000,82,50000
site-002,1791339907,49800,30000,30000,482,50000
site-001,1791339908,49800,30000,30000,82,50000
site-002,1791339908,49800,30000,30000,482,50000
site-001,1791339909,49800,30000,30000,82,50000
site-002,1791339909,49800,30000,30000,482,50000
site-001,1791339910,49800,30000,30000,82,50000
site-002,1791339910,49800,30000,30000,482,50000
site-001,1791339911,49800,30000,30000,82,50000
site-002,1791339911,49800,30000,30000,482,50000
site-001,1791339912,49800,30000,30000,82,50000
site-002,1791339912,49800,30000,30000,482,50000
site-001,1791339913,49800,30000,30000,82,50000
site-002,1791339913,49800,30000,30000,482,50000
site-001,1791339914,49800,30000,30000,82,50000
site-002,1791339914,49800,30000,30000,482,50000
site-001,1791339915,49800,30000,30000,81,50000
site-002,1791339915,49800,30000,30000,482,50000
site-001,1791339916,49800,30000,30000,81,50000
site-002,1791339916,49800,30000,30000,481,50000
site-001,1791339917,49800,30000,30000,81,50000
site-002,1791339917,49800,30000,30000,481,50000
site-001,1791339918,49800,30000,30000,81,50000
site-002,1791339918,49800,30000,30000,481,50000
site-001,1791339919,49800,30000,30000,81,50000
site-002,1791339919,49800,30000,30000,481,50000
site-001,1791339920,49800,30000,30000,81,50000
site-002,1791339920,49800,30000,30000,481,50000
site-001,1791339921,49800,30000,30000,81,50000
site-002,1791339921,49800,30000,30000,481,50000
site-001,1791339922,49800,30000,30000,81,50000
site-002,1791339922,49800,30000,30000,481,50000
site-001,1791339923,49800,30000,30000,81,50000
site-002,1791339923,49800,30000,30000,481,50000
site-001,1791339924,49800,30000,30000,81,50000
site-002,1791339924,49800,30000,30000,481,50000
site-001,1791339925,49800,30000,30000,81,50000
site-002,1791339925,49800,30000,30000,481,50000
site-001,1791339926,49800,30000,30000,81,50000
site-002,1791339926,49800,30000,30000,481,50000
site-001,1791339927,49800,30000,30000,80,50000
site-002,1791339927,49800,30000,30000,481,50000
site-001,1791339928,49800,30000,30000,80,50000
site-002,1791339928,49800,30000,30000,480,50000
site-001,1791339929,49800,30000,30000,80,50000
site-002,1791339929,49800,30000,30000,480,50000
site-001,1791339930,49800,30000,30000,80,50000
site-002,1791339930,49800,30000,30000,480,50000
site-001,1791339931,49800,30000,30000,80,50000
site-002,1791339931,49800,30000,30000,480,50000
site-001,1791339932,49800,30000,30000,80,50000
site-002,1791339932,49800,30000,30000,480,50000
site-001,1791339933,49800,30000,30000,80,50000
site-002,1791339933,49800,30000,30000,480,50000
site-001,1791339934,49800,30000,30000,80,50000
site-002,1791339934,49800,30000,30000,480,50000
site-001,1791339935,49800,30000,30000,80,50000
site-002,1791339935,49800,30000,30000,480,50000
site-001,1791339936,49800,30000,30000,80,50000
site-002,1791339936,49800,30000,30000,480,50000
site-001,1791339937,49800,30000,30000,80,50000
site-002,1791339937,49800,30000,30000,480,50000
site-001,1791339938,49800,30000,30000,80,50000
site-002,1791339938,49800,30000,30000,480,50000
site-001,1791339939,49800,30000,30000,79,50000
site-002,1791339939,49800,30000,30000,480,50000
site-001,1791339940,49800,30000,30000,79,50000
site-002,1791339940,49800,30000,30000,479,50000
site-001,1791339941,49800,30000,30000,79,50000
site-002,1791339941,49800,30000,30000,479,50000
site-001,1791339942,49800,30000,30000,79,50000
site-002,1791339942,49800,30000,30000,479,50000
site-001,1791339943,49800,30000,30000,79,50000
site-002,1791339943,49800,30000,30000,479,50000
site-001,1791339944,49800,30000,30000,79,50000
site-002,1791339944,49800,30000,30000,479,50000
site-001,1791339945,49800,30000,30000,79,50000
site-002,1791339945,49800,30000,30000,479,50000
site-001,1791339946,49800,30000,30000,79,50000
site-002,1791339946,49800,30000,30000,479,50000
site-001,1791339947,49800,30000,30000,79,50000
site-002,1791339947,49800,30000,30000,479,50000
site-001,1791339948,49800,30000,30000,79,50000
site-002,1791339948,49800,30000,30000,479,50000
site-001,1791339949,49800,30000,30000,79,50000
site-002,1791339949,49800,30000,30000,479,50000
site-001,1791339950,49800,30000,30000,79,50000
site-002,1791339950,49800,30000,30000,479,50000
site-001,1791339951,49800,30000,30000,78,50000
site-002,1791339951,49800,30000,30000,479,50000
site-001,1791339952,49800,30000,30000,78,50000
site-002,1791339952,49800,30000,30000,478,50000
site-001,1791339953,49800,30000,30000,78,50000
site-002,1791339953,49800,30000,30000,478,50000
site-001,1791339954,49800,30000,30000,78,50000
site-002,1791339954,49800,30000,30000,478,50000
site-001,1791339955,49800,30000,30000,78,50000
site-002,1791339955,49800,30000,30000,478,50000
site-001,1791339956,49800,30000,30000,78,50000
site-002,1791339956,49800,30000,30000,478,50000
site-001,1791339957,49800,30000,30000,78,50000
site-002,1791339957,49800,30000,30000,478,50000
site-001,1791339958,49800,30000,30000,78,50000
site-002,1791339958,49800,30000,30000,478,50000
site-001,1791339959,49800,30000,30000,78,50000
site-002,1791339959,49800,30000,30000,478,50000
site-001,1791339960,49800,30000,30000,78,50000
site-002,1791339960,49800,30000,30000,478,50000
site-001,1791339961,49800,30000,30000,78,50000
site-002,1791339961,49800,30000,30000,478,50000
site-001,1791339962,49800,30000,30000,78,50000
site-002,1791339962,49800,30000,30000,478,50000
site-001,1791339963,49800,30000,30000,77,50000
site-002,1791339963,49800,30000,30000,478,50000
site-001,1791339964,49800,30000,30000,77,50000
site-002,1791339964,49800,30000,30000,477,50000
site-001,1791339965,49800,30000,30000,77,50000
site-002,1791339965,49800,30000,30000,477,50000
site-001,1791339966,49800,30000,30000,77,50000
site-002,1791339966,49800,30000,30000,477,50000
site-001,1791339967,49800,30000,30000,77,50000
site-002,1791339967,49800,30000,30000,477,50000
site-001,1791339968,49800,30000,30000,77,50000
site-002,1791339968,49800,30000,30000,477,50000
site-001,1791339969,49800,30000,30000,77,50000
site-002,1791339969,49800,30000,30000,477,50000
site-001,1791339970,49800,30000,30000,77,50000
site-002,1791339970,49800,30000,30000,477,50000
site-001,1791339971,49800,30000,30000,77,50000
site-002,1791339971,49800,30000,30000,477,50000
site-001,1791339972,49800,30000,30000,77,50000
site-002,1791339972,49800,30000,30000,477,50000
site-001,1791339973,49800,30000,30000,77,50000
site-002,1791339973,49800,30000,30000,477,50000
site-001,1791339974,49800,30000,30000,77,50000
site-002,1791339974,49800,30000,30000,477,50000
site-001,1791339975,49800,30000,30000,76,50000
site-002,1791339975,49800,30000,30000,477,50000
site-001,1791339976,49800,30000,30000,76,50000
site-002,1791339976,49800,30000,30000,476,50000
site-001,1791339977,49800,30000,30000,76,50000
site-002,1791339977,49800,30000,30000,476,50000
site-001,1791339978,49800,30000,30000,76,50000
site-002,1791339978,49800,30000,30000,476,50000
site-001,1791339979,49800,30000,30000,76,50000
site-002,1791339979,49800,30000,30000,476,50000
site-001,1791339980,49800,30000,30000,76,50000
site-002,1791339980,49800,30000,30000,476,50000
site-001,1791339981,49800,30000,30000,76,50000
site-002,1791339981,49800,30000,30000,476,50000
site-001,1791339982,49800,30000,30000,76,50000
site-002,1791339982,49800,30000,30000,476,50000
site-001,1791339983,49800,30000,30000,76,50000
site-002,1791339983,49800,30000,30000,476,50000
site-001,1791339984,49800,30000,30000,76,50000
site-002,1791339984,49800,30000,30000,476,50000
site-001,1791339985,49800,30000,30000,76,50000
site-002,1791339985,49800,30000,30000,476,50000
site-001,1791339986,49800,30000,30000,76,50000
site-002,1791339986,49800,30000,30000,476,50000
site-001,1791339987,49800,30000,30000,75,50000
site-002,1791339987,49800,30000,30000,476,50000
site-001,1791339988,49800,30000,30000,75,50000
site-002,1791339988,49800,30000,30000,475,50000
site-001,1791339989,49800,30000,30000,75,50000
site-002,1791339989,49800,30000,30000,475,50000
site-001,1791339990,49800,30000,30000,75,50000
site-002,1791339990,49800,30000,30000,475,50000
site-001,1791339991,49800,30000,30000,75,50000
site-002,1791339991,49800,30000,30000,475,50000
site-001,1791339992,49800,30000,30000,75,50000
site-002,1791339992,49800,30000,30000,475,50000
site-001,1791339993,49800,30000,30000,75,50000
site-002,1791339993,49800,30000,30000,475,50000
site-001,1791339994,49800,30000,30000,75,50000
site-002,1791339994,49800,30000,30000,475,50000
site-001,1791339995,49800,30000,30000,75,50000
site-002,1791339995,49800,30000,30000,475,50000
site-001,1791339996,49800,30000,30000,75,50000
site-002,1791339996,49800,30000,30000,475,50000
site-001,1791339997,49800,30000,30000,75,50000
site-002,1791339997,49800,30000,30000,475,50000
site-001,1791339998,49800,30000,30000,75,50000
site-002,1791339998,49800,30000,30000,475,50000
site-001,1791339999,49800,30000,30000,74,50000
site-002,1791339999,49800,30000,30000,475,50000
site-001,1791340000,49800,30000,30000,74,50000
site-002,1791340000,49800,30000,30000,474,50000
site-001,1791340001,49800,30000,30000,74,50000
site-002,1791340001,49800,30000,30000,474,50000
site-001,1791340002,49800,30000,30000,74,50000
site-002,1791340002,49800,30000,30000,474,50000
site-001,1791340003,49800,30000,30000,74,50000
site-002,1791340003,49800,30000,30000,474,50000
site-001,1791340004,49800,30000,30000,74,50000
site-002,1791340004,49800,30000,30000,474,50000
site-001,1791340005,49800,30000,30000,74,50000
site-002,1791340005,49800,30000,30000,474,50000
site-001,1791340006,49800,30000,30000,74,50000
site-002,1791340006,49800,30000,30000,474,50000
site-001,1791340007,49800,30000,30000,74,50000
site-002,1791340007,49800,30000,30000,474,50000
site-001,1791340008,49800,30000,30000,74,50000
site-002,1791340008,49800,30000,30000,474,50000
site-001,1791340009,49800,30000,30000,74,50000
site-002,1791340009,49800,30000,30000,474,50000
site-001,1791340010,49800,30000,30000,74,50000
site-002,1791340010,49800,30000,30000,474,50000
site-001,1791340011,49800,30000,30000,73,50000
site-002,1791340011,49800,30000,30000,474,50000
site-001,1791340012,49800,30000,30000,73,50000
site-002,1791340012,49800,30000,30000,473,50000
site-001,1791340013,49800,30000,30000,73,50000
site-002,1791340013,49800,30000,30000,473,50000
site-001,1791340014,49800,30000,30000,73,50000
site-002,1791340014,49800,30000,30000,473,50000
site-001,1791340015,49800,30000,30000,73,50000
site-002,1791340015,49800,30000,30000,473,50000
site-001,1791340016,49800,30000,30000,73,50000
site-002,1791340016,49800,30000,30000,473,50000
site-001,1791340017,49800,30000,30000,73,50000
site-002,1791340017,49800,30000,30000,473,50000
site-001,1791340018,49800,30000,30000,73,50000
site-002,1791340018,49800,30000,30000,473,50000
site-001,1791340019,49800,30000,30000,73,50000
site-002,1791340019,49800,30000,30000,473,50000
site-001,1791340020,49800,30000,30000,73,50000
site-002,1791340020,49800,30000,30000,473,50000
site-001,1791340021,49800,30000,30000,73,50000
site-002,1791340021,49800,30000,30000,473,50000
site-001,1791340022,49800,30000,30000,73,50000
site-002,1791340022,49800,30000,30000,473,50000
site-001,1791340023,49800,30000,30000,72,50000
site-002,1791340023,49800,30000,30000,473,50000
site-001,1791340024,49800,30000,30000,72,50000
site-002,1791340024,49800,30000,30000,472,50000
site-001,1791340025,49800,30000,30000,72,50000
site-002,1791340025,49800,30000,30000,472,50000
site-001,1791340026,49800,30000,30000,72,50000
site-002,1791340026,49800,30000,30000,472,50000
site-001,1791340027,49800,30000,30000,72,50000
site-002,1791340027,49800,30000,30000,472,50000
site-001,1791340028,49800,30000,30000,72,50000
site-002,1791340028,49800,30000,30000,472,50000
site-001,1791340029,49800,30000,30000,72,50000
site-002,1791340029,49800,30000,30000,472,50000
site-001,1791340030,49800,30000,30000,72,50000
site-002,1791340030,49800,30000,30000,472,50000
site-001,1791340031,49800,30000,30000,72,50000
site-002,1791340031,49800,30000,30000,472,50000
site-001,1791340032,49800,30000,30000,72,50000
site-002,1791340032,49800,30000,30000,472,50000
site-001,1791340033,49800,30000,30000,72,50000
site-002,1791340033,49800,30000,30000,472,50000
site-001,1791340034,49800,30000,30000,72,50000
site-002,1791340034,49800,30000,30000,472,50000
site-001,1791340035,49800,30000,30000,71,50000
site-002,1791340035,49800,30000,30000,472,50000
site-001,1791340036,49800,30000,30000,71,50000
site-002,1791340036,49800,30000,30000,471,50000
site-001,1791340037,49800,30000,30000,71,50000
site-002,1791340037,49800,30000,30000,471,50000
site-001,1791340038,49800,30000,30000,71,50000
site-002,1791340038,49800,30000,30000,471,50000
site-001,1791340039,49800,30000,30000,71,50000
site-002,1791340039,49800,30000,30000,471,50000
site-001,1791340040,49800,30000,30000,71,50000
site-002,1791340040,49800,30000,30000,471,50000
site-001,1791340041,49800,30000,30000,71,50000
site-002,1791340041,49800,30000,30000,471,50000
site-001,1791340042,49800,30000,30000,71,50000
site-002,1791340042,49800,30000,30000,471,50000
site-001,1791340043,49800,30000,30000,71,50000
site-002,1791340043,49800,30000,30000,471,50000
site-001,1791340044,49800,30000,30000,71,50000
site-002,1791340044,49800,30000,30000,471,50000
site-001,1791340045,49800,30000,30000,71,50000
site-002,1791340045,49800,30000,30000,471,50000
site-001,1791340046,49800,30000,30000,71,50000
site-002,1791340046,49800,30000,30000,471,50000
site-001,1791340047,49800,30000,30000,70,50000
site-002,1791340047,49800,30000,30000,471,50000
site-001,1791340048,49800,30000,30000,70,50000
site-002,1791340048,49800,30000,30000,470,50000
site-001,1791340049,49800,30000,30000,70,50000
site-002,1791340049,49800,30000,30000,470,50000
site-001,1791340050,49800,30000,30000,70,50000
site-002,1791340050,49800,30000,30000,470,50000
site-001,1791340051,49800,30000,30000,70,50000
site-002,1791340051,49800,30000,30000,470,50000
site-001,1791340052,49800,30000,30000,70,50000
site-002,1791340052,49800,30000,30000,470,50000
site-001,1791340053,49800,30000,30000,70,50000
site-002,1791340053,49800,30000,30000,470,50000
site-001,1791340054,49800,30000,30000,70,50000
site-002,1791340054,49800,30000,30000,470,50000
site-001,1791340055,49800,30000,30000,70,50000
site-002,1791340055,49800,30000,30000,470,50000
site-001,1791340056,49800,30000,30000,70,50000
site-002,1791340056,49800,30000,30000,470,50000
site-001,1791340057,49800,30000,30000,70,50000
site-002,1791340057,49800,30000,30000,470,50000
site-001,1791340058,49800,30000,30000,70,50000
site-002,1791340058,49800,30000,30000,470,50000
site-001,1791340059,49800,30000,30000,69,50000
site-002,1791340059,49800,30000,30000,470,50000
site-001,1791340060,49800,30000,30000,69,50000
site-002,1791340060,49800,30000,30000,469,50000
site-001,1791340061,49800,30000,30000,69,50000
site-002,1791340061,49800,30000,30000,469,50000
site-001,1791340062,49800,30000,30000,69,50000
site-002,1791340062,49800,30000,30000,469,50000
site-001,1791340063,49800,30000,30000,69,50000
site-002,1791340063,49800,30000,30000,469,50000
site-001,1791340064,49800,30000,30000,69,50000
site-002,1791340064,49800,30000,30000,469,50000
site-001,1791340065,49800,30000,30000,69,50000
site-002,1791340065,49800,30000,30000,469,50000
site-001,1791340066,49800,30000,30000,69,50000
site-002,1791340066,49800,30000,30000,469,50000
site-001,1791340067,49800,30000,30000,69,50000
site-002,1791340067,49800,30000,30000,469,50000
site-001,1791340068,49800,30000,30000,69,50000
site-002,1791340068,49800,30000,30000,469,50000
site-001,1791340069,49800,30000,30000,69,50000
site-002,1791340069,49800,30000,30000,469,50000
site-001,1791340070,49800,30000,30000,69,50000
site-002,1791340070,49800,30000,30000,469,50000
site-001,1791340071,49800,30000,30000,68,50000
site-002,1791340071,49800,30000,30000,469,50000
site-001,1791340072,49800,30000,30000,68,50000
site-002,1791340072,49800,30000,30000,468,50000
site-001,1791340073,49800,30000,30000,68,50000
site-002,1791340073,49800,30000,30000,468,50000
site-001,1791340074,49800,30000,30000,68,50000
site-002,1791340074,49800,30000,30000,468,50000
site-001,1791340075,49800,30000,30000,68,50000
site-002,1791340075,49800,30000,30000,468,50000
site-001,1791340076,49800,30000,30000,68,50000
site-002,1791340076,49800,30000,30000,468,50000
site-001,1791340077,49800,30000,30000,68,50000
site-002,1791340077,49800,30000,30000,468,50000
site-001,1791340078,49800,30000,30000,68,50000
site-002,1791340078,49800,30000,30000,468,50000
site-001,1791340079,49800,30000,30000,68,50000
site-002,1791340079,49800,30000,30000,468,50000
site-001,1791340080,49800,30000,30000,68,50000
site-002,1791340080,49800,30000,30000,468,50000
site-001,1791340081,49800,30000,30000,68,50000
site-002,1791340081,49800,30000,30000,468,50000
site-001,1791340082,49800,30000,30000,68,50000
site-002,1791340082,49800,30000,30000,468,50000
site-001,1791340083,49800,30000,30000,67,50000
site-002,1791340083,49800,30000,30000,468,50000
site-001,1791340084,49800,30000,30000,67,50000
site-002,1791340084,49800,30000,30000,467,50000
site-001,1791340085,49800,30000,30000,67,50000
site-002,1791340085,49800,30000,30000,467,50000
site-001,1791340086,49800,30000,30000,67,50000
site-002,1791340086,49800,30000,30000,467,50000
site-001,1791340087,49800,30000,30000,67,50000
site-002,1791340087,49800,30000,30000,467,50000
site-001,1791340088,49800,30000,30000,67,50000
site-002,1791340088,49800,30000,30000,467,50000
site-001,1791340089,49800,30000,30000,67,50000
site-002,1791340089,49800,30000,30000,467,50000
site-001,1791340090,49800,30000,30000,67,50000
site-002,1791340090,49800,30000,30000,467,50000
site-001,1791340091,49800,30000,30000,67,50000
site-002,1791340091,49800,30000,30000,467,50000
site-001,1791340092,49800,30000,30000,67,50000
site-002,1791340092,49800,30000,30000,467,50000
site-001,1791340093,49800,30000,30000,67,50000
site-002,1791340093,49800,30000,30000,467,50000
site-001,1791340094,49800,30000,30000,67,50000
site-002,1791340094,49800,30000,30000,467,50000
site-001,1791340095,49800,30000,30000,66,50000
site-002,1791340095,49800,30000,30000,467,50000
site-001,1791340096,49800,30000,30000,66,50000
site-002,1791340096,49800,30000,30000,466,50000
site-001,1791340097,49800,30000,30000,66,50000
site-002,1791340097,49800,30000,30000,466,50000
site-001,1791340098,49800,30000,30000,66,50000
site-002,1791340098,49800,30000,30000,466,50000
site-001,1791340099,49800,30000,30000,66,50000
site-002,1791340099,49800,30000,30000,466,50000
site-001,1791340100,49800,30000,30000,66,50000
site-002,1791340100,49800,30000,30000,466,50000
site-001,1791340101,49800,30000,30000,66,50000
site-002,1791340101,49800,30000,30000,466,50000
site-001,1791340102,49800,30000,30000,66,50000
site-002,1791340102,49800,30000,30000,466,50000
site-001,1791340103,49800,30000,30000,66,50000
site-002,1791340103,49800,30000,30000,466,50000
site-001,1791340104,49800,30000,30000,66,50000
site-002,1791340104,49800,30000,30000,466,50000
site-001,1791340105,49800,30000,30000,66,50000
site-002,1791340105,49800,30000,30000,466,50000
site-001,1791340106,49800,30000,30000,66,50000
site-002,1791340106,49800,30000,30000,466,50000
site-001,1791340107,49800,30000,30000,65,50000
site-002,1791340107,49800,30000,30000,466,50000
site-001,1791340108,49800,30000,30000,65,50000
site-002,1791340108,49800,30000,30000,465,50000
site-001,1791340109,49800,30000,30000,65,50000
site-002,1791340109,49800,30000,30000,465,50000
site-001,1791340110,49800,30000,30000,65,50000
site-002,1791340110,49800,30000,30000,465,50000
site-001,1791340111,49800,30000,30000,65,50000
site-002,1791340111,49800,30000,30000,465,50000
site-001,1791340112,49800,30000,30000,65,50000
site-002,1791340112,49800,30000,30000,465,50000
site-001,1791340113,49800,30000,30000,65,50000
site-002,1791340113,49800,30000,30000,465,50000
site-001,1791340114,49800,30000,30000,65,50000
site-002,1791340114,49800,30000,30000,465,50000
site-001,1791340115,49800,30000,30000,65,50000
site-002,1791340115,49800,30000,30000,465,50000
site-001,1791340116,49800,30000,30000,65,50000
site-002,1791340116,49800,30000,30000,465,50000
site-001,1791340117,49800,30000,30000,65,50000
site-002,1791340117,49800,30000,30000,465,50000
site-001,1791340118,49800,30000,30000,65,50000
site-002,1791340118,49800,30000,30000,465,50000
site-001,1791340119,49800,30000,30000,64,50000
site-002,1791340119,49800,30000,30000,465,50000
site-001,1791340120,49800,30000,30000,64,50000
site-002,1791340120,49800,30000,30000,464,50000
site-001,1791340121,49800,30000,30000,64,50000
site-002,1791340121,49800,30000,30000,464,50000
site-001,1791340122,49800,30000,30000,64,50000
site-002,1791340122,49800,30000,30000,464,50000
site-001,1791340123,49800,30000,30000,64,50000
site-002,1791340123,49800,30000,30000,464,50000
site-001,1791340124,49800,30000,30000,64,50000
site-002,1791340124,49800,30000,30000,464,50000
site-001,1791340125,49800,30000,30000,64,50000
site-002,1791340125,49800,30000,30000,464,50000
site-001,1791340126,49800,30000,30000,64,50000
site-002,1791340126,49800,30000,30000,464,50000
site-001,1791340127,49800,30000,30000,64,50000
site-002,1791340127,49800,30000,30000,464,50000
site-001,1791340128,49800,30000,30000,64,50000
site-002,1791340128,49800,30000,30000,464,50000
site-001,1791340129,49800,30000,30000,64,50000
site-002,1791340129,49800,30000,30000,464,50000
site-001,1791340130,49800,30000,30000,64,50000
site-002,1791340130,49800,30000,30000,464,50000
site-001,1791340131,49800,30000,30000,63,50000
site-002,1791340131,49800,30000,30000,464,50000
site-001,1791340132,49800,30000,30000,63,50000
site-002,1791340132,49800,30000,30000,463,50000
site-001,1791340133,49800,30000,30000,63,50000
site-002,1791340133,49800,30000,30000,463,50000
site-001,1791340134,49800,30000,30000,63,50000
site-002,1791340134,49800,30000,30000,463,50000
site-001,1791340135,49800,30000,30000,63,50000
site-002,1791340135,49800,30000,30000,463,50000
site-001,1791340136,49800,30000,30000,63,50000
site-002,1791340136,49800,30000,30000,463,50000
site-001,1791340137,49800,30000,30000,63,50000
site-002,1791340137,49800,30000,30000,463,50000
site-001,1791340138,49800,30000,30000,63,50000
site-002,1791340138,49800,30000,30000,463,50000
site-001,1791340139,49800,30000,30000,63,50000
site-002,1791340139,49800,30000,30000,463,50000
site-001,1791340140,49800,30000,30000,63,50000
site-002,1791340140,49800,30000,30000,463,50000
site-001,1791340141,49800,30000,30000,63,50000
site-002,1791340141,49800,30000,30000,463,50000
site-001,1791340142,49800,30000,30000,63,50000
site-002,1791340142,49800,30000,30000,463,50000
site-001,1791340143,49800,30000,30000,62,50000
site-002,1791340143,49800,30000,30000,463,50000
site-001,1791340144,49800,30000,30000,62,50000
site-002,1791340144,49800,30000,30000,462,50000
site-001,1791340145,49800,30000,30000,62,50000
site-002,1791340145,49800,30000,30000,462,50000
site-001,1791340146,49800,30000,30000,62,50000
site-002,1791340146,49800,30000,30000,462,50000
site-001,1791340147,49800,30000,30000,62,50000
site-002,1791340147,49800,30000,30000,462,50000
site-001,1791340148,49800,30000,30000,62,50000
site-002,1791340148,49800,30000,30000,462,50000
site-001,1791340149,49800,30000,30000,62,50000
site-002,1791340149,49800,30000,30000,462,50000
site-001,1791340150,49800,30000,30000,62,50000
site-002,1791340150,49800,30000,30000,462,50000
site-001,1791340151,49800,30000,30000,62,50000
site-002,1791340151,49800,30000,30000,462,50000
site-001,1791340152,49800,30000,30000,62,50000
site-002,1791340152,49800,30000,30000,462,50000
site-001,1791340153,49800,30000,30000,62,50000
site-002,1791340153,49800,30000,30000,462,50000
site-001,1791340154,49800,30000,30000,62,50000
site-002,1791340154,49800,30000,30000,462,50000
site-001,1791340155,49800,30000,30000,61,50000
site-002,1791340155,49800,30000,30000,462,50000
site-001,1791340156,49800,30000,30000,61,50000
site-002,1791340156,49800,30000,30000,461,50000
site-001,1791340157,49800,30000,30000,61,50000
site-002,1791340157,49800,30000,30000,461,50000
site-001,1791340158,49800,30000,30000,61,50000
site-002,1791340158,49800,30000,30000,461,50000
site-001,1791340159,49800,30000,30000,61,50000
site-002,1791340159,49800,30000,30000,461,50000
site-001,1791340160,49800,30000,30000,61,50000
site-002,1791340160,49800,30000,30000,461,50000
site-001,1791340161,49800,30000,30000,61,50000
site-002,1791340161,49800,30000,30000,461,50000
site-001,1791340162,49800,30000,30000,61,50000
site-002,1791340162,49800,30000,30000,461,50000
site-001,1791340163,49800,30000,30000,61,50000
site-002,1791340163,49800,30000,30000,461,50000
site-001,1791340164,49800,30000,30000,61,50000
site-002,1791340164,49800,30000,30000,461,50000
site-001,1791340165,49800,30000,30000,61,50000
site-002,1791340165,49800,30000,30000,461,50000
site-001,1791340166,49800,30000,30000,61,50000
site-002,1791340166,49800,30000,30000,461,50000
site-001,1791340167,49800,30000,30000,60,50000
site-002,1791340167,49800,30000,30000,461,50000
site-001,1791340168,49800,30000,30000,60,50000
site-002,1791340168,49800,30000,30000,460,50000
site-001,1791340169,49800,30000,30000,60,50000
site-002,1791340169,49800,30000,30000,460,50000
site-001,1791340170,49800,30000,30000,60,50000
site-002,1791340170,49800,30000,30000,460,50000
site-001,1791340171,49800,30000,30000,60,50000
site-002,1791340171,49800,30000,30000,460,50000
site-001,1791340172,49800,30000,30000,60,50000
site-002,1791340172,49800,30000,30000,460,50000
site-001,1791340173,49800,30000,30000,60,50000
site-002,1791340173,49800,30000,30000,460,50000
site-001,1791340174,49800,30000,30000,60,50000
site-002,1791340174,49800,30000,30000,460,50000
site-001,1791340175,49800,30000,30000,60,50000
site-002,1791340175,49800,30000,30000,460,50000
site-001,1791340176,49800,30000,30000,60,50000
site-002,1791340176,49800,30000,30000,460,50000
site-001,1791340177,49800,30000,30000,60,50000
site-002,1791340177,49800,30000,30000,460,50000
site-001,1791340178,49800,30000,30000,60,50000
site-002,1791340178,49800,30000,30000,460,50000
site-001,1791340179,49800,30000,30000,59,50000
site-002,1791340179,49800,30000,30000,460,50000
site-001,1791340180,49800,30000,30000,59,50000
site-002,1791340180,49800,30000,30000,459,50000
site-001,1791340181,49800,30000,30000,59,50000
site-002,1791340181,49800,30000,30000,459,50000
site-001,1791340182,49800,30000,30000,59,50000
site-002,1791340182,49800,30000,30000,459,50000
site-001,1791340183,49800,30000,30000,59,50000
site-002,1791340183,49800,30000,30000,459,50000
site-001,1791340184,49800,30000,30000,59,50000
site-002,1791340184,49800,30000,30000,459,50000
site-001,1791340185,49800,30000,30000,59,50000
site-002,1791340185,49800,30000,30000,459,50000
site-001,1791340186,49800,30000,30000,59,50000
site-002,1791340186,49800,30000,30000,459,50000
site-001,1791340187,49800,30000,30000,59,50000
site-002,1791340187,49800,30000,30000,459,50000
site-001,1791340188,49800,30000,30000,59,50000
site-002,1791340188,49800,30000,30000,459,50000
site-001,1791340189,49800,30000,30000,59,50000
site-002,1791340189,49800,30000,30000,459,50000
site-001,1791340190,49800,30000,30000,59,50000
site-002,1791340190,49800,30000,30000,459,50000
site-001,1791340191,49800,30000,30000,58,50000
site-002,1791340191,49800,30000,30000,459,50000
site-001,1791340192,49800,30000,30000,58,50000
site-002,1791340192,49800,30000,30000,458,50000
site-001,1791340193,49800,30000,30000,58,50000
site-002,1791340193,49800,30000,30000,458,50000
site-001,1791340194,49800,30000,30000,58,50000
site-002,1791340194,49800,30000,30000,458,50000
site-001,1791340195,49800,30000,30000,58,50000
site-002,1791340195,49800,30000,30000,458,50000
site-001,1791340196,49800,30000,30000,58,50000
site-002,1791340196,49800,30000,30000,458,50000
site-001,1791340197,49800,30000,30000,58,50000
site-002,1791340197,49800,30000,30000,458,50000
site-001,1791340198,49800,30000,30000,58,50000
site-002,1791340198,49800,30000,30000,458,50000
site-001,1791340199,49800,30000,30000,58,50000
site-002,1791340199,49800,30000,30000,458,50000
site-001,1791340200,49800,30000,30000,58,50000
site-002,1791340200,49800,30000,30000,458,50000
site-001,1791340201,49800,30000,30000,58,50000
site-002,1791340201,49800,30000,30000,458,50000
site-001,1791340202,49800,30000,30000,58,50000
site-002,1791340202,49800,30000,30000,458,50000
site-001,1791340203,49800,30000,30000,57,50000
site-002,1791340203,49800,30000,30000,458,50000
site-001,1791340204,49800,30000,30000,57,50000
site-002,1791340204,49800,30000,30000,457,50000
site-001,1791340205,49800,30000,30000,57,50000
site-002,1791340205,49800,30000,30000,457,50000
site-001,1791340206,49800,30000,30000,57,50000
site-002,1791340206,49800,30000,30000,457,50000
site-001,1791340207,49800,30000,30000,57,50000
site-002,1791340207,49800,30000,30000,457,50000
site-001,1791340208,49800,30000,30000,57,50000
site-002,1791340208,49800,30000,30000,457,50000
site-001,1791340209,49800,30000,30000,57,50000
site-002,1791340209,49800,30000,30000,457,50000
site-001,1791340210,49800,30000,30000,57,50000
site-002,1791340210,49800,30000,30000,457,50000
site-001,1791340211,49800,30000,30000,57,50000
site-002,1791340211,49800,30000,30000,457,50000
site-001,1791340212,49800,30000,30000,57,50000
site-002,1791340212,49800,30000,30000,457,50000
site-001,1791340213,49800,30000,30000,57,50000
site-002,1791340213,49800,30000,30000,457,50000
site-001,1791340214,49800,30000,30000,57,50000
site-002,1791340214,49800,30000,30000,457,50000
site-001,1791340215,49800,30000,30000,56,50000
site-002,1791340215,49800,30000,30000,457,50000
site-001,1791340216,49800,30000,30000,56,50000
site-002,1791340216,49800,30000,30000,456,50000
site-001,1791340217,49800,30000,30000,56,50000
site-002,1791340217,49800,30000,30000,456,50000
site-001,1791340218,49800,30000,30000,56,50000
site-002,1791340218,49800,30000,30000,456,50000
site-001,1791340219,49800,30000,30000,56,50000
site-002,1791340219,49800,30000,30000,456,50000
site-001,1791340220,49800,30000,30000,56,50000
site-002,1791340220,49800,30000,30000,456,50000
site-001,1791340221,49800,30000,30000,56,50000
site-002,1791340221,49800,30000,30000,456,50000
site-001,1791340222,49800,30000,30000,56,50000
site-002,1791340222,49800,30000,30000,456,50000
site-001,1791340223,49800,30000,30000,56,50000
site-002,1791340223,49800,30000,30000,456,50000
site-001,1791340224,49800,30000,30000,56,50000
site-002,1791340224,49800,30000,30000,456,50000
site-001,1791340225,49800,30000,30000,56,50000
site-002,1791340225,49800,30000,30000,456,50000
site-001,1791340226,49800,30000,30000,56,50000
site-002,1791340226,49800,30000,30000,456,50000
site-001,1791340227,49800,30000,30000,55,50000
site-002,1791340227,49800,30000,30000,456,50000
site-001,1791340228,49800,30000,30000,55,50000
site-002,1791340228,49800,30000,30000,455,50000
site-001,1791340229,49800,30000,30000,55,50000
site-002,1791340229,49800,30000,30000,455,50000
site-001,1791340230,49800,30000,30000,55,50000
site-002,1791340230,49800,30000,30000,455,50000
site-001,1791340231,49800,30000,30000,55,50000
site-002,1791340231,49800,30000,30000,455,50000
site-001,1791340232,49800,30000,30000,55,50000
site-002,1791340232,49800,30000,30000,455,50000
site-001,1791340233,49800,30000,30000,55,50000
site-002,1791340233,49800,30000,30000,455,50000
site-001,1791340234,49800,30000,30000,55,50000
site-002,1791340234,49800,30000,30000,455,50000
site-001,1791340235,49800,30000,30000,55,50000
site-002,1791340235,49800,30000,30000,455,50000
site-001,1791340236,49800,30000,30000,55,50000
site-002,1791340236,49800,30000,30000,455,50000
site-001,1791340237,49800,30000,30000,55,50000
site-002,1791340237,49800,30000,30000,455,50000
site-001,1791340238,49800,30000,30000,55,50000
site-002,1791340238,49800,30000,30000,455,50000
site-001,1791340239,49800,30000,30000,54,50000
site-002,1791340239,49800,30000,30000,455,50000
site-001,1791340240,49800,30000,30000,54,50000
site-002,1791340240,49800,30000,30000,454,50000
site-001,1791340241,49800,30000,30000,54,50000
site-002,1791340241,49800,30000,30000,454,50000
site-001,1791340242,49800,30000,30000,54,50000
site-002,1791340242,49800,30000,30000,454,50000
site-001,1791340243,49800,30000,30000,54,50000
site-002,1791340243,49800,30000,30000,454,50000
site-001,1791340244,49800,30000,30000,54,50000
site-002,1791340244,49800,30000,30000,454,50000
site-001,1791340245,49800,30000,30000,54,50000
site-002,1791340245,49800,30000,30000,454,50000
site-001,1791340246,49800,30000,30000,54,50000
site-002,1791340246,49800,30000,30000,454,50000
site-001,1791340247,49800,30000,30000,54,50000
site-002,1791340247,49800,30000,30000,454,50000
site-001,1791340248,49800,30000,30000,54,50000
site-002,1791340248,49800,30000,30000,454,50000
site-001,1791340249,49800,30000,30000,54,50000
site-002,1791340249,49800,30000,30000,454,50000
site-001,1791340250,49800,30000,30000,54,50000
site-002,1791340250,49800,30000,30000,454,50000
site-001,1791340251,49800,30000,30000,53,50000
site-002,1791340251,49800,30000,30000,454,50000
site-001,1791340252,49800,30000,30000,53,50000
site-002,1791340252,49800,30000,30000,453,50000
site-001,1791340253,49800,30000,30000,53,50000
site-002,1791340253,49800,30000,30000,453,50000
site-001,1791340254,49800,30000,30000,53,50000
site-002,1791340254,49800,30000,30000,453,50000
site-001,1791340255,49800,30000,30000,53,50000
site-002,1791340255,49800,30000,30000,453,50000
site-001,1791340256,49800,30000,30000,53,50000
site-002,1791340256,49800,30000,30000,453,50000
site-001,1791340257,49800,30000,30000,53,50000
site-002,1791340257,49800,30000,30000,453,50000
site-001,1791340258,49800,30000,30000,53,50000
site-002,1791340258,49800,30000,30000,453,50000
site-001,1791340259,49800,30000,30000,53,50000
site-002,1791340259,49800,30000,30000,453,50000
site-001,1791340260,49800,30000,30000,53,50000
site-002,1791340260,49800,30000,30000,453,50000
site-001,1791340261,49800,30000,30000,53,50000
site-002,1791340261,49800,30000,30000,453,50000
site-001,1791340262,49800,30000,30000,53,50000
site-002,1791340262,49800,30000,30000,453,50000
site-001,1791340263,49800,30000,30000,52,50000
site-002,1791340263,49800,30000,30000,453,50000
site-001,1791340264,49800,30000,30000,52,50000
site-002,1791340264,49800,30000,30000,452,50000
site-001,1791340265,49800,30000,30000,52,50000
site-002,1791340265,49800,30000,30000,452,50000
site-001,1791340266,49800,30000,30000,52,50000
site-002,1791340266,49800,30000,30000,452,50000
site-001,1791340267,49800,30000,30000,52,50000
site-002,1791340267,49800,30000,30000,452,50000
site-001,1791340268,49800,30000,30000,52,50000
site-002,1791340268,49800,30000,30000,452,50000
site-001,1791340269,49800,30000,30000,52,50000
site-002,1791340269,49800,30000,30000,452,50000
site-001,1791340270,49800,30000,30000,52,50000
site-002,1791340270,49800,30000,30000,452,50000
site-001,1791340271,49800,30000,30000,52,50000
site-002,1791340271,49800,30000,30000,452,50000
site-001,1791340272,49800,30000,30000,52,50000
site-002,1791340272,49800,30000,30000,452,50000
site-001,1791340273,49800,30000,30000,52,50000
site-002,1791340273,49800,30000,30000,452,50000
site-001,1791340274,49800,30000,30000,52,50000
site-002,1791340274,49800,30000,30000,452,50000
site-001,1791340275,49800,30000,30000,51,50000
site-002,1791340275,49800,30000,30000,452,50000
site-001,1791340276,49800,30000,30000,51,50000
site-002,1791340276,49800,30000,30000,451,50000
site-001,1791340277,49800,30000,30000,51,50000
site-002,1791340277,49800,30000,30000,451,50000
site-001,1791340278,49800,30000,30000,51,50000
site-002,1791340278,49800,30000,30000,451,50000
site-001,1791340279,49800,30000,30000,51,50000
site-002,1791340279,49800,30000,30000,451,50000
site-001,1791340280,49800,30000,30000,51,50000
site-002,1791340280,49800,30000,30000,451,50000
site-001,1791340281,49800,30000,30000,51,50000
site-002,1791340281,49800,30000,30000,451,50000
site-001,1791340282,49800,30000,30000,51,50000
site-002,1791340282,49800,30000,30000,451,50000
site-001,1791340283,49800,30000,30000,51,50000
site-002,1791340283,49800,30000,30000,451,50000
site-001,1791340284,49800,30000,30000,51,50000
site-002,1791340284,49800,30000,30000,451,50000
site-001,1791340285,49800,30000,30000,51,50000
site-002,1791340285,49800,30000,30000,451,50000
site-001,1791340286,49800,30000,30000,51,50000
site-002,1791340286,49800,30000,30000,451,50000
site-001,1791340287,49800,30000,30000,50,50000
site-002,1791340287,49800,30000,30000,451,50000
site-001,1791340288,49800,30000,30000,50,50000
site-002,1791340288,49800,30000,30000,450,50000
site-001,1791340289,49800,30000,30000,50,50000
site-002,1791340289,49800,30000,30000,450,50000
site-001,1791340290,49800,30000,30000,50,50000
site-002,1791340290,49800,30000,30000,450,50000
site-001,1791340291,49800,30000,30000,50,50000
site-002,1791340291,49800,30000,30000,450,50000
site-001,1791340292,49800,30000,30000,50,50000
site-002,1791340292,49800,30000,30000,450,50000
site-001,1791340293,49800,30000,30000,50,50000
site-002,1791340293,49800,30000,30000,450,50000
site-001,1791340294,49800,30000,30000,50,50000
site-002,1791340294,49800,30000,30000,450,50000
site-001,1791340295,49800,30000,30000,50,50000
site-002,1791340295,49800,30000,30000,450,50000
site-001,1791340296,49800,30000,30000,50,50000
site-002,1791340296,49800,30000,30000,450,50000
site-001,1791340297,49800,30000,30000,50,50000
site-002,1791340297,49800,30000,30000,450,50000
site-001,1791340298,49800,30000,30000,50,50000
site-002,1791340298,49800,30000,30000,450,50000
site-001,1791340299,49800,30000,30000,49,50000
site-002,1791340299,49800,30000,30000,450,50000
site-001,1791340300,49800,30000,30000,49,50000
site-002,1791340300,49800,30000,30000,449,50000
site-001,1791340301,49800,30000,30000,49,50000
site-002,1791340301,49800,30000,30000,449,50000
site-001,1791340302,49800,30000,30000,49,50000
site-002,1791340302,49800,30000,30000,449,50000
site-001,1791340303,49800,30000,30000,49,50000
site-002,1791340303,49800,30000,30000,449,50000
site-001,1791340304,49800,30000,30000,49,50000
site-002,1791340304,49800,30000,30000,449,50000
site-001,1791340305,49800,30000,30000,49,50000
site-002,1791340305,49800,30000,30000,449,50000
site-001,1791340306,49800,30000,30000,49,50000
site-002,1791340306,49800,30000,30000,449,50000
site-001,1791340307,49800,30000,30000,49,50000
site-002,1791340307,49800,30000,30000,449,50000
site-001,1791340308,49800,30000,30000,49,50000
site-002,1791340308,49800,30000,30000,449,50000
site-001,1791340309,49800,30000,30000,49,50000
site-002,1791340309,49800,30000,30000,449,50000
site-001,1791340310,49800,30000,30000,49,50000
site-002,1791340310,49800,30000,30000,449,50000
site-001,1791340311,49800,30000,30000,48,50000
site-002,1791340311,49800,30000,30000,449,50000
site-001,1791340312,49800,30000,30000,48,50000
site-002,1791340312,49800,30000,30000,448,50000
site-001,1791340313,49800,30000,30000,48,50000
site-002,1791340313,49800,30000,30000,448,50000
site-001,1791340314,49800,30000,30000,48,50000
site-002,1791340314,49800,30000,30000,448,50000
site-001,1791340315,49800,30000,30000,48,50000
site-002,1791340315,49800,30000,30000,448,50000
site-001,1791340316,49800,30000,30000,48,50000
site-002,1791340316,49800,30000,30000,448,50000
site-001,1791340317,49800,30000,30000,48,50000
site-002,1791340317,49800,30000,30000,448,50000
site-001,1791340318,49800,30000,30000,48,50000
site-002,1791340318,49800,30000,30000,448,50000
site-001,1791340319,49800,30000,30000,48,50000
site-002,1791340319,49800,30000,30000,448,50000
site-001,1791340320,49800,30000,30000,48,50000
site-002,1791340320,49800,30000,30000,448,50000
site-001,1791340321,49800,30000,30000,48,50000
site-002,1791340321,49800,30000,30000,448,50000
site-001,1791340322,49800,30000,30000,48,50000
site-002,1791340322,49800,30000,30000,448,50000
site-001,1791340323,49800,30000,30000,47,50000
site-002,1791340323,49800,30000,30000,448,50000
site-001,1791340324,49800,30000,30000,47,50000
site-002,1791340324,49800,30000,30000,447,50000
site-001,1791340325,49800,30000,30000,47,50000
site-002,1791340325,49800,30000,30000,447,50000
site-001,1791340326,49800,30000,30000,47,50000
site-002,1791340326,49800,30000,30000,447,50000
site-001,1791340327,49800,30000,30000,47,50000
site-002,1791340327,49800,30000,30000,447,50000
site-001,1791340328,49800,30000,30000,47,50000
site-002,1791340328,49800,30000,30000,447,50000
site-001,1791340329,49800,30000,30000,47,50000
site-002,1791340329,49800,30000,30000,447,50000
site-001,1791340330,49800,30000,30000,47,50000
site-002,1791340330,49800,30000,30000,447,50000
site-001,1791340331,49800,30000,30000,47,50000
site-002,1791340331,49800,30000,30000,447,50000
site-001,1791340332,49800,30000,30000,47,50000
site-002,1791340332,49800,30000,30000,447,50000
site-001,1791340333,49800,30000,30000,47,50000
site-002,1791340333,49800,30000,30000,447,50000
site-001,1791340334,49800,30000,30000,47,50000
site-002,1791340334,49800,30000,30000,447,50000
site-001,1791340335,49800,30000,30000,46,50000
site-002,1791340335,49800,30000,30000,447,50000
site-001,1791340336,49800,30000,30000,46,50000
site-002,1791340336,49800,30000,30000,446,50000
site-001,1791340337,49800,30000,30000,46,50000
site-002,1791340337,49800,30000,30000,446,50000
site-001,1791340338,49800,30000,30000,46,50000
site-002,1791340338,49800,30000,30000,446,50000
site-001,1791340339,49800,30000,30000,46,50000
site-002,1791340339,49800,30000,30000,446,50000
site-001,1791340340,49800,30000,30000,46,50000
site-002,1791340340,49800,30000,30000,446,50000
site-001,1791340341,49800,30000,30000,46,50000
site-002,1791340341,49800,30000,30000,446,50000
site-001,1791340342,49800,30000,30000,46,50000
site-002,1791340342,49800,30000,30000,446,50000
site-001,1791340343,49800,30000,30000,46,50000
site-002,1791340343,49800,30000,30000,446,50000
site-001,1791340344,49800,30000,30000,46,50000
site-002,1791340344,49800,30000,30000,446,50000
site-001,1791340345,49800,30000,30000,46,50000
site-002,1791340345,49800,30000,30000,446,50000
site-001,1791340346,49800,30000,30000,46,50000
site-002,1791340346,49800,30000,30000,446,50000
site-001,1791340347,49800,30000,30000,45,50000
site-002,1791340347,49800,30000,30000,446,50000
site-001,1791340348,49800,30000,30000,45,50000
site-002,1791340348,49800,30000,30000,445,50000
site-001,1791340349,49800,30000,30000,45,50000
site-002,1791340349,49800,30000,30000,445,50000
site-001,1791340350,49800,30000,30000,45,50000
site-002,1791340350,49800,30000,30000,445,50000
site-001,1791340351,49800,30000,30000,45,50000
site-002,1791340351,49800,30000,30000,445,50000
site-001,1791340352,49800,30000,30000,45,50000
site-002,1791340352,49800,30000,30000,445,50000
site-001,1791340353,49800,30000,30000,45,50000
site-002,1791340353,49800,30000,30000,445,50000
site-001,1791340354,49800,30000,30000,45,50000
site-002,1791340354,49800,30000,30000,445,50000
site-001,1791340355,49800,30000,30000,45,50000
site-002,1791340355,49800,30000,30000,445,50000
site-001,1791340356,49800,30000,30000,45,50000
site-002,1791340356,49800,30000,30000,445,50000
site-001,1791340357,49800,30000,30000,45,50000
site-002,1791340357,49800,30000,30000,445,50000
site-001,1791340358,49800,30000,30000,45,50000
site-002,1791340358,49800,30000,30000,445,50000
site-001,1791340359,49800,30000,30000,44,50000
site-002,1791340359,49800,30000,30000,445,50000
site-001,1791340360,49800,30000,30000,44,50000
site-002,1791340360,49800,30000,30000,444,50000
site-001,1791340361,49800,30000,30000,44,50000
site-002,1791340361,49800,30000,30000,444,50000
site-001,1791340362,49800,30000,30000,44,50000
site-002,1791340362,49800,30000,30000,444,50000
site-001,1791340363,49800,30000,30000,44,50000
site-002,1791340363,49800,30000,30000,444,50000
site-001,1791340364,49800,30000,30000,44,50000
site-002,1791340364,49800,30000,30000,444,50000
site-001,1791340365,49800,30000,30000,44,50000
site-002,1791340365,49800,30000,30000,444,50000
site-001,1791340366,49800,30000,30000,44,50000
site-002,1791340366,49800,30000,30000,444,50000
site-001,1791340367,49800,30000,30000,44,50000
site-002,1791340367,49800,30000,30000,444,50000
site-001,1791340368,49800,30000,30000,44,50000
site-002,1791340368,49800,30000,30000,444,50000
site-001,1791340369,49800,30000,30000,44,50000
site-002,1791340369,49800,30000,30000,444,50000
site-001,1791340370,49800,30000,30000,44,50000
site-002,1791340370,49800,30000,30000,444,50000
site-001,1791340371,49800,30000,30000,43,50000
site-002,1791340371,49800,30000,30000,444,50000
site-001,1791340372,49800,30000,30000,43,50000
site-002,1791340372,49800,30000,30000,443,50000
site-001,1791340373,49800,30000,30000,43,50000
site-002,1791340373,49800,30000,30000,443,50000
site-001,1791340374,49800,30000,30000,43,50000
site-002,1791340374,49800,30000,30000,443,50000
site-001,1791340375,49800,30000,30000,43,50000
site-002,1791340375,49800,30000,30000,443,50000
site-001,1791340376,49800,30000,30000,43,50000
site-002,1791340376,49800,30000,30000,443,50000
site-001,1791340377,49800,30000,30000,43,50000
site-002,1791340377,49800,30000,30000,443,50000
site-001,1791340378,49800,30000,30000,43,50000
site-002,1791340378,49800,30000,30000,443,50000
site-001,1791340379,49800,30000,30000,43,50000
site-002,1791340379,49800,30000,30000,443,50000
site-001,1791340380,49800,30000,30000,43,50000
site-002,1791340380,49800,30000,30000,443,50000
site-001,1791340381,49800,30000,30000,43,50000
site-002,1791340381,49800,30000,30000,443,50000
site-001,1791340382,49800,30000,30000,43,50000
site-002,1791340382,49800,30000,30000,443,50000
site-001,1791340383,49800,30000,30000,42,50000
site-002,1791340383,49800,30000,30000,443,50000
site-001,1791340384,49800,30000,30000,42,50000
site-002,1791340384,49800,30000,30000,442,50000
site-001,1791340385,49800,30000,30000,42,50000
site-002,1791340385,49800,30000,30000,442,50000
site-001,1791340386,49800,30000,30000,42,50000
site-002,1791340386,49800,30000,30000,442,50000
site-001,1791340387,49800,30000,30000,42,50000
site-002,1791340387,49800,30000,30000,442,50000
site-001,1791340388,49800,30000,30000,42,50000
site-002,1791340388,49800,30000,30000,442,50000
site-001,1791340389,49800,30000,30000,42,50000
site-002,1791340389,49800,30000,30000,442,50000
site-001,1791340390,49800,30000,30000,42,50000
site-002,1791340390,49800,30000,30000,442,50000
site-001,1791340391,49800,30000,30000,42,50000
site-002,1791340391,49800,30000,30000,442,50000
site-001,1791340392,49800,30000,30000,42,50000
site-002,1791340392,49800,30000,30000,442,50000
site-001,1791340393,49800,30000,30000,42,50000
site-002,1791340393,49800,30000,30000,442,50000
site-001,1791340394,49800,30000,30000,42,50000
site-002,1791340394,49800,30000,30000,442,50000
site-001,1791340395,49800,30000,30000,41,50000
site-002,1791340395,49800,30000,30000,442,50000
site-001,1791340396,49800,30000,30000,41,50000
site-002,1791340396,49800,30000,30000,441,50000
site-001,1791340397,49800,30000,30000,41,50000
site-002,1791340397,49800,30000,30000,441,50000
site-001,1791340398,49800,30000,30000,41,50000
site-002,1791340398,49800,30000,30000,441,50000
site-001,1791340399,49800,30000,30000,41,50000
site-002,1791340399,49800,30000,30000,441,50000
site-001,1791340400,49800,30000,30000,41,50000
site-002,1791340400,49800,30000,30000,441,50000
site-001,1791340401,49800,30000,30000,41,50000
site-002,1791340401,49800,30000,30000,441,50000
site-001,1791340402,49800,30000,30000,41,50000
site-002,1791340402,49800,30000,30000,441,50000
site-001,1791340403,49800,30000,30000,41,50000
site-002,1791340403,49800,30000,30000,441,50000
site-001,1791340404,49800,30000,30000,41,50000
site-002,1791340404,49800,30000,30000,441,50000
site-001,1791340405,49800,30000,30000,41,50000
site-002,1791340405,49800,30000,30000,441,50000
site-001,1791340406,49800,30000,30000,41,50000
site-002,1791340406,49800,30000,30000,441,50000
site-001,1791340407,49800,30000,30000,40,50000
site-002,1791340407,49800,30000,30000,441,50000
site-001,1791340408,49800,30000,30000,40,50000
site-002,1791340408,49800,30000,30000,440,50000
site-001,1791340409,49800,30000,30000,40,50000
site-002,1791340409,49800,30000,30000,440,50000
site-001,1791340410,49800,30000,30000,40,50000
site-002,1791340410,49800,30000,30000,440,50000
site-001,1791340411,49800,30000,30000,40,50000
site-002,1791340411,49800,30000,30000,440,50000
site-001,1791340412,49800,30000,30000,40,50000
site-002,1791340412,49800,30000,30000,440,50000
site-001,1791340413,49800,30000,30000,40,50000
site-002,1791340413,49800,30000,30000,440,50000
site-001,1791340414,49800,30000,30000,40,50000
site-002,1791340414,49800,30000,30000,440,50000
site-001,1791340415,49800,30000,30000,40,50000
site-002,1791340415,49800,30000,30000,440,50000
site-001,1791340416,49800,30000,30000,40,50000
site-002,1791340416,49800,30000,30000,440,50000
site-001,1791340417,49800,30000,30000,40,50000
site-002,1791340417,49800,30000,30000,440,50000
site-001,1791340418,49800,30000,30000,40,50000
site-002,1791340418,49800,30000,30000,440,50000
site-001,1791340419,49800,30000,30000,39,50000
site-002,1791340419,49800,30000,30000,440,50000
site-001,1791340420,49800,30000,30000,39,50000
site-002,1791340420,49800,30000,30000,439,50000
site-001,1791340421,49800,30000,30000,39,50000
site-002,1791340421,49800,30000,30000,439,50000
site-001,1791340422,49800,30000,30000,39,50000
site-002,1791340422,49800,30000,30000,439,50000
site-001,1791340423,49800,30000,30000,39,50000
site-002,1791340423,49800,30000,30000,439,50000
site-001,1791340424,49800,30000,30000,39,50000
site-002,1791340424,49800,30000,30000,439,50000
site-001,1791340425,49800,30000,30000,39,50000
site-002,1791340425,49800,30000,30000,439,50000
site-001,1791340426,49800,30000,30000,39,50000
site-002,1791340426,49800,30000,30000,439,50000
site-001,1791340427,49800,30000,30000,39,50000
site-002,1791340427,49800,30000,30000,439,50000
site-001,1791340428,49800,30000,30000,39,50000
site-002,1791340428,49800,30000,30000,439,50000
site-001,1791340429,49800,30000,30000,39,50000
site-002,1791340429,49800,30000,30000,439,50000
site-001,1791340430,49800,30000,30000,39,50000
site-002,1791340430,49800,30000,30000,439,50000
site-001,1791340431,49800,30000,30000,38,50000
site-002,1791340431,49800,30000,30000,439,50000
site-001,1791340432,49800,30000,30000,38,50000
site-002,1791340432,49800,30000,30000,438,50000
site-001,1791340433,49800,30000,30000,38,50000
site-002,1791340433,49800,30000,30000,438,50000
site-001,1791340434,49800,30000,30000,38,50000
site-002,1791340434,49800,30000,30000,438,50000
site-001,1791340435,49800,30000,30000,38,50000
site-002,1791340435,49800,30000,30000,438,50000
site-001,1791340436,49800,30000,30000,38,50000
site-002,1791340436,49800,30000,30000,438,50000
site-001,1791340437,49800,30000,30000,38,50000
site-002,1791340437,49800,30000,30000,438,50000
site-001,1791340438,49800,30000,30000,38,50000
site-002,1791340438,49800,30000,30000,438,50000
site-001,1791340439,49800,30000,30000,38,50000
site-002,1791340439,49800,30000,30000,438,50000
site-001,1791340440,49800,30000,30000,38,50000
site-002,1791340440,49800,30000,30000,438,50000
site-001,1791340441,49800,30000,30000,38,50000
site-002,1791340441,49800,30000,30000,438,50000
site-001,1791340442,49800,30000,30000,38,50000
site-002,1791340442,49800,30000,30000,438,50000
site-001,1791340443,49800,30000,30000,37,50000
site-002,1791340443,49800,30000,30000,438,50000
site-001,1791340444,49800,30000,30000,37,50000
site-002,1791340444,49800,30000,30000,437,50000
site-001,1791340445,49800,30000,30000,37,50000
site-002,1791340445,49800,30000,30000,437,50000
site-001,1791340446,49800,30000,30000,37,50000
site-002,1791340446,49800,30000,30000,437,50000
site-001,1791340447,49800,30000,30000,37,50000
site-002,1791340447,49800,30000,30000,437,50000
site-001,1791340448,49800,30000,30000,37,50000
site-002,1791340448,49800,30000,30000,437,50000
site-001,1791340449,49800,30000,30000,37,50000
site-002,1791340449,49800,30000,30000,437,50000
site-001,1791340450,49800,30000,30000,37,50000
site-002,1791340450,49800,30000,30000,437,50000
site-001,1791340451,49800,30000,30000,37,50000
site-002,1791340451,49800,30000,30000,437,50000
site-001,1791340452,49800,30000,30000,37,50000
site-002,1791340452,49800,30000,30000,437,50000
site-001,1791340453,49800,30000,30000,37,50000
site-002,1791340453,49800,30000,30000,437,50000
site-001,1791340454,49800,30000,30000,37,50000
site-002,1791340454,49800,30000,30000,437,50000
site-001,1791340455,49800,30000,30000,36,50000
site-002,1791340455,49800,30000,30000,437,50000
site-001,1791340456,49800,30000,30000,36,50000
site-002,1791340456,49800,30000,30000,436,50000
site-001,1791340457,49800,30000,30000,36,50000
site-002,1791340457,49800,30000,30000,436,50000
site-001,1791340458,49800,30000,30000,36,50000
site-002,1791340458,49800,30000,30000,436,50000
site-001,1791340459,49800,30000,30000,36,50000
site-002,1791340459,49800,30000,30000,436,50000
site-001,1791340460,49800,30000,30000,36,50000
site-002,1791340460,49800,30000,30000,436,50000
site-001,1791340461,49800,30000,30000,36,50000
site-002,1791340461,49800,30000,30000,436,50000
site-001,1791340462,49800,30000,30000,36,50000
site-002,1791340462,49800,30000,30000,436,50000
site-001,1791340463,49800,30000,30000,36,50000
site-002,1791340463,49800,30000,30000,436,50000
site-001,1791340464,49800,30000,30000,36,50000
site-002,1791340464,49800,30000,30000,436,50000
site-001,1791340465,49800,30000,30000,36,50000
site-002,1791340465,49800,30000,30000,436,50000
site-001,1791340466,49800,30000,30000,36,50000
site-002,1791340466,49800,30000,30000,436,50000
site-001,1791340467,49800,30000,30000,35,50000
site-002,1791340467,49800,30000,30000,436,50000
site-001,1791340468,49800,30000,30000,35,50000
site-002,1791340468,49800,30000,30000,435,50000
site-001,1791340469,49800,30000,30000,35,50000
site-002,1791340469,49800,30000,30000,435,50000
site-001,1791340470,49800,30000,30000,35,50000
site-002,1791340470,49800,30000,30000,435,50000
site-001,1791340471,49800,30000,30000,35,50000
site-002,1791340471,49800,30000,30000,435,50000
site-001,1791340472,49800,30000,30000,35,50000
site-002,1791340472,49800,30000,30000,435,50000
site-001,1791340473,49800,30000,30000,35,50000
site-002,1791340473,49800,30000,30000,435,50000
site-001,1791340474,49800,30000,30000,35,50000
site-002,1791340474,49800,30000,30000,435,50000
site-001,1791340475,49800,30000,30000,35,50000
site-002,1791340475,49800,30000,30000,435,50000
site-001,1791340476,49800,30000,30000,35,50000
site-002,1791340476,49800,30000,30000,435,50000
site-001,1791340477,49800,30000,30000,35,50000
site-002,1791340477,49800,30000,30000,435,50000
site-001,1791340478,49800,30000,30000,35,50000
site-002,1791340478,49800,30000,30000,435,50000
site-001,1791340479,49800,30000,30000,34,50000
site-002,1791340479,49800,30000,30000,435,50000
site-001,1791340480,49800,30000,30000,34,50000
site-002,1791340480,49800,30000,30000,434,50000
site-001,1791340481,49800,30000,30000,34,50000
site-002,1791340481,49800,30000,30000,434,50000
site-001,1791340482,49800,30000,30000,34,50000
site-002,1791340482,49800,30000,30000,434,50000
site-001,1791340483,49800,30000,30000,34,50000
site-002,1791340483,49800,30000,30000,434,50000
site-001,1791340484,49800,30000,30000,34,50000
site-002,1791340484,49800,30000,30000,434,50000
site-001,1791340485,49800,30000,30000,34,50000
site-002,1791340485,49800,30000,30000,434,50000
site-001,1791340486,49800,30000,30000,34,50000
site-002,1791340486,49800,30000,30000,434,50000
site-001,1791340487,49800,30000,30000,34,50000
site-002,1791340487,49800,30000,30000,434,50000
site-001,1791340488,49800,30000,30000,34,50000
site-002,1791340488,49800,30000,30000,434,50000
site-001,1791340489,49800,30000,30000,34,50000
site-002,1791340489,49800,30000,30000,434,50000
site-001,1791340490,49800,30000,30000,34,50000
site-002,1791340490,49800,30000,30000,434,50000
site-001,1791340491,49800,30000,30000,33,50000
site-002,1791340491,49800,30000,30000,434,50000
site-001,1791340492,49800,30000,30000,33,50000
site-002,1791340492,49800,30000,30000,433,50000
site-001,1791340493,49800,30000,30000,33,50000
site-002,1791340493,49800,30000,30000,433,50000
site-001,1791340494,49800,30000,30000,33,50000
site-002,1791340494,49800,30000,30000,433,50000
site-001,1791340495,49800,30000,30000,33,50000
site-002,1791340495,49800,30000,30000,433,50000
site-001,1791340496,49800,30000,30000,33,50000
site-002,1791340496,49800,30000,30000,433,50000
site-001,1791340497,49800,30000,30000,33,50000
site-002,1791340497,49800,30000,30000,433,50000
site-001,1791340498,49800,30000,30000,33,50000
site-002,1791340498,49800,30000,30000,433,50000
site-001,1791340499,49800,30000,30000,33,50000
site-002,1791340499,49800,30000,30000,433,50000
site-001,1791340500,49800,30000,30000,33,50000
site-002,1791340500,49800,30000,30000,433,50000
site-001,1791340501,49800,30000,30000,33,50000
site-002,1791340501,49800,30000,30000,433,50000
site-001,1791340502,49800,30000,30000,33,50000
site-002,1791340502,49800,30000,30000,433,50000
site-001,1791340503,49800,30000,30000,32,50000
site-002,1791340503,49800,30000,30000,433,50000
site-001,1791340504,49800,30000,30000,32,50000
site-002,1791340504,49800,30000,30000,432,50000
site-001,1791340505,49800,30000,30000,32,50000
site-002,1791340505,49800,30000,30000,432,50000
site-001,1791340506,49800,30000,30000,32,50000
site-002,1791340506,49800,30000,30000,432,50000
site-001,1791340507,49800,30000,30000,32,50000
site-002,1791340507,49800,30000,30000,432,50000
site-001,1791340508,49800,30000,30000,32,50000
site-002,1791340508,49800,30000,30000,432,50000
site-001,1791340509,49800,30000,30000,32,50000
site-002,1791340509,49800,30000,30000,432,50000
site-001,1791340510,49800,30000,30000,32,50000
site-002,1791340510,49800,30000,30000,432,50000
site-001,1791340511,49800,30000,30000,32,50000
site-002,1791340511,49800,30000,30000,432,50000
site-001,1791340512,49800,30000,30000,32,50000
site-002,1791340512,49800,30000,30000,432,50000
site-001,1791340513,49800,30000,30000,32,50000
site-002,1791340513,49800,30000,30000,432,50000
site-001,1791340514,49800,30000,30000,32,50000
site-002,1791340514,49800,30000,30000,432,50000
site-001,1791340515,49800,30000,30000,31,50000
site-002,1791340515,49800,30000,30000,432,50000
site-001,1791340516,49800,30000,30000,31,50000
site-002,1791340516,49800,30000,30000,431,50000
site-001,1791340517,49800,30000,30000,31,50000
site-002,1791340517,49800,30000,30000,431,50000
site-001,1791340518,49800,30000,30000,31,50000
site-002,1791340518,49800,30000,30000,431,50000
site-001,1791340519,49800,30000,30000,31,50000
site-002,1791340519,49800,30000,30000,431,50000
site-001,1791340520,49800,30000,30000,31,50000
site-002,1791340520,49800,30000,30000,431,50000
site-001,1791340521,49800,30000,30000,31,50000
site-002,1791340521,49800,30000,30000,431,50000
site-001,1791340522,49800,30000,30000,31,50000
site-002,1791340522,49800,30000,30000,431,50000
site-001,1791340523,49800,30000,30000,31,50000
site-002,1791340523,49800,30000,30000,431,50000
site-001,1791340524,49800,30000,30000,31,50000
site-002,1791340524,49800,30000,30000,431,50000
site-001,1791340525,49800,30000,30000,31,50000
site-002,1791340525,49800,30000,30000,431,50000
site-001,1791340526,49800,30000,30000,31,50000
site-002,1791340526,49800,30000,30000,431,50000
site-001,1791340527,49800,30000,30000,30,50000
site-002,1791340527,49800,30000,30000,431,50000
site-001,1791340528,49800,30000,30000,30,50000
site-002,1791340528,49800,30000,30000,430,50000
site-001,1791340529,49800,30000,30000,30,50000
site-002,1791340529,49800,30000,30000,430,50000
site-001,1791340530,49800,30000,30000,30,50000
site-002,1791340530,49800,30000,30000,430,50000
site-001,1791340531,49800,30000,30000,30,50000
site-002,1791340531,49800,30000,30000,430,50000
site-001,1791340532,49800,30000,30000,30,50000
site-002,1791340532,49800,30000,30000,430,50000
site-001,1791340533,49800,30000,30000,30,50000
site-002,1791340533,49800,30000,30000,430,50000
site-001,1791340534,49800,30000,30000,30,50000
site-002,1791340534,49800,30000,30000,430,50000
site-001,1791340535,49800,30000,30000,30,50000
site-002,1791340535,49800,30000,30000,430,50000
site-001,1791340536,49800,30000,30000,30,50000
site-002,1791340536,49800,30000,30000,430,50000
site-001,1791340537,49800,30000,30000,30,50000
site-002,1791340537,49800,30000,30000,430,50000
site-001,1791340538,49800,30000,30000,30,50000
site-002,1791340538,49800,30000,30000,430,50000
site-001,1791340539,49800,30000,30000,29,50000
site-002,1791340539,49800,30000,30000,430,50000
site-001,1791340540,49800,30000,30000,29,50000
site-002,1791340540,49800,30000,30000,429,50000
site-001,1791340541,49800,30000,30000,29,50000
site-002,1791340541,49800,30000,30000,429,50000
site-001,1791340542,49800,30000,30000,29,50000
site-002,1791340542,49800,30000,30000,429,50000
site-001,1791340543,49800,30000,30000,29,50000
site-002,1791340543,49800,30000,30000,429,50000
site-001,1791340544,49800,30000,30000,29,50000
site-002,1791340544,49800,30000,30000,429,50000
site-001,1791340545,49800,30000,30000,29,50000
site-002,1791340545,49800,30000,30000,429,50000
site-001,1791340546,49800,30000,30000,29,50000
site-002,1791340546,49800,30000,30000,429,50000
site-001,1791340547,49800,30000,30000,29,50000
site-002,1791340547,49800,30000,30000,429,50000
site-001,1791340548,49800,30000,30000,29,50000
site-002,1791340548,49800,30000,30000,429,50000
site-001,1791340549,49800,30000,30000,29,50000
site-002,1791340549,49800,30000,30000,429,50000
site-001,1791340550,49800,30000,30000,29,50000
site-002,1791340550,49800,30000,30000,429,50000
site-001,1791340551,49800,30000,30000,28,50000
site-002,1791340551,49800,30000,30000,429,50000
site-001,1791340552,49800,30000,30000,28,50000
site-002,1791340552,49800,30000,30000,428,50000
site-001,1791340553,49800,30000,30000,28,50000
site-002,1791340553,49800,30000,30000,428,50000
site-001,1791340554,49800,30000,30000,28,50000
site-002,1791340554,49800,30000,30000,428,50000
site-001,1791340555,49800,30000,30000,28,50000
site-002,1791340555,49800,30000,30000,428,50000
site-001,1791340556,49800,30000,30000,28,50000
site-002,1791340556,49800,30000,30000,428,50000
site-001,1791340557,49800,30000,30000,28,50000
site-002,1791340557,49800,30000,30000,428,50000
site-001,1791340558,49800,30000,30000,28,50000
site-002,1791340558,49800,30000,30000,428,50000
site-001,1791340559,49800,30000,30000,28,50000
site-002,1791340559,49800,30000,30000,428,50000
site-001,1791340560,49800,30000,30000,28,50000
site-002,1791340560,49800,30000,30000,428,50000
site-001,1791340561,49800,30000,30000,28,50000
site-002,1791340561,49800,30000,30000,428,50000
site-001,1791340562,49800,30000,30000,28,50000
site-002,1791340562,49800,30000,30000,428,50000
site-001,1791340563,49800,30000,30000,27,50000
site-002,1791340563,49800,30000,30000,428,50000
site-001,1791340564,49800,30000,30000,27,50000
site-002,1791340564,49800,30000,30000,427,50000
site-001,1791340565,49800,30000,30000,27,50000
site-002,1791340565,49800,30000,30000,427,50000
site-001,1791340566,49800,30000,30000,27,50000
site-002,1791340566,49800,30000,30000,427,50000
site-001,1791340567,49800,30000,30000,27,50000
site-002,1791340567,49800,30000,30000,427,50000
site-001,1791340568,49800,30000,30000,27,50000
site-002,1791340568,49800,30000,30000,427,50000
site-001,1791340569,49800,30000,30000,27,50000
site-002,1791340569,49800,30000,30000,427,50000
site-001,1791340570,49800,30000,30000,27,50000
site-002,1791340570,49800,30000,30000,427,50000
site-001,1791340571,49800,30000,30000,27,50000
site-002,1791340571,49800,30000,30000,427,50000
site-001,1791340572,49800,30000,30000,27,50000
site-002,1791340572,49800,30000,30000,427,50000
site-001,1791340573,49800,30000,30000,27,50000
site-002,1791340573,49800,30000,30000,427,50000
site-001,1791340574,49800,30000,30000,27,50000
site-002,1791340574,49800,30000,30000,427,50000
site-001,1791340575,49800,30000,30000,26,50000
site-002,1791340575,49800,30000,30000,427,50000
site-001,1791340576,49800,30000,30000,26,50000
site-002,1791340576,49800,30000,30000,426,50000
site-001,1791340577,49800,30000,30000,26,50000
site-002,1791340577,49800,30000,30000,426,50000
site-001,1791340578,49800,30000,30000,26,50000
site-002,1791340578,49800,30000,30000,426,50000
site-001,1791340579,49800,30000,30000,26,50000
site-002,1791340579,49800,30000,30000,426,50000
site-001,1791340580,49800,30000,30000,26,50000
site-002,1791340580,49800,30000,30000,426,50000
site-001,1791340581,49800,30000,30000,26,50000
site-002,1791340581,49800,30000,30000,426,50000
site-001,1791340582,49800,30000,30000,26,50000
site-002,1791340582,49800,30000,30000,426,50000
site-001,1791340583,49800,30000,30000,26,50000
site-002,1791340583,49800,30000,30000,426,50000
site-001,1791340584,49800,30000,30000,26,50000
site-002,1791340584,49800,30000,30000,426,50000
site-001,1791340585,49800,30000,30000,26,50000
site-002,1791340585,49800,30000,30000,426,50000
site-001,1791340586,49800,30000,30000,26,50000
site-002,1791340586,49800,30000,30000,426,50000
site-001,1791340587,49800,30000,30000,25,50000
site-002,1791340587,49800,30000,30000,426,50000
site-001,1791340588,49800,30000,30000,25,50000
site-002,1791340588,49800,30000,30000,425,50000
site-001,1791340589,49800,30000,30000,25,50000
site-002,1791340589,49800,30000,30000,425,50000
site-001,1791340590,49800,30000,30000,25,50000
site-002,1791340590,49800,30000,30000,425,50000
site-001,1791340591,49800,30000,30000,25,50000
site-002,1791340591,49800,30000,30000,425,50000
site-001,1791340592,49800,30000,30000,25,50000
site-002,1791340592,49800,30000,30000,425,50000
site-001,1791340593,49800,30000,30000,25,50000
site-002,1791340593,49800,30000,30000,425,50000
site-001,1791340594,49800,30000,30000,25,50000
site-002,1791340594,49800,30000,30000,425,50000
site-001,1791340595,49800,30000,30000,25,50000
site-002,1791340595,49800,30000,30000,425,50000
site-001,1791340596,49800,30000,30000,25,50000
site-002,1791340596,49800,30000,30000,425,50000
site-001,1791340597,49800,30000,30000,25,50000
site-002,1791340597,49800,30000,30000,425,50000
site-001,1791340598,49800,30000,30000,25,50000
site-002,1791340598,49800,30000,30000,425,50000
site-001,1791340599,49800,30000,30000,24,50000
site-002,1791340599,49800,30000,30000,425,50000
site-001,1791340600,49800,30000,30000,24,50000
site-002,1791340600,49800,30000,30000,424,50000
site-001,1791340601,49800,30000,30000,24,50000
site-002,1791340601,49800,30000,30000,424,50000
site-001,1791340602,49800,30000,30000,24,50000
site-002,1791340602,49800,30000,30000,424,50000
site-001,1791340603,49800,30000,30000,24,50000
site-002,1791340603,49800,30000,30000,424,50000
site-001,1791340604,49800,30000,30000,24,50000
site-002,1791340604,49800,30000,30000,424,50000
site-001,1791340605,49800,30000,30000,24,50000
site-002,1791340605,49800,30000,30000,424,50000
site-001,1791340606,49800,30000,30000,24,50000
site-002,1791340606,49800,30000,30000,424,50000
site-001,1791340607,49800,30000,30000,24,50000
site-002,1791340607,49800,30000,30000,424,50000
site-001,1791340608,49800,30000,30000,24,50000
site-002,1791340608,49800,30000,30000,424,50000
site-001,1791340609,49800,30000,30000,24,50000
site-002,1791340609,49800,30000,30000,424,50000
site-001,1791340610,49800,30000,30000,24,50000
site-002,1791340610,49800,30000,30000,424,50000
site-001,1791340611,49800,30000,30000,23,50000
site-002,1791340611,49800,30000,30000,424,50000
site-001,1791340612,49800,30000,30000,23,50000
site-002,1791340612,49800,30000,30000,423,50000
site-001,1791340613,49800,30000,30000,23,50000
site-002,1791340613,49800,30000,30000,423,50000
site-001,1791340614,49800,30000,30000,23,50000
site-002,1791340614,49800,30000,30000,423,50000
site-001,1791340615,49800,30000,30000,23,50000
site-002,1791340615,49800,30000,30000,423,50000
site-001,1791340616,49800,30000,30000,23,50000
site-002,1791340616,49800,30000,30000,423,50000
site-001,1791340617,49800,30000,30000,23,50000
site-002,1791340617,49800,30000,30000,423,50000
site-001,1791340618,49800,30000,30000,23,50000
site-002,1791340618,49800,30000,30000,423,50000
site-001,1791340619,49800,30000,30000,23,50000
site-002,1791340619,49800,30000,30000,423,50000
site-001,1791340620,49800,30000,30000,23,50000
site-002,1791340620,49800,30000,30000,423,50000
site-001,1791340621,49800,30000,30000,23,50000
site-002,1791340621,49800,30000,30000,423,50000
site-001,1791340622,49800,30000,30000,23,50000
site-002,1791340622,49800,30000,30000,423,50000
site-001,1791340623,49800,30000,30000,22,50000
site-002,1791340623,49800,30000,30000,423,50000
site-001,1791340624,49800,30000,30000,22,50000
site-002,1791340624,49800,30000,30000,422,50000
site-001,1791340625,49800,30000,30000,22,50000
site-002,1791340625,49800,30000,30000,422,50000
site-001,1791340626,49800,30000,30000,22,50000
site-002,1791340626,49800,30000,30000,422,50000
site-001,1791340627,49800,30000,30000,22,50000
site-002,1791340627,49800,30000,30000,422,50000
site-001,1791340628,49800,30000,30000,22,50000
site-002,1791340628,49800,30000,30000,422,50000
site-001,1791340629,49800,30000,30000,22,50000
site-002,1791340629,49800,30000,30000,422,50000
site-001,1791340630,49800,30000,30000,22,50000
site-002,1791340630,49800,30000,30000,422,50000
site-001,1791340631,49800,30000,30000,22,50000
site-002,1791340631,49800,30000,30000,422,50000
site-001,1791340632,49800,30000,30000,22,50000
site-002,1791340632,49800,30000,30000,422,50000
site-001,1791340633,49800,30000,30000,22,50000
site-002,1791340633,49800,30000,30000,422,50000
site-001,1791340634,49800,30000,30000,22,50000
site-002,1791340634,49800,30000,30000,422,50000
site-001,1791340635,49800,30000,30000,21,50000
site-002,1791340635,49800,30000,30000,422,50000
site-001,1791340636,49800,30000,30000,21,50000
site-002,1791340636,49800,30000,30000,421,50000
site-001,1791340637,49800,30000,30000,21,50000
site-002,1791340637,49800,30000,30000,421,50000
site-001,1791340638,49800,30000,30000,21,50000
site-002,1791340638,49800,30000,30000,421,50000
site-001,1791340639,49800,30000,30000,21,50000
site-002,1791340639,49800,30000,30000,421,50000
site-001,1791340640,49800,30000,30000,21,50000
site-002,1791340640,49800,30000,30000,421,50000
site-001,1791340641,49800,30000,30000,21,50000
site-002,1791340641,49800,30000,30000,421,50000
site-001,1791340642,49800,30000,30000,21,50000
site-002,1791340642,49800,30000,30000,421,50000
site-001,1791340643,49800,30000,30000,21,50000
site-002,1791340643,49800,30000,30000,421,50000
site-001,1791340644,49800,30000,30000,21,50000
site-002,1791340644,49800,30000,30000,421,50000
site-001,1791340645,49800,30000,30000,21,50000
site-002,1791340645,49800,30000,30000,421,50000
site-001,1791340646,49800,30000,30000,21,50000
site-002,1791340646,49800,30000,30000,421,50000
site-001,1791340647,49800,30000,30000,20,50000
site-002,1791340647,49800,30000,30000,421,50000
site-001,1791340648,49800,30000,30000,20,50000
site-002,1791340648,49800,30000,30000,420,50000
site-001,1791340649,49800,30000,30000,20,50000
site-002,1791340649,49800,30000,30000,420,50000
site-001,1791340650,49800,30000,30000,20,50000
site-002,1791340650,49800,30000,30000,420,50000
site-001,1791340651,49800,30000,30000,20,50000
site-002,1791340651,49800,30000,30000,420,50000
site-001,1791340652,49800,30000,30000,20,50000
site-002,1791340652,49800,30000,30000,420,50000
site-001,1791340653,49800,30000,30000,20,50000
site-002,1791340653,49800,30000,30000,420,50000
site-001,1791340654,49800,30000,30000,20,50000
site-002,1791340654,49800,30000,30000,420,50000
site-001,1791340655,49800,30000,30000,20,50000
site-002,1791340655,49800,30000,30000,420,50000
site-001,1791340656,49800,30000,30000,20,50000
site-002,1791340656,49800,30000,30000,420,50000
site-001,1791340657,49800,30000,30000,20,50000
site-002,1791340657,49800,30000,30000,420,50000
site-001,1791340658,49800,30000,30000,20,50000
site-002,1791340658,49800,30000,30000,420,50000
site-001,1791340659,49800,30000,30000,19,50000
site-002,1791340659,49800,30000,30000,420,50000
site-001,1791340660,49800,30000,30000,19,50000
site-002,1791340660,49800,30000,30000,419,50000
site-001,1791340661,49800,30000,30000,19,50000
site-002,1791340661,49800,30000,30000,419,50000
site-001,1791340662,49800,30000,30000,19,50000
site-002,1791340662,49800,30000,30000,419,50000
site-001,1791340663,49800,30000,30000,19,50000
site-002,1791340663,49800,30000,30000,419,50000
site-001,1791340664,49800,30000,30000,19,50000
site-002,1791340664,49800,30000,30000,419,50000
site-001,1791340665,49800,30000,30000,19,50000
site-002,1791340665,49800,30000,30000,419,50000
site-001,1791340666,49800,30000,30000,19,50000
site-002,1791340666,49800,30000,30000,419,50000
site-001,1791340667,49800,30000,30000,19,50000
site-002,1791340667,49800,30000,30000,419,50000
site-001,1791340668,49800,30000,30000,19,50000
site-002,1791340668,49800,30000,30000,419,50000
site-001,1791340669,49800,30000,30000,19,50000
site-002,1791340669,49800,30000,30000,419,50000
site-001,1791340670,49800,30000,30000,19,50000
site-002,1791340670,49800,30000,30000,419,50000
site-001,1791340671,49800,30000,30000,18,50000
site-002,1791340671,49800,30000,30000,419,50000
site-001,1791340672,49800,30000,30000,18,50000
site-002,1791340672,49800,30000,30000,418,50000
site-001,1791340673,49800,30000,30000,18,50000
site-002,1791340673,49800,30000,30000,418,50000
site-001,1791340674,49800,30000,30000,18,50000
site-002,1791340674,49800,30000,30000,418,50000
site-001,1791340675,49800,30000,30000,18,50000
site-002,1791340675,49800,30000,30000,418,50000
site-001,1791340676,49800,30000,30000,18,50000
site-002,1791340676,49800,30000,30000,418,50000
site-001,1791340677,49800,30000,30000,18,50000
site-002,1791340677,49800,30000,30000,418,50000
site-001,1791340678,49800,30000,30000,18,50000
site-002,1791340678,49800,30000,30000,418,50000
site-001,1791340679,49800,30000,30000,18,50000
site-002,1791340679,49800,30000,30000,418,50000
site-001,1791340680,49800,30000,30000,18,50000
site-002,1791340680,49800,30000,30000,418,50000
site-001,1791340681,49800,30000,30000,18,50000
site-002,1791340681,49800,30000,30000,418,50000
site-001,1791340682,49800,30000,30000,18,50000
site-002,1791340682,49800,30000,30000,418,50000
site-001,1791340683,49800,30000,30000,17,50000
site-002,1791340683,49800,30000,30000,418,50000
site-001,1791340684,49800,30000,30000,17,50000
site-002,1791340684,49800,30000,30000,417,50000
site-001,1791340685,49800,30000,30000,17,50000
site-002,1791340685,49800,30000,30000,417,50000
site-001,1791340686,49800,30000,30000,17,50000
site-002,1791340686,49800,30000,30000,417,50000
site-001,1791340687,49800,30000,30000,17,50000
site-002,1791340687,49800,30000,30000,417,50000
site-001,1791340688,49800,30000,30000,17,50000
site-002,1791340688,49800,30000,30000,417,50000
site-001,1791340689,49800,30000,30000,17,50000
site-002,1791340689,49800,30000,30000,417,50000
site-001,1791340690,49800,30000,30000,17,50000
site-002,1791340690,49800,30000,30000,417,50000
site-001,1791340691,49800,30000,30000,17,50000
site-002,1791340691,49800,30000,30000,417,50000
site-001,1791340692,49800,30000,30000,17,50000
site-002,1791340692,49800,30000,30000,417,50000
site-001,1791340693,49800,30000,30000,17,50000
site-002,1791340693,49800,30000,30000,417,50000
site-001,1791340694,49800,30000,30000,17,50000
site-002,1791340694,49800,30000,30000,417,50000
site-001,1791340695,49800,30000,30000,16,50000
site-002,1791340695,49800,30000,30000,417,50000
site-001,1791340696,49800,30000,30000,16,50000
site-002,1791340696,49800,30000,30000,416,50000
site-001,1791340697,49800,30000,30000,16,50000
site-002,1791340697,49800,30000,30000,416,50000
site-001,1791340698,49800,30000,30000,16,50000
site-002,1791340698,49800,30000,30000,416,50000
site-001,1791340699,49800,30000,30000,16,50000
site-002,1791340699,49800,30000,30000,416,50000
site-001,1791340700,49800,30000,30000,16,50000
site-002,1791340700,49800,30000,30000,416,50000
site-001,1791340701,49800,30000,30000,16,50000
site-002,1791340701,49800,30000,30000,416,50000
site-001,1791340702,49800,30000,30000,16,50000
site-002,1791340702,49800,30000,30000,416,50000
site-001,1791340703,49800,30000,30000,16,50000
site-002,1791340703,49800,30000,30000,416,50000
site-001,1791340704,49800,30000,30000,16,50000
site-002,1791340704,49800,30000,30000,416,50000
site-001,1791340705,49800,30000,30000,16,50000
site-002,1791340705,49800,30000,30000,416,50000
site-001,1791340706,49800,30000,30000,16,50000
site-002,1791340706,49800,30000,30000,416,50000
site-001,1791340707,49800,30000,30000,15,50000
site-002,1791340707,49800,30000,30000,416,50000
site-001,1791340708,49800,30000,30000,15,50000
site-002,1791340708,49800,30000,30000,415,50000
site-001,1791340709,49800,30000,30000,15,50000
site-002,1791340709,49800,30000,30000,415,50000
site-001,1791340710,49800,30000,30000,15,50000
site-002,1791340710,49800,30000,30000,415,50000
site-001,1791340711,49800,30000,30000,15,50000
site-002,1791340711,49800,30000,30000,415,50000
site-001,1791340712,49800,30000,30000,15,50000
site-002,1791340712,49800,30000,30000,415,50000
site-001,1791340713,49800,30000,30000,15,50000
site-002,1791340713,49800,30000,30000,415,50000
site-001,1791340714,49800,30000,30000,15,50000
site-002,1791340714,49800,30000,30000,415,50000
site-001,1791340715,49800,30000,30000,15,50000
site-002,1791340715,49800,30000,30000,415,50000
site-001,1791340716,49800,30000,30000,15,50000
site-002,1791340716,49800,30000,30000,415,50000
site-001,1791340717,49800,30000,30000,15,50000
site-002,1791340717,49800,30000,30000,415,50000
site-001,1791340718,49800,30000,30000,15,50000
site-002,1791340718,49800,30000,30000,415,50000
site-001,1791340719,49800,30000,30000,14,50000
site-002,1791340719,49800,30000,30000,415,50000
site-001,1791340720,49800,30000,30000,14,50000
site-002,1791340720,49800,30000,30000,414,50000
site-001,1791340721,49800,30000,30000,14,50000
site-002,1791340721,49800,30000,30000,414,50000
site-001,1791340722,49800,30000,30000,14,50000
site-002,1791340722,49800,30000,30000,414,50000
site-001,1791340723,49800,30000,30000,14,50000
site-002,1791340723,49800,30000,30000,414,50000
site-001,1791340724,49800,30000,30000,14,50000
site-002,1791340724,49800,30000,30000,414,50000
site-001,1791340725,49800,30000,30000,14,50000
site-002,1791340725,49800,30000,30000,414,50000
site-001,1791340726,49800,30000,30000,14,50000
site-002,1791340726,49800,30000,30000,414,50000
site-001,1791340727,49800,30000,30000,14,50000
site-002,1791340727,49800,30000,30000,414,50000
site-001,1791340728,49800,30000,30000,14,50000
site-002,1791340728,49800,30000,30000,414,50000
site-001,1791340729,49800,30000,30000,14,50000
site-002,1791340729,49800,30000,30000,414,50000
site-001,1791340730,49800,30000,30000,14,50000
site-002,1791340730,49800,30000,30000,414,50000
site-001,1791340731,49800,30000,30000,13,50000
site-002,1791340731,49800,30000,30000,414,50000
site-001,1791340732,49800,30000,30000,13,50000
site-002,1791340732,49800,30000,30000,413,50000
site-001,1791340733,49800,30000,30000,13,50000
site-002,1791340733,49800,30000,30000,413,50000
site-001,1791340734,49800,30000,30000,13,50000
site-002,1791340734,49800,30000,30000,413,50000
site-001,1791340735,49800,30000,30000,13,50000
site-002,1791340735,49800,30000,30000,413,50000
site-001,1791340736,49800,30000,30000,13,50000
site-002,1791340736,49800,30000,30000,413,50000
site-001,1791340737,49800,30000,30000,13,50000
site-002,1791340737,49800,30000,30000,413,50000
site-001,1791340738,49800,30000,30000,13,50000
site-002,1791340738,49800,30000,30000,413,50000
site-001,1791340739,49800,30000,30000,13,50000
site-002,1791340739,49800,30000,30000,413,50000
site-001,1791340740,49800,30000,30000,13,50000
site-002,1791340740,49800,30000,30000,413,50000
site-001,1791340741,49800,30000,30000,13,50000
site-002,1791340741,49800,30000,30000,413,50000
site-001,1791340742,49800,30000,30000,13,50000
site-002,1791340742,49800,30000,30000,413,50000
site-001,1791340743,49800,30000,30000,12,50000
site-002,1791340743,49800,30000,30000,413,50000
site-001,1791340744,49800,30000,30000,12,50000
site-002,1791340744,49800,30000,30000,412,50000
site-001,1791340745,49800,30000,30000,12,50000
site-002,1791340745,49800,30000,30000,412,50000
site-001,1791340746,49800,30000,30000,12,50000
site-002,1791340746,49800,30000,30000,412,50000
site-001,1791340747,49800,30000,30000,12,50000
site-002,1791340747,49800,30000,30000,412,50000
site-001,1791340748,49800,30000,30000,12,50000
site-002,1791340748,49800,30000,30000,412,50000
site-001,1791340749,49800,30000,30000,12,50000
site-002,1791340749,49800,30000,30000,412,50000
site-001,1791340750,49800,30000,30000,12,50000
site-002,1791340750,49800,30000,30000,412,50000
site-001,1791340751,49800,30000,30000,12,50000
site-002,1791340751,49800,30000,30000,412,50000
site-001,1791340752,49800,30000,30000,12,50000
site-002,1791340752,49800,30000,30000,412,50000
site-001,1791340753,49800,30000,30000,12,50000
site-002,1791340753,49800,30000,30000,412,50000
site-001,1791340754,49800,30000,30000,12,50000
site-002,1791340754,49800,30000,30000,412,50000
site-001,1791340755,49800,30000,30000,11,50000
site-002,1791340755,49800,30000,30000,412,50000
site-001,1791340756,49800,30000,30000,11,50000
site-002,1791340756,49800,30000,30000,411,50000
site-001,1791340757,49800,30000,30000,11,50000
site-002,1791340757,49800,30000,30000,411,50000
site-001,1791340758,49800,30000,30000,11,50000
site-002,1791340758,49800,30000,30000,411,50000
site-001,1791340759,49800,30000,30000,11,50000
site-002,1791340759,49800,30000,30000,411,50000
site-001,1791340760,49800,30000,30000,11,50000
site-002,1791340760,49800,30000,30000,411,50000
site-001,1791340761,49800,30000,30000,11,50000
site-002,1791340761,49800,30000,30000,411,50000
site-001,1791340762,49800,30000,30000,11,50000
site-002,1791340762,49800,30000,30000,411,50000
site-001,1791340763,49800,30000,30000,11,50000
site-002,1791340763,49800,30000,30000,411,50000
site-001,1791340764,49800,30000,30000,11,50000
site-002,1791340764,49800,30000,30000,411,50000
site-001,1791340765,49800,30000,30000,11,50000
site-002,1791340765,49800,30000,30000,411,50000
site-001,1791340766,49800,30000,30000,11,50000
site-002,1791340766,49800,30000,30000,411,50000
site-001,1791340767,49800,30000,30000,10,50000
site-002,1791340767,49800,30000,30000,411,50000
site-001,1791340768,49800,30000,30000,10,50000
site-002,1791340768,49800,30000,30000,410,50000
site-001,1791340769,49800,30000,30000,10,50000
site-002,1791340769,49800,30000,30000,410,50000
site-001,1791340770,49800,30000,30000,10,50000
site-002,1791340770,49800,30000,30000,410,50000
site-001,1791340771,49800,30000,30000,10,50000
site-002,1791340771,49800,30000,30000,410,50000
site-001,1791340772,49800,30000,30000,10,50000
site-002,1791340772,49800,30000,30000,410,50000
site-001,1791340773,49800,30000,30000,10,50000
site-002,1791340773,49800,30000,30000,410,50000
site-001,1791340774,49800,30000,30000,10,50000
site-002,1791340774,49800,30000,30000,410,50000
site-001,1791340775,49800,30000,30000,10,50000
site-002,1791340775,49800,30000,30000,410,50000
site-001,1791340776,49800,30000,30000,10,50000
site-002,1791340776,49800,30000,30000,410,50000
site-001,1791340777,49800,30000,30000,10,50000
site-002,1791340777,49800,30000,30000,410,50000
site-001,1791340778,49800,30000,30000,10,50000
site-002,1791340778,49800,30000,30000,410,50000
site-001,1791340779,49800,30000,30000,9,50000
site-002,1791340779,49800,30000,30000,410,50000
site-001,1791340780,49800,30000,30000,9,50000
site-002,1791340780,49800,30000,30000,409,50000
site-001,1791340781,49800,30000,30000,9,50000
site-002,1791340781,49800,30000,30000,409,50000
site-001,1791340782,49800,30000,30000,9,50000
site-002,1791340782,49800,30000,30000,409,50000
site-001,1791340783,49800,30000,30000,9,50000
site-002,1791340783,49800,30000,30000,409,50000
site-001,1791340784,49800,30000,30000,9,50000
site-002,1791340784,49800,30000,30000,409,50000
site-001,1791340785,49800,30000,30000,9,50000
site-002,1791340785,49800,30000,30000,409,50000
site-001,1791340786,49800,30000,30000,9,50000
site-002,1791340786,49800,30000,30000,409,50000
site-001,1791340787,49800,30000,30000,9,50000
site-002,1791340787,49800,30000,30000,409,50000
site-001,1791340788,49800,30000,30000,9,50000
site-002,1791340788,49800,30000,30000,409,50000
site-001,1791340789,49800,30000,30000,9,50000
site-002,1791340789,49800,30000,30000,409,50000
site-001,1791340790,49800,30000,30000,9,50000
site-002,1791340790,49800,30000,30000,409,50000
site-001,1791340791,49800,30000,30000,8,50000
site-002,1791340791,49800,30000,30000,409,50000
site-001,1791340792,49800,30000,30000,8,50000
site-002,1791340792,49800,30000,30000,408,50000
site-001,1791340793,49800,30000,30000,8,50000
site-002,1791340793,49800,30000,30000,408,50000
site-001,1791340794,49800,30000,30000,8,50000
site-002,1791340794,49800,30000,30000,408,50000
site-001,1791340795,49800,30000,30000,8,50000
site-002,1791340795,49800,30000,30000,408,50000
site-001,1791340796,49800,30000,30000,8,50000
site-002,1791340796,49800,30000,30000,408,50000
site-001,1791340797,49800,30000,30000,8,50000
site-002,1791340797,49800,30000,30000,408,50000
site-001,1791340798,49800,30000,30000,8,50000
site-002,1791340798,49800,30000,30000,408,50000
site-001,1791340799,49800,30000,30000,8,50000
site-002,1791340799,49800,30000,30000,408,50000
site-001,1791340800,49800,30000,30000,8,50000
site-002,1791340800,49800,30000,30000,408,50000
site-001,1791340801,49800,30000,30000,8,50000
site-002,1791340801,49800,30000,30000,408,50000
site-001,1791340802,49800,30000,30000,8,50000
site-002,1791340802,49800,30000,30000,408,50000
site-001,1791340803,49800,30000,30000,7,50000
site-002,1791340803,49800,30000,30000,408,50000
site-001,1791340804,49800,30000,30000,7,50000
site-002,1791340804,49800,30000,30000,407,50000
site-001,1791340805,49800,30000,30000,7,50000
site-002,1791340805,49800,30000,30000,407,50000
site-001,1791340806,49800,30000,30000,7,50000
site-002,1791340806,49800,30000,30000,407,50000
site-001,1791340807,49800,30000,30000,7,50000
site-002,1791340807,49800,30000,30000,407,50000
site-001,1791340808,49800,30000,30000,7,50000
site-002,1791340808,49800,30000,30000,407,50000
site-001,1791340809,49800,30000,30000,7,50000
site-002,1791340809,49800,30000,30000,407,50000
site-001,1791340810,49800,30000,30000,7,50000
site-002,1791340810,49800,30000,30000,407,50000
site-001,1791340811,49800,30000,30000,7,50000
site-002,1791340811,49800,30000,30000,407,50000
site-001,1791340812,49800,30000,30000,7,50000
site-002,1791340812,49800,30000,30000,407,50000
site-001,1791340813,49800,30000,30000,7,50000
site-002,1791340813,49800,30000,30000,407,50000
site-001,1791340814,49800,30000,30000,7,50000
site-002,1791340814,49800,30000,30000,407,50000
site-001,1791340815,49800,30000,30000,6,50000
site-002,1791340815,49800,30000,30000,407,50000
site-001,1791340816,49800,30000,30000,6,50000
site-002,1791340816,49800,30000,30000,406,50000
site-001,1791340817,49800,30000,30000,6,50000
site-002,1791340817,49800,30000,30000,406,50000
site-001,1791340818,49800,30000,30000,6,50000
site-002,1791340818,49800,30000,30000,406,50000
site-001,1791340819,49800,30000,30000,6,50000
site-002,1791340819,49800,30000,30000,406,50000
site-001,1791340820,49800,30000,30000,6,50000
site-002,1791340820,49800,30000,30000,406,50000
site-001,1791340821,49800,30000,30000,6,50000
site-002,1791340821,49800,30000,30000,406,50000
site-001,1791340822,49800,30000,30000,6,50000
site-002,1791340822,49800,30000,30000,406,50000
site-001,1791340823,49800,30000,30000,6,50000
site-002,1791340823,49800,30000,30000,406,50000
site-001,1791340824,49800,30000,30000,6,50000
site-002,1791340824,49800,30000,30000,406,50000
site-001,1791340825,49800,30000,30000,6,50000
site-002,1791340825,49800,30000,30000,406,50000
site-001,1791340826,49800,30000,30000,6,50000
site-002,1791340826,49800,30000,30000,406,50000
site-001,1791340827,49800,30000,30000,5,50000
site-002,1791340827,49800,30000,30000,406,50000
site-001,1791340828,49800,30000,30000,5,50000
site-002,1791340828,49800,30000,30000,405,50000
site-001,1791340829,49800,30000,30000,5,50000
site-002,1791340829,49800,30000,30000,405,50000
site-001,1791340830,49800,30000,30000,5,50000
site-002,1791340830,49800,30000,30000,405,50000
site-001,1791340831,49800,30000,30000,5,50000
site-002,1791340831,49800,30000,30000,405,50000
site-001,1791340832,49800,30000,30000,5,50000
site-002,1791340832,49800,30000,30000,405,50000
site-001,1791340833,49800,30000,30000,5,50000
site-002,1791340833,49800,30000,30000,405,50000
site-001,1791340834,49800,30000,30000,5,50000
site-002,1791340834,49800,30000,30000,405,50000
site-001,1791340835,49800,30000,30000,5,50000
site-002,1791340835,49800,30000,30000,405,50000
site-001,1791340836,49800,30000,30000,5,50000
site-002,1791340836,49800,30000,30000,405,50000
site-001,1791340837,49800,30000,30000,5,50000
site-002,1791340837,49800,30000,30000,405,50000
site-001,1791340838,49800,30000,30000,5,50000
site-002,1791340838,49800,30000,30000,405,50000
site-001,1791340839,49800,30000,30000,4,50000
site-002,1791340839,49800,30000,30000,405,50000
site-001,1791340840,49800,30000,30000,4,50000
site-002,1791340840,49800,30000,30000,404,50000
site-001,1791340841,49800,30000,30000,4,50000
site-002,1791340841,49800,30000,30000,404,50000
site-001,1791340842,49800,30000,30000,4,50000
site-002,1791340842,49800,30000,30000,404,50000
site-001,1791340843,49800,30000,30000,4,50000
site-002,1791340843,49800,30000,30000,404,50000
site-001,1791340844,49800,30000,30000,4,50000
site-002,1791340844,49800,30000,30000,404,50000
site-001,1791340845,49800,30000,30000,4,50000
site-002,1791340845,49800,30000,30000,404,50000
site-001,1791340846,49800,30000,30000,4,50000
site-002,1791340846,49800,30000,30000,404,50000
site-001,1791340847,49800,30000,30000,4,50000
site-002,1791340847,49800,30000,30000,404,50000
site-001,1791340848,49800,30000,30000,4,50000
site-002,1791340848,49800,30000,30000,404,50000
site-001,1791340849,49800,30000,30000,4,50000
site-002,1791340849,49800,30000,30000,404,50000
site-001,1791340850,49800,30000,30000,4,50000
site-002,1791340850,49800,30000,30000,404,50000
site-001,1791340851,49800,30000,30000,3,50000
site-002,1791340851,49800,30000,30000,404,50000
site-001,1791340852,49800,30000,30000,3,50000
site-002,1791340852,49800,30000,30000,403,50000
site-001,1791340853,49800,30000,30000,3,50000
site-002,1791340853,49800,30000,30000,403,50000
site-001,1791340854,49800,30000,30000,3,50000
site-002,1791340854,49800,30000,30000,403,50000
site-001,1791340855,49800,30000,30000,3,50000
site-002,1791340855,49800,30000,30000,403,50000
site-001,1791340856,49800,30000,30000,3,50000
site-002,1791340856,49800,30000,30000,403,50000
site-001,1791340857,49800,30000,30000,3,50000
site-002,1791340857,49800,30000,30000,403,50000
site-001,1791340858,49800,30000,30000,3,50000
site-002,1791340858,49800,30000,30000,403,50000
site-001,1791340859,49800,30000,30000,3,50000
site-002,1791340859,49800,30000,30000,403,50000
site-001,1791340860,49800,30000,30000,3,50000
site-002,1791340860,49800,30000,30000,403,50000
site-001,1791340861,49800,30000,30000,3,50000
site-002,1791340861,49800,30000,30000,403,50000
site-001,1791340862,49800,30000,30000,3,50000
site-002,1791340862,49800,30000,30000,403,50000
site-001,1791340863,49800,30000,30000,2,50000
site-002,1791340863,49800,30000,30000,403,50000
site-001,1791340864,49800,30000,30000,2,50000
site-002,1791340864,49800,30000,30000,402,50000
site-001,1791340865,49800,30000,30000,2,50000
site-002,1791340865,49800,30000,30000,402,50000
site-001,1791340866,49800,30000,30000,2,50000
site-002,1791340866,49800,30000,30000,402,50000
site-001,1791340867,49800,30000,30000,2,50000
site-002,1791340867,49800,30000,30000,402,50000
site-001,1791340868,49800,30000,30000,2,50000
site-002,1791340868,49800,30000,30000,402,50000
site-001,1791340869,49800,30000,30000,2,50000
site-002,1791340869,49800,30000,30000,402,50000
site-001,1791340870,49800,30000,30000,2,50000
site-002,1791340870,49800,30000,30000,402,50000
site-001,1791340871,49800,30000,30000,2,50000
site-002,1791340871,49800,30000,30000,402,50000
site-001,1791340872,49800,30000,30000,2,50000
site-002,1791340872,49800,30000,30000,402,50000
site-001,1791340873,49800,30000,30000,2,50000
site-002,1791340873,49800,30000,30000,402,50000
site-001,1791340874,49800,30000,30000,2,50000
site-002,1791340874,49800,30000,30000,402,50000
site-001,1791340875,49800,30000,30000,1,50000
site-002,1791340875,49800,30000,30000,402,50000
site-001,1791340876,49800,30000,30000,1,50000
site-002,1791340876,49800,30000,30000,401,50000
site-001,1791340877,49800,30000,30000,1,50000
site-002,1791340877,49800,30000,30000,401,50000
site-001,1791340878,49800,30000,30000,1,50000
site-002,1791340878,49800,30000,30000,401,50000
site-001,1791340879,49800,30000,30000,1,50000
site-002,1791340879,49800,30000,30000,401,50000
site-001,1791340880,49800,30000,30000,1,50000
site-002,1791340880,49800,30000,30000,401,50000
site-001,1791340881,49800,30000,30000,1,50000
site-002,1791340881,49800,30000,30000,401,50000
site-001,1791340882,49800,30000,30000,1,50000
site-002,1791340882,49800,30000,30000,401,50000
site-001,1791340883,49800,30000,30000,1,50000
site-002,1791340883,49800,30000,30000,401,50000
site-001,1791340884,49800,30000,30000,1,50000
site-002,1791340884,49800,30000,30000,401,50000
site-001,1791340885,49800,30000,30000,1,50000
site-002,1791340885,49800,30000,30000,401,50000
site-001,1791340886,49800,30000,30000,1,50000
site-002,1791340886,49800,30000,30000,401,50000
site-001,1791340887,49800,0,30000,0,0
site-002,1791340887,49800,30000,30000,401,50000
site-001,1791340888,49800,0,0,0,0
site-002,1791340888,49800,30000,30000,400,50000
site-001,1791340889,49800,0,0,0,0
site-002,1791340889,49800,50000,50000,400,50000
site-001,1791340890,49800,0,0,0,0
site-002,1791340890,49800,50000,50000,400,50000
site-001,1791340891,49800,0,0,0,0
site-002,1791340891,49800,50000,50000,400,50000
site-001,1791340892,49800,0,0,0,0
site-002,1791340892,49800,50000,50000,400,50000
site-001,1791340893,49800,0,0,0,0
site-002,1791340893,49800,50000,50000,400,50000
site-001,1791340894,49800,0,0,0,0
site-002,1791340894,49800,50000,50000,400,50000
site-001,1791340895,49800,0,0,0,0
site-002,1791340895,49800,50000,50000,400,50000
site-001,1791340896,49800,0,0,0,0
site-002,1791340896,49800,50000,50000,399,50000
site-001,1791340897,49800,0,0,0,0
site-002,1791340897,49800,50000,50000,399,50000
site-001,1791340898,49800,0,0,0,0
site-002,1791340898,49800,50000,50000,399,50000
site-001,1791340899,49800,0,0,0,0
site-002,1791340899,49800,50000,50000,399,50000
site-001,1791340900,49800,0,0,0,0
site-002,1791340900,49800,50000,50000,399,50000
site-001,1791340901,49800,0,0,0,0
site-002,1791340901,49800,50000,50000,399,50000
site-001,1791340902,49800,0,0,0,0
site-002,1791340902,49800,50000,50000,399,50000
site-001,1791340903,49800,0,0,0,0
site-002,1791340903,49800,50000,50000,398,50000
site-001,1791340904,49800,0,0,0,0
site-002,1791340904,49800,50000,50000,398,50000
site-001,1791340905,49800,0,0,0,0
site-002,1791340905,49800,50000,50000,398,50000
site-001,1791340906,49800,0,0,0,0
site-002,1791340906,49800,50000,50000,398,50000
site-001,1791340907,49800,0,0,0,0
site-002,1791340907,49800,50000,50000,398,50000
site-001,1791340908,49800,0,0,0,0
site-002,1791340908,49800,50000,50000,398,50000
site-001,1791340909,49800,0,0,0,0
site-002,1791340909,49800,50000,50000,398,50000
site-001,1791340910,49800,0,0,0,0
site-002,1791340910,49800,50000,50000,397,50000
site-001,1791340911,49800,0,0,0,0
site-002,1791340911,49800,50000,50000,397,50000
site-001,1791340912,49800,0,0,0,0
site-002,1791340912,49800,50000,50000,397,50000
site-001,1791340913,49800,0,0,0,0
site-002,1791340913,49800,50000,50000,397,50000
site-001,1791340914,49800,0,0,0,0
site-002,1791340914,49800,50000,50000,397,50000
site-001,1791340915,49800,0,0,0,0
site-002,1791340915,49800,50000,50000,397,50000
site-001,1791340916,49800,0,0,0,0
site-002,1791340916,49800,50000,50000,397,50000
site-001,1791340917,49800,0,0,0,0
site-002,1791340917,49800,50000,50000,396,50000
site-001,1791340918,49800,0,0,0,0
site-002,1791340918,49800,50000,50000,396,50000
site-001,1791340919,49800,0,0,0,0
site-002,1791340919,49800,50000,50000,396,50000
site-001,1791340920,49800,0,0,0,0
site-002,1791340920,49800,50000,50000,396,50000
site-001,1791340921,49800,0,0,0,0
site-002,1791340921,49800,50000,50000,396,50000
site-001,1791340922,49800,0,0,0,0
site-002,1791340922,49800,50000,50000,396,50000
site-001,1791340923,49800,0,0,0,0
site-002,1791340923,49800,50000,50000,396,50000
site-001,1791340924,49800,0,0,0,0
site-002,1791340924,49800,50000,50000,396,50000
site-001,1791340925,49800,0,0,0,0
site-002,1791340925,49800,50000,50000,395,50000
site-001,1791340926,49800,0,0,0,0
site-002,1791340926,49800,50000,50000,395,50000
site-001,1791340927,49800,0,0,0,0
site-002,1791340927,49800,50000,50000,395,50000
site-001,1791340928,49800,0,0,0,0
site-002,1791340928,49800,50000,50000,395,50000
site-001,1791340929,49800,0,0,0,0
site-002,1791340929,49800,50000,50000,395,50000
site-001,1791340930,49800,0,0,0,0
site-002,1791340930,49800,50000,50000,395,50000
site-001,1791340931,49800,0,0,0,0
site-002,1791340931,49800,50000,50000,395,50000
site-001,1791340932,49800,0,0,0,0
site-002,1791340932,49800,50000,50000,394,50000
site-001,1791340933,49800,0,0,0,0
site-002,1791340933,49800,50000,50000,394,50000
site-001,1791340934,49800,0,0,0,0
site-002,1791340934,49800,50000,50000,394,50000
site-001,1791340935,49800,0,0,0,0
site-002,1791340935,49800,50000,50000,394,50000
site-001,1791340936,49800,0,0,0,0
site-002,1791340936,49800,50000,50000,394,50000
site-001,1791340937,49800,0,0,0,0
site-002,1791340937,49800,50000,50000,394,50000
site-001,1791340938,49800,0,0,0,0
site-002,1791340938,49800,50000,50000,394,50000
site-001,1791340939,49800,0,0,0,0
site-002,1791340939,49800,50000,50000,393,50000
site-001,1791340940,49800,0,0,0,0
site-002,1791340940,49800,50000,50000,393,50000
site-001,1791340941,49800,0,0,0,0
site-002,1791340941,49800,50000,50000,393,50000
site-001,1791340942,49800,0,0,0,0
site-002,1791340942,49800,50000,50000,393,50000
site-001,1791340943,49800,0,0,0,0
site-002,1791340943,49800,50000,50000,393,50000
site-001,1791340944,49800,0,0,0,0
site-002,1791340944,49800,50000,50000,393,50000
site-001,1791340945,49800,0,0,0,0
site-002,1791340945,49800,50000,50000,393,50000
site-001,1791340946,49800,0,0,0,0
site-002,1791340946,49800,50000,50000,392,50000
site-001,1791340947,49800,0,0,0,0
site-002,1791340947,49800,50000,50000,392,50000
site-001,1791340948,49800,0,0,0,0
site-002,1791340948,49800,50000,50000,392,50000
site-001,1791340949,49800,0,0,0,0
site-002,1791340949,49800,50000,50000,392,50000
site-001,1791340950,49800,0,0,0,0
site-002,1791340950,49800,50000,50000,392,50000
site-001,1791340951,49800,0,0,0,0
site-002,1791340951,49800,50000,50000,392,50000
site-001,1791340952,49800,0,0,0,0
site-002,1791340952,49800,50000,50000,392,50000
site-001,1791340953,49800,0,0,0,0
site-002,1791340953,49800,50000,50000,391,50000
site-001,1791340954,49800,0,0,0,0
site-002,1791340954,49800,50000,50000,391,50000
site-001,1791340955,49800,0,0,0,0
site-002,1791340955,49800,50000,50000,391,50000
site-001,1791340956,49800,0,0,0,0
site-002,1791340956,49800,50000,50000,391,50000
site-001,1791340957,49800,0,0,0,0
site-002,1791340957,49800,50000,50000,391,50000
site-001,1791340958,49800,0,0,0,0
site-002,1791340958,49800,50000,50000,391,50000
site-001,1791340959,49800,0,0,0,0
site-002,1791340959,49800,50000,50000,391,50000
site-001,1791340960,49800,0,0,0,0
site-002,1791340960,49800,50000,50000,391,50000
site-001,1791340961,49800,0,0,0,0
site-002,1791340961,49800,50000,50000,390,50000
site-001,1791340962,49800,0,0,0,0
site-002,1791340962,49800,50000,50000,390,50000
site-001,1791340963,49800,0,0,0,0
site-002,1791340963,49800,50000,50000,390,50000
site-001,1791340964,49800,0,0,0,0
site-002,1791340964,49800,50000,50000,390,50000
site-001,1791340965,49800,0,0,0,0
site-002,1791340965,49800,50000,50000,390,50000
site-001,1791340966,49800,0,0,0,0
site-002,1791340966,49800,50000,50000,390,50000
site-001,1791340967,49800,0,0,0,0
site-002,1791340967,49800,50000,50000,390,50000
site-001,1791340968,49800,0,0,0,0
site-002,1791340968,49800,50000,50000,389,50000
site-001,1791340969,49800,0,0,0,0
site-002,1791340969,49800,50000,50000,389,50000
site-001,1791340970,49800,0,0,0,0
site-002,1791340970,49800,50000,50000,389,50000
site-001,1791340971,49800,0,0,0,0
site-002,1791340971,49800,50000,50000,389,50000
site-001,1791340972,49800,0,0,0,0
site-002,1791340972,49800,50000,50000,389,50000
site-001,1791340973,49800,0,0,0,0
site-002,1791340973,49800,50000,50000,389,50000
site-001,1791340974,49800,0,0,0,0
site-002,1791340974,49800,50000,50000,389,50000
site-001,1791340975,49800,0,0,0,0
site-002,1791340975,49800,50000,50000,388,50000
site-001,1791340976,49800,0,0,0,0
site-002,1791340976,49800,50000,50000,388,50000
site-001,1791340977,49800,0,0,0,0
site-002,1791340977,49800,50000,50000,388,50000
site-001,1791340978,49800,0,0,0,0
site-002,1791340978,49800,50000,50000,388,50000
site-001,1791340979,49800,0,0,0,0
site-002,1791340979,49800,50000,50000,388,50000
site-001,1791340980,49800,0,0,0,0
site-002,1791340980,49800,50000,50000,388,50000
site-001,1791340981,49800,0,0,0,0
site-002,1791340981,49800,50000,50000,388,50000
site-001,1791340982,49800,0,0,0,0
site-002,1791340982,49800,50000,50000,387,50000
site-001,1791340983,49800,0,0,0,0
site-002,1791340983,49800,50000,50000,387,50000
site-001,1791340984,49800,0,0,0,0
site-002,1791340984,49800,50000,50000,387,50000
site-001,1791340985,49800,0,0,0,0
site-002,1791340985,49800,50000,50000,387,50000
site-001,1791340986,49800,0,0,0,0
site-002,1791340986,49800,50000,50000,387,50000
site-001,1791340987,49800,0,0,0,0
site-002,1791340987,49800,50000,50000,387,50000
site-001,1791340988,49800,0,0,0,0
site-002,1791340988,49800,50000,50000,387,50000
site-001,1791340989,49800,0,0,0,0
site-002,1791340989,49800,50000,50000,386,50000
site-001,1791340990,49800,0,0,0,0
site-002,1791340990,49800,50000,50000,386,50000
site-001,1791340991,49800,0,0,0,0
site-002,1791340991,49800,50000,50000,386,50000
site-001,1791340992,49800,0,0,0,0
site-002,1791340992,49800,50000,50000,386,50000
site-001,1791340993,49800,0,0,0,0
site-002,1791340993,49800,50000,50000,386,50000
site-001,1791340994,49800,0,0,0,0
site-002,1791340994,49800,50000,50000,386,50000
site-001,1791340995,49800,0,0,0,0
site-002,1791340995,49800,50000,50000,386,50000
site-001,1791340996,49800,0,0,0,0
site-002,1791340996,49800,50000,50000,386,50000
site-001,1791340997,49800,0,0,0,0
site-002,1791340997,49800,50000,50000,385,50000
site-001,1791340998,49800,0,0,0,0
site-002,1791340998,49800,50000,50000,385,50000
site-001,1791340999,49800,0,0,0,0
site-002,1791340999,49800,50000,50000,385,50000
site-001,1791341000,49800,0,0,0,0
site-002,1791341000,49800,50000,50000,385,50000
site-001,1791341001,49800,0,0,0,0
site-002,1791341001,49800,50000,50000,385,50000
site-001,1791341002,49800,0,0,0,0
site-002,1791341002,49800,50000,50000,385,50000
site-001,1791341003,49800,0,0,0,0
site-002,1791341003,49800,50000,50000,385,50000
site-001,1791341004,49800,0,0,0,0
site-002,1791341004,49800,50000,50000,384,50000
site-001,1791341005,49800,0,0,0,0
site-002,1791341005,49800,50000,50000,384,50000
site-001,1791341006,49800,0,0,0,0
site-002,1791341006,49800,50000,50000,384,50000
site-001,1791341007,49800,0,0,0,0
site-002,1791341007,49800,50000,50000,384,50000
site-001,1791341008,49800,0,0,0,0
site-002,1791341008,49800,50000,50000,384,50000
site-001,1791341009,49800,0,0,0,0
site-002,1791341009,49800,50000,50000,384,50000
site-001,1791341010,49800,0,0,0,0
site-002,1791341010,49800,50000,50000,384,50000
site-001,1791341011,49800,0,0,0,0
site-002,1791341011,49800,50000,50000,383,50000
site-001,1791341012,49800,0,0,0,0
site-002,1791341012,49800,50000,50000,383,50000
site-001,1791341013,49800,0,0,0,0
site-002,1791341013,49800,50000,50000,383,50000
site-001,1791341014,49800,0,0,0,0
site-002,1791341014,49800,50000,50000,383,50000
site-001,1791341015,49800,0,0,0,0
site-002,1791341015,49800,50000,50000,383,50000
site-001,1791341016,49800,0,0,0,0
site-002,1791341016,49800,50000,50000,383,50000
site-001,1791341017,49800,0,0,0,0
site-002,1791341017,49800,50000,50000,383,50000
site-001,1791341018,49800,0,0,0,0
site-002,1791341018,49800,50000,50000,382,50000
site-001,1791341019,49800,0,0,0,0
site-002,1791341019,49800,50000,50000,382,50000
site-001,1791341020,49800,0,0,0,0
site-002,1791341020,49800,50000,50000,382,50000
site-001,1791341021,49800,0,0,0,0
site-002,1791341021,49800,50000,50000,382,50000
site-001,1791341022,49800,0,0,0,0
site-002,1791341022,49800,50000,50000,382,50000
site-001,1791341023,49800,0,0,0,0
site-002,1791341023,49800,50000,50000,382,50000
site-001,1791341024,49800,0,0,0,0
site-002,1791341024,49800,50000,50000,382,50000
site-001,1791341025,49800,0,0,0,0
site-002,1791341025,49800,50000,50000,381,50000
site-001,1791341026,49800,0,0,0,0
site-002,1791341026,49800,50000,50000,381,50000
site-001,1791341027,49800,0,0,0,0
site-002,1791341027,49800,50000,50000,381,50000
site-001,1791341028,49800,0,0,0,0
site-002,1791341028,49800,50000,50000,381,50000
site-001,1791341029,49800,0,0,0,0
site-002,1791341029,49800,50000,50000,381,50000
site-001,1791341030,49800,0,0,0,0
site-002,1791341030,49800,50000,50000,381,50000
site-001,1791341031,49800,0,0,0,0
site-002,1791341031,49800,50000,50000,381,50000
site-001,1791341032,49800,0,0,0,0
site-002,1791341032,49800,50000,50000,381,50000
site-001,1791341033,49800,0,0,0,0
site-002,1791341033,49800,50000,50000,380,50000
site-001,1791341034,49800,0,0,0,0
site-002,1791341034,49800,50000,50000,380,50000
site-001,1791341035,49800,0,0,0,0
site-002,1791341035,49800,50000,50000,380,50000
site-001,1791341036,49800,0,0,0,0
site-002,1791341036,49800,50000,50000,380,50000
site-001,1791341037,49800,0,0,0,0
site-002,1791341037,49800,50000,50000,380,50000
site-001,1791341038,49800,0,0,0,0
site-002,1791341038,49800,50000,50000,380,50000
site-001,1791341039,49800,0,0,0,0
site-002,1791341039,49800,50000,50000,380,50000
site-001,1791341040,49800,0,0,0,0
site-002,1791341040,49800,50000,50000,379,50000
site-001,1791341041,49800,0,0,0,0
site-002,1791341041,49800,50000,50000,379,50000
site-001,1791341042,49800,0,0,0,0
site-002,1791341042,49800,50000,50000,379,50000
site-001,1791341043,49800,0,0,0,0
site-002,1791341043,49800,50000,50000,379,50000
site-001,1791341044,49800,0,0,0,0
site-002,1791341044,49800,50000,50000,379,50000
site-001,1791341045,49800,0,0,0,0
site-002,1791341045,49800,50000,50000,379,50000
site-001,1791341046,49800,0,0,0,0
site-002,1791341046,49800,50000,50000,379,50000
site-001,1791341047,49800,0,0,0,0
site-002,1791341047,49800,50000,50000,378,50000
site-001,1791341048,49800,0,0,0,0
site-002,1791341048,49800,50000,50000,378,50000
site-001,1791341049,49800,0,0,0,0
site-002,1791341049,49800,50000,50000,378,50000
site-001,1791341050,49800,0,0,0,0
site-002,1791341050,49800,50000,50000,378,50000
site-001,1791341051,49800,0,0,0,0
site-002,1791341051,49800,50000,50000,378,50000
site-001,1791341052,49800,0,0,0,0
site-002,1791341052,49800,50000,50000,378,50000
site-001,1791341053,49800,0,0,0,0
site-002,1791341053,49800,50000,50000,378,50000
site-001,1791341054,49800,0,0,0,0
site-002,1791341054,49800,50000,50000,377,50000
site-001,1791341055,49800,0,0,0,0
site-002,1791341055,49800,50000,50000,377,50000
site-001,1791341056,49800,0,0,0,0
site-002,1791341056,49800,50000,50000,377,50000
site-001,1791341057,49800,0,0,0,0
site-002,1791341057,49800,50000,50000,377,50000
site-001,1791341058,49800,0,0,0,0
site-002,1791341058,49800,50000,50000,377,50000
site-001,1791341059,49800,0,0,0,0
site-002,1791341059,49800,50000,50000,377,50000
site-001,1791341060,49800,0,0,0,0
site-002,1791341060,49800,50000,50000,377,50000
site-001,1791341061,49800,0,0,0,0
site-002,1791341061,49800,50000,50000,376,50000
site-001,1791341062,49800,0,0,0,0
site-002,1791341062,49800,50000,50000,376,50000
site-001,1791341063,49800,0,0,0,0
site-002,1791341063,49800,50000,50000,376,50000
site-001,1791341064,49800,0,0,0,0
site-002,1791341064,49800,50000,50000,376,50000
site-001,1791341065,49800,0,0,0,0
site-002,1791341065,49800,50000,50000,376,50000
site-001,1791341066,49800,0,0,0,0
site-002,1791341066,49800,50000,50000,376,50000
site-001,1791341067,49800,0,0,0,0
site-002,1791341067,49800,50000,50000,376,50000
site-001,1791341068,49800,0,0,0,0
site-002,1791341068,49800,50000,50000,376,50000
site-001,1791341069,49800,0,0,0,0
site-002,1791341069,49800,50000,50000,375,50000
site-001,1791341070,49800,0,0,0,0
site-002,1791341070,49800,50000,50000,375,50000
site-001,1791341071,49800,0,0,0,0
site-002,1791341071,49800,50000,50000,375,50000
site-001,1791341072,49800,0,0,0,0
site-002,1791341072,49800,50000,50000,375,50000
site-001,1791341073,49800,0,0,0,0
site-002,1791341073,49800,50000,50000,375,50000
site-001,1791341074,49800,0,0,0,0
site-002,1791341074,49800,50000,50000,375,50000
site-001,1791341075,49800,0,0,0,0
site-002,1791341075,49800,50000,50000,375,50000
site-001,1791341076,49800,0,0,0,0
site-002,1791341076,49800,50000,50000,374,50000
site-001,1791341077,49800,0,0,0,0
site-002,1791341077,49800,50000,50000,374,50000
site-001,1791341078,49800,0,0,0,0
site-002,1791341078,49800,50000,50000,374,50000
site-001,1791341079,49800,0,0,0,0
site-002,1791341079,49800,50000,50000,374,50000
site-001,1791341080,49800,0,0,0,0
site-002,1791341080,49800,50000,50000,374,50000
site-001,1791341081,49800,0,0,0,0
site-002,1791341081,49800,50000,50000,374,50000
site-001,1791341082,49800,0,0,0,0
site-002,1791341082,49800,50000,50000,374,50000
site-001,1791341083,49800,0,0,0,0
site-002,1791341083,49800,50000,50000,373,50000
site-001,1791341084,49800,0,0,0,0
site-002,1791341084,49800,50000,50000,373,50000
site-001,1791341085,49800,0,0,0,0
site-002,1791341085,49800,50000,50000,373,50000
site-001,1791341086,49800,0,0,0,0
site-002,1791341086,49800,50000,50000,373,50000
site-001,1791341087,49800,0,0,0,0
site-002,1791341087,49800,50000,50000,373,50000
site-001,1791341088,49800,0,0,0,0
site-002,1791341088,49800,50000,50000,373,50000
site-001,1791341089,49800,0,0,0,0
site-002,1791341089,49800,50000,50000,373,50000
site-001,1791341090,49800,0,0,0,0
site-002,1791341090,49800,50000,50000,372,50000
site-001,1791341091,49800,0,0,0,0
site-002,1791341091,49800,50000,50000,372,50000
site-001,1791341092,49800,0,0,0,0
site-002,1791341092,49800,50000,50000,372,50000
site-001,1791341093,49800,0,0,0,0
site-002,1791341093,49800,50000,50000,372,50000
site-001,1791341094,49800,0,0,0,0
site-002,1791341094,49800,50000,50000,372,50000
site-001,1791341095,49800,0,0,0,0
site-002,1791341095,49800,50000,50000,372,50000
site-001,1791341096,49800,0,0,0,0
site-002,1791341096,49800,50000,50000,372,50000
site-001,1791341097,49800,0,0,0,0
site-002,1791341097,49800,50000,50000,371,50000
site-001,1791341098,49800,0,0,0,0
site-002,1791341098,49800,50000,50000,371,50000
site-001,1791341099,49800,0,0,0,0
site-002,1791341099,49800,50000,50000,371,50000
site-001,1791341100,49800,0,0,0,0
site-002,1791341100,49800,50000,50000,371,50000
site-001,1791341101,49800,0,0,0,0
site-002,1791341101,49800,50000,50000,371,50000
site-001,1791341102,49800,0,0,0,0
site-002,1791341102,49800,50000,50000,371,50000
site-001,1791341103,49800,0,0,0,0
site-002,1791341103,49800,50000,50000,371,50000
site-001,1791341104,49800,0,0,0,0
site-002,1791341104,49800,50000,50000,371,50000
site-001,1791341105,49800,0,0,0,0
site-002,1791341105,49800,50000,50000,370,50000
site-001,1791341106,49800,0,0,0,0
site-002,1791341106,49800,50000,50000,370,50000
site-001,1791341107,49800,0,0,0,0
site-002,1791341107,49800,50000,50000,370,50000
site-001,1791341108,49800,0,0,0,0
site-002,1791341108,49800,50000,50000,370,50000
site-001,1791341109,49800,0,0,0,0
site-002,1791341109,49800,50000,50000,370,50000
site-001,1791341110,49800,0,0,0,0
site-002,1791341110,49800,50000,50000,370,50000
site-001,1791341111,49800,0,0,0,0
site-002,1791341111,49800,50000,50000,370,50000
site-001,1791341112,49800,0,0,0,0
site-002,1791341112,49800,50000,50000,369,50000
site-001,1791341113,49800,0,0,0,0
site-002,1791341113,49800,50000,50000,369,50000
site-001,1791341114,49800,0,0,0,0
site-002,1791341114,49800,50000,50000,369,50000
site-001,1791341115,49800,0,0,0,0
site-002,1791341115,49800,50000,50000,369,50000
site-001,1791341116,49800,0,0,0,0
site-002,1791341116,49800,50000,50000,369,50000
site-001,1791341117,49800,0,0,0,0
site-002,1791341117,49800,50000,50000,369,50000
site-001,1791341118,49800,0,0,0,0
site-002,1791341118,49800,50000,50000,369,50000
site-001,1791341119,49800,0,0,0,0
site-002,1791341119,49800,50000,50000,368,50000
site-001,1791341120,49800,0,0,0,0
site-002,1791341120,49800,50000,50000,368,50000
site-001,1791341121,49800,0,0,0,0
site-002,1791341121,49800,50000,50000,368,50000
site-001,1791341122,49800,0,0,0,0
site-002,1791341122,49800,50000,50000,368,50000
site-001,1791341123,49800,0,0,0,0
site-002,1791341123,49800,50000,50000,368,50000
site-001,1791341124,49800,0,0,0,0
site-002,1791341124,49800,50000,50000,368,50000
site-001,1791341125,49800,0,0,0,0
site-002,1791341125,49800,50000,50000,368,50000
site-001,1791341126,49800,0,0,0,0
site-002,1791341126,49800,50000,50000,367,50000
site-001,1791341127,49800,0,0,0,0
site-002,1791341127,49800,50000,50000,367,50000
site-001,1791341128,49800,0,0,0,0
site-002,1791341128,49800,50000,50000,367,50000
site-001,1791341129,49800,0,0,0,0
site-002,1791341129,49800,50000,50000,367,50000
site-001,1791341130,49800,0,0,0,0
site-002,1791341130,49800,50000,50000,367,50000
site-001,1791341131,49800,0,0,0,0
site-002,1791341131,49800,50000,50000,367,50000
site-001,1791341132,49800,0,0,0,0
site-002,1791341132,49800,50000,50000,367,50000
site-001,1791341133,49800,0,0,0,0
site-002,1791341133,49800,50000,50000,366,50000
site-001,1791341134,49800,0,0,0,0
site-002,1791341134,49800,50000,50000,366,50000
site-001,1791341135,49800,0,0,0,0
site-002,1791341135,49800,50000,50000,366,50000
site-001,1791341136,49800,0,0,0,0
site-002,1791341136,49800,50000,50000,366,50000
site-001,1791341137,49800,0,0,0,0
site-002,1791341137,49800,50000,50000,366,50000
site-001,1791341138,49800,0,0,0,0
site-002,1791341138,49800,50000,50000,366,50000
site-001,1791341139,49800,0,0,0,0
site-002,1791341139,49800,50000,50000,366,50000
site-001,1791341140,49800,0,0,0,0
site-002,1791341140,49800,50000,50000,366,50000
site-001,1791341141,49800,0,0,0,0
site-002,1791341141,49800,50000,50000,365,50000
site-001,1791341142,49800,0,0,0,0
site-002,1791341142,49800,50000,50000,365,50000
site-001,1791341143,49800,0,0,0,0
site-002,1791341143,49800,50000,50000,365,50000
site-001,1791341144,49800,0,0,0,0
site-002,1791341144,49800,50000,50000,365,50000
site-001,1791341145,49800,0,0,0,0
site-002,1791341145,49800,50000,50000,365,50000
site-001,1791341146,49800,0,0,0,0
site-002,1791341146,49800,50000,50000,365,50000
site-001,1791341147,49800,0,0,0,0
site-002,1791341147,49800,50000,50000,365,50000
site-001,1791341148,49800,0,0,0,0
site-002,1791341148,49800,50000,50000,364,50000
site-001,1791341149,49800,0,0,0,0
site-002,1791341149,49800,50000,50000,364,50000
site-001,1791341150,49800,0,0,0,0
site-002,1791341150,49800,50000,50000,364,50000
site-001,1791341151,49800,0,0,0,0
site-002,1791341151,49800,50000,50000,364,50000
site-001,1791341152,49800,0,0,0,0
site-002,1791341152,49800,50000,50000,364,50000
site-001,1791341153,49800,0,0,0,0
site-002,1791341153,49800,50000,50000,364,50000
site-001,1791341154,49800,0,0,0,0
site-002,1791341154,49800,50000,50000,364,50000
site-001,1791341155,49800,0,0,0,0
site-002,1791341155,49800,50000,50000,363,50000
site-001,1791341156,49800,0,0,0,0
site-002,1791341156,49800,50000,50000,363,50000
site-001,1791341157,49800,0,0,0,0
site-002,1791341157,49800,50000,50000,363,50000
site-001,1791341158,49800,0,0,0,0
site-002,1791341158,49800,50000,50000,363,50000
site-001,1791341159,49800,0,0,0,0
site-002,1791341159,49800,50000,50000,363,50000
site-001,1791341160,49800,0,0,0,0
site-002,1791341160,49800,50000,50000,363,50000
site-001,1791341161,49800,0,0,0,0
site-002,1791341161,49800,50000,50000,363,50000
site-001,1791341162,49800,0,0,0,0
site-002,1791341162,49800,50000,50000,362,50000
site-001,1791341163,49800,0,0,0,0
site-002,1791341163,49800,50000,50000,362,50000
site-001,1791341164,49800,0,0,0,0
site-002,1791341164,49800,50000,50000,362,50000
site-001,1791341165,49800,0,0,0,0
site-002,1791341165,49800,50000,50000,362,50000
site-001,1791341166,49800,0,0,0,0
site-002,1791341166,49800,50000,50000,362,50000
site-001,1791341167,49800,0,0,0,0
site-002,1791341167,49800,50000,50000,362,50000
site-001,1791341168,49800,0,0,0,0
site-002,1791341168,49800,50000,50000,362,50000
site-001,1791341169,49800,0,0,0,0
site-002,1791341169,49800,50000,50000,361,50000
site-001,1791341170,49800,0,0,0,0
site-002,1791341170,49800,50000,50000,361,50000
site-001,1791341171,49800,0,0,0,0
site-002,1791341171,49800,50000,50000,361,50000
site-001,1791341172,49800,0,0,0,0
site-002,1791341172,49800,50000,50000,361,50000
site-001,1791341173,49800,0,0,0,0
site-002,1791341173,49800,50000,50000,361,50000
site-001,1791341174,49800,0,0,0,0
site-002,1791341174,49800,50000,50000,361,50000
site-001,1791341175,49800,0,0,0,0
site-002,1791341175,49800,50000,50000,361,50000
site-001,1791341176,49800,0,0,0,0
site-002,1791341176,49800,50000,50000,361,50000
site-001,1791341177,49800,0,0,0,0
site-002,1791341177,49800,50000,50000,360,50000
site-001,1791341178,49800,0,0,0,0
site-002,1791341178,49800,50000,50000,360,50000
site-001,1791341179,49800,0,0,0,0
site-002,1791341179,49800,50000,50000,360,50000
site-001,1791341180,49800,0,0,0,0
site-002,1791341180,49800,50000,50000,360,50000
site-001,1791341181,49800,0,0,0,0
site-002,1791341181,49800,50000,50000,360,50000
site-001,1791341182,49800,0,0,0,0
site-002,1791341182,49800,50000,50000,360,50000
site-001,1791341183,49800,0,0,0,0
site-002,1791341183,49800,50000,50000,360,50000
site-001,1791341184,49800,0,0,0,0
site-002,1791341184,49800,50000,50000,359,50000
site-001,1791341185,49800,0,0,0,0
site-002,1791341185,49800,50000,50000,359,50000
site-001,1791341186,49800,0,0,0,0
site-002,1791341186,49800,50000,50000,359,50000
site-001,1791341187,49800,0,0,0,0
site-002,1791341187,49800,50000,50000,359,50000
site-001,1791341188,49800,0,0,0,0
site-002,1791341188,49800,50000,50000,359,50000
site-001,1791341189,49800,0,0,0,0
site-002,1791341189,49800,50000,50000,359,50000
site-001,1791341190,49800,0,0,0,0
site-002,1791341190,49800,50000,50000,359,50000
site-001,1791341191,49800,0,0,0,0
site-002,1791341191,49800,50000,50000,358,50000
